ISO-10303-21;
HEADER;
FILE_DESCRIPTION(('FreeCAD Model'),'2;1');
FILE_NAME('Open CASCADE Shape Model','2026-09-09T12:38:18',('FreeCAD'),(
    'FreeCAD'),'Open CASCADE STEP processor 7.8','FreeCAD','Unknown');
FILE_SCHEMA(('AUTOMOTIVE_DESIGN { 1 0 10303 214 1 1 1 1 }'));
ENDSEC;
DATA;
#1 = APPLICATION_PROTOCOL_DEFINITION('international standard',
  'automotive_design',2000,#2);
#2 = APPLICATION_CONTEXT(
  'core data for automotive mechanical design processes');
#3 = SHAPE_DEFINITION_REPRESENTATION(#4,#10);
#4 = PRODUCT_DEFINITION_SHAPE('','',#5);
#5 = PRODUCT_DEFINITION('design','',#6,#9);
#6 = PRODUCT_DEFINITION_FORMATION('','',#7);
#7 = PRODUCT('Open CASCADE STEP translator 7.8 2',
  'Open CASCADE STEP translator 7.8 2','',(#8));
#8 = PRODUCT_CONTEXT('',#2,'mechanical');
#9 = PRODUCT_DEFINITION_CONTEXT('part definition',#2,'design');
#10 = ADVANCED_BREP_SHAPE_REPRESENTATION('',(#11,#15),#10586);
#11 = AXIS2_PLACEMENT_3D('',#12,#13,#14);
#12 = CARTESIAN_POINT('',(0.,0.,0.));
#13 = DIRECTION('',(0.,0.,1.));
#14 = DIRECTION('',(1.,0.,-0.));
#15 = MANIFOLD_SOLID_BREP('',#16);
#16 = CLOSED_SHELL('',(#17,#137,#213,#346,#462,#1091,#1206,#1302,#1327,
    #1493,#2216,#2265,#2377,#2426,#2473,#2500,#2547,#2596,#2702,#2729,
    #2841,#2919,#2968,#3016,#3044,#3103,#3162,#3444,#3543,#3569,#3634,
    #3660,#3873,#4014,#4187,#4193,#4219,#4416,#4555,#4649,#4889,#5187,
    #5341,#5418,#5511,#5886,#5915,#6136,#6280,#6424,#6540,#6570,#6617,
    #6644,#6671,#6698,#6725,#6732,#6762,#6771,#6926,#7114,#7149,#7317,
    #7427,#7478,#7508,#7537,#7543,#7567,#7669,#7697,#7744,#7771,#7798,
    #7825,#7852,#7859,#7909,#8179,#8188,#8215,#8241,#8290,#8345,#8372,
    #8402,#8430,#8458,#8513,#8587,#8596,#8646,#8924,#9034,#9144,#9151,
    #9297,#9462,#9511,#9580,#9676,#9725,#9774,#9817,#9871,#9883,#9948,
    #10056,#10127,#10176,#10203,#10230,#10321,#10377,#10381,#10472,
    #10528,#10532,#10539,#10546,#10573));
#17 = ADVANCED_FACE('',(#18),#32,.T.);
#18 = FACE_BOUND('',#19,.T.);
#19 = EDGE_LOOP('',(#20,#55,#83,#111));
#20 = ORIENTED_EDGE('',*,*,#21,.T.);
#21 = EDGE_CURVE('',#22,#24,#26,.T.);
#22 = VERTEX_POINT('',#23);
#23 = CARTESIAN_POINT('',(33.3,15.093633411781,50.5));
#24 = VERTEX_POINT('',#25);
#25 = CARTESIAN_POINT('',(36.1,15.093633411781,50.5));
#26 = SURFACE_CURVE('',#27,(#31,#43),.PCURVE_S1.);
#27 = LINE('',#28,#29);
#28 = CARTESIAN_POINT('',(33.3,15.093633411781,50.5));
#29 = VECTOR('',#30,1.);
#30 = DIRECTION('',(1.,0.,0.));
#31 = PCURVE('',#32,#37);
#32 = PLANE('',#33);
#33 = AXIS2_PLACEMENT_3D('',#34,#35,#36);
#34 = CARTESIAN_POINT('',(33.3,15.093633411781,50.5));
#35 = DIRECTION('',(-0.,0.866025403784,0.5));
#36 = DIRECTION('',(0.,0.5,-0.866025403784));
#37 = DEFINITIONAL_REPRESENTATION('',(#38),#42);
#38 = LINE('',#39,#40);
#39 = CARTESIAN_POINT('',(0.,0.));
#40 = VECTOR('',#41,1.);
#41 = DIRECTION('',(0.,-1.));
#42 = ( GEOMETRIC_REPRESENTATION_CONTEXT(2) 
PARAMETRIC_REPRESENTATION_CONTEXT() REPRESENTATION_CONTEXT('2D SPACE',''
  ) );
#43 = PCURVE('',#44,#49);
#44 = PLANE('',#45);
#45 = AXIS2_PLACEMENT_3D('',#46,#47,#48);
#46 = CARTESIAN_POINT('',(33.3,16.796816705891,53.45));
#47 = DIRECTION('',(0.,0.866025403784,-0.5));
#48 = DIRECTION('',(0.,-0.5,-0.866025403784));
#49 = DEFINITIONAL_REPRESENTATION('',(#50),#54);
#50 = LINE('',#51,#52);
#51 = CARTESIAN_POINT('',(3.406366588219,0.));
#52 = VECTOR('',#53,1.);
#53 = DIRECTION('',(0.,-1.));
#54 = ( GEOMETRIC_REPRESENTATION_CONTEXT(2) 
PARAMETRIC_REPRESENTATION_CONTEXT() REPRESENTATION_CONTEXT('2D SPACE',''
  ) );
#55 = ORIENTED_EDGE('',*,*,#56,.T.);
#56 = EDGE_CURVE('',#24,#57,#59,.T.);
#57 = VERTEX_POINT('',#58);
#58 = CARTESIAN_POINT('',(36.1,16.796816705891,47.55));
#59 = SURFACE_CURVE('',#60,(#64,#71),.PCURVE_S1.);
#60 = LINE('',#61,#62);
#61 = CARTESIAN_POINT('',(36.1,15.093633411781,50.5));
#62 = VECTOR('',#63,1.);
#63 = DIRECTION('',(0.,0.5,-0.866025403784));
#64 = PCURVE('',#32,#65);
#65 = DEFINITIONAL_REPRESENTATION('',(#66),#70);
#66 = LINE('',#67,#68);
#67 = CARTESIAN_POINT('',(0.,-2.8));
#68 = VECTOR('',#69,1.);
#69 = DIRECTION('',(1.,0.));
#70 = ( GEOMETRIC_REPRESENTATION_CONTEXT(2) 
PARAMETRIC_REPRESENTATION_CONTEXT() REPRESENTATION_CONTEXT('2D SPACE',''
  ) );
#71 = PCURVE('',#72,#77);
#72 = PLANE('',#73);
#73 = AXIS2_PLACEMENT_3D('',#74,#75,#76);
#74 = CARTESIAN_POINT('',(36.1,19.788875098222,50.5));
#75 = DIRECTION('',(-1.,-0.,-0.));
#76 = DIRECTION('',(0.,0.,-1.));
#77 = DEFINITIONAL_REPRESENTATION('',(#78),#82);
#78 = LINE('',#79,#80);
#79 = CARTESIAN_POINT('',(-7.455587629913E-16,4.695241686441));
#80 = VECTOR('',#81,1.);
#81 = DIRECTION('',(0.866025403784,-0.5));
#82 = ( GEOMETRIC_REPRESENTATION_CONTEXT(2) 
PARAMETRIC_REPRESENTATION_CONTEXT() REPRESENTATION_CONTEXT('2D SPACE',''
  ) );
#83 = ORIENTED_EDGE('',*,*,#84,.F.);
#84 = EDGE_CURVE('',#85,#57,#87,.T.);
#85 = VERTEX_POINT('',#86);
#86 = CARTESIAN_POINT('',(33.3,16.796816705891,47.55));
#87 = SURFACE_CURVE('',#88,(#92,#99),.PCURVE_S1.);
#88 = LINE('',#89,#90);
#89 = CARTESIAN_POINT('',(33.3,16.796816705891,47.55));
#90 = VECTOR('',#91,1.);
#91 = DIRECTION('',(1.,0.,0.));
#92 = PCURVE('',#32,#93);
#93 = DEFINITIONAL_REPRESENTATION('',(#94),#98);
#94 = LINE('',#95,#96);
#95 = CARTESIAN_POINT('',(3.406366588219,0.));
#96 = VECTOR('',#97,1.);
#97 = DIRECTION('',(0.,-1.));
#98 = ( GEOMETRIC_REPRESENTATION_CONTEXT(2) 
PARAMETRIC_REPRESENTATION_CONTEXT() REPRESENTATION_CONTEXT('2D SPACE',''
  ) );
#99 = PCURVE('',#100,#105);
#100 = PLANE('',#101);
#101 = AXIS2_PLACEMENT_3D('',#102,#103,#104);
#102 = CARTESIAN_POINT('',(34.7,19.969372592222,47.55));
#103 = DIRECTION('',(0.,0.,1.));
#104 = DIRECTION('',(1.,0.,-0.));
#105 = DEFINITIONAL_REPRESENTATION('',(#106),#110);
#106 = LINE('',#107,#108);
#107 = CARTESIAN_POINT('',(-1.4,-3.172555886331));
#108 = VECTOR('',#109,1.);
#109 = DIRECTION('',(1.,0.));
#110 = ( GEOMETRIC_REPRESENTATION_CONTEXT(2) 
PARAMETRIC_REPRESENTATION_CONTEXT() REPRESENTATION_CONTEXT('2D SPACE',''
  ) );
#111 = ORIENTED_EDGE('',*,*,#112,.F.);
#112 = EDGE_CURVE('',#22,#85,#113,.T.);
#113 = SURFACE_CURVE('',#114,(#118,#125),.PCURVE_S1.);
#114 = LINE('',#115,#116);
#115 = CARTESIAN_POINT('',(33.3,15.093633411781,50.5));
#116 = VECTOR('',#117,1.);
#117 = DIRECTION('',(0.,0.5,-0.866025403784));
#118 = PCURVE('',#32,#119);
#119 = DEFINITIONAL_REPRESENTATION('',(#120),#124);
#120 = LINE('',#121,#122);
#121 = CARTESIAN_POINT('',(0.,0.));
#122 = VECTOR('',#123,1.);
#123 = DIRECTION('',(1.,0.));
#124 = ( GEOMETRIC_REPRESENTATION_CONTEXT(2) 
PARAMETRIC_REPRESENTATION_CONTEXT() REPRESENTATION_CONTEXT('2D SPACE',''
  ) );
#125 = PCURVE('',#126,#131);
#126 = PLANE('',#127);
#127 = AXIS2_PLACEMENT_3D('',#128,#129,#130);
#128 = CARTESIAN_POINT('',(33.3,19.788875098222,50.5));
#129 = DIRECTION('',(1.,0.,0.));
#130 = DIRECTION('',(-0.,0.,1.));
#131 = DEFINITIONAL_REPRESENTATION('',(#132),#136);
#132 = LINE('',#133,#134);
#133 = CARTESIAN_POINT('',(7.455587629913E-16,4.695241686441));
#134 = VECTOR('',#135,1.);
#135 = DIRECTION('',(-0.866025403784,-0.5));
#136 = ( GEOMETRIC_REPRESENTATION_CONTEXT(2) 
PARAMETRIC_REPRESENTATION_CONTEXT() REPRESENTATION_CONTEXT('2D SPACE',''
  ) );
#137 = ADVANCED_FACE('',(#138),#44,.T.);
#138 = FACE_BOUND('',#139,.T.);
#139 = EDGE_LOOP('',(#140,#170,#191,#192));
#140 = ORIENTED_EDGE('',*,*,#141,.T.);
#141 = EDGE_CURVE('',#142,#144,#146,.T.);
#142 = VERTEX_POINT('',#143);
#143 = CARTESIAN_POINT('',(33.3,16.796816705891,53.45));
#144 = VERTEX_POINT('',#145);
#145 = CARTESIAN_POINT('',(36.1,16.796816705891,53.45));
#146 = SURFACE_CURVE('',#147,(#151,#158),.PCURVE_S1.);
#147 = LINE('',#148,#149);
#148 = CARTESIAN_POINT('',(33.3,16.796816705891,53.45));
#149 = VECTOR('',#150,1.);
#150 = DIRECTION('',(1.,0.,0.));
#151 = PCURVE('',#44,#152);
#152 = DEFINITIONAL_REPRESENTATION('',(#153),#157);
#153 = LINE('',#154,#155);
#154 = CARTESIAN_POINT('',(0.,0.));
#155 = VECTOR('',#156,1.);
#156 = DIRECTION('',(0.,-1.));
#157 = ( GEOMETRIC_REPRESENTATION_CONTEXT(2) 
PARAMETRIC_REPRESENTATION_CONTEXT() REPRESENTATION_CONTEXT('2D SPACE',''
  ) );
#158 = PCURVE('',#159,#164);
#159 = PLANE('',#160);
#160 = AXIS2_PLACEMENT_3D('',#161,#162,#163);
#161 = CARTESIAN_POINT('',(34.7,19.969372592222,53.45));
#162 = DIRECTION('',(-0.,-0.,-1.));
#163 = DIRECTION('',(-1.,0.,0.));
#164 = DEFINITIONAL_REPRESENTATION('',(#165),#169);
#165 = LINE('',#166,#167);
#166 = CARTESIAN_POINT('',(1.4,-3.172555886331));
#167 = VECTOR('',#168,1.);
#168 = DIRECTION('',(-1.,0.));
#169 = ( GEOMETRIC_REPRESENTATION_CONTEXT(2) 
PARAMETRIC_REPRESENTATION_CONTEXT() REPRESENTATION_CONTEXT('2D SPACE',''
  ) );
#170 = ORIENTED_EDGE('',*,*,#171,.T.);
#171 = EDGE_CURVE('',#144,#24,#172,.T.);
#172 = SURFACE_CURVE('',#173,(#177,#184),.PCURVE_S1.);
#173 = LINE('',#174,#175);
#174 = CARTESIAN_POINT('',(36.1,16.796816705891,53.45));
#175 = VECTOR('',#176,1.);
#176 = DIRECTION('',(0.,-0.5,-0.866025403784));
#177 = PCURVE('',#44,#178);
#178 = DEFINITIONAL_REPRESENTATION('',(#179),#183);
#179 = LINE('',#180,#181);
#180 = CARTESIAN_POINT('',(0.,-2.8));
#181 = VECTOR('',#182,1.);
#182 = DIRECTION('',(1.,0.));
#183 = ( GEOMETRIC_REPRESENTATION_CONTEXT(2) 
PARAMETRIC_REPRESENTATION_CONTEXT() REPRESENTATION_CONTEXT('2D SPACE',''
  ) );
#184 = PCURVE('',#72,#185);
#185 = DEFINITIONAL_REPRESENTATION('',(#186),#190);
#186 = LINE('',#187,#188);
#187 = CARTESIAN_POINT('',(-2.95,2.992058392331));
#188 = VECTOR('',#189,1.);
#189 = DIRECTION('',(0.866025403784,0.5));
#190 = ( GEOMETRIC_REPRESENTATION_CONTEXT(2) 
PARAMETRIC_REPRESENTATION_CONTEXT() REPRESENTATION_CONTEXT('2D SPACE',''
  ) );
#191 = ORIENTED_EDGE('',*,*,#21,.F.);
#192 = ORIENTED_EDGE('',*,*,#193,.F.);
#193 = EDGE_CURVE('',#142,#22,#194,.T.);
#194 = SURFACE_CURVE('',#195,(#199,#206),.PCURVE_S1.);
#195 = LINE('',#196,#197);
#196 = CARTESIAN_POINT('',(33.3,16.796816705891,53.45));
#197 = VECTOR('',#198,1.);
#198 = DIRECTION('',(0.,-0.5,-0.866025403784));
#199 = PCURVE('',#44,#200);
#200 = DEFINITIONAL_REPRESENTATION('',(#201),#205);
#201 = LINE('',#202,#203);
#202 = CARTESIAN_POINT('',(0.,0.));
#203 = VECTOR('',#204,1.);
#204 = DIRECTION('',(1.,0.));
#205 = ( GEOMETRIC_REPRESENTATION_CONTEXT(2) 
PARAMETRIC_REPRESENTATION_CONTEXT() REPRESENTATION_CONTEXT('2D SPACE',''
  ) );
#206 = PCURVE('',#126,#207);
#207 = DEFINITIONAL_REPRESENTATION('',(#208),#212);
#208 = LINE('',#209,#210);
#209 = CARTESIAN_POINT('',(2.95,2.992058392331));
#210 = VECTOR('',#211,1.);
#211 = DIRECTION('',(-0.866025403784,0.5));
#212 = ( GEOMETRIC_REPRESENTATION_CONTEXT(2) 
PARAMETRIC_REPRESENTATION_CONTEXT() REPRESENTATION_CONTEXT('2D SPACE',''
  ) );
#213 = ADVANCED_FACE('',(#214,#291),#126,.T.);
#214 = FACE_BOUND('',#215,.T.);
#215 = EDGE_LOOP('',(#216,#239,#240,#241,#264));
#216 = ORIENTED_EDGE('',*,*,#217,.F.);
#217 = EDGE_CURVE('',#142,#218,#220,.T.);
#218 = VERTEX_POINT('',#219);
#219 = CARTESIAN_POINT('',(33.3,23.141928478553,53.45));
#220 = SURFACE_CURVE('',#221,(#225,#232),.PCURVE_S1.);
#221 = LINE('',#222,#223);
#222 = CARTESIAN_POINT('',(33.3,18.5,53.45));
#223 = VECTOR('',#224,1.);
#224 = DIRECTION('',(-0.,1.,0.));
#225 = PCURVE('',#126,#226);
#226 = DEFINITIONAL_REPRESENTATION('',(#227),#231);
#227 = LINE('',#228,#229);
#228 = CARTESIAN_POINT('',(2.95,1.288875098222));
#229 = VECTOR('',#230,1.);
#230 = DIRECTION('',(0.,-1.));
#231 = ( GEOMETRIC_REPRESENTATION_CONTEXT(2) 
PARAMETRIC_REPRESENTATION_CONTEXT() REPRESENTATION_CONTEXT('2D SPACE',''
  ) );
#232 = PCURVE('',#159,#233);
#233 = DEFINITIONAL_REPRESENTATION('',(#234),#238);
#234 = LINE('',#235,#236);
#235 = CARTESIAN_POINT('',(1.4,-1.469372592222));
#236 = VECTOR('',#237,1.);
#237 = DIRECTION('',(0.,1.));
#238 = ( GEOMETRIC_REPRESENTATION_CONTEXT(2) 
PARAMETRIC_REPRESENTATION_CONTEXT() REPRESENTATION_CONTEXT('2D SPACE',''
  ) );
#239 = ORIENTED_EDGE('',*,*,#193,.T.);
#240 = ORIENTED_EDGE('',*,*,#112,.T.);
#241 = ORIENTED_EDGE('',*,*,#242,.T.);
#242 = EDGE_CURVE('',#85,#243,#245,.T.);
#243 = VERTEX_POINT('',#244);
#244 = CARTESIAN_POINT('',(33.3,23.141928478553,47.55));
#245 = SURFACE_CURVE('',#246,(#250,#257),.PCURVE_S1.);
#246 = LINE('',#247,#248);
#247 = CARTESIAN_POINT('',(33.3,16.796816705891,47.55));
#248 = VECTOR('',#249,1.);
#249 = DIRECTION('',(0.,1.,-1.303703516192E-16));
#250 = PCURVE('',#126,#251);
#251 = DEFINITIONAL_REPRESENTATION('',(#252),#256);
#252 = LINE('',#253,#254);
#253 = CARTESIAN_POINT('',(-2.95,2.992058392331));
#254 = VECTOR('',#255,1.);
#255 = DIRECTION('',(-1.303703516192E-16,-1.));
#256 = ( GEOMETRIC_REPRESENTATION_CONTEXT(2) 
PARAMETRIC_REPRESENTATION_CONTEXT() REPRESENTATION_CONTEXT('2D SPACE',''
  ) );
#257 = PCURVE('',#100,#258);
#258 = DEFINITIONAL_REPRESENTATION('',(#259),#263);
#259 = LINE('',#260,#261);
#260 = CARTESIAN_POINT('',(-1.4,-3.172555886331));
#261 = VECTOR('',#262,1.);
#262 = DIRECTION('',(0.,1.));
#263 = ( GEOMETRIC_REPRESENTATION_CONTEXT(2) 
PARAMETRIC_REPRESENTATION_CONTEXT() REPRESENTATION_CONTEXT('2D SPACE',''
  ) );
#264 = ORIENTED_EDGE('',*,*,#265,.T.);
#265 = EDGE_CURVE('',#243,#218,#266,.T.);
#266 = SURFACE_CURVE('',#267,(#272,#279),.PCURVE_S1.);
#267 = CIRCLE('',#268,5.5);
#268 = AXIS2_PLACEMENT_3D('',#269,#270,#271);
#269 = CARTESIAN_POINT('',(33.3,18.5,50.5));
#270 = DIRECTION('',(1.,0.,0.));
#271 = DIRECTION('',(-0.,0.,1.));
#272 = PCURVE('',#126,#273);
#273 = DEFINITIONAL_REPRESENTATION('',(#274),#278);
#274 = CIRCLE('',#275,5.5);
#275 = AXIS2_PLACEMENT_2D('',#276,#277);
#276 = CARTESIAN_POINT('',(3.283991690928E-16,1.288875098222));
#277 = DIRECTION('',(1.,0.));
#278 = ( GEOMETRIC_REPRESENTATION_CONTEXT(2) 
PARAMETRIC_REPRESENTATION_CONTEXT() REPRESENTATION_CONTEXT('2D SPACE',''
  ) );
#279 = PCURVE('',#280,#285);
#280 = CYLINDRICAL_SURFACE('',#281,5.5);
#281 = AXIS2_PLACEMENT_3D('',#282,#283,#284);
#282 = CARTESIAN_POINT('',(32.,18.5,50.5));
#283 = DIRECTION('',(1.,0.,0.));
#284 = DIRECTION('',(-0.,0.,1.));
#285 = DEFINITIONAL_REPRESENTATION('',(#286),#290);
#286 = LINE('',#287,#288);
#287 = CARTESIAN_POINT('',(0.,1.3));
#288 = VECTOR('',#289,1.);
#289 = DIRECTION('',(1.,0.));
#290 = ( GEOMETRIC_REPRESENTATION_CONTEXT(2) 
PARAMETRIC_REPRESENTATION_CONTEXT() REPRESENTATION_CONTEXT('2D SPACE',''
  ) );
#291 = FACE_BOUND('',#292,.T.);
#292 = EDGE_LOOP('',(#293,#324));
#293 = ORIENTED_EDGE('',*,*,#294,.F.);
#294 = EDGE_CURVE('',#295,#297,#299,.T.);
#295 = VERTEX_POINT('',#296);
#296 = CARTESIAN_POINT('',(33.3,18.5,48.8));
#297 = VERTEX_POINT('',#298);
#298 = CARTESIAN_POINT('',(33.3,18.5,52.2));
#299 = SURFACE_CURVE('',#300,(#305,#312),.PCURVE_S1.);
#300 = CIRCLE('',#301,1.7);
#301 = AXIS2_PLACEMENT_3D('',#302,#303,#304);
#302 = CARTESIAN_POINT('',(33.3,18.5,50.5));
#303 = DIRECTION('',(1.,0.,0.));
#304 = DIRECTION('',(-0.,0.,1.));
#305 = PCURVE('',#126,#306);
#306 = DEFINITIONAL_REPRESENTATION('',(#307),#311);
#307 = CIRCLE('',#308,1.7);
#308 = AXIS2_PLACEMENT_2D('',#309,#310);
#309 = CARTESIAN_POINT('',(3.283991690928E-16,1.288875098222));
#310 = DIRECTION('',(1.,0.));
#311 = ( GEOMETRIC_REPRESENTATION_CONTEXT(2) 
PARAMETRIC_REPRESENTATION_CONTEXT() REPRESENTATION_CONTEXT('2D SPACE',''
  ) );
#312 = PCURVE('',#313,#318);
#313 = CYLINDRICAL_SURFACE('',#314,1.7);
#314 = AXIS2_PLACEMENT_3D('',#315,#316,#317);
#315 = CARTESIAN_POINT('',(31.,18.5,50.5));
#316 = DIRECTION('',(1.,0.,0.));
#317 = DIRECTION('',(-0.,0.,1.));
#318 = DEFINITIONAL_REPRESENTATION('',(#319),#323);
#319 = LINE('',#320,#321);
#320 = CARTESIAN_POINT('',(0.,2.3));
#321 = VECTOR('',#322,1.);
#322 = DIRECTION('',(1.,0.));
#323 = ( GEOMETRIC_REPRESENTATION_CONTEXT(2) 
PARAMETRIC_REPRESENTATION_CONTEXT() REPRESENTATION_CONTEXT('2D SPACE',''
  ) );
#324 = ORIENTED_EDGE('',*,*,#325,.F.);
#325 = EDGE_CURVE('',#297,#295,#326,.T.);
#326 = SURFACE_CURVE('',#327,(#332,#339),.PCURVE_S1.);
#327 = CIRCLE('',#328,1.7);
#328 = AXIS2_PLACEMENT_3D('',#329,#330,#331);
#329 = CARTESIAN_POINT('',(33.3,18.5,50.5));
#330 = DIRECTION('',(1.,0.,0.));
#331 = DIRECTION('',(-0.,0.,1.));
#332 = PCURVE('',#126,#333);
#333 = DEFINITIONAL_REPRESENTATION('',(#334),#338);
#334 = CIRCLE('',#335,1.7);
#335 = AXIS2_PLACEMENT_2D('',#336,#337);
#336 = CARTESIAN_POINT('',(3.283991690928E-16,1.288875098222));
#337 = DIRECTION('',(1.,0.));
#338 = ( GEOMETRIC_REPRESENTATION_CONTEXT(2) 
PARAMETRIC_REPRESENTATION_CONTEXT() REPRESENTATION_CONTEXT('2D SPACE',''
  ) );
#339 = PCURVE('',#313,#340);
#340 = DEFINITIONAL_REPRESENTATION('',(#341),#345);
#341 = LINE('',#342,#343);
#342 = CARTESIAN_POINT('',(0.,2.3));
#343 = VECTOR('',#344,1.);
#344 = DIRECTION('',(1.,0.));
#345 = ( GEOMETRIC_REPRESENTATION_CONTEXT(2) 
PARAMETRIC_REPRESENTATION_CONTEXT() REPRESENTATION_CONTEXT('2D SPACE',''
  ) );
#346 = ADVANCED_FACE('',(#347),#361,.T.);
#347 = FACE_BOUND('',#348,.T.);
#348 = EDGE_LOOP('',(#349,#384,#410,#436));
#349 = ORIENTED_EDGE('',*,*,#350,.F.);
#350 = EDGE_CURVE('',#351,#353,#355,.T.);
#351 = VERTEX_POINT('',#352);
#352 = CARTESIAN_POINT('',(41.,-12.5,5.));
#353 = VERTEX_POINT('',#354);
#354 = CARTESIAN_POINT('',(48.,-12.5,5.));
#355 = SURFACE_CURVE('',#356,(#360,#372),.PCURVE_S1.);
#356 = LINE('',#357,#358);
#357 = CARTESIAN_POINT('',(36.,-12.5,5.));
#358 = VECTOR('',#359,1.);
#359 = DIRECTION('',(1.,0.,-0.));
#360 = PCURVE('',#361,#366);
#361 = PLANE('',#362);
#362 = AXIS2_PLACEMENT_3D('',#363,#364,#365);
#363 = CARTESIAN_POINT('',(36.,-12.5,5.));
#364 = DIRECTION('',(-0.,1.,0.));
#365 = DIRECTION('',(0.,0.,1.));
#366 = DEFINITIONAL_REPRESENTATION('',(#367),#371);
#367 = LINE('',#368,#369);
#368 = CARTESIAN_POINT('',(0.,0.));
#369 = VECTOR('',#370,1.);
#370 = DIRECTION('',(0.,1.));
#371 = ( GEOMETRIC_REPRESENTATION_CONTEXT(2) 
PARAMETRIC_REPRESENTATION_CONTEXT() REPRESENTATION_CONTEXT('2D SPACE',''
  ) );
#372 = PCURVE('',#373,#378);
#373 = PLANE('',#374);
#374 = AXIS2_PLACEMENT_3D('',#375,#376,#377);
#375 = CARTESIAN_POINT('',(41.167051973961,0.,5.));
#376 = DIRECTION('',(-0.,-0.,-1.));
#377 = DIRECTION('',(-1.,0.,0.));
#378 = DEFINITIONAL_REPRESENTATION('',(#379),#383);
#379 = LINE('',#380,#381);
#380 = CARTESIAN_POINT('',(5.167051973961,-12.5));
#381 = VECTOR('',#382,1.);
#382 = DIRECTION('',(-1.,0.));
#383 = ( GEOMETRIC_REPRESENTATION_CONTEXT(2) 
PARAMETRIC_REPRESENTATION_CONTEXT() REPRESENTATION_CONTEXT('2D SPACE',''
  ) );
#384 = ORIENTED_EDGE('',*,*,#385,.F.);
#385 = EDGE_CURVE('',#386,#351,#388,.T.);
#386 = VERTEX_POINT('',#387);
#387 = CARTESIAN_POINT('',(41.,-12.5,9.));
#388 = SURFACE_CURVE('',#389,(#393,#399),.PCURVE_S1.);
#389 = LINE('',#390,#391);
#390 = CARTESIAN_POINT('',(41.,-12.5,5.));
#391 = VECTOR('',#392,1.);
#392 = DIRECTION('',(-0.,0.,-1.));
#393 = PCURVE('',#361,#394);
#394 = DEFINITIONAL_REPRESENTATION('',(#395),#398);
#395 = B_SPLINE_CURVE_WITH_KNOTS('',1,(#396,#397),.UNSPECIFIED.,.F.,.F.,
  (2,2),(-5.5,0.),.PIECEWISE_BEZIER_KNOTS.);
#396 = CARTESIAN_POINT('',(5.5,5.));
#397 = CARTESIAN_POINT('',(0.,5.));
#398 = ( GEOMETRIC_REPRESENTATION_CONTEXT(2) 
PARAMETRIC_REPRESENTATION_CONTEXT() REPRESENTATION_CONTEXT('2D SPACE',''
  ) );
#399 = PCURVE('',#400,#405);
#400 = PLANE('',#401);
#401 = AXIS2_PLACEMENT_3D('',#402,#403,#404);
#402 = CARTESIAN_POINT('',(41.,-18.5,5.));
#403 = DIRECTION('',(1.,0.,-0.));
#404 = DIRECTION('',(0.,0.,1.));
#405 = DEFINITIONAL_REPRESENTATION('',(#406),#409);
#406 = B_SPLINE_CURVE_WITH_KNOTS('',1,(#407,#408),.UNSPECIFIED.,.F.,.F.,
  (2,2),(-5.5,0.),.PIECEWISE_BEZIER_KNOTS.);
#407 = CARTESIAN_POINT('',(5.5,-6.));
#408 = CARTESIAN_POINT('',(0.,-6.));
#409 = ( GEOMETRIC_REPRESENTATION_CONTEXT(2) 
PARAMETRIC_REPRESENTATION_CONTEXT() REPRESENTATION_CONTEXT('2D SPACE',''
  ) );
#410 = ORIENTED_EDGE('',*,*,#411,.F.);
#411 = EDGE_CURVE('',#412,#386,#414,.T.);
#412 = VERTEX_POINT('',#413);
#413 = CARTESIAN_POINT('',(48.,-12.5,9.));
#414 = SURFACE_CURVE('',#415,(#419,#425),.PCURVE_S1.);
#415 = LINE('',#416,#417);
#416 = CARTESIAN_POINT('',(37.4,-12.5,9.));
#417 = VECTOR('',#418,1.);
#418 = DIRECTION('',(-1.,0.,-0.));
#419 = PCURVE('',#361,#420);
#420 = DEFINITIONAL_REPRESENTATION('',(#421),#424);
#421 = B_SPLINE_CURVE_WITH_KNOTS('',1,(#422,#423),.UNSPECIFIED.,.F.,.F.,
  (2,2),(-10.6,-3.6),.PIECEWISE_BEZIER_KNOTS.);
#422 = CARTESIAN_POINT('',(4.,12.));
#423 = CARTESIAN_POINT('',(4.,5.));
#424 = ( GEOMETRIC_REPRESENTATION_CONTEXT(2) 
PARAMETRIC_REPRESENTATION_CONTEXT() REPRESENTATION_CONTEXT('2D SPACE',''
  ) );
#425 = PCURVE('',#426,#431);
#426 = PLANE('',#427);
#427 = AXIS2_PLACEMENT_3D('',#428,#429,#430);
#428 = CARTESIAN_POINT('',(38.8,-14.5,9.));
#429 = DIRECTION('',(0.,0.,-1.));
#430 = DIRECTION('',(1.,0.,0.));
#431 = DEFINITIONAL_REPRESENTATION('',(#432),#435);
#432 = B_SPLINE_CURVE_WITH_KNOTS('',1,(#433,#434),.UNSPECIFIED.,.F.,.F.,
  (2,2),(-10.6,-3.6),.PIECEWISE_BEZIER_KNOTS.);
#433 = CARTESIAN_POINT('',(9.2,-2.));
#434 = CARTESIAN_POINT('',(2.2,-2.));
#435 = ( GEOMETRIC_REPRESENTATION_CONTEXT(2) 
PARAMETRIC_REPRESENTATION_CONTEXT() REPRESENTATION_CONTEXT('2D SPACE',''
  ) );
#436 = ORIENTED_EDGE('',*,*,#437,.F.);
#437 = EDGE_CURVE('',#353,#412,#438,.T.);
#438 = SURFACE_CURVE('',#439,(#443,#450),.PCURVE_S1.);
#439 = LINE('',#440,#441);
#440 = CARTESIAN_POINT('',(48.,-12.5,5.));
#441 = VECTOR('',#442,1.);
#442 = DIRECTION('',(0.,0.,1.));
#443 = PCURVE('',#361,#444);
#444 = DEFINITIONAL_REPRESENTATION('',(#445),#449);
#445 = LINE('',#446,#447);
#446 = CARTESIAN_POINT('',(0.,12.));
#447 = VECTOR('',#448,1.);
#448 = DIRECTION('',(1.,0.));
#449 = ( GEOMETRIC_REPRESENTATION_CONTEXT(2) 
PARAMETRIC_REPRESENTATION_CONTEXT() REPRESENTATION_CONTEXT('2D SPACE',''
  ) );
#450 = PCURVE('',#451,#456);
#451 = CYLINDRICAL_SURFACE('',#452,3.);
#452 = AXIS2_PLACEMENT_3D('',#453,#454,#455);
#453 = CARTESIAN_POINT('',(48.,-15.5,5.));
#454 = DIRECTION('',(0.,0.,1.));
#455 = DIRECTION('',(1.,0.,-0.));
#456 = DEFINITIONAL_REPRESENTATION('',(#457),#461);
#457 = LINE('',#458,#459);
#458 = CARTESIAN_POINT('',(1.570796326795,0.));
#459 = VECTOR('',#460,1.);
#460 = DIRECTION('',(0.,1.));
#461 = ( GEOMETRIC_REPRESENTATION_CONTEXT(2) 
PARAMETRIC_REPRESENTATION_CONTEXT() REPRESENTATION_CONTEXT('2D SPACE',''
  ) );
#462 = ADVANCED_FACE('',(#463,#1021,#1056),#373,.T.);
#463 = FACE_BOUND('',#464,.T.);
#464 = EDGE_LOOP('',(#465,#500,#528,#561,#589,#617,#645,#678,#701,#734,
    #762,#795,#823,#856,#884,#905,#906,#934,#962,#995));
#465 = ORIENTED_EDGE('',*,*,#466,.F.);
#466 = EDGE_CURVE('',#467,#469,#471,.T.);
#467 = VERTEX_POINT('',#468);
#468 = CARTESIAN_POINT('',(33.,-21.5,5.));
#469 = VERTEX_POINT('',#470);
#470 = CARTESIAN_POINT('',(36.,-24.5,5.));
#471 = SURFACE_CURVE('',#472,(#477,#488),.PCURVE_S1.);
#472 = CIRCLE('',#473,3.);
#473 = AXIS2_PLACEMENT_3D('',#474,#475,#476);
#474 = CARTESIAN_POINT('',(36.,-21.5,5.));
#475 = DIRECTION('',(0.,0.,1.));
#476 = DIRECTION('',(1.,0.,-0.));
#477 = PCURVE('',#373,#478);
#478 = DEFINITIONAL_REPRESENTATION('',(#479),#487);
#479 = ( BOUNDED_CURVE() B_SPLINE_CURVE(2,(#480,#481,#482,#483,#484,#485
,#486),.UNSPECIFIED.,.T.,.F.) B_SPLINE_CURVE_WITH_KNOTS((1,2,2,2,2,1),(
    -2.094395102393,0.,2.094395102393,4.188790204786,6.28318530718,
8.377580409573),.UNSPECIFIED.) CURVE() GEOMETRIC_REPRESENTATION_ITEM() 
RATIONAL_B_SPLINE_CURVE((1.,0.5,1.,0.5,1.,0.5,1.)) REPRESENTATION_ITEM(
  '') );
#480 = CARTESIAN_POINT('',(2.167051973961,-21.5));
#481 = CARTESIAN_POINT('',(2.167051973961,-16.30384757729));
#482 = CARTESIAN_POINT('',(6.667051973961,-18.90192378864));
#483 = CARTESIAN_POINT('',(11.167051973961,-21.5));
#484 = CARTESIAN_POINT('',(6.667051973961,-24.09807621135));
#485 = CARTESIAN_POINT('',(2.167051973961,-26.6961524227));
#486 = CARTESIAN_POINT('',(2.167051973961,-21.5));
#487 = ( GEOMETRIC_REPRESENTATION_CONTEXT(2) 
PARAMETRIC_REPRESENTATION_CONTEXT() REPRESENTATION_CONTEXT('2D SPACE',''
  ) );
#488 = PCURVE('',#489,#494);
#489 = CYLINDRICAL_SURFACE('',#490,3.);
#490 = AXIS2_PLACEMENT_3D('',#491,#492,#493);
#491 = CARTESIAN_POINT('',(36.,-21.5,5.));
#492 = DIRECTION('',(0.,0.,1.));
#493 = DIRECTION('',(1.,0.,-0.));
#494 = DEFINITIONAL_REPRESENTATION('',(#495),#499);
#495 = LINE('',#496,#497);
#496 = CARTESIAN_POINT('',(0.,0.));
#497 = VECTOR('',#498,1.);
#498 = DIRECTION('',(1.,0.));
#499 = ( GEOMETRIC_REPRESENTATION_CONTEXT(2) 
PARAMETRIC_REPRESENTATION_CONTEXT() REPRESENTATION_CONTEXT('2D SPACE',''
  ) );
#500 = ORIENTED_EDGE('',*,*,#501,.T.);
#501 = EDGE_CURVE('',#467,#502,#504,.T.);
#502 = VERTEX_POINT('',#503);
#503 = CARTESIAN_POINT('',(33.,-15.5,5.));
#504 = SURFACE_CURVE('',#505,(#509,#516),.PCURVE_S1.);
#505 = LINE('',#506,#507);
#506 = CARTESIAN_POINT('',(33.,-21.5,5.));
#507 = VECTOR('',#508,1.);
#508 = DIRECTION('',(-0.,1.,0.));
#509 = PCURVE('',#373,#510);
#510 = DEFINITIONAL_REPRESENTATION('',(#511),#515);
#511 = LINE('',#512,#513);
#512 = CARTESIAN_POINT('',(8.167051973961,-21.5));
#513 = VECTOR('',#514,1.);
#514 = DIRECTION('',(0.,1.));
#515 = ( GEOMETRIC_REPRESENTATION_CONTEXT(2) 
PARAMETRIC_REPRESENTATION_CONTEXT() REPRESENTATION_CONTEXT('2D SPACE',''
  ) );
#516 = PCURVE('',#517,#522);
#517 = PLANE('',#518);
#518 = AXIS2_PLACEMENT_3D('',#519,#520,#521);
#519 = CARTESIAN_POINT('',(33.,1.424576975059E-14,26.483809732069));
#520 = DIRECTION('',(-1.,-0.,-0.));
#521 = DIRECTION('',(0.,0.,-1.));
#522 = DEFINITIONAL_REPRESENTATION('',(#523),#527);
#523 = LINE('',#524,#525);
#524 = CARTESIAN_POINT('',(21.483809732069,21.5));
#525 = VECTOR('',#526,1.);
#526 = DIRECTION('',(0.,-1.));
#527 = ( GEOMETRIC_REPRESENTATION_CONTEXT(2) 
PARAMETRIC_REPRESENTATION_CONTEXT() REPRESENTATION_CONTEXT('2D SPACE',''
  ) );
#528 = ORIENTED_EDGE('',*,*,#529,.F.);
#529 = EDGE_CURVE('',#530,#502,#532,.T.);
#530 = VERTEX_POINT('',#531);
#531 = CARTESIAN_POINT('',(36.,-12.5,5.));
#532 = SURFACE_CURVE('',#533,(#538,#549),.PCURVE_S1.);
#533 = CIRCLE('',#534,3.);
#534 = AXIS2_PLACEMENT_3D('',#535,#536,#537);
#535 = CARTESIAN_POINT('',(36.,-15.5,5.));
#536 = DIRECTION('',(0.,0.,1.));
#537 = DIRECTION('',(1.,0.,-0.));
#538 = PCURVE('',#373,#539);
#539 = DEFINITIONAL_REPRESENTATION('',(#540),#548);
#540 = ( BOUNDED_CURVE() B_SPLINE_CURVE(2,(#541,#542,#543,#544,#545,#546
,#547),.UNSPECIFIED.,.T.,.F.) B_SPLINE_CURVE_WITH_KNOTS((1,2,2,2,2,1),(
    -2.094395102393,0.,2.094395102393,4.188790204786,6.28318530718,
8.377580409573),.UNSPECIFIED.) CURVE() GEOMETRIC_REPRESENTATION_ITEM() 
RATIONAL_B_SPLINE_CURVE((1.,0.5,1.,0.5,1.,0.5,1.)) REPRESENTATION_ITEM(
  '') );
#541 = CARTESIAN_POINT('',(2.167051973961,-15.5));
#542 = CARTESIAN_POINT('',(2.167051973961,-10.30384757729));
#543 = CARTESIAN_POINT('',(6.667051973961,-12.90192378864));
#544 = CARTESIAN_POINT('',(11.167051973961,-15.5));
#545 = CARTESIAN_POINT('',(6.667051973961,-18.09807621135));
#546 = CARTESIAN_POINT('',(2.167051973961,-20.6961524227));
#547 = CARTESIAN_POINT('',(2.167051973961,-15.5));
#548 = ( GEOMETRIC_REPRESENTATION_CONTEXT(2) 
PARAMETRIC_REPRESENTATION_CONTEXT() REPRESENTATION_CONTEXT('2D SPACE',''
  ) );
#549 = PCURVE('',#550,#555);
#550 = CYLINDRICAL_SURFACE('',#551,3.);
#551 = AXIS2_PLACEMENT_3D('',#552,#553,#554);
#552 = CARTESIAN_POINT('',(36.,-15.5,5.));
#553 = DIRECTION('',(0.,0.,1.));
#554 = DIRECTION('',(1.,0.,-0.));
#555 = DEFINITIONAL_REPRESENTATION('',(#556),#560);
#556 = LINE('',#557,#558);
#557 = CARTESIAN_POINT('',(0.,0.));
#558 = VECTOR('',#559,1.);
#559 = DIRECTION('',(1.,0.));
#560 = ( GEOMETRIC_REPRESENTATION_CONTEXT(2) 
PARAMETRIC_REPRESENTATION_CONTEXT() REPRESENTATION_CONTEXT('2D SPACE',''
  ) );
#561 = ORIENTED_EDGE('',*,*,#562,.T.);
#562 = EDGE_CURVE('',#530,#563,#565,.T.);
#563 = VERTEX_POINT('',#564);
#564 = CARTESIAN_POINT('',(37.,-12.5,5.));
#565 = SURFACE_CURVE('',#566,(#570,#577),.PCURVE_S1.);
#566 = LINE('',#567,#568);
#567 = CARTESIAN_POINT('',(36.,-12.5,5.));
#568 = VECTOR('',#569,1.);
#569 = DIRECTION('',(1.,0.,-0.));
#570 = PCURVE('',#373,#571);
#571 = DEFINITIONAL_REPRESENTATION('',(#572),#576);
#572 = LINE('',#573,#574);
#573 = CARTESIAN_POINT('',(5.167051973961,-12.5));
#574 = VECTOR('',#575,1.);
#575 = DIRECTION('',(-1.,0.));
#576 = ( GEOMETRIC_REPRESENTATION_CONTEXT(2) 
PARAMETRIC_REPRESENTATION_CONTEXT() REPRESENTATION_CONTEXT('2D SPACE',''
  ) );
#577 = PCURVE('',#578,#583);
#578 = PLANE('',#579);
#579 = AXIS2_PLACEMENT_3D('',#580,#581,#582);
#580 = CARTESIAN_POINT('',(36.,-12.5,5.));
#581 = DIRECTION('',(-0.,1.,0.));
#582 = DIRECTION('',(0.,0.,1.));
#583 = DEFINITIONAL_REPRESENTATION('',(#584),#588);
#584 = LINE('',#585,#586);
#585 = CARTESIAN_POINT('',(0.,0.));
#586 = VECTOR('',#587,1.);
#587 = DIRECTION('',(0.,1.));
#588 = ( GEOMETRIC_REPRESENTATION_CONTEXT(2) 
PARAMETRIC_REPRESENTATION_CONTEXT() REPRESENTATION_CONTEXT('2D SPACE',''
  ) );
#589 = ORIENTED_EDGE('',*,*,#590,.T.);
#590 = EDGE_CURVE('',#563,#591,#593,.T.);
#591 = VERTEX_POINT('',#592);
#592 = CARTESIAN_POINT('',(37.,12.5,5.));
#593 = SURFACE_CURVE('',#594,(#598,#605),.PCURVE_S1.);
#594 = LINE('',#595,#596);
#595 = CARTESIAN_POINT('',(37.,-18.5,5.));
#596 = VECTOR('',#597,1.);
#597 = DIRECTION('',(-0.,1.,0.));
#598 = PCURVE('',#373,#599);
#599 = DEFINITIONAL_REPRESENTATION('',(#600),#604);
#600 = LINE('',#601,#602);
#601 = CARTESIAN_POINT('',(4.167051973961,-18.5));
#602 = VECTOR('',#603,1.);
#603 = DIRECTION('',(0.,1.));
#604 = ( GEOMETRIC_REPRESENTATION_CONTEXT(2) 
PARAMETRIC_REPRESENTATION_CONTEXT() REPRESENTATION_CONTEXT('2D SPACE',''
  ) );
#605 = PCURVE('',#606,#611);
#606 = PLANE('',#607);
#607 = AXIS2_PLACEMENT_3D('',#608,#609,#610);
#608 = CARTESIAN_POINT('',(37.,-18.5,5.));
#609 = DIRECTION('',(1.,0.,-0.));
#610 = DIRECTION('',(0.,0.,1.));
#611 = DEFINITIONAL_REPRESENTATION('',(#612),#616);
#612 = LINE('',#613,#614);
#613 = CARTESIAN_POINT('',(0.,0.));
#614 = VECTOR('',#615,1.);
#615 = DIRECTION('',(0.,-1.));
#616 = ( GEOMETRIC_REPRESENTATION_CONTEXT(2) 
PARAMETRIC_REPRESENTATION_CONTEXT() REPRESENTATION_CONTEXT('2D SPACE',''
  ) );
#617 = ORIENTED_EDGE('',*,*,#618,.F.);
#618 = EDGE_CURVE('',#619,#591,#621,.T.);
#619 = VERTEX_POINT('',#620);
#620 = CARTESIAN_POINT('',(36.,12.5,5.));
#621 = SURFACE_CURVE('',#622,(#626,#633),.PCURVE_S1.);
#622 = LINE('',#623,#624);
#623 = CARTESIAN_POINT('',(36.,12.5,5.));
#624 = VECTOR('',#625,1.);
#625 = DIRECTION('',(1.,0.,-0.));
#626 = PCURVE('',#373,#627);
#627 = DEFINITIONAL_REPRESENTATION('',(#628),#632);
#628 = LINE('',#629,#630);
#629 = CARTESIAN_POINT('',(5.167051973961,12.5));
#630 = VECTOR('',#631,1.);
#631 = DIRECTION('',(-1.,0.));
#632 = ( GEOMETRIC_REPRESENTATION_CONTEXT(2) 
PARAMETRIC_REPRESENTATION_CONTEXT() REPRESENTATION_CONTEXT('2D SPACE',''
  ) );
#633 = PCURVE('',#634,#639);
#634 = PLANE('',#635);
#635 = AXIS2_PLACEMENT_3D('',#636,#637,#638);
#636 = CARTESIAN_POINT('',(36.,12.5,5.));
#637 = DIRECTION('',(-0.,1.,0.));
#638 = DIRECTION('',(0.,0.,1.));
#639 = DEFINITIONAL_REPRESENTATION('',(#640),#644);
#640 = LINE('',#641,#642);
#641 = CARTESIAN_POINT('',(0.,0.));
#642 = VECTOR('',#643,1.);
#643 = DIRECTION('',(0.,1.));
#644 = ( GEOMETRIC_REPRESENTATION_CONTEXT(2) 
PARAMETRIC_REPRESENTATION_CONTEXT() REPRESENTATION_CONTEXT('2D SPACE',''
  ) );
#645 = ORIENTED_EDGE('',*,*,#646,.F.);
#646 = EDGE_CURVE('',#647,#619,#649,.T.);
#647 = VERTEX_POINT('',#648);
#648 = CARTESIAN_POINT('',(33.,15.5,5.));
#649 = SURFACE_CURVE('',#650,(#655,#666),.PCURVE_S1.);
#650 = CIRCLE('',#651,3.);
#651 = AXIS2_PLACEMENT_3D('',#652,#653,#654);
#652 = CARTESIAN_POINT('',(36.,15.5,5.));
#653 = DIRECTION('',(0.,0.,1.));
#654 = DIRECTION('',(1.,0.,-0.));
#655 = PCURVE('',#373,#656);
#656 = DEFINITIONAL_REPRESENTATION('',(#657),#665);
#657 = ( BOUNDED_CURVE() B_SPLINE_CURVE(2,(#658,#659,#660,#661,#662,#663
,#664),.UNSPECIFIED.,.T.,.F.) B_SPLINE_CURVE_WITH_KNOTS((1,2,2,2,2,1),(
    -2.094395102393,0.,2.094395102393,4.188790204786,6.28318530718,
8.377580409573),.UNSPECIFIED.) CURVE() GEOMETRIC_REPRESENTATION_ITEM() 
RATIONAL_B_SPLINE_CURVE((1.,0.5,1.,0.5,1.,0.5,1.)) REPRESENTATION_ITEM(
  '') );
#658 = CARTESIAN_POINT('',(2.167051973961,15.5));
#659 = CARTESIAN_POINT('',(2.167051973961,20.696152422707));
#660 = CARTESIAN_POINT('',(6.667051973961,18.098076211353));
#661 = CARTESIAN_POINT('',(11.167051973961,15.5));
#662 = CARTESIAN_POINT('',(6.667051973961,12.901923788647));
#663 = CARTESIAN_POINT('',(2.167051973961,10.303847577293));
#664 = CARTESIAN_POINT('',(2.167051973961,15.5));
#665 = ( GEOMETRIC_REPRESENTATION_CONTEXT(2) 
PARAMETRIC_REPRESENTATION_CONTEXT() REPRESENTATION_CONTEXT('2D SPACE',''
  ) );
#666 = PCURVE('',#667,#672);
#667 = CYLINDRICAL_SURFACE('',#668,3.);
#668 = AXIS2_PLACEMENT_3D('',#669,#670,#671);
#669 = CARTESIAN_POINT('',(36.,15.5,5.));
#670 = DIRECTION('',(0.,0.,1.));
#671 = DIRECTION('',(1.,0.,-0.));
#672 = DEFINITIONAL_REPRESENTATION('',(#673),#677);
#673 = LINE('',#674,#675);
#674 = CARTESIAN_POINT('',(0.,0.));
#675 = VECTOR('',#676,1.);
#676 = DIRECTION('',(1.,0.));
#677 = ( GEOMETRIC_REPRESENTATION_CONTEXT(2) 
PARAMETRIC_REPRESENTATION_CONTEXT() REPRESENTATION_CONTEXT('2D SPACE',''
  ) );
#678 = ORIENTED_EDGE('',*,*,#679,.T.);
#679 = EDGE_CURVE('',#647,#680,#682,.T.);
#680 = VERTEX_POINT('',#681);
#681 = CARTESIAN_POINT('',(33.,21.5,5.));
#682 = SURFACE_CURVE('',#683,(#687,#694),.PCURVE_S1.);
#683 = LINE('',#684,#685);
#684 = CARTESIAN_POINT('',(33.,15.5,5.));
#685 = VECTOR('',#686,1.);
#686 = DIRECTION('',(-0.,1.,0.));
#687 = PCURVE('',#373,#688);
#688 = DEFINITIONAL_REPRESENTATION('',(#689),#693);
#689 = LINE('',#690,#691);
#690 = CARTESIAN_POINT('',(8.167051973961,15.5));
#691 = VECTOR('',#692,1.);
#692 = DIRECTION('',(0.,1.));
#693 = ( GEOMETRIC_REPRESENTATION_CONTEXT(2) 
PARAMETRIC_REPRESENTATION_CONTEXT() REPRESENTATION_CONTEXT('2D SPACE',''
  ) );
#694 = PCURVE('',#517,#695);
#695 = DEFINITIONAL_REPRESENTATION('',(#696),#700);
#696 = LINE('',#697,#698);
#697 = CARTESIAN_POINT('',(21.483809732069,-15.5));
#698 = VECTOR('',#699,1.);
#699 = DIRECTION('',(0.,-1.));
#700 = ( GEOMETRIC_REPRESENTATION_CONTEXT(2) 
PARAMETRIC_REPRESENTATION_CONTEXT() REPRESENTATION_CONTEXT('2D SPACE',''
  ) );
#701 = ORIENTED_EDGE('',*,*,#702,.F.);
#702 = EDGE_CURVE('',#703,#680,#705,.T.);
#703 = VERTEX_POINT('',#704);
#704 = CARTESIAN_POINT('',(36.,24.5,5.));
#705 = SURFACE_CURVE('',#706,(#711,#722),.PCURVE_S1.);
#706 = CIRCLE('',#707,3.);
#707 = AXIS2_PLACEMENT_3D('',#708,#709,#710);
#708 = CARTESIAN_POINT('',(36.,21.5,5.));
#709 = DIRECTION('',(0.,0.,1.));
#710 = DIRECTION('',(1.,0.,-0.));
#711 = PCURVE('',#373,#712);
#712 = DEFINITIONAL_REPRESENTATION('',(#713),#721);
#713 = ( BOUNDED_CURVE() B_SPLINE_CURVE(2,(#714,#715,#716,#717,#718,#719
,#720),.UNSPECIFIED.,.T.,.F.) B_SPLINE_CURVE_WITH_KNOTS((1,2,2,2,2,1),(
    -2.094395102393,0.,2.094395102393,4.188790204786,6.28318530718,
8.377580409573),.UNSPECIFIED.) CURVE() GEOMETRIC_REPRESENTATION_ITEM() 
RATIONAL_B_SPLINE_CURVE((1.,0.5,1.,0.5,1.,0.5,1.)) REPRESENTATION_ITEM(
  '') );
#714 = CARTESIAN_POINT('',(2.167051973961,21.5));
#715 = CARTESIAN_POINT('',(2.167051973961,26.696152422707));
#716 = CARTESIAN_POINT('',(6.667051973961,24.098076211353));
#717 = CARTESIAN_POINT('',(11.167051973961,21.5));
#718 = CARTESIAN_POINT('',(6.667051973961,18.901923788647));
#719 = CARTESIAN_POINT('',(2.167051973961,16.303847577293));
#720 = CARTESIAN_POINT('',(2.167051973961,21.5));
#721 = ( GEOMETRIC_REPRESENTATION_CONTEXT(2) 
PARAMETRIC_REPRESENTATION_CONTEXT() REPRESENTATION_CONTEXT('2D SPACE',''
  ) );
#722 = PCURVE('',#723,#728);
#723 = CYLINDRICAL_SURFACE('',#724,3.);
#724 = AXIS2_PLACEMENT_3D('',#725,#726,#727);
#725 = CARTESIAN_POINT('',(36.,21.5,5.));
#726 = DIRECTION('',(0.,0.,1.));
#727 = DIRECTION('',(1.,0.,-0.));
#728 = DEFINITIONAL_REPRESENTATION('',(#729),#733);
#729 = LINE('',#730,#731);
#730 = CARTESIAN_POINT('',(0.,0.));
#731 = VECTOR('',#732,1.);
#732 = DIRECTION('',(1.,0.));
#733 = ( GEOMETRIC_REPRESENTATION_CONTEXT(2) 
PARAMETRIC_REPRESENTATION_CONTEXT() REPRESENTATION_CONTEXT('2D SPACE',''
  ) );
#734 = ORIENTED_EDGE('',*,*,#735,.T.);
#735 = EDGE_CURVE('',#703,#736,#738,.T.);
#736 = VERTEX_POINT('',#737);
#737 = CARTESIAN_POINT('',(48.,24.5,5.));
#738 = SURFACE_CURVE('',#739,(#743,#750),.PCURVE_S1.);
#739 = LINE('',#740,#741);
#740 = CARTESIAN_POINT('',(36.,24.5,5.));
#741 = VECTOR('',#742,1.);
#742 = DIRECTION('',(1.,0.,-0.));
#743 = PCURVE('',#373,#744);
#744 = DEFINITIONAL_REPRESENTATION('',(#745),#749);
#745 = LINE('',#746,#747);
#746 = CARTESIAN_POINT('',(5.167051973961,24.5));
#747 = VECTOR('',#748,1.);
#748 = DIRECTION('',(-1.,0.));
#749 = ( GEOMETRIC_REPRESENTATION_CONTEXT(2) 
PARAMETRIC_REPRESENTATION_CONTEXT() REPRESENTATION_CONTEXT('2D SPACE',''
  ) );
#750 = PCURVE('',#751,#756);
#751 = PLANE('',#752);
#752 = AXIS2_PLACEMENT_3D('',#753,#754,#755);
#753 = CARTESIAN_POINT('',(36.,24.5,5.));
#754 = DIRECTION('',(-0.,1.,0.));
#755 = DIRECTION('',(0.,0.,1.));
#756 = DEFINITIONAL_REPRESENTATION('',(#757),#761);
#757 = LINE('',#758,#759);
#758 = CARTESIAN_POINT('',(0.,0.));
#759 = VECTOR('',#760,1.);
#760 = DIRECTION('',(0.,1.));
#761 = ( GEOMETRIC_REPRESENTATION_CONTEXT(2) 
PARAMETRIC_REPRESENTATION_CONTEXT() REPRESENTATION_CONTEXT('2D SPACE',''
  ) );
#762 = ORIENTED_EDGE('',*,*,#763,.F.);
#763 = EDGE_CURVE('',#764,#736,#766,.T.);
#764 = VERTEX_POINT('',#765);
#765 = CARTESIAN_POINT('',(51.,21.5,5.));
#766 = SURFACE_CURVE('',#767,(#772,#783),.PCURVE_S1.);
#767 = CIRCLE('',#768,3.);
#768 = AXIS2_PLACEMENT_3D('',#769,#770,#771);
#769 = CARTESIAN_POINT('',(48.,21.5,5.));
#770 = DIRECTION('',(0.,0.,1.));
#771 = DIRECTION('',(1.,0.,-0.));
#772 = PCURVE('',#373,#773);
#773 = DEFINITIONAL_REPRESENTATION('',(#774),#782);
#774 = ( BOUNDED_CURVE() B_SPLINE_CURVE(2,(#775,#776,#777,#778,#779,#780
,#781),.UNSPECIFIED.,.T.,.F.) B_SPLINE_CURVE_WITH_KNOTS((1,2,2,2,2,1),(
    -2.094395102393,0.,2.094395102393,4.188790204786,6.28318530718,
8.377580409573),.UNSPECIFIED.) CURVE() GEOMETRIC_REPRESENTATION_ITEM() 
RATIONAL_B_SPLINE_CURVE((1.,0.5,1.,0.5,1.,0.5,1.)) REPRESENTATION_ITEM(
  '') );
#775 = CARTESIAN_POINT('',(-9.832948026039,21.5));
#776 = CARTESIAN_POINT('',(-9.832948026039,26.696152422707));
#777 = CARTESIAN_POINT('',(-5.332948026039,24.098076211353));
#778 = CARTESIAN_POINT('',(-0.832948026039,21.5));
#779 = CARTESIAN_POINT('',(-5.332948026039,18.901923788647));
#780 = CARTESIAN_POINT('',(-9.832948026039,16.303847577293));
#781 = CARTESIAN_POINT('',(-9.832948026039,21.5));
#782 = ( GEOMETRIC_REPRESENTATION_CONTEXT(2) 
PARAMETRIC_REPRESENTATION_CONTEXT() REPRESENTATION_CONTEXT('2D SPACE',''
  ) );
#783 = PCURVE('',#784,#789);
#784 = CYLINDRICAL_SURFACE('',#785,3.);
#785 = AXIS2_PLACEMENT_3D('',#786,#787,#788);
#786 = CARTESIAN_POINT('',(48.,21.5,5.));
#787 = DIRECTION('',(0.,0.,1.));
#788 = DIRECTION('',(1.,0.,-0.));
#789 = DEFINITIONAL_REPRESENTATION('',(#790),#794);
#790 = LINE('',#791,#792);
#791 = CARTESIAN_POINT('',(0.,0.));
#792 = VECTOR('',#793,1.);
#793 = DIRECTION('',(1.,0.));
#794 = ( GEOMETRIC_REPRESENTATION_CONTEXT(2) 
PARAMETRIC_REPRESENTATION_CONTEXT() REPRESENTATION_CONTEXT('2D SPACE',''
  ) );
#795 = ORIENTED_EDGE('',*,*,#796,.F.);
#796 = EDGE_CURVE('',#797,#764,#799,.T.);
#797 = VERTEX_POINT('',#798);
#798 = CARTESIAN_POINT('',(51.,15.5,5.));
#799 = SURFACE_CURVE('',#800,(#804,#811),.PCURVE_S1.);
#800 = LINE('',#801,#802);
#801 = CARTESIAN_POINT('',(51.,15.5,5.));
#802 = VECTOR('',#803,1.);
#803 = DIRECTION('',(-0.,1.,0.));
#804 = PCURVE('',#373,#805);
#805 = DEFINITIONAL_REPRESENTATION('',(#806),#810);
#806 = LINE('',#807,#808);
#807 = CARTESIAN_POINT('',(-9.832948026039,15.5));
#808 = VECTOR('',#809,1.);
#809 = DIRECTION('',(0.,1.));
#810 = ( GEOMETRIC_REPRESENTATION_CONTEXT(2) 
PARAMETRIC_REPRESENTATION_CONTEXT() REPRESENTATION_CONTEXT('2D SPACE',''
  ) );
#811 = PCURVE('',#812,#817);
#812 = PLANE('',#813);
#813 = AXIS2_PLACEMENT_3D('',#814,#815,#816);
#814 = CARTESIAN_POINT('',(51.,15.5,5.));
#815 = DIRECTION('',(1.,0.,-0.));
#816 = DIRECTION('',(0.,0.,1.));
#817 = DEFINITIONAL_REPRESENTATION('',(#818),#822);
#818 = LINE('',#819,#820);
#819 = CARTESIAN_POINT('',(0.,0.));
#820 = VECTOR('',#821,1.);
#821 = DIRECTION('',(0.,-1.));
#822 = ( GEOMETRIC_REPRESENTATION_CONTEXT(2) 
PARAMETRIC_REPRESENTATION_CONTEXT() REPRESENTATION_CONTEXT('2D SPACE',''
  ) );
#823 = ORIENTED_EDGE('',*,*,#824,.F.);
#824 = EDGE_CURVE('',#825,#797,#827,.T.);
#825 = VERTEX_POINT('',#826);
#826 = CARTESIAN_POINT('',(48.,12.5,5.));
#827 = SURFACE_CURVE('',#828,(#833,#844),.PCURVE_S1.);
#828 = CIRCLE('',#829,3.);
#829 = AXIS2_PLACEMENT_3D('',#830,#831,#832);
#830 = CARTESIAN_POINT('',(48.,15.5,5.));
#831 = DIRECTION('',(0.,0.,1.));
#832 = DIRECTION('',(1.,0.,-0.));
#833 = PCURVE('',#373,#834);
#834 = DEFINITIONAL_REPRESENTATION('',(#835),#843);
#835 = ( BOUNDED_CURVE() B_SPLINE_CURVE(2,(#836,#837,#838,#839,#840,#841
,#842),.UNSPECIFIED.,.T.,.F.) B_SPLINE_CURVE_WITH_KNOTS((1,2,2,2,2,1),(
    -2.094395102393,0.,2.094395102393,4.188790204786,6.28318530718,
8.377580409573),.UNSPECIFIED.) CURVE() GEOMETRIC_REPRESENTATION_ITEM() 
RATIONAL_B_SPLINE_CURVE((1.,0.5,1.,0.5,1.,0.5,1.)) REPRESENTATION_ITEM(
  '') );
#836 = CARTESIAN_POINT('',(-9.832948026039,15.5));
#837 = CARTESIAN_POINT('',(-9.832948026039,20.696152422707));
#838 = CARTESIAN_POINT('',(-5.332948026039,18.098076211353));
#839 = CARTESIAN_POINT('',(-0.832948026039,15.5));
#840 = CARTESIAN_POINT('',(-5.332948026039,12.901923788647));
#841 = CARTESIAN_POINT('',(-9.832948026039,10.303847577293));
#842 = CARTESIAN_POINT('',(-9.832948026039,15.5));
#843 = ( GEOMETRIC_REPRESENTATION_CONTEXT(2) 
PARAMETRIC_REPRESENTATION_CONTEXT() REPRESENTATION_CONTEXT('2D SPACE',''
  ) );
#844 = PCURVE('',#845,#850);
#845 = CYLINDRICAL_SURFACE('',#846,3.);
#846 = AXIS2_PLACEMENT_3D('',#847,#848,#849);
#847 = CARTESIAN_POINT('',(48.,15.5,5.));
#848 = DIRECTION('',(0.,0.,1.));
#849 = DIRECTION('',(1.,0.,-0.));
#850 = DEFINITIONAL_REPRESENTATION('',(#851),#855);
#851 = LINE('',#852,#853);
#852 = CARTESIAN_POINT('',(0.,0.));
#853 = VECTOR('',#854,1.);
#854 = DIRECTION('',(1.,0.));
#855 = ( GEOMETRIC_REPRESENTATION_CONTEXT(2) 
PARAMETRIC_REPRESENTATION_CONTEXT() REPRESENTATION_CONTEXT('2D SPACE',''
  ) );
#856 = ORIENTED_EDGE('',*,*,#857,.F.);
#857 = EDGE_CURVE('',#858,#825,#860,.T.);
#858 = VERTEX_POINT('',#859);
#859 = CARTESIAN_POINT('',(41.,12.5,5.));
#860 = SURFACE_CURVE('',#861,(#865,#872),.PCURVE_S1.);
#861 = LINE('',#862,#863);
#862 = CARTESIAN_POINT('',(36.,12.5,5.));
#863 = VECTOR('',#864,1.);
#864 = DIRECTION('',(1.,0.,-0.));
#865 = PCURVE('',#373,#866);
#866 = DEFINITIONAL_REPRESENTATION('',(#867),#871);
#867 = LINE('',#868,#869);
#868 = CARTESIAN_POINT('',(5.167051973961,12.5));
#869 = VECTOR('',#870,1.);
#870 = DIRECTION('',(-1.,0.));
#871 = ( GEOMETRIC_REPRESENTATION_CONTEXT(2) 
PARAMETRIC_REPRESENTATION_CONTEXT() REPRESENTATION_CONTEXT('2D SPACE',''
  ) );
#872 = PCURVE('',#873,#878);
#873 = PLANE('',#874);
#874 = AXIS2_PLACEMENT_3D('',#875,#876,#877);
#875 = CARTESIAN_POINT('',(36.,12.5,5.));
#876 = DIRECTION('',(-0.,1.,0.));
#877 = DIRECTION('',(0.,0.,1.));
#878 = DEFINITIONAL_REPRESENTATION('',(#879),#883);
#879 = LINE('',#880,#881);
#880 = CARTESIAN_POINT('',(0.,0.));
#881 = VECTOR('',#882,1.);
#882 = DIRECTION('',(0.,1.));
#883 = ( GEOMETRIC_REPRESENTATION_CONTEXT(2) 
PARAMETRIC_REPRESENTATION_CONTEXT() REPRESENTATION_CONTEXT('2D SPACE',''
  ) );
#884 = ORIENTED_EDGE('',*,*,#885,.F.);
#885 = EDGE_CURVE('',#351,#858,#886,.T.);
#886 = SURFACE_CURVE('',#887,(#891,#898),.PCURVE_S1.);
#887 = LINE('',#888,#889);
#888 = CARTESIAN_POINT('',(41.,-18.5,5.));
#889 = VECTOR('',#890,1.);
#890 = DIRECTION('',(-0.,1.,0.));
#891 = PCURVE('',#373,#892);
#892 = DEFINITIONAL_REPRESENTATION('',(#893),#897);
#893 = LINE('',#894,#895);
#894 = CARTESIAN_POINT('',(0.167051973961,-18.5));
#895 = VECTOR('',#896,1.);
#896 = DIRECTION('',(0.,1.));
#897 = ( GEOMETRIC_REPRESENTATION_CONTEXT(2) 
PARAMETRIC_REPRESENTATION_CONTEXT() REPRESENTATION_CONTEXT('2D SPACE',''
  ) );
#898 = PCURVE('',#400,#899);
#899 = DEFINITIONAL_REPRESENTATION('',(#900),#904);
#900 = LINE('',#901,#902);
#901 = CARTESIAN_POINT('',(0.,0.));
#902 = VECTOR('',#903,1.);
#903 = DIRECTION('',(0.,-1.));
#904 = ( GEOMETRIC_REPRESENTATION_CONTEXT(2) 
PARAMETRIC_REPRESENTATION_CONTEXT() REPRESENTATION_CONTEXT('2D SPACE',''
  ) );
#905 = ORIENTED_EDGE('',*,*,#350,.T.);
#906 = ORIENTED_EDGE('',*,*,#907,.F.);
#907 = EDGE_CURVE('',#908,#353,#910,.T.);
#908 = VERTEX_POINT('',#909);
#909 = CARTESIAN_POINT('',(51.,-15.5,5.));
#910 = SURFACE_CURVE('',#911,(#916,#927),.PCURVE_S1.);
#911 = CIRCLE('',#912,3.);
#912 = AXIS2_PLACEMENT_3D('',#913,#914,#915);
#913 = CARTESIAN_POINT('',(48.,-15.5,5.));
#914 = DIRECTION('',(0.,0.,1.));
#915 = DIRECTION('',(1.,0.,-0.));
#916 = PCURVE('',#373,#917);
#917 = DEFINITIONAL_REPRESENTATION('',(#918),#926);
#918 = ( BOUNDED_CURVE() B_SPLINE_CURVE(2,(#919,#920,#921,#922,#923,#924
,#925),.UNSPECIFIED.,.T.,.F.) B_SPLINE_CURVE_WITH_KNOTS((1,2,2,2,2,1),(
    -2.094395102393,0.,2.094395102393,4.188790204786,6.28318530718,
8.377580409573),.UNSPECIFIED.) CURVE() GEOMETRIC_REPRESENTATION_ITEM() 
RATIONAL_B_SPLINE_CURVE((1.,0.5,1.,0.5,1.,0.5,1.)) REPRESENTATION_ITEM(
  '') );
#919 = CARTESIAN_POINT('',(-9.832948026039,-15.5));
#920 = CARTESIAN_POINT('',(-9.832948026039,-10.30384757729));
#921 = CARTESIAN_POINT('',(-5.332948026039,-12.90192378864));
#922 = CARTESIAN_POINT('',(-0.832948026039,-15.5));
#923 = CARTESIAN_POINT('',(-5.332948026039,-18.09807621135));
#924 = CARTESIAN_POINT('',(-9.832948026039,-20.6961524227));
#925 = CARTESIAN_POINT('',(-9.832948026039,-15.5));
#926 = ( GEOMETRIC_REPRESENTATION_CONTEXT(2) 
PARAMETRIC_REPRESENTATION_CONTEXT() REPRESENTATION_CONTEXT('2D SPACE',''
  ) );
#927 = PCURVE('',#451,#928);
#928 = DEFINITIONAL_REPRESENTATION('',(#929),#933);
#929 = LINE('',#930,#931);
#930 = CARTESIAN_POINT('',(0.,0.));
#931 = VECTOR('',#932,1.);
#932 = DIRECTION('',(1.,0.));
#933 = ( GEOMETRIC_REPRESENTATION_CONTEXT(2) 
PARAMETRIC_REPRESENTATION_CONTEXT() REPRESENTATION_CONTEXT('2D SPACE',''
  ) );
#934 = ORIENTED_EDGE('',*,*,#935,.F.);
#935 = EDGE_CURVE('',#936,#908,#938,.T.);
#936 = VERTEX_POINT('',#937);
#937 = CARTESIAN_POINT('',(51.,-21.5,5.));
#938 = SURFACE_CURVE('',#939,(#943,#950),.PCURVE_S1.);
#939 = LINE('',#940,#941);
#940 = CARTESIAN_POINT('',(51.,-21.5,5.));
#941 = VECTOR('',#942,1.);
#942 = DIRECTION('',(-0.,1.,0.));
#943 = PCURVE('',#373,#944);
#944 = DEFINITIONAL_REPRESENTATION('',(#945),#949);
#945 = LINE('',#946,#947);
#946 = CARTESIAN_POINT('',(-9.832948026039,-21.5));
#947 = VECTOR('',#948,1.);
#948 = DIRECTION('',(0.,1.));
#949 = ( GEOMETRIC_REPRESENTATION_CONTEXT(2) 
PARAMETRIC_REPRESENTATION_CONTEXT() REPRESENTATION_CONTEXT('2D SPACE',''
  ) );
#950 = PCURVE('',#951,#956);
#951 = PLANE('',#952);
#952 = AXIS2_PLACEMENT_3D('',#953,#954,#955);
#953 = CARTESIAN_POINT('',(51.,-21.5,5.));
#954 = DIRECTION('',(1.,0.,-0.));
#955 = DIRECTION('',(0.,0.,1.));
#956 = DEFINITIONAL_REPRESENTATION('',(#957),#961);
#957 = LINE('',#958,#959);
#958 = CARTESIAN_POINT('',(0.,0.));
#959 = VECTOR('',#960,1.);
#960 = DIRECTION('',(0.,-1.));
#961 = ( GEOMETRIC_REPRESENTATION_CONTEXT(2) 
PARAMETRIC_REPRESENTATION_CONTEXT() REPRESENTATION_CONTEXT('2D SPACE',''
  ) );
#962 = ORIENTED_EDGE('',*,*,#963,.F.);
#963 = EDGE_CURVE('',#964,#936,#966,.T.);
#964 = VERTEX_POINT('',#965);
#965 = CARTESIAN_POINT('',(48.,-24.5,5.));
#966 = SURFACE_CURVE('',#967,(#972,#983),.PCURVE_S1.);
#967 = CIRCLE('',#968,3.);
#968 = AXIS2_PLACEMENT_3D('',#969,#970,#971);
#969 = CARTESIAN_POINT('',(48.,-21.5,5.));
#970 = DIRECTION('',(0.,0.,1.));
#971 = DIRECTION('',(1.,0.,-0.));
#972 = PCURVE('',#373,#973);
#973 = DEFINITIONAL_REPRESENTATION('',(#974),#982);
#974 = ( BOUNDED_CURVE() B_SPLINE_CURVE(2,(#975,#976,#977,#978,#979,#980
,#981),.UNSPECIFIED.,.T.,.F.) B_SPLINE_CURVE_WITH_KNOTS((1,2,2,2,2,1),(
    -2.094395102393,0.,2.094395102393,4.188790204786,6.28318530718,
8.377580409573),.UNSPECIFIED.) CURVE() GEOMETRIC_REPRESENTATION_ITEM() 
RATIONAL_B_SPLINE_CURVE((1.,0.5,1.,0.5,1.,0.5,1.)) REPRESENTATION_ITEM(
  '') );
#975 = CARTESIAN_POINT('',(-9.832948026039,-21.5));
#976 = CARTESIAN_POINT('',(-9.832948026039,-16.30384757729));
#977 = CARTESIAN_POINT('',(-5.332948026039,-18.90192378864));
#978 = CARTESIAN_POINT('',(-0.832948026039,-21.5));
#979 = CARTESIAN_POINT('',(-5.332948026039,-24.09807621135));
#980 = CARTESIAN_POINT('',(-9.832948026039,-26.6961524227));
#981 = CARTESIAN_POINT('',(-9.832948026039,-21.5));
#982 = ( GEOMETRIC_REPRESENTATION_CONTEXT(2) 
PARAMETRIC_REPRESENTATION_CONTEXT() REPRESENTATION_CONTEXT('2D SPACE',''
  ) );
#983 = PCURVE('',#984,#989);
#984 = CYLINDRICAL_SURFACE('',#985,3.);
#985 = AXIS2_PLACEMENT_3D('',#986,#987,#988);
#986 = CARTESIAN_POINT('',(48.,-21.5,5.));
#987 = DIRECTION('',(0.,0.,1.));
#988 = DIRECTION('',(1.,0.,-0.));
#989 = DEFINITIONAL_REPRESENTATION('',(#990),#994);
#990 = LINE('',#991,#992);
#991 = CARTESIAN_POINT('',(0.,0.));
#992 = VECTOR('',#993,1.);
#993 = DIRECTION('',(1.,0.));
#994 = ( GEOMETRIC_REPRESENTATION_CONTEXT(2) 
PARAMETRIC_REPRESENTATION_CONTEXT() REPRESENTATION_CONTEXT('2D SPACE',''
  ) );
#995 = ORIENTED_EDGE('',*,*,#996,.F.);
#996 = EDGE_CURVE('',#469,#964,#997,.T.);
#997 = SURFACE_CURVE('',#998,(#1002,#1009),.PCURVE_S1.);
#998 = LINE('',#999,#1000);
#999 = CARTESIAN_POINT('',(36.,-24.5,5.));
#1000 = VECTOR('',#1001,1.);
#1001 = DIRECTION('',(1.,0.,-0.));
#1002 = PCURVE('',#373,#1003);
#1003 = DEFINITIONAL_REPRESENTATION('',(#1004),#1008);
#1004 = LINE('',#1005,#1006);
#1005 = CARTESIAN_POINT('',(5.167051973961,-24.5));
#1006 = VECTOR('',#1007,1.);
#1007 = DIRECTION('',(-1.,0.));
#1008 = ( GEOMETRIC_REPRESENTATION_CONTEXT(2) 
PARAMETRIC_REPRESENTATION_CONTEXT() REPRESENTATION_CONTEXT('2D SPACE',''
  ) );
#1009 = PCURVE('',#1010,#1015);
#1010 = PLANE('',#1011);
#1011 = AXIS2_PLACEMENT_3D('',#1012,#1013,#1014);
#1012 = CARTESIAN_POINT('',(36.,-24.5,5.));
#1013 = DIRECTION('',(-0.,1.,0.));
#1014 = DIRECTION('',(0.,0.,1.));
#1015 = DEFINITIONAL_REPRESENTATION('',(#1016),#1020);
#1016 = LINE('',#1017,#1018);
#1017 = CARTESIAN_POINT('',(0.,0.));
#1018 = VECTOR('',#1019,1.);
#1019 = DIRECTION('',(0.,1.));
#1020 = ( GEOMETRIC_REPRESENTATION_CONTEXT(2) 
PARAMETRIC_REPRESENTATION_CONTEXT() REPRESENTATION_CONTEXT('2D SPACE',''
  ) );
#1021 = FACE_BOUND('',#1022,.T.);
#1022 = EDGE_LOOP('',(#1023));
#1023 = ORIENTED_EDGE('',*,*,#1024,.T.);
#1024 = EDGE_CURVE('',#1025,#1025,#1027,.T.);
#1025 = VERTEX_POINT('',#1026);
#1026 = CARTESIAN_POINT('',(46.7,-18.5,5.));
#1027 = SURFACE_CURVE('',#1028,(#1033,#1044),.PCURVE_S1.);
#1028 = CIRCLE('',#1029,1.7);
#1029 = AXIS2_PLACEMENT_3D('',#1030,#1031,#1032);
#1030 = CARTESIAN_POINT('',(45.,-18.5,5.));
#1031 = DIRECTION('',(0.,0.,1.));
#1032 = DIRECTION('',(1.,0.,-0.));
#1033 = PCURVE('',#373,#1034);
#1034 = DEFINITIONAL_REPRESENTATION('',(#1035),#1043);
#1035 = ( BOUNDED_CURVE() B_SPLINE_CURVE(2,(#1036,#1037,#1038,#1039,
#1040,#1041,#1042),.UNSPECIFIED.,.T.,.F.) B_SPLINE_CURVE_WITH_KNOTS((1,2
    ,2,2,2,1),(-2.094395102393,0.,2.094395102393,4.188790204786,
6.28318530718,8.377580409573),.UNSPECIFIED.) CURVE() 
GEOMETRIC_REPRESENTATION_ITEM() RATIONAL_B_SPLINE_CURVE((1.,0.5,1.,0.5,
1.,0.5,1.)) REPRESENTATION_ITEM('') );
#1036 = CARTESIAN_POINT('',(-5.532948026039,-18.5));
#1037 = CARTESIAN_POINT('',(-5.532948026039,-15.55551362713));
#1038 = CARTESIAN_POINT('',(-2.982948026039,-17.02775681356));
#1039 = CARTESIAN_POINT('',(-0.432948026039,-18.5));
#1040 = CARTESIAN_POINT('',(-2.982948026039,-19.97224318643));
#1041 = CARTESIAN_POINT('',(-5.532948026039,-21.44448637286));
#1042 = CARTESIAN_POINT('',(-5.532948026039,-18.5));
#1043 = ( GEOMETRIC_REPRESENTATION_CONTEXT(2) 
PARAMETRIC_REPRESENTATION_CONTEXT() REPRESENTATION_CONTEXT('2D SPACE',''
  ) );
#1044 = PCURVE('',#1045,#1050);
#1045 = CYLINDRICAL_SURFACE('',#1046,1.7);
#1046 = AXIS2_PLACEMENT_3D('',#1047,#1048,#1049);
#1047 = CARTESIAN_POINT('',(45.,-18.5,4.));
#1048 = DIRECTION('',(0.,0.,1.));
#1049 = DIRECTION('',(1.,0.,-0.));
#1050 = DEFINITIONAL_REPRESENTATION('',(#1051),#1055);
#1051 = LINE('',#1052,#1053);
#1052 = CARTESIAN_POINT('',(0.,1.));
#1053 = VECTOR('',#1054,1.);
#1054 = DIRECTION('',(1.,0.));
#1055 = ( GEOMETRIC_REPRESENTATION_CONTEXT(2) 
PARAMETRIC_REPRESENTATION_CONTEXT() REPRESENTATION_CONTEXT('2D SPACE',''
  ) );
#1056 = FACE_BOUND('',#1057,.T.);
#1057 = EDGE_LOOP('',(#1058));
#1058 = ORIENTED_EDGE('',*,*,#1059,.T.);
#1059 = EDGE_CURVE('',#1060,#1060,#1062,.T.);
#1060 = VERTEX_POINT('',#1061);
#1061 = CARTESIAN_POINT('',(46.7,18.5,5.));
#1062 = SURFACE_CURVE('',#1063,(#1068,#1079),.PCURVE_S1.);
#1063 = CIRCLE('',#1064,1.7);
#1064 = AXIS2_PLACEMENT_3D('',#1065,#1066,#1067);
#1065 = CARTESIAN_POINT('',(45.,18.5,5.));
#1066 = DIRECTION('',(0.,0.,1.));
#1067 = DIRECTION('',(1.,0.,-0.));
#1068 = PCURVE('',#373,#1069);
#1069 = DEFINITIONAL_REPRESENTATION('',(#1070),#1078);
#1070 = ( BOUNDED_CURVE() B_SPLINE_CURVE(2,(#1071,#1072,#1073,#1074,
#1075,#1076,#1077),.UNSPECIFIED.,.T.,.F.) B_SPLINE_CURVE_WITH_KNOTS((1,2
    ,2,2,2,1),(-2.094395102393,0.,2.094395102393,4.188790204786,
6.28318530718,8.377580409573),.UNSPECIFIED.) CURVE() 
GEOMETRIC_REPRESENTATION_ITEM() RATIONAL_B_SPLINE_CURVE((1.,0.5,1.,0.5,
1.,0.5,1.)) REPRESENTATION_ITEM('') );
#1071 = CARTESIAN_POINT('',(-5.532948026039,18.5));
#1072 = CARTESIAN_POINT('',(-5.532948026039,21.444486372867));
#1073 = CARTESIAN_POINT('',(-2.982948026039,19.972243186434));
#1074 = CARTESIAN_POINT('',(-0.432948026039,18.5));
#1075 = CARTESIAN_POINT('',(-2.982948026039,17.027756813566));
#1076 = CARTESIAN_POINT('',(-5.532948026039,15.555513627133));
#1077 = CARTESIAN_POINT('',(-5.532948026039,18.5));
#1078 = ( GEOMETRIC_REPRESENTATION_CONTEXT(2) 
PARAMETRIC_REPRESENTATION_CONTEXT() REPRESENTATION_CONTEXT('2D SPACE',''
  ) );
#1079 = PCURVE('',#1080,#1085);
#1080 = CYLINDRICAL_SURFACE('',#1081,1.7);
#1081 = AXIS2_PLACEMENT_3D('',#1082,#1083,#1084);
#1082 = CARTESIAN_POINT('',(45.,18.5,4.));
#1083 = DIRECTION('',(0.,0.,1.));
#1084 = DIRECTION('',(1.,0.,-0.));
#1085 = DEFINITIONAL_REPRESENTATION('',(#1086),#1090);
#1086 = LINE('',#1087,#1088);
#1087 = CARTESIAN_POINT('',(0.,1.));
#1088 = VECTOR('',#1089,1.);
#1089 = DIRECTION('',(1.,0.));
#1090 = ( GEOMETRIC_REPRESENTATION_CONTEXT(2) 
PARAMETRIC_REPRESENTATION_CONTEXT() REPRESENTATION_CONTEXT('2D SPACE',''
  ) );
#1091 = ADVANCED_FACE('',(#1092),#451,.T.);
#1092 = FACE_BOUND('',#1093,.T.);
#1093 = EDGE_LOOP('',(#1094,#1125,#1145,#1146,#1147,#1175));
#1094 = ORIENTED_EDGE('',*,*,#1095,.F.);
#1095 = EDGE_CURVE('',#1096,#1098,#1100,.T.);
#1096 = VERTEX_POINT('',#1097);
#1097 = CARTESIAN_POINT('',(51.,-15.5,10.5));
#1098 = VERTEX_POINT('',#1099);
#1099 = CARTESIAN_POINT('',(48.375510204082,-12.52359409914,10.5));
#1100 = SURFACE_CURVE('',#1101,(#1106,#1113),.PCURVE_S1.);
#1101 = CIRCLE('',#1102,3.);
#1102 = AXIS2_PLACEMENT_3D('',#1103,#1104,#1105);
#1103 = CARTESIAN_POINT('',(48.,-15.5,10.5));
#1104 = DIRECTION('',(0.,0.,1.));
#1105 = DIRECTION('',(1.,0.,-0.));
#1106 = PCURVE('',#451,#1107);
#1107 = DEFINITIONAL_REPRESENTATION('',(#1108),#1112);
#1108 = LINE('',#1109,#1110);
#1109 = CARTESIAN_POINT('',(0.,5.5));
#1110 = VECTOR('',#1111,1.);
#1111 = DIRECTION('',(1.,0.));
#1112 = ( GEOMETRIC_REPRESENTATION_CONTEXT(2) 
PARAMETRIC_REPRESENTATION_CONTEXT() REPRESENTATION_CONTEXT('2D SPACE',''
  ) );
#1113 = PCURVE('',#1114,#1119);
#1114 = PLANE('',#1115);
#1115 = AXIS2_PLACEMENT_3D('',#1116,#1117,#1118);
#1116 = CARTESIAN_POINT('',(41.167051973961,-3.522887911711E-16,10.5));
#1117 = DIRECTION('',(0.,0.,1.));
#1118 = DIRECTION('',(1.,0.,-0.));
#1119 = DEFINITIONAL_REPRESENTATION('',(#1120),#1124);
#1120 = CIRCLE('',#1121,3.);
#1121 = AXIS2_PLACEMENT_2D('',#1122,#1123);
#1122 = CARTESIAN_POINT('',(6.832948026039,-15.5));
#1123 = DIRECTION('',(1.,0.));
#1124 = ( GEOMETRIC_REPRESENTATION_CONTEXT(2) 
PARAMETRIC_REPRESENTATION_CONTEXT() REPRESENTATION_CONTEXT('2D SPACE',''
  ) );
#1125 = ORIENTED_EDGE('',*,*,#1126,.F.);
#1126 = EDGE_CURVE('',#908,#1096,#1127,.T.);
#1127 = SURFACE_CURVE('',#1128,(#1132,#1138),.PCURVE_S1.);
#1128 = LINE('',#1129,#1130);
#1129 = CARTESIAN_POINT('',(51.,-15.5,5.));
#1130 = VECTOR('',#1131,1.);
#1131 = DIRECTION('',(0.,0.,1.));
#1132 = PCURVE('',#451,#1133);
#1133 = DEFINITIONAL_REPRESENTATION('',(#1134),#1137);
#1134 = B_SPLINE_CURVE_WITH_KNOTS('',1,(#1135,#1136),.UNSPECIFIED.,.F.,
  .F.,(2,2),(0.,5.5),.PIECEWISE_BEZIER_KNOTS.);
#1135 = CARTESIAN_POINT('',(0.,0.));
#1136 = CARTESIAN_POINT('',(0.,5.5));
#1137 = ( GEOMETRIC_REPRESENTATION_CONTEXT(2) 
PARAMETRIC_REPRESENTATION_CONTEXT() REPRESENTATION_CONTEXT('2D SPACE',''
  ) );
#1138 = PCURVE('',#951,#1139);
#1139 = DEFINITIONAL_REPRESENTATION('',(#1140),#1144);
#1140 = LINE('',#1141,#1142);
#1141 = CARTESIAN_POINT('',(0.,-6.));
#1142 = VECTOR('',#1143,1.);
#1143 = DIRECTION('',(1.,0.));
#1144 = ( GEOMETRIC_REPRESENTATION_CONTEXT(2) 
PARAMETRIC_REPRESENTATION_CONTEXT() REPRESENTATION_CONTEXT('2D SPACE',''
  ) );
#1145 = ORIENTED_EDGE('',*,*,#907,.T.);
#1146 = ORIENTED_EDGE('',*,*,#437,.T.);
#1147 = ORIENTED_EDGE('',*,*,#1148,.F.);
#1148 = EDGE_CURVE('',#1149,#412,#1151,.T.);
#1149 = VERTEX_POINT('',#1150);
#1150 = CARTESIAN_POINT('',(49.,-12.67157287525,9.));
#1151 = SURFACE_CURVE('',#1152,(#1157,#1164),.PCURVE_S1.);
#1152 = CIRCLE('',#1153,3.);
#1153 = AXIS2_PLACEMENT_3D('',#1154,#1155,#1156);
#1154 = CARTESIAN_POINT('',(48.,-15.5,9.));
#1155 = DIRECTION('',(0.,0.,1.));
#1156 = DIRECTION('',(1.,0.,-0.));
#1157 = PCURVE('',#451,#1158);
#1158 = DEFINITIONAL_REPRESENTATION('',(#1159),#1163);
#1159 = LINE('',#1160,#1161);
#1160 = CARTESIAN_POINT('',(0.,4.));
#1161 = VECTOR('',#1162,1.);
#1162 = DIRECTION('',(1.,0.));
#1163 = ( GEOMETRIC_REPRESENTATION_CONTEXT(2) 
PARAMETRIC_REPRESENTATION_CONTEXT() REPRESENTATION_CONTEXT('2D SPACE',''
  ) );
#1164 = PCURVE('',#426,#1165);
#1165 = DEFINITIONAL_REPRESENTATION('',(#1166),#1174);
#1166 = ( BOUNDED_CURVE() B_SPLINE_CURVE(2,(#1167,#1168,#1169,#1170,
#1171,#1172,#1173),.UNSPECIFIED.,.T.,.F.) B_SPLINE_CURVE_WITH_KNOTS((1,2
    ,2,2,2,1),(-2.094395102393,0.,2.094395102393,4.188790204786,
6.28318530718,8.377580409573),.UNSPECIFIED.) CURVE() 
GEOMETRIC_REPRESENTATION_ITEM() RATIONAL_B_SPLINE_CURVE((1.,0.5,1.,0.5,
1.,0.5,1.)) REPRESENTATION_ITEM('') );
#1167 = CARTESIAN_POINT('',(12.2,1.));
#1168 = CARTESIAN_POINT('',(12.2,-4.196152422707));
#1169 = CARTESIAN_POINT('',(7.7,-1.598076211353));
#1170 = CARTESIAN_POINT('',(3.2,1.));
#1171 = CARTESIAN_POINT('',(7.7,3.598076211353));
#1172 = CARTESIAN_POINT('',(12.2,6.196152422707));
#1173 = CARTESIAN_POINT('',(12.2,1.));
#1174 = ( GEOMETRIC_REPRESENTATION_CONTEXT(2) 
PARAMETRIC_REPRESENTATION_CONTEXT() REPRESENTATION_CONTEXT('2D SPACE',''
  ) );
#1175 = ORIENTED_EDGE('',*,*,#1176,.T.);
#1176 = EDGE_CURVE('',#1149,#1098,#1177,.T.);
#1177 = SURFACE_CURVE('',#1178,(#1183,#1194),.PCURVE_S1.);
#1178 = ELLIPSE('',#1179,7.805430192144,3.);
#1179 = AXIS2_PLACEMENT_3D('',#1180,#1181,#1182);
#1180 = CARTESIAN_POINT('',(48.,-15.5,11.401960784314));
#1181 = DIRECTION('',(0.923188367016,0.,0.384347809941));
#1182 = DIRECTION('',(-0.384347809941,0.,0.923188367016));
#1183 = PCURVE('',#451,#1184);
#1184 = DEFINITIONAL_REPRESENTATION('',(#1185),#1193);
#1185 = B_SPLINE_CURVE_WITH_KNOTS('',6,(#1186,#1187,#1188,#1189,#1190,
    #1191,#1192),.UNSPECIFIED.,.F.,.F.,(7,7),(3.973680864606,
    4.586889818831),.PIECEWISE_BEZIER_KNOTS.);
#1186 = CARTESIAN_POINT('',(0.832088211016,1.55));
#1187 = CARTESIAN_POINT('',(0.934289703387,2.094487666233));
#1188 = CARTESIAN_POINT('',(1.036491195758,2.699790412268));
#1189 = CARTESIAN_POINT('',(1.138692688128,3.35567293671));
#1190 = CARTESIAN_POINT('',(1.240894180499,4.049986243845));
#1191 = CARTESIAN_POINT('',(1.34309567287,4.769340635232));
#1192 = CARTESIAN_POINT('',(1.445297165241,5.5000006));
#1193 = ( GEOMETRIC_REPRESENTATION_CONTEXT(2) 
PARAMETRIC_REPRESENTATION_CONTEXT() REPRESENTATION_CONTEXT('2D SPACE',''
  ) );
#1194 = PCURVE('',#1195,#1200);
#1195 = PLANE('',#1196);
#1196 = AXIS2_PLACEMENT_3D('',#1197,#1198,#1199);
#1197 = CARTESIAN_POINT('',(49.,-14.5,9.));
#1198 = DIRECTION('',(0.923188367016,-0.,0.384347809941));
#1199 = DIRECTION('',(-0.384347809941,0.,0.923188367016));
#1200 = DEFINITIONAL_REPRESENTATION('',(#1201),#1205);
#1201 = ELLIPSE('',#1202,7.805430192144,3.);
#1202 = AXIS2_PLACEMENT_2D('',#1203,#1204);
#1203 = CARTESIAN_POINT('',(2.601810064048,1.));
#1204 = DIRECTION('',(1.,0.));
#1205 = ( GEOMETRIC_REPRESENTATION_CONTEXT(2) 
PARAMETRIC_REPRESENTATION_CONTEXT() REPRESENTATION_CONTEXT('2D SPACE',''
  ) );
#1206 = ADVANCED_FACE('',(#1207),#426,.T.);
#1207 = FACE_BOUND('',#1208,.T.);
#1208 = EDGE_LOOP('',(#1209,#1232,#1233,#1234,#1255,#1276));
#1209 = ORIENTED_EDGE('',*,*,#1210,.F.);
#1210 = EDGE_CURVE('',#1149,#1211,#1213,.T.);
#1211 = VERTEX_POINT('',#1212);
#1212 = CARTESIAN_POINT('',(49.,12.671572875254,9.));
#1213 = SURFACE_CURVE('',#1214,(#1218,#1225),.PCURVE_S1.);
#1214 = LINE('',#1215,#1216);
#1215 = CARTESIAN_POINT('',(49.,-14.5,9.));
#1216 = VECTOR('',#1217,1.);
#1217 = DIRECTION('',(0.,1.,0.));
#1218 = PCURVE('',#426,#1219);
#1219 = DEFINITIONAL_REPRESENTATION('',(#1220),#1224);
#1220 = LINE('',#1221,#1222);
#1221 = CARTESIAN_POINT('',(10.2,0.));
#1222 = VECTOR('',#1223,1.);
#1223 = DIRECTION('',(0.,-1.));
#1224 = ( GEOMETRIC_REPRESENTATION_CONTEXT(2) 
PARAMETRIC_REPRESENTATION_CONTEXT() REPRESENTATION_CONTEXT('2D SPACE',''
  ) );
#1225 = PCURVE('',#1195,#1226);
#1226 = DEFINITIONAL_REPRESENTATION('',(#1227),#1231);
#1227 = LINE('',#1228,#1229);
#1228 = CARTESIAN_POINT('',(0.,0.));
#1229 = VECTOR('',#1230,1.);
#1230 = DIRECTION('',(0.,-1.));
#1231 = ( GEOMETRIC_REPRESENTATION_CONTEXT(2) 
PARAMETRIC_REPRESENTATION_CONTEXT() REPRESENTATION_CONTEXT('2D SPACE',''
  ) );
#1232 = ORIENTED_EDGE('',*,*,#1148,.T.);
#1233 = ORIENTED_EDGE('',*,*,#411,.T.);
#1234 = ORIENTED_EDGE('',*,*,#1235,.T.);
#1235 = EDGE_CURVE('',#386,#1236,#1238,.T.);
#1236 = VERTEX_POINT('',#1237);
#1237 = CARTESIAN_POINT('',(41.,12.5,9.));
#1238 = SURFACE_CURVE('',#1239,(#1243,#1249),.PCURVE_S1.);
#1239 = LINE('',#1240,#1241);
#1240 = CARTESIAN_POINT('',(41.,-16.5,9.));
#1241 = VECTOR('',#1242,1.);
#1242 = DIRECTION('',(0.,1.,0.));
#1243 = PCURVE('',#426,#1244);
#1244 = DEFINITIONAL_REPRESENTATION('',(#1245),#1248);
#1245 = B_SPLINE_CURVE_WITH_KNOTS('',1,(#1246,#1247),.UNSPECIFIED.,.F.,
  .F.,(2,2),(4.,29.),.PIECEWISE_BEZIER_KNOTS.);
#1246 = CARTESIAN_POINT('',(2.2,-2.));
#1247 = CARTESIAN_POINT('',(2.2,-27.));
#1248 = ( GEOMETRIC_REPRESENTATION_CONTEXT(2) 
PARAMETRIC_REPRESENTATION_CONTEXT() REPRESENTATION_CONTEXT('2D SPACE',''
  ) );
#1249 = PCURVE('',#400,#1250);
#1250 = DEFINITIONAL_REPRESENTATION('',(#1251),#1254);
#1251 = B_SPLINE_CURVE_WITH_KNOTS('',1,(#1252,#1253),.UNSPECIFIED.,.F.,
  .F.,(2,2),(4.,29.),.PIECEWISE_BEZIER_KNOTS.);
#1252 = CARTESIAN_POINT('',(4.,-6.));
#1253 = CARTESIAN_POINT('',(4.,-31.));
#1254 = ( GEOMETRIC_REPRESENTATION_CONTEXT(2) 
PARAMETRIC_REPRESENTATION_CONTEXT() REPRESENTATION_CONTEXT('2D SPACE',''
  ) );
#1255 = ORIENTED_EDGE('',*,*,#1256,.F.);
#1256 = EDGE_CURVE('',#1257,#1236,#1259,.T.);
#1257 = VERTEX_POINT('',#1258);
#1258 = CARTESIAN_POINT('',(48.,12.5,9.));
#1259 = SURFACE_CURVE('',#1260,(#1264,#1270),.PCURVE_S1.);
#1260 = LINE('',#1261,#1262);
#1261 = CARTESIAN_POINT('',(37.4,12.5,9.));
#1262 = VECTOR('',#1263,1.);
#1263 = DIRECTION('',(-1.,0.,-0.));
#1264 = PCURVE('',#426,#1265);
#1265 = DEFINITIONAL_REPRESENTATION('',(#1266),#1269);
#1266 = B_SPLINE_CURVE_WITH_KNOTS('',1,(#1267,#1268),.UNSPECIFIED.,.F.,
  .F.,(2,2),(-10.6,-3.6),.PIECEWISE_BEZIER_KNOTS.);
#1267 = CARTESIAN_POINT('',(9.2,-27.));
#1268 = CARTESIAN_POINT('',(2.2,-27.));
#1269 = ( GEOMETRIC_REPRESENTATION_CONTEXT(2) 
PARAMETRIC_REPRESENTATION_CONTEXT() REPRESENTATION_CONTEXT('2D SPACE',''
  ) );
#1270 = PCURVE('',#873,#1271);
#1271 = DEFINITIONAL_REPRESENTATION('',(#1272),#1275);
#1272 = B_SPLINE_CURVE_WITH_KNOTS('',1,(#1273,#1274),.UNSPECIFIED.,.F.,
  .F.,(2,2),(-10.6,-3.6),.PIECEWISE_BEZIER_KNOTS.);
#1273 = CARTESIAN_POINT('',(4.,12.));
#1274 = CARTESIAN_POINT('',(4.,5.));
#1275 = ( GEOMETRIC_REPRESENTATION_CONTEXT(2) 
PARAMETRIC_REPRESENTATION_CONTEXT() REPRESENTATION_CONTEXT('2D SPACE',''
  ) );
#1276 = ORIENTED_EDGE('',*,*,#1277,.T.);
#1277 = EDGE_CURVE('',#1257,#1211,#1278,.T.);
#1278 = SURFACE_CURVE('',#1279,(#1284,#1295),.PCURVE_S1.);
#1279 = CIRCLE('',#1280,3.);
#1280 = AXIS2_PLACEMENT_3D('',#1281,#1282,#1283);
#1281 = CARTESIAN_POINT('',(48.,15.5,9.));
#1282 = DIRECTION('',(0.,0.,1.));
#1283 = DIRECTION('',(1.,0.,-0.));
#1284 = PCURVE('',#426,#1285);
#1285 = DEFINITIONAL_REPRESENTATION('',(#1286),#1294);
#1286 = ( BOUNDED_CURVE() B_SPLINE_CURVE(2,(#1287,#1288,#1289,#1290,
#1291,#1292,#1293),.UNSPECIFIED.,.T.,.F.) B_SPLINE_CURVE_WITH_KNOTS((1,2
    ,2,2,2,1),(-2.094395102393,0.,2.094395102393,4.188790204786,
6.28318530718,8.377580409573),.UNSPECIFIED.) CURVE() 
GEOMETRIC_REPRESENTATION_ITEM() RATIONAL_B_SPLINE_CURVE((1.,0.5,1.,0.5,
1.,0.5,1.)) REPRESENTATION_ITEM('') );
#1287 = CARTESIAN_POINT('',(12.2,-30.));
#1288 = CARTESIAN_POINT('',(12.2,-35.1961524227));
#1289 = CARTESIAN_POINT('',(7.7,-32.59807621135));
#1290 = CARTESIAN_POINT('',(3.2,-30.));
#1291 = CARTESIAN_POINT('',(7.7,-27.40192378864));
#1292 = CARTESIAN_POINT('',(12.2,-24.80384757729));
#1293 = CARTESIAN_POINT('',(12.2,-30.));
#1294 = ( GEOMETRIC_REPRESENTATION_CONTEXT(2) 
PARAMETRIC_REPRESENTATION_CONTEXT() REPRESENTATION_CONTEXT('2D SPACE',''
  ) );
#1295 = PCURVE('',#845,#1296);
#1296 = DEFINITIONAL_REPRESENTATION('',(#1297),#1301);
#1297 = LINE('',#1298,#1299);
#1298 = CARTESIAN_POINT('',(0.,4.));
#1299 = VECTOR('',#1300,1.);
#1300 = DIRECTION('',(1.,0.));
#1301 = ( GEOMETRIC_REPRESENTATION_CONTEXT(2) 
PARAMETRIC_REPRESENTATION_CONTEXT() REPRESENTATION_CONTEXT('2D SPACE',''
  ) );
#1302 = ADVANCED_FACE('',(#1303),#400,.T.);
#1303 = FACE_BOUND('',#1304,.T.);
#1304 = EDGE_LOOP('',(#1305,#1306,#1307,#1308));
#1305 = ORIENTED_EDGE('',*,*,#1235,.F.);
#1306 = ORIENTED_EDGE('',*,*,#385,.T.);
#1307 = ORIENTED_EDGE('',*,*,#885,.T.);
#1308 = ORIENTED_EDGE('',*,*,#1309,.F.);
#1309 = EDGE_CURVE('',#1236,#858,#1310,.T.);
#1310 = SURFACE_CURVE('',#1311,(#1315,#1321),.PCURVE_S1.);
#1311 = LINE('',#1312,#1313);
#1312 = CARTESIAN_POINT('',(41.,12.5,5.));
#1313 = VECTOR('',#1314,1.);
#1314 = DIRECTION('',(-0.,0.,-1.));
#1315 = PCURVE('',#400,#1316);
#1316 = DEFINITIONAL_REPRESENTATION('',(#1317),#1320);
#1317 = B_SPLINE_CURVE_WITH_KNOTS('',1,(#1318,#1319),.UNSPECIFIED.,.F.,
  .F.,(2,2),(-5.5,0.),.PIECEWISE_BEZIER_KNOTS.);
#1318 = CARTESIAN_POINT('',(5.5,-31.));
#1319 = CARTESIAN_POINT('',(0.,-31.));
#1320 = ( GEOMETRIC_REPRESENTATION_CONTEXT(2) 
PARAMETRIC_REPRESENTATION_CONTEXT() REPRESENTATION_CONTEXT('2D SPACE',''
  ) );
#1321 = PCURVE('',#873,#1322);
#1322 = DEFINITIONAL_REPRESENTATION('',(#1323),#1326);
#1323 = B_SPLINE_CURVE_WITH_KNOTS('',1,(#1324,#1325),.UNSPECIFIED.,.F.,
  .F.,(2,2),(-5.5,0.),.PIECEWISE_BEZIER_KNOTS.);
#1324 = CARTESIAN_POINT('',(5.5,5.));
#1325 = CARTESIAN_POINT('',(0.,5.));
#1326 = ( GEOMETRIC_REPRESENTATION_CONTEXT(2) 
PARAMETRIC_REPRESENTATION_CONTEXT() REPRESENTATION_CONTEXT('2D SPACE',''
  ) );
#1327 = ADVANCED_FACE('',(#1328),#489,.T.);
#1328 = FACE_BOUND('',#1329,.T.);
#1329 = EDGE_LOOP('',(#1330,#1356,#1417,#1450,#1471,#1472));
#1330 = ORIENTED_EDGE('',*,*,#1331,.F.);
#1331 = EDGE_CURVE('',#1332,#1334,#1336,.T.);
#1332 = VERTEX_POINT('',#1333);
#1333 = CARTESIAN_POINT('',(33.403794858224,-23.00323612976,10.5));
#1334 = VERTEX_POINT('',#1335);
#1335 = CARTESIAN_POINT('',(36.,-24.5,10.5));
#1336 = SURFACE_CURVE('',#1337,(#1342,#1349),.PCURVE_S1.);
#1337 = CIRCLE('',#1338,3.);
#1338 = AXIS2_PLACEMENT_3D('',#1339,#1340,#1341);
#1339 = CARTESIAN_POINT('',(36.,-21.5,10.5));
#1340 = DIRECTION('',(0.,0.,1.));
#1341 = DIRECTION('',(1.,0.,-0.));
#1342 = PCURVE('',#489,#1343);
#1343 = DEFINITIONAL_REPRESENTATION('',(#1344),#1348);
#1344 = LINE('',#1345,#1346);
#1345 = CARTESIAN_POINT('',(0.,5.5));
#1346 = VECTOR('',#1347,1.);
#1347 = DIRECTION('',(1.,0.));
#1348 = ( GEOMETRIC_REPRESENTATION_CONTEXT(2) 
PARAMETRIC_REPRESENTATION_CONTEXT() REPRESENTATION_CONTEXT('2D SPACE',''
  ) );
#1349 = PCURVE('',#1114,#1350);
#1350 = DEFINITIONAL_REPRESENTATION('',(#1351),#1355);
#1351 = CIRCLE('',#1352,3.);
#1352 = AXIS2_PLACEMENT_2D('',#1353,#1354);
#1353 = CARTESIAN_POINT('',(-5.167051973961,-21.5));
#1354 = DIRECTION('',(1.,0.));
#1355 = ( GEOMETRIC_REPRESENTATION_CONTEXT(2) 
PARAMETRIC_REPRESENTATION_CONTEXT() REPRESENTATION_CONTEXT('2D SPACE',''
  ) );
#1356 = ORIENTED_EDGE('',*,*,#1357,.T.);
#1357 = EDGE_CURVE('',#1332,#1358,#1360,.T.);
#1358 = VERTEX_POINT('',#1359);
#1359 = CARTESIAN_POINT('',(33.401923788647,-23.,9.));
#1360 = SURFACE_CURVE('',#1361,(#1374,#1390),.PCURVE_S1.);
#1361 = B_SPLINE_CURVE_WITH_KNOTS('',6,(#1362,#1363,#1364,#1365,#1366,
    #1367,#1368,#1369,#1370,#1371,#1372,#1373),.UNSPECIFIED.,.F.,.F.,(7,
    5,7),(0.,0.230817854434,1.),.UNSPECIFIED.);
#1362 = CARTESIAN_POINT('',(33.403794857211,-23.00323612801,10.5000006)
  );
#1363 = CARTESIAN_POINT('',(33.403892284817,-23.00340439303,
    10.442299492357));
#1364 = CARTESIAN_POINT('',(33.40397449559,-23.00354634719,
    10.38459805759));
#1365 = CARTESIAN_POINT('',(33.404041407301,-23.00366186627,
    10.326896192715));
#1366 = CARTESIAN_POINT('',(33.404092939943,-23.00375082518,
    10.269194068126));
#1367 = CARTESIAN_POINT('',(33.404129016626,-23.00381309987,
    10.211491563689));
#1368 = CARTESIAN_POINT('',(33.40421803206,-23.00396675281,
    9.961498677283));
#1369 = CARTESIAN_POINT('',(33.404114043455,-23.0037872275,
    9.769204975975));
#1370 = CARTESIAN_POINT('',(33.403834827073,-23.00330538429,
    9.576907932618));
#1371 = CARTESIAN_POINT('',(33.403377991375,-23.00251662487,
    9.384607862034));
#1372 = CARTESIAN_POINT('',(33.402741523376,-23.00141635809,
    9.19230509935));
#1373 = CARTESIAN_POINT('',(33.401923788647,-23.,9.));
#1374 = PCURVE('',#489,#1375);
#1375 = DEFINITIONAL_REPRESENTATION('',(#1376),#1389);
#1376 = B_SPLINE_CURVE_WITH_KNOTS('',6,(#1377,#1378,#1379,#1380,#1381,
    #1382,#1383,#1384,#1385,#1386,#1387,#1388),.UNSPECIFIED.,.F.,.F.,(7,
    5,7),(0.,0.230817854434,1.),.UNSPECIFIED.);
#1377 = CARTESIAN_POINT('',(3.66643746396,5.5000006));
#1378 = CARTESIAN_POINT('',(3.666502275874,5.442299492357));
#1379 = CARTESIAN_POINT('',(3.666556956354,5.38459805759));
#1380 = CARTESIAN_POINT('',(3.666601455834,5.326896192715));
#1381 = CARTESIAN_POINT('',(3.666635724872,5.269194068126));
#1382 = CARTESIAN_POINT('',(3.666659714832,5.21149156369));
#1383 = CARTESIAN_POINT('',(3.666718906585,4.961498677283));
#1384 = CARTESIAN_POINT('',(3.666649750524,4.769204975975));
#1385 = CARTESIAN_POINT('',(3.666464118112,4.576907932618));
#1386 = CARTESIAN_POINT('',(3.666160283427,4.384607862034));
#1387 = CARTESIAN_POINT('',(3.665736585675,4.19230509935));
#1388 = CARTESIAN_POINT('',(3.665191429188,4.));
#1389 = ( GEOMETRIC_REPRESENTATION_CONTEXT(2) 
PARAMETRIC_REPRESENTATION_CONTEXT() REPRESENTATION_CONTEXT('2D SPACE',''
  ) );
#1390 = PCURVE('',#1391,#1402);
#1391 = SURFACE_OF_LINEAR_EXTRUSION('',#1392,#1400);
#1392 = B_SPLINE_CURVE_WITH_KNOTS('',3,(#1393,#1394,#1395,#1396,#1397,
    #1398,#1399),.UNSPECIFIED.,.F.,.F.,(4,1,1,1,4),(0.,8.301355311032,
    18.690923396376,29.08049148172,41.533001268908),.UNSPECIFIED.);
#1393 = CARTESIAN_POINT('',(33.,-23.,9.));
#1394 = CARTESIAN_POINT('',(33.,-23.02039536865,11.769167908325));
#1395 = CARTESIAN_POINT('',(33.,-22.88181028694,17.997531238631));
#1396 = CARTESIAN_POINT('',(33.,-22.293167951,27.674771497602));
#1397 = CARTESIAN_POINT('',(33.,-21.66420407889,38.734871047268));
#1398 = CARTESIAN_POINT('',(33.,-21.45786010381,46.345415673441));
#1399 = CARTESIAN_POINT('',(33.,-21.5,50.5));
#1400 = VECTOR('',#1401,1.);
#1401 = DIRECTION('',(-1.,-0.,-0.));
#1402 = DEFINITIONAL_REPRESENTATION('',(#1403),#1416);
#1403 = B_SPLINE_CURVE_WITH_KNOTS('',6,(#1404,#1405,#1406,#1407,#1408,
    #1409,#1410,#1411,#1412,#1413,#1414,#1415),.UNSPECIFIED.,.F.,.F.,(7,
    5,7),(0.,0.230817854434,1.),.UNSPECIFIED.);
#1404 = CARTESIAN_POINT('',(1.499168000295,-0.40379456681));
#1405 = CARTESIAN_POINT('',(1.44148852102,-0.403891994417));
#1406 = CARTESIAN_POINT('',(1.383809562473,-0.403975620615));
#1407 = CARTESIAN_POINT('',(1.32613134027,-0.404040249315));
#1408 = CARTESIAN_POINT('',(1.268453562743,-0.40409339402));
#1409 = CARTESIAN_POINT('',(1.21077648041,-0.404129016626));
#1410 = CARTESIAN_POINT('',(0.960897739201,-0.40421803206));
#1411 = CARTESIAN_POINT('',(0.768702414341,-0.404114043455));
#1412 = CARTESIAN_POINT('',(0.576514489421,-0.403834827073));
#1413 = CARTESIAN_POINT('',(0.384334442992,-0.403377991375));
#1414 = CARTESIAN_POINT('',(0.192162773642,-0.402741523376));
#1415 = CARTESIAN_POINT('',(0.,-0.401923788647));
#1416 = ( GEOMETRIC_REPRESENTATION_CONTEXT(2) 
PARAMETRIC_REPRESENTATION_CONTEXT() REPRESENTATION_CONTEXT('2D SPACE',''
  ) );
#1417 = ORIENTED_EDGE('',*,*,#1418,.F.);
#1418 = EDGE_CURVE('',#1419,#1358,#1421,.T.);
#1419 = VERTEX_POINT('',#1420);
#1420 = CARTESIAN_POINT('',(33.,-21.5,9.));
#1421 = SURFACE_CURVE('',#1422,(#1427,#1434),.PCURVE_S1.);
#1422 = CIRCLE('',#1423,3.);
#1423 = AXIS2_PLACEMENT_3D('',#1424,#1425,#1426);
#1424 = CARTESIAN_POINT('',(36.,-21.5,9.));
#1425 = DIRECTION('',(0.,0.,1.));
#1426 = DIRECTION('',(1.,0.,-0.));
#1427 = PCURVE('',#489,#1428);
#1428 = DEFINITIONAL_REPRESENTATION('',(#1429),#1433);
#1429 = LINE('',#1430,#1431);
#1430 = CARTESIAN_POINT('',(0.,4.));
#1431 = VECTOR('',#1432,1.);
#1432 = DIRECTION('',(1.,0.));
#1433 = ( GEOMETRIC_REPRESENTATION_CONTEXT(2) 
PARAMETRIC_REPRESENTATION_CONTEXT() REPRESENTATION_CONTEXT('2D SPACE',''
  ) );
#1434 = PCURVE('',#1435,#1440);
#1435 = PLANE('',#1436);
#1436 = AXIS2_PLACEMENT_3D('',#1437,#1438,#1439);
#1437 = CARTESIAN_POINT('',(36.,-18.5,9.));
#1438 = DIRECTION('',(-0.,-0.,-1.));
#1439 = DIRECTION('',(-1.,0.,0.));
#1440 = DEFINITIONAL_REPRESENTATION('',(#1441),#1449);
#1441 = ( BOUNDED_CURVE() B_SPLINE_CURVE(2,(#1442,#1443,#1444,#1445,
#1446,#1447,#1448),.UNSPECIFIED.,.T.,.F.) B_SPLINE_CURVE_WITH_KNOTS((1,2
    ,2,2,2,1),(-2.094395102393,0.,2.094395102393,4.188790204786,
6.28318530718,8.377580409573),.UNSPECIFIED.) CURVE() 
GEOMETRIC_REPRESENTATION_ITEM() RATIONAL_B_SPLINE_CURVE((1.,0.5,1.,0.5,
1.,0.5,1.)) REPRESENTATION_ITEM('') );
#1442 = CARTESIAN_POINT('',(-3.,-3.));
#1443 = CARTESIAN_POINT('',(-3.,2.196152422707));
#1444 = CARTESIAN_POINT('',(1.5,-0.401923788647));
#1445 = CARTESIAN_POINT('',(6.,-3.));
#1446 = CARTESIAN_POINT('',(1.5,-5.598076211353));
#1447 = CARTESIAN_POINT('',(-3.,-8.196152422707));
#1448 = CARTESIAN_POINT('',(-3.,-3.));
#1449 = ( GEOMETRIC_REPRESENTATION_CONTEXT(2) 
PARAMETRIC_REPRESENTATION_CONTEXT() REPRESENTATION_CONTEXT('2D SPACE',''
  ) );
#1450 = ORIENTED_EDGE('',*,*,#1451,.F.);
#1451 = EDGE_CURVE('',#467,#1419,#1452,.T.);
#1452 = SURFACE_CURVE('',#1453,(#1457,#1464),.PCURVE_S1.);
#1453 = LINE('',#1454,#1455);
#1454 = CARTESIAN_POINT('',(33.,-21.5,5.));
#1455 = VECTOR('',#1456,1.);
#1456 = DIRECTION('',(0.,0.,1.));
#1457 = PCURVE('',#489,#1458);
#1458 = DEFINITIONAL_REPRESENTATION('',(#1459),#1463);
#1459 = LINE('',#1460,#1461);
#1460 = CARTESIAN_POINT('',(3.14159265359,0.));
#1461 = VECTOR('',#1462,1.);
#1462 = DIRECTION('',(0.,1.));
#1463 = ( GEOMETRIC_REPRESENTATION_CONTEXT(2) 
PARAMETRIC_REPRESENTATION_CONTEXT() REPRESENTATION_CONTEXT('2D SPACE',''
  ) );
#1464 = PCURVE('',#517,#1465);
#1465 = DEFINITIONAL_REPRESENTATION('',(#1466),#1470);
#1466 = LINE('',#1467,#1468);
#1467 = CARTESIAN_POINT('',(21.483809732069,21.5));
#1468 = VECTOR('',#1469,1.);
#1469 = DIRECTION('',(-1.,0.));
#1470 = ( GEOMETRIC_REPRESENTATION_CONTEXT(2) 
PARAMETRIC_REPRESENTATION_CONTEXT() REPRESENTATION_CONTEXT('2D SPACE',''
  ) );
#1471 = ORIENTED_EDGE('',*,*,#466,.T.);
#1472 = ORIENTED_EDGE('',*,*,#1473,.T.);
#1473 = EDGE_CURVE('',#469,#1334,#1474,.T.);
#1474 = SURFACE_CURVE('',#1475,(#1479,#1486),.PCURVE_S1.);
#1475 = LINE('',#1476,#1477);
#1476 = CARTESIAN_POINT('',(36.,-24.5,5.));
#1477 = VECTOR('',#1478,1.);
#1478 = DIRECTION('',(0.,0.,1.));
#1479 = PCURVE('',#489,#1480);
#1480 = DEFINITIONAL_REPRESENTATION('',(#1481),#1485);
#1481 = LINE('',#1482,#1483);
#1482 = CARTESIAN_POINT('',(4.712388980385,0.));
#1483 = VECTOR('',#1484,1.);
#1484 = DIRECTION('',(0.,1.));
#1485 = ( GEOMETRIC_REPRESENTATION_CONTEXT(2) 
PARAMETRIC_REPRESENTATION_CONTEXT() REPRESENTATION_CONTEXT('2D SPACE',''
  ) );
#1486 = PCURVE('',#1010,#1487);
#1487 = DEFINITIONAL_REPRESENTATION('',(#1488),#1492);
#1488 = LINE('',#1489,#1490);
#1489 = CARTESIAN_POINT('',(0.,0.));
#1490 = VECTOR('',#1491,1.);
#1491 = DIRECTION('',(1.,0.));
#1492 = ( GEOMETRIC_REPRESENTATION_CONTEXT(2) 
PARAMETRIC_REPRESENTATION_CONTEXT() REPRESENTATION_CONTEXT('2D SPACE',''
  ) );
#1493 = ADVANCED_FACE('',(#1494),#517,.T.);
#1494 = FACE_BOUND('',#1495,.T.);
#1495 = EDGE_LOOP('',(#1496,#1497,#1498,#1521,#1552,#1585,#1618,#1660,
    #1688,#1716,#1739,#1781,#1809,#1837,#1879,#1912,#1954,#1982,#2003,
    #2004,#2027,#2055,#2097,#2125,#2167,#2195));
#1496 = ORIENTED_EDGE('',*,*,#501,.F.);
#1497 = ORIENTED_EDGE('',*,*,#1451,.T.);
#1498 = ORIENTED_EDGE('',*,*,#1499,.T.);
#1499 = EDGE_CURVE('',#1419,#1500,#1502,.T.);
#1500 = VERTEX_POINT('',#1501);
#1501 = CARTESIAN_POINT('',(33.,-23.,9.));
#1502 = SURFACE_CURVE('',#1503,(#1507,#1514),.PCURVE_S1.);
#1503 = LINE('',#1504,#1505);
#1504 = CARTESIAN_POINT('',(33.,-14.,9.));
#1505 = VECTOR('',#1506,1.);
#1506 = DIRECTION('',(0.,-1.,0.));
#1507 = PCURVE('',#517,#1508);
#1508 = DEFINITIONAL_REPRESENTATION('',(#1509),#1513);
#1509 = LINE('',#1510,#1511);
#1510 = CARTESIAN_POINT('',(17.483809732069,14.));
#1511 = VECTOR('',#1512,1.);
#1512 = DIRECTION('',(0.,1.));
#1513 = ( GEOMETRIC_REPRESENTATION_CONTEXT(2) 
PARAMETRIC_REPRESENTATION_CONTEXT() REPRESENTATION_CONTEXT('2D SPACE',''
  ) );
#1514 = PCURVE('',#1435,#1515);
#1515 = DEFINITIONAL_REPRESENTATION('',(#1516),#1520);
#1516 = LINE('',#1517,#1518);
#1517 = CARTESIAN_POINT('',(3.,4.5));
#1518 = VECTOR('',#1519,1.);
#1519 = DIRECTION('',(0.,-1.));
#1520 = ( GEOMETRIC_REPRESENTATION_CONTEXT(2) 
PARAMETRIC_REPRESENTATION_CONTEXT() REPRESENTATION_CONTEXT('2D SPACE',''
  ) );
#1521 = ORIENTED_EDGE('',*,*,#1522,.T.);
#1522 = EDGE_CURVE('',#1500,#1523,#1525,.T.);
#1523 = VERTEX_POINT('',#1524);
#1524 = CARTESIAN_POINT('',(33.,-21.51219002901,45.898183920546));
#1525 = SURFACE_CURVE('',#1526,(#1534,#1545),.PCURVE_S1.);
#1526 = B_SPLINE_CURVE_WITH_KNOTS('',3,(#1527,#1528,#1529,#1530,#1531,
    #1532,#1533),.UNSPECIFIED.,.F.,.F.,(4,1,1,1,4),(0.,8.301355311032,
    18.690923396376,29.08049148172,41.533001268908),.UNSPECIFIED.);
#1527 = CARTESIAN_POINT('',(33.,-23.,9.));
#1528 = CARTESIAN_POINT('',(33.,-23.02039536865,11.769167908325));
#1529 = CARTESIAN_POINT('',(33.,-22.88181028694,17.997531238631));
#1530 = CARTESIAN_POINT('',(33.,-22.293167951,27.674771497602));
#1531 = CARTESIAN_POINT('',(33.,-21.66420407889,38.734871047268));
#1532 = CARTESIAN_POINT('',(33.,-21.45786010381,46.345415673441));
#1533 = CARTESIAN_POINT('',(33.,-21.5,50.5));
#1534 = PCURVE('',#517,#1535);
#1535 = DEFINITIONAL_REPRESENTATION('',(#1536),#1544);
#1536 = B_SPLINE_CURVE_WITH_KNOTS('',3,(#1537,#1538,#1539,#1540,#1541,
    #1542,#1543),.UNSPECIFIED.,.F.,.F.,(4,1,1,1,4),(0.,8.301355311032,
    18.690923396376,29.08049148172,41.533001268908),.UNSPECIFIED.);
#1537 = CARTESIAN_POINT('',(17.483809732069,23.));
#1538 = CARTESIAN_POINT('',(14.714641823744,23.020395368651));
#1539 = CARTESIAN_POINT('',(8.486278493439,22.88181028694));
#1540 = CARTESIAN_POINT('',(-1.190961765532,22.293167951002));
#1541 = CARTESIAN_POINT('',(-12.25106131519,21.66420407889));
#1542 = CARTESIAN_POINT('',(-19.86160594137,21.457860103811));
#1543 = CARTESIAN_POINT('',(-24.01619026793,21.5));
#1544 = ( GEOMETRIC_REPRESENTATION_CONTEXT(2) 
PARAMETRIC_REPRESENTATION_CONTEXT() REPRESENTATION_CONTEXT('2D SPACE',''
  ) );
#1545 = PCURVE('',#1391,#1546);
#1546 = DEFINITIONAL_REPRESENTATION('',(#1547),#1551);
#1547 = LINE('',#1548,#1549);
#1548 = CARTESIAN_POINT('',(0.,0.));
#1549 = VECTOR('',#1550,1.);
#1550 = DIRECTION('',(1.,0.));
#1551 = ( GEOMETRIC_REPRESENTATION_CONTEXT(2) 
PARAMETRIC_REPRESENTATION_CONTEXT() REPRESENTATION_CONTEXT('2D SPACE',''
  ) );
#1552 = ORIENTED_EDGE('',*,*,#1553,.T.);
#1553 = EDGE_CURVE('',#1523,#1554,#1556,.T.);
#1554 = VERTEX_POINT('',#1555);
#1555 = CARTESIAN_POINT('',(33.,-15.79054054054,45.713683103101));
#1556 = SURFACE_CURVE('',#1557,(#1562,#1573),.PCURVE_S1.);
#1557 = CIRCLE('',#1558,5.5);
#1558 = AXIS2_PLACEMENT_3D('',#1559,#1560,#1561);
#1559 = CARTESIAN_POINT('',(33.,-18.5,50.5));
#1560 = DIRECTION('',(1.,0.,0.));
#1561 = DIRECTION('',(-0.,0.,1.));
#1562 = PCURVE('',#517,#1563);
#1563 = DEFINITIONAL_REPRESENTATION('',(#1564),#1572);
#1564 = ( BOUNDED_CURVE() B_SPLINE_CURVE(2,(#1565,#1566,#1567,#1568,
#1569,#1570,#1571),.UNSPECIFIED.,.T.,.F.) B_SPLINE_CURVE_WITH_KNOTS((1,2
    ,2,2,2,1),(-2.094395102393,0.,2.094395102393,4.188790204786,
6.28318530718,8.377580409573),.UNSPECIFIED.) CURVE() 
GEOMETRIC_REPRESENTATION_ITEM() RATIONAL_B_SPLINE_CURVE((1.,0.5,1.,0.5,
1.,0.5,1.)) REPRESENTATION_ITEM('') );
#1565 = CARTESIAN_POINT('',(-29.51619026793,18.5));
#1566 = CARTESIAN_POINT('',(-29.51619026793,28.026279441629));
#1567 = CARTESIAN_POINT('',(-21.26619026793,23.263139720814));
#1568 = CARTESIAN_POINT('',(-13.01619026793,18.5));
#1569 = CARTESIAN_POINT('',(-21.26619026793,13.736860279186));
#1570 = CARTESIAN_POINT('',(-29.51619026793,8.973720558371));
#1571 = CARTESIAN_POINT('',(-29.51619026793,18.5));
#1572 = ( GEOMETRIC_REPRESENTATION_CONTEXT(2) 
PARAMETRIC_REPRESENTATION_CONTEXT() REPRESENTATION_CONTEXT('2D SPACE',''
  ) );
#1573 = PCURVE('',#1574,#1579);
#1574 = CYLINDRICAL_SURFACE('',#1575,5.5);
#1575 = AXIS2_PLACEMENT_3D('',#1576,#1577,#1578);
#1576 = CARTESIAN_POINT('',(32.,-18.5,50.5));
#1577 = DIRECTION('',(1.,0.,0.));
#1578 = DIRECTION('',(-0.,0.,1.));
#1579 = DEFINITIONAL_REPRESENTATION('',(#1580),#1584);
#1580 = LINE('',#1581,#1582);
#1581 = CARTESIAN_POINT('',(0.,1.));
#1582 = VECTOR('',#1583,1.);
#1583 = DIRECTION('',(1.,0.));
#1584 = ( GEOMETRIC_REPRESENTATION_CONTEXT(2) 
PARAMETRIC_REPRESENTATION_CONTEXT() REPRESENTATION_CONTEXT('2D SPACE',''
  ) );
#1585 = ORIENTED_EDGE('',*,*,#1586,.T.);
#1586 = EDGE_CURVE('',#1554,#1587,#1589,.T.);
#1587 = VERTEX_POINT('',#1588);
#1588 = CARTESIAN_POINT('',(33.,-15.46825107736,44.756899042533));
#1589 = SURFACE_CURVE('',#1590,(#1595,#1606),.PCURVE_S1.);
#1590 = CIRCLE('',#1591,16.5);
#1591 = AXIS2_PLACEMENT_3D('',#1592,#1593,#1594);
#1592 = CARTESIAN_POINT('',(33.,0.,50.5));
#1593 = DIRECTION('',(1.,0.,0.));
#1594 = DIRECTION('',(-0.,0.,1.));
#1595 = PCURVE('',#517,#1596);
#1596 = DEFINITIONAL_REPRESENTATION('',(#1597),#1605);
#1597 = ( BOUNDED_CURVE() B_SPLINE_CURVE(2,(#1598,#1599,#1600,#1601,
#1602,#1603,#1604),.UNSPECIFIED.,.T.,.F.) B_SPLINE_CURVE_WITH_KNOTS((1,2
    ,2,2,2,1),(-2.094395102393,0.,2.094395102393,4.188790204786,
6.28318530718,8.377580409573),.UNSPECIFIED.) CURVE() 
GEOMETRIC_REPRESENTATION_ITEM() RATIONAL_B_SPLINE_CURVE((1.,0.5,1.,0.5,
1.,0.5,1.)) REPRESENTATION_ITEM('') );
#1598 = CARTESIAN_POINT('',(-40.51619026793,1.424576975059E-14));
#1599 = CARTESIAN_POINT('',(-40.51619026793,28.578838324886));
#1600 = CARTESIAN_POINT('',(-15.76619026793,14.289419162443));
#1601 = CARTESIAN_POINT('',(8.983809732069,1.828710418777E-14));
#1602 = CARTESIAN_POINT('',(-15.76619026793,-14.28941916244));
#1603 = CARTESIAN_POINT('',(-40.51619026793,-28.57883832488));
#1604 = CARTESIAN_POINT('',(-40.51619026793,1.424576975059E-14));
#1605 = ( GEOMETRIC_REPRESENTATION_CONTEXT(2) 
PARAMETRIC_REPRESENTATION_CONTEXT() REPRESENTATION_CONTEXT('2D SPACE',''
  ) );
#1606 = PCURVE('',#1607,#1612);
#1607 = CYLINDRICAL_SURFACE('',#1608,16.5);
#1608 = AXIS2_PLACEMENT_3D('',#1609,#1610,#1611);
#1609 = CARTESIAN_POINT('',(32.,0.,50.5));
#1610 = DIRECTION('',(1.,0.,0.));
#1611 = DIRECTION('',(-0.,0.,1.));
#1612 = DEFINITIONAL_REPRESENTATION('',(#1613),#1617);
#1613 = LINE('',#1614,#1615);
#1614 = CARTESIAN_POINT('',(0.,1.));
#1615 = VECTOR('',#1616,1.);
#1616 = DIRECTION('',(1.,0.));
#1617 = ( GEOMETRIC_REPRESENTATION_CONTEXT(2) 
PARAMETRIC_REPRESENTATION_CONTEXT() REPRESENTATION_CONTEXT('2D SPACE',''
  ) );
#1618 = ORIENTED_EDGE('',*,*,#1619,.T.);
#1619 = EDGE_CURVE('',#1587,#1620,#1622,.T.);
#1620 = VERTEX_POINT('',#1621);
#1621 = CARTESIAN_POINT('',(33.,-15.08135327702,34.5));
#1622 = SURFACE_CURVE('',#1623,(#1631,#1642),.PCURVE_S1.);
#1623 = B_SPLINE_CURVE_WITH_KNOTS('',3,(#1624,#1625,#1626,#1627,#1628,
    #1629,#1630),.UNSPECIFIED.,.F.,.F.,(4,1,1,1,4),(0.,12.452509787187,
    22.842077872532,33.231645957876,41.533001268908),.UNSPECIFIED.);
#1624 = CARTESIAN_POINT('',(33.,-15.5,50.5));
#1625 = CARTESIAN_POINT('',(33.,-15.54213989618,46.345415673441));
#1626 = CARTESIAN_POINT('',(33.,-15.33579592111,38.734871047268));
#1627 = CARTESIAN_POINT('',(33.,-14.70683204899,27.674771497602));
#1628 = CARTESIAN_POINT('',(33.,-14.11818971306,17.997531238631));
#1629 = CARTESIAN_POINT('',(33.,-13.97960463134,11.769167908325));
#1630 = CARTESIAN_POINT('',(33.,-14.,9.));
#1631 = PCURVE('',#517,#1632);
#1632 = DEFINITIONAL_REPRESENTATION('',(#1633),#1641);
#1633 = B_SPLINE_CURVE_WITH_KNOTS('',3,(#1634,#1635,#1636,#1637,#1638,
    #1639,#1640),.UNSPECIFIED.,.F.,.F.,(4,1,1,1,4),(0.,12.452509787187,
    22.842077872532,33.231645957876,41.533001268908),.UNSPECIFIED.);
#1634 = CARTESIAN_POINT('',(-24.01619026793,15.5));
#1635 = CARTESIAN_POINT('',(-19.86160594137,15.542139896189));
#1636 = CARTESIAN_POINT('',(-12.25106131519,15.33579592111));
#1637 = CARTESIAN_POINT('',(-1.190961765532,14.706832048999));
#1638 = CARTESIAN_POINT('',(8.486278493439,14.11818971306));
#1639 = CARTESIAN_POINT('',(14.714641823744,13.979604631349));
#1640 = CARTESIAN_POINT('',(17.483809732069,14.));
#1641 = ( GEOMETRIC_REPRESENTATION_CONTEXT(2) 
PARAMETRIC_REPRESENTATION_CONTEXT() REPRESENTATION_CONTEXT('2D SPACE',''
  ) );
#1642 = PCURVE('',#1643,#1654);
#1643 = SURFACE_OF_LINEAR_EXTRUSION('',#1644,#1652);
#1644 = B_SPLINE_CURVE_WITH_KNOTS('',3,(#1645,#1646,#1647,#1648,#1649,
    #1650,#1651),.UNSPECIFIED.,.F.,.F.,(4,1,1,1,4),(0.,12.452509787187,
    22.842077872532,33.231645957876,41.533001268908),.UNSPECIFIED.);
#1645 = CARTESIAN_POINT('',(33.,-15.5,50.5));
#1646 = CARTESIAN_POINT('',(33.,-15.54213989618,46.345415673441));
#1647 = CARTESIAN_POINT('',(33.,-15.33579592111,38.734871047268));
#1648 = CARTESIAN_POINT('',(33.,-14.70683204899,27.674771497602));
#1649 = CARTESIAN_POINT('',(33.,-14.11818971306,17.997531238631));
#1650 = CARTESIAN_POINT('',(33.,-13.97960463134,11.769167908325));
#1651 = CARTESIAN_POINT('',(33.,-14.,9.));
#1652 = VECTOR('',#1653,1.);
#1653 = DIRECTION('',(-1.,-0.,-0.));
#1654 = DEFINITIONAL_REPRESENTATION('',(#1655),#1659);
#1655 = LINE('',#1656,#1657);
#1656 = CARTESIAN_POINT('',(0.,0.));
#1657 = VECTOR('',#1658,1.);
#1658 = DIRECTION('',(1.,0.));
#1659 = ( GEOMETRIC_REPRESENTATION_CONTEXT(2) 
PARAMETRIC_REPRESENTATION_CONTEXT() REPRESENTATION_CONTEXT('2D SPACE',''
  ) );
#1660 = ORIENTED_EDGE('',*,*,#1661,.T.);
#1661 = EDGE_CURVE('',#1620,#1662,#1664,.T.);
#1662 = VERTEX_POINT('',#1663);
#1663 = CARTESIAN_POINT('',(33.,-4.031128874149,34.5));
#1664 = SURFACE_CURVE('',#1665,(#1669,#1676),.PCURVE_S1.);
#1665 = LINE('',#1666,#1667);
#1666 = CARTESIAN_POINT('',(33.,-18.5,34.5));
#1667 = VECTOR('',#1668,1.);
#1668 = DIRECTION('',(-0.,1.,0.));
#1669 = PCURVE('',#517,#1670);
#1670 = DEFINITIONAL_REPRESENTATION('',(#1671),#1675);
#1671 = LINE('',#1672,#1673);
#1672 = CARTESIAN_POINT('',(-8.016190267931,18.5));
#1673 = VECTOR('',#1674,1.);
#1674 = DIRECTION('',(0.,-1.));
#1675 = ( GEOMETRIC_REPRESENTATION_CONTEXT(2) 
PARAMETRIC_REPRESENTATION_CONTEXT() REPRESENTATION_CONTEXT('2D SPACE',''
  ) );
#1676 = PCURVE('',#1677,#1682);
#1677 = PLANE('',#1678);
#1678 = AXIS2_PLACEMENT_3D('',#1679,#1680,#1681);
#1679 = CARTESIAN_POINT('',(33.,-18.5,34.5));
#1680 = DIRECTION('',(0.,0.,1.));
#1681 = DIRECTION('',(1.,0.,-0.));
#1682 = DEFINITIONAL_REPRESENTATION('',(#1683),#1687);
#1683 = LINE('',#1684,#1685);
#1684 = CARTESIAN_POINT('',(0.,0.));
#1685 = VECTOR('',#1686,1.);
#1686 = DIRECTION('',(0.,1.));
#1687 = ( GEOMETRIC_REPRESENTATION_CONTEXT(2) 
PARAMETRIC_REPRESENTATION_CONTEXT() REPRESENTATION_CONTEXT('2D SPACE',''
  ) );
#1688 = ORIENTED_EDGE('',*,*,#1689,.T.);
#1689 = EDGE_CURVE('',#1662,#1690,#1692,.T.);
#1690 = VERTEX_POINT('',#1691);
#1691 = CARTESIAN_POINT('',(33.,4.031128874149,34.5));
#1692 = SURFACE_CURVE('',#1693,(#1698,#1709),.PCURVE_S1.);
#1693 = CIRCLE('',#1694,16.5);
#1694 = AXIS2_PLACEMENT_3D('',#1695,#1696,#1697);
#1695 = CARTESIAN_POINT('',(33.,0.,50.5));
#1696 = DIRECTION('',(1.,0.,0.));
#1697 = DIRECTION('',(-0.,0.,1.));
#1698 = PCURVE('',#517,#1699);
#1699 = DEFINITIONAL_REPRESENTATION('',(#1700),#1708);
#1700 = ( BOUNDED_CURVE() B_SPLINE_CURVE(2,(#1701,#1702,#1703,#1704,
#1705,#1706,#1707),.UNSPECIFIED.,.T.,.F.) B_SPLINE_CURVE_WITH_KNOTS((1,2
    ,2,2,2,1),(-2.094395102393,0.,2.094395102393,4.188790204786,
6.28318530718,8.377580409573),.UNSPECIFIED.) CURVE() 
GEOMETRIC_REPRESENTATION_ITEM() RATIONAL_B_SPLINE_CURVE((1.,0.5,1.,0.5,
1.,0.5,1.)) REPRESENTATION_ITEM('') );
#1701 = CARTESIAN_POINT('',(-40.51619026793,1.424576975059E-14));
#1702 = CARTESIAN_POINT('',(-40.51619026793,28.578838324886));
#1703 = CARTESIAN_POINT('',(-15.76619026793,14.289419162443));
#1704 = CARTESIAN_POINT('',(8.983809732069,1.828710418777E-14));
#1705 = CARTESIAN_POINT('',(-15.76619026793,-14.28941916244));
#1706 = CARTESIAN_POINT('',(-40.51619026793,-28.57883832488));
#1707 = CARTESIAN_POINT('',(-40.51619026793,1.424576975059E-14));
#1708 = ( GEOMETRIC_REPRESENTATION_CONTEXT(2) 
PARAMETRIC_REPRESENTATION_CONTEXT() REPRESENTATION_CONTEXT('2D SPACE',''
  ) );
#1709 = PCURVE('',#1607,#1710);
#1710 = DEFINITIONAL_REPRESENTATION('',(#1711),#1715);
#1711 = LINE('',#1712,#1713);
#1712 = CARTESIAN_POINT('',(0.,1.));
#1713 = VECTOR('',#1714,1.);
#1714 = DIRECTION('',(1.,0.));
#1715 = ( GEOMETRIC_REPRESENTATION_CONTEXT(2) 
PARAMETRIC_REPRESENTATION_CONTEXT() REPRESENTATION_CONTEXT('2D SPACE',''
  ) );
#1716 = ORIENTED_EDGE('',*,*,#1717,.T.);
#1717 = EDGE_CURVE('',#1690,#1718,#1720,.T.);
#1718 = VERTEX_POINT('',#1719);
#1719 = CARTESIAN_POINT('',(33.,15.081353277026,34.5));
#1720 = SURFACE_CURVE('',#1721,(#1725,#1732),.PCURVE_S1.);
#1721 = LINE('',#1722,#1723);
#1722 = CARTESIAN_POINT('',(33.,-18.5,34.5));
#1723 = VECTOR('',#1724,1.);
#1724 = DIRECTION('',(-0.,1.,0.));
#1725 = PCURVE('',#517,#1726);
#1726 = DEFINITIONAL_REPRESENTATION('',(#1727),#1731);
#1727 = LINE('',#1728,#1729);
#1728 = CARTESIAN_POINT('',(-8.016190267931,18.5));
#1729 = VECTOR('',#1730,1.);
#1730 = DIRECTION('',(0.,-1.));
#1731 = ( GEOMETRIC_REPRESENTATION_CONTEXT(2) 
PARAMETRIC_REPRESENTATION_CONTEXT() REPRESENTATION_CONTEXT('2D SPACE',''
  ) );
#1732 = PCURVE('',#1677,#1733);
#1733 = DEFINITIONAL_REPRESENTATION('',(#1734),#1738);
#1734 = LINE('',#1735,#1736);
#1735 = CARTESIAN_POINT('',(0.,0.));
#1736 = VECTOR('',#1737,1.);
#1737 = DIRECTION('',(0.,1.));
#1738 = ( GEOMETRIC_REPRESENTATION_CONTEXT(2) 
PARAMETRIC_REPRESENTATION_CONTEXT() REPRESENTATION_CONTEXT('2D SPACE',''
  ) );
#1739 = ORIENTED_EDGE('',*,*,#1740,.T.);
#1740 = EDGE_CURVE('',#1718,#1741,#1743,.T.);
#1741 = VERTEX_POINT('',#1742);
#1742 = CARTESIAN_POINT('',(33.,15.468251077363,44.756899042533));
#1743 = SURFACE_CURVE('',#1744,(#1752,#1763),.PCURVE_S1.);
#1744 = B_SPLINE_CURVE_WITH_KNOTS('',3,(#1745,#1746,#1747,#1748,#1749,
    #1750,#1751),.UNSPECIFIED.,.F.,.F.,(4,1,1,1,4),(0.,8.301355311032,
    18.690923396376,29.08049148172,41.533001268908),.UNSPECIFIED.);
#1745 = CARTESIAN_POINT('',(33.,14.,9.));
#1746 = CARTESIAN_POINT('',(33.,13.979604631349,11.769167908325));
#1747 = CARTESIAN_POINT('',(33.,14.11818971306,17.997531238631));
#1748 = CARTESIAN_POINT('',(33.,14.706832048999,27.674771497602));
#1749 = CARTESIAN_POINT('',(33.,15.33579592111,38.734871047268));
#1750 = CARTESIAN_POINT('',(33.,15.542139896189,46.345415673441));
#1751 = CARTESIAN_POINT('',(33.,15.5,50.5));
#1752 = PCURVE('',#517,#1753);
#1753 = DEFINITIONAL_REPRESENTATION('',(#1754),#1762);
#1754 = B_SPLINE_CURVE_WITH_KNOTS('',3,(#1755,#1756,#1757,#1758,#1759,
    #1760,#1761),.UNSPECIFIED.,.F.,.F.,(4,1,1,1,4),(0.,8.301355311032,
    18.690923396376,29.08049148172,41.533001268908),.UNSPECIFIED.);
#1755 = CARTESIAN_POINT('',(17.483809732069,-14.));
#1756 = CARTESIAN_POINT('',(14.714641823744,-13.97960463134));
#1757 = CARTESIAN_POINT('',(8.486278493439,-14.11818971306));
#1758 = CARTESIAN_POINT('',(-1.190961765532,-14.70683204899));
#1759 = CARTESIAN_POINT('',(-12.25106131519,-15.33579592111));
#1760 = CARTESIAN_POINT('',(-19.86160594137,-15.54213989618));
#1761 = CARTESIAN_POINT('',(-24.01619026793,-15.5));
#1762 = ( GEOMETRIC_REPRESENTATION_CONTEXT(2) 
PARAMETRIC_REPRESENTATION_CONTEXT() REPRESENTATION_CONTEXT('2D SPACE',''
  ) );
#1763 = PCURVE('',#1764,#1775);
#1764 = SURFACE_OF_LINEAR_EXTRUSION('',#1765,#1773);
#1765 = B_SPLINE_CURVE_WITH_KNOTS('',3,(#1766,#1767,#1768,#1769,#1770,
    #1771,#1772),.UNSPECIFIED.,.F.,.F.,(4,1,1,1,4),(0.,8.301355311032,
    18.690923396376,29.08049148172,41.533001268908),.UNSPECIFIED.);
#1766 = CARTESIAN_POINT('',(33.,14.,9.));
#1767 = CARTESIAN_POINT('',(33.,13.979604631349,11.769167908325));
#1768 = CARTESIAN_POINT('',(33.,14.11818971306,17.997531238631));
#1769 = CARTESIAN_POINT('',(33.,14.706832048999,27.674771497602));
#1770 = CARTESIAN_POINT('',(33.,15.33579592111,38.734871047268));
#1771 = CARTESIAN_POINT('',(33.,15.542139896189,46.345415673441));
#1772 = CARTESIAN_POINT('',(33.,15.5,50.5));
#1773 = VECTOR('',#1774,1.);
#1774 = DIRECTION('',(-1.,-0.,-0.));
#1775 = DEFINITIONAL_REPRESENTATION('',(#1776),#1780);
#1776 = LINE('',#1777,#1778);
#1777 = CARTESIAN_POINT('',(0.,0.));
#1778 = VECTOR('',#1779,1.);
#1779 = DIRECTION('',(1.,0.));
#1780 = ( GEOMETRIC_REPRESENTATION_CONTEXT(2) 
PARAMETRIC_REPRESENTATION_CONTEXT() REPRESENTATION_CONTEXT('2D SPACE',''
  ) );
#1781 = ORIENTED_EDGE('',*,*,#1782,.T.);
#1782 = EDGE_CURVE('',#1741,#1783,#1785,.T.);
#1783 = VERTEX_POINT('',#1784);
#1784 = CARTESIAN_POINT('',(33.,15.790540540541,45.713683103101));
#1785 = SURFACE_CURVE('',#1786,(#1791,#1802),.PCURVE_S1.);
#1786 = CIRCLE('',#1787,16.5);
#1787 = AXIS2_PLACEMENT_3D('',#1788,#1789,#1790);
#1788 = CARTESIAN_POINT('',(33.,0.,50.5));
#1789 = DIRECTION('',(1.,0.,0.));
#1790 = DIRECTION('',(-0.,0.,1.));
#1791 = PCURVE('',#517,#1792);
#1792 = DEFINITIONAL_REPRESENTATION('',(#1793),#1801);
#1793 = ( BOUNDED_CURVE() B_SPLINE_CURVE(2,(#1794,#1795,#1796,#1797,
#1798,#1799,#1800),.UNSPECIFIED.,.T.,.F.) B_SPLINE_CURVE_WITH_KNOTS((1,2
    ,2,2,2,1),(-2.094395102393,0.,2.094395102393,4.188790204786,
6.28318530718,8.377580409573),.UNSPECIFIED.) CURVE() 
GEOMETRIC_REPRESENTATION_ITEM() RATIONAL_B_SPLINE_CURVE((1.,0.5,1.,0.5,
1.,0.5,1.)) REPRESENTATION_ITEM('') );
#1794 = CARTESIAN_POINT('',(-40.51619026793,1.424576975059E-14));
#1795 = CARTESIAN_POINT('',(-40.51619026793,28.578838324886));
#1796 = CARTESIAN_POINT('',(-15.76619026793,14.289419162443));
#1797 = CARTESIAN_POINT('',(8.983809732069,1.828710418777E-14));
#1798 = CARTESIAN_POINT('',(-15.76619026793,-14.28941916244));
#1799 = CARTESIAN_POINT('',(-40.51619026793,-28.57883832488));
#1800 = CARTESIAN_POINT('',(-40.51619026793,1.424576975059E-14));
#1801 = ( GEOMETRIC_REPRESENTATION_CONTEXT(2) 
PARAMETRIC_REPRESENTATION_CONTEXT() REPRESENTATION_CONTEXT('2D SPACE',''
  ) );
#1802 = PCURVE('',#1607,#1803);
#1803 = DEFINITIONAL_REPRESENTATION('',(#1804),#1808);
#1804 = LINE('',#1805,#1806);
#1805 = CARTESIAN_POINT('',(0.,1.));
#1806 = VECTOR('',#1807,1.);
#1807 = DIRECTION('',(1.,0.));
#1808 = ( GEOMETRIC_REPRESENTATION_CONTEXT(2) 
PARAMETRIC_REPRESENTATION_CONTEXT() REPRESENTATION_CONTEXT('2D SPACE',''
  ) );
#1809 = ORIENTED_EDGE('',*,*,#1810,.T.);
#1810 = EDGE_CURVE('',#1783,#1811,#1813,.T.);
#1811 = VERTEX_POINT('',#1812);
#1812 = CARTESIAN_POINT('',(33.,21.512190029012,45.898183920546));
#1813 = SURFACE_CURVE('',#1814,(#1819,#1830),.PCURVE_S1.);
#1814 = CIRCLE('',#1815,5.5);
#1815 = AXIS2_PLACEMENT_3D('',#1816,#1817,#1818);
#1816 = CARTESIAN_POINT('',(33.,18.5,50.5));
#1817 = DIRECTION('',(1.,0.,0.));
#1818 = DIRECTION('',(-0.,0.,1.));
#1819 = PCURVE('',#517,#1820);
#1820 = DEFINITIONAL_REPRESENTATION('',(#1821),#1829);
#1821 = ( BOUNDED_CURVE() B_SPLINE_CURVE(2,(#1822,#1823,#1824,#1825,
#1826,#1827,#1828),.UNSPECIFIED.,.T.,.F.) B_SPLINE_CURVE_WITH_KNOTS((1,2
    ,2,2,2,1),(-2.094395102393,0.,2.094395102393,4.188790204786,
6.28318530718,8.377580409573),.UNSPECIFIED.) CURVE() 
GEOMETRIC_REPRESENTATION_ITEM() RATIONAL_B_SPLINE_CURVE((1.,0.5,1.,0.5,
1.,0.5,1.)) REPRESENTATION_ITEM('') );
#1822 = CARTESIAN_POINT('',(-29.51619026793,-18.5));
#1823 = CARTESIAN_POINT('',(-29.51619026793,-8.973720558371));
#1824 = CARTESIAN_POINT('',(-21.26619026793,-13.73686027918));
#1825 = CARTESIAN_POINT('',(-13.01619026793,-18.5));
#1826 = CARTESIAN_POINT('',(-21.26619026793,-23.26313972081));
#1827 = CARTESIAN_POINT('',(-29.51619026793,-28.02627944162));
#1828 = CARTESIAN_POINT('',(-29.51619026793,-18.5));
#1829 = ( GEOMETRIC_REPRESENTATION_CONTEXT(2) 
PARAMETRIC_REPRESENTATION_CONTEXT() REPRESENTATION_CONTEXT('2D SPACE',''
  ) );
#1830 = PCURVE('',#280,#1831);
#1831 = DEFINITIONAL_REPRESENTATION('',(#1832),#1836);
#1832 = LINE('',#1833,#1834);
#1833 = CARTESIAN_POINT('',(-8.881784197001E-16,1.));
#1834 = VECTOR('',#1835,1.);
#1835 = DIRECTION('',(1.,0.));
#1836 = ( GEOMETRIC_REPRESENTATION_CONTEXT(2) 
PARAMETRIC_REPRESENTATION_CONTEXT() REPRESENTATION_CONTEXT('2D SPACE',''
  ) );
#1837 = ORIENTED_EDGE('',*,*,#1838,.T.);
#1838 = EDGE_CURVE('',#1811,#1839,#1841,.T.);
#1839 = VERTEX_POINT('',#1840);
#1840 = CARTESIAN_POINT('',(33.,21.544694638436,44.142373790027));
#1841 = SURFACE_CURVE('',#1842,(#1850,#1861),.PCURVE_S1.);
#1842 = B_SPLINE_CURVE_WITH_KNOTS('',3,(#1843,#1844,#1845,#1846,#1847,
    #1848,#1849),.UNSPECIFIED.,.F.,.F.,(4,1,1,1,4),(0.,12.452509787187,
    22.842077872532,33.231645957876,41.533001268908),.UNSPECIFIED.);
#1843 = CARTESIAN_POINT('',(33.,21.5,50.5));
#1844 = CARTESIAN_POINT('',(33.,21.457860103811,46.345415673441));
#1845 = CARTESIAN_POINT('',(33.,21.66420407889,38.734871047268));
#1846 = CARTESIAN_POINT('',(33.,22.293167951001,27.674771497602));
#1847 = CARTESIAN_POINT('',(33.,22.88181028694,17.997531238631));
#1848 = CARTESIAN_POINT('',(33.,23.020395368651,11.769167908325));
#1849 = CARTESIAN_POINT('',(33.,23.,9.));
#1850 = PCURVE('',#517,#1851);
#1851 = DEFINITIONAL_REPRESENTATION('',(#1852),#1860);
#1852 = B_SPLINE_CURVE_WITH_KNOTS('',3,(#1853,#1854,#1855,#1856,#1857,
    #1858,#1859),.UNSPECIFIED.,.F.,.F.,(4,1,1,1,4),(0.,12.452509787187,
    22.842077872532,33.231645957876,41.533001268908),.UNSPECIFIED.);
#1853 = CARTESIAN_POINT('',(-24.01619026793,-21.5));
#1854 = CARTESIAN_POINT('',(-19.86160594137,-21.45786010381));
#1855 = CARTESIAN_POINT('',(-12.25106131519,-21.66420407889));
#1856 = CARTESIAN_POINT('',(-1.190961765532,-22.293167951));
#1857 = CARTESIAN_POINT('',(8.486278493439,-22.88181028694));
#1858 = CARTESIAN_POINT('',(14.714641823744,-23.02039536865));
#1859 = CARTESIAN_POINT('',(17.483809732069,-23.));
#1860 = ( GEOMETRIC_REPRESENTATION_CONTEXT(2) 
PARAMETRIC_REPRESENTATION_CONTEXT() REPRESENTATION_CONTEXT('2D SPACE',''
  ) );
#1861 = PCURVE('',#1862,#1873);
#1862 = SURFACE_OF_LINEAR_EXTRUSION('',#1863,#1871);
#1863 = B_SPLINE_CURVE_WITH_KNOTS('',3,(#1864,#1865,#1866,#1867,#1868,
    #1869,#1870),.UNSPECIFIED.,.F.,.F.,(4,1,1,1,4),(0.,12.452509787187,
    22.842077872532,33.231645957876,41.533001268908),.UNSPECIFIED.);
#1864 = CARTESIAN_POINT('',(33.,21.5,50.5));
#1865 = CARTESIAN_POINT('',(33.,21.457860103811,46.345415673441));
#1866 = CARTESIAN_POINT('',(33.,21.66420407889,38.734871047268));
#1867 = CARTESIAN_POINT('',(33.,22.293167951001,27.674771497602));
#1868 = CARTESIAN_POINT('',(33.,22.88181028694,17.997531238631));
#1869 = CARTESIAN_POINT('',(33.,23.020395368651,11.769167908325));
#1870 = CARTESIAN_POINT('',(33.,23.,9.));
#1871 = VECTOR('',#1872,1.);
#1872 = DIRECTION('',(-1.,-0.,-0.));
#1873 = DEFINITIONAL_REPRESENTATION('',(#1874),#1878);
#1874 = LINE('',#1875,#1876);
#1875 = CARTESIAN_POINT('',(0.,0.));
#1876 = VECTOR('',#1877,1.);
#1877 = DIRECTION('',(1.,0.));
#1878 = ( GEOMETRIC_REPRESENTATION_CONTEXT(2) 
PARAMETRIC_REPRESENTATION_CONTEXT() REPRESENTATION_CONTEXT('2D SPACE',''
  ) );
#1879 = ORIENTED_EDGE('',*,*,#1880,.T.);
#1880 = EDGE_CURVE('',#1839,#1881,#1883,.T.);
#1881 = VERTEX_POINT('',#1882);
#1882 = CARTESIAN_POINT('',(33.,21.641483032178,40.805022532315));
#1883 = SURFACE_CURVE('',#1884,(#1889,#1900),.PCURVE_S1.);
#1884 = CIRCLE('',#1885,1.9);
#1885 = AXIS2_PLACEMENT_3D('',#1886,#1887,#1888);
#1886 = CARTESIAN_POINT('',(33.,22.5,42.5));
#1887 = DIRECTION('',(1.,0.,0.));
#1888 = DIRECTION('',(-0.,0.,1.));
#1889 = PCURVE('',#517,#1890);
#1890 = DEFINITIONAL_REPRESENTATION('',(#1891),#1899);
#1891 = ( BOUNDED_CURVE() B_SPLINE_CURVE(2,(#1892,#1893,#1894,#1895,
#1896,#1897,#1898),.UNSPECIFIED.,.T.,.F.) B_SPLINE_CURVE_WITH_KNOTS((1,2
    ,2,2,2,1),(-2.094395102393,0.,2.094395102393,4.188790204786,
6.28318530718,8.377580409573),.UNSPECIFIED.) CURVE() 
GEOMETRIC_REPRESENTATION_ITEM() RATIONAL_B_SPLINE_CURVE((1.,0.5,1.,0.5,
1.,0.5,1.)) REPRESENTATION_ITEM('') );
#1892 = CARTESIAN_POINT('',(-17.91619026793,-22.5));
#1893 = CARTESIAN_POINT('',(-17.91619026793,-19.20910346561));
#1894 = CARTESIAN_POINT('',(-15.06619026793,-20.85455173281));
#1895 = CARTESIAN_POINT('',(-12.21619026793,-22.5));
#1896 = CARTESIAN_POINT('',(-15.06619026793,-24.14544826719));
#1897 = CARTESIAN_POINT('',(-17.91619026793,-25.79089653438));
#1898 = CARTESIAN_POINT('',(-17.91619026793,-22.5));
#1899 = ( GEOMETRIC_REPRESENTATION_CONTEXT(2) 
PARAMETRIC_REPRESENTATION_CONTEXT() REPRESENTATION_CONTEXT('2D SPACE',''
  ) );
#1900 = PCURVE('',#1901,#1906);
#1901 = CYLINDRICAL_SURFACE('',#1902,1.9);
#1902 = AXIS2_PLACEMENT_3D('',#1903,#1904,#1905);
#1903 = CARTESIAN_POINT('',(31.9,22.5,42.5));
#1904 = DIRECTION('',(1.,0.,0.));
#1905 = DIRECTION('',(-0.,0.,1.));
#1906 = DEFINITIONAL_REPRESENTATION('',(#1907),#1911);
#1907 = LINE('',#1908,#1909);
#1908 = CARTESIAN_POINT('',(0.,1.1));
#1909 = VECTOR('',#1910,1.);
#1910 = DIRECTION('',(1.,0.));
#1911 = ( GEOMETRIC_REPRESENTATION_CONTEXT(2) 
PARAMETRIC_REPRESENTATION_CONTEXT() REPRESENTATION_CONTEXT('2D SPACE',''
  ) );
#1912 = ORIENTED_EDGE('',*,*,#1913,.T.);
#1913 = EDGE_CURVE('',#1881,#1914,#1916,.T.);
#1914 = VERTEX_POINT('',#1915);
#1915 = CARTESIAN_POINT('',(33.,23.,9.));
#1916 = SURFACE_CURVE('',#1917,(#1925,#1936),.PCURVE_S1.);
#1917 = B_SPLINE_CURVE_WITH_KNOTS('',3,(#1918,#1919,#1920,#1921,#1922,
    #1923,#1924),.UNSPECIFIED.,.F.,.F.,(4,1,1,1,4),(0.,12.452509787187,
    22.842077872532,33.231645957876,41.533001268908),.UNSPECIFIED.);
#1918 = CARTESIAN_POINT('',(33.,21.5,50.5));
#1919 = CARTESIAN_POINT('',(33.,21.457860103811,46.345415673441));
#1920 = CARTESIAN_POINT('',(33.,21.66420407889,38.734871047268));
#1921 = CARTESIAN_POINT('',(33.,22.293167951001,27.674771497602));
#1922 = CARTESIAN_POINT('',(33.,22.88181028694,17.997531238631));
#1923 = CARTESIAN_POINT('',(33.,23.020395368651,11.769167908325));
#1924 = CARTESIAN_POINT('',(33.,23.,9.));
#1925 = PCURVE('',#517,#1926);
#1926 = DEFINITIONAL_REPRESENTATION('',(#1927),#1935);
#1927 = B_SPLINE_CURVE_WITH_KNOTS('',3,(#1928,#1929,#1930,#1931,#1932,
    #1933,#1934),.UNSPECIFIED.,.F.,.F.,(4,1,1,1,4),(0.,12.452509787187,
    22.842077872532,33.231645957876,41.533001268908),.UNSPECIFIED.);
#1928 = CARTESIAN_POINT('',(-24.01619026793,-21.5));
#1929 = CARTESIAN_POINT('',(-19.86160594137,-21.45786010381));
#1930 = CARTESIAN_POINT('',(-12.25106131519,-21.66420407889));
#1931 = CARTESIAN_POINT('',(-1.190961765532,-22.293167951));
#1932 = CARTESIAN_POINT('',(8.486278493439,-22.88181028694));
#1933 = CARTESIAN_POINT('',(14.714641823744,-23.02039536865));
#1934 = CARTESIAN_POINT('',(17.483809732069,-23.));
#1935 = ( GEOMETRIC_REPRESENTATION_CONTEXT(2) 
PARAMETRIC_REPRESENTATION_CONTEXT() REPRESENTATION_CONTEXT('2D SPACE',''
  ) );
#1936 = PCURVE('',#1937,#1948);
#1937 = SURFACE_OF_LINEAR_EXTRUSION('',#1938,#1946);
#1938 = B_SPLINE_CURVE_WITH_KNOTS('',3,(#1939,#1940,#1941,#1942,#1943,
    #1944,#1945),.UNSPECIFIED.,.F.,.F.,(4,1,1,1,4),(0.,12.452509787187,
    22.842077872532,33.231645957876,41.533001268908),.UNSPECIFIED.);
#1939 = CARTESIAN_POINT('',(33.,21.5,50.5));
#1940 = CARTESIAN_POINT('',(33.,21.457860103811,46.345415673441));
#1941 = CARTESIAN_POINT('',(33.,21.66420407889,38.734871047268));
#1942 = CARTESIAN_POINT('',(33.,22.293167951001,27.674771497602));
#1943 = CARTESIAN_POINT('',(33.,22.88181028694,17.997531238631));
#1944 = CARTESIAN_POINT('',(33.,23.020395368651,11.769167908325));
#1945 = CARTESIAN_POINT('',(33.,23.,9.));
#1946 = VECTOR('',#1947,1.);
#1947 = DIRECTION('',(-1.,-0.,-0.));
#1948 = DEFINITIONAL_REPRESENTATION('',(#1949),#1953);
#1949 = LINE('',#1950,#1951);
#1950 = CARTESIAN_POINT('',(0.,0.));
#1951 = VECTOR('',#1952,1.);
#1952 = DIRECTION('',(1.,0.));
#1953 = ( GEOMETRIC_REPRESENTATION_CONTEXT(2) 
PARAMETRIC_REPRESENTATION_CONTEXT() REPRESENTATION_CONTEXT('2D SPACE',''
  ) );
#1954 = ORIENTED_EDGE('',*,*,#1955,.T.);
#1955 = EDGE_CURVE('',#1914,#1956,#1958,.T.);
#1956 = VERTEX_POINT('',#1957);
#1957 = CARTESIAN_POINT('',(33.,21.5,9.));
#1958 = SURFACE_CURVE('',#1959,(#1963,#1970),.PCURVE_S1.);
#1959 = LINE('',#1960,#1961);
#1960 = CARTESIAN_POINT('',(33.,23.,9.));
#1961 = VECTOR('',#1962,1.);
#1962 = DIRECTION('',(0.,-1.,0.));
#1963 = PCURVE('',#517,#1964);
#1964 = DEFINITIONAL_REPRESENTATION('',(#1965),#1969);
#1965 = LINE('',#1966,#1967);
#1966 = CARTESIAN_POINT('',(17.483809732069,-23.));
#1967 = VECTOR('',#1968,1.);
#1968 = DIRECTION('',(0.,1.));
#1969 = ( GEOMETRIC_REPRESENTATION_CONTEXT(2) 
PARAMETRIC_REPRESENTATION_CONTEXT() REPRESENTATION_CONTEXT('2D SPACE',''
  ) );
#1970 = PCURVE('',#1971,#1976);
#1971 = PLANE('',#1972);
#1972 = AXIS2_PLACEMENT_3D('',#1973,#1974,#1975);
#1973 = CARTESIAN_POINT('',(36.,18.5,9.));
#1974 = DIRECTION('',(-0.,-0.,-1.));
#1975 = DIRECTION('',(-1.,0.,0.));
#1976 = DEFINITIONAL_REPRESENTATION('',(#1977),#1981);
#1977 = LINE('',#1978,#1979);
#1978 = CARTESIAN_POINT('',(3.,4.5));
#1979 = VECTOR('',#1980,1.);
#1980 = DIRECTION('',(0.,-1.));
#1981 = ( GEOMETRIC_REPRESENTATION_CONTEXT(2) 
PARAMETRIC_REPRESENTATION_CONTEXT() REPRESENTATION_CONTEXT('2D SPACE',''
  ) );
#1982 = ORIENTED_EDGE('',*,*,#1983,.F.);
#1983 = EDGE_CURVE('',#680,#1956,#1984,.T.);
#1984 = SURFACE_CURVE('',#1985,(#1989,#1996),.PCURVE_S1.);
#1985 = LINE('',#1986,#1987);
#1986 = CARTESIAN_POINT('',(33.,21.5,5.));
#1987 = VECTOR('',#1988,1.);
#1988 = DIRECTION('',(0.,0.,1.));
#1989 = PCURVE('',#517,#1990);
#1990 = DEFINITIONAL_REPRESENTATION('',(#1991),#1995);
#1991 = LINE('',#1992,#1993);
#1992 = CARTESIAN_POINT('',(21.483809732069,-21.5));
#1993 = VECTOR('',#1994,1.);
#1994 = DIRECTION('',(-1.,0.));
#1995 = ( GEOMETRIC_REPRESENTATION_CONTEXT(2) 
PARAMETRIC_REPRESENTATION_CONTEXT() REPRESENTATION_CONTEXT('2D SPACE',''
  ) );
#1996 = PCURVE('',#723,#1997);
#1997 = DEFINITIONAL_REPRESENTATION('',(#1998),#2002);
#1998 = LINE('',#1999,#2000);
#1999 = CARTESIAN_POINT('',(3.14159265359,0.));
#2000 = VECTOR('',#2001,1.);
#2001 = DIRECTION('',(0.,1.));
#2002 = ( GEOMETRIC_REPRESENTATION_CONTEXT(2) 
PARAMETRIC_REPRESENTATION_CONTEXT() REPRESENTATION_CONTEXT('2D SPACE',''
  ) );
#2003 = ORIENTED_EDGE('',*,*,#679,.F.);
#2004 = ORIENTED_EDGE('',*,*,#2005,.T.);
#2005 = EDGE_CURVE('',#647,#2006,#2008,.T.);
#2006 = VERTEX_POINT('',#2007);
#2007 = CARTESIAN_POINT('',(33.,15.5,9.));
#2008 = SURFACE_CURVE('',#2009,(#2013,#2020),.PCURVE_S1.);
#2009 = LINE('',#2010,#2011);
#2010 = CARTESIAN_POINT('',(33.,15.5,5.));
#2011 = VECTOR('',#2012,1.);
#2012 = DIRECTION('',(0.,0.,1.));
#2013 = PCURVE('',#517,#2014);
#2014 = DEFINITIONAL_REPRESENTATION('',(#2015),#2019);
#2015 = LINE('',#2016,#2017);
#2016 = CARTESIAN_POINT('',(21.483809732069,-15.5));
#2017 = VECTOR('',#2018,1.);
#2018 = DIRECTION('',(-1.,0.));
#2019 = ( GEOMETRIC_REPRESENTATION_CONTEXT(2) 
PARAMETRIC_REPRESENTATION_CONTEXT() REPRESENTATION_CONTEXT('2D SPACE',''
  ) );
#2020 = PCURVE('',#667,#2021);
#2021 = DEFINITIONAL_REPRESENTATION('',(#2022),#2026);
#2022 = LINE('',#2023,#2024);
#2023 = CARTESIAN_POINT('',(3.14159265359,0.));
#2024 = VECTOR('',#2025,1.);
#2025 = DIRECTION('',(0.,1.));
#2026 = ( GEOMETRIC_REPRESENTATION_CONTEXT(2) 
PARAMETRIC_REPRESENTATION_CONTEXT() REPRESENTATION_CONTEXT('2D SPACE',''
  ) );
#2027 = ORIENTED_EDGE('',*,*,#2028,.T.);
#2028 = EDGE_CURVE('',#2006,#2029,#2031,.T.);
#2029 = VERTEX_POINT('',#2030);
#2030 = CARTESIAN_POINT('',(33.,14.,9.));
#2031 = SURFACE_CURVE('',#2032,(#2036,#2043),.PCURVE_S1.);
#2032 = LINE('',#2033,#2034);
#2033 = CARTESIAN_POINT('',(33.,23.,9.));
#2034 = VECTOR('',#2035,1.);
#2035 = DIRECTION('',(0.,-1.,0.));
#2036 = PCURVE('',#517,#2037);
#2037 = DEFINITIONAL_REPRESENTATION('',(#2038),#2042);
#2038 = LINE('',#2039,#2040);
#2039 = CARTESIAN_POINT('',(17.483809732069,-23.));
#2040 = VECTOR('',#2041,1.);
#2041 = DIRECTION('',(0.,1.));
#2042 = ( GEOMETRIC_REPRESENTATION_CONTEXT(2) 
PARAMETRIC_REPRESENTATION_CONTEXT() REPRESENTATION_CONTEXT('2D SPACE',''
  ) );
#2043 = PCURVE('',#2044,#2049);
#2044 = PLANE('',#2045);
#2045 = AXIS2_PLACEMENT_3D('',#2046,#2047,#2048);
#2046 = CARTESIAN_POINT('',(36.,18.5,9.));
#2047 = DIRECTION('',(-0.,-0.,-1.));
#2048 = DIRECTION('',(-1.,0.,0.));
#2049 = DEFINITIONAL_REPRESENTATION('',(#2050),#2054);
#2050 = LINE('',#2051,#2052);
#2051 = CARTESIAN_POINT('',(3.,4.5));
#2052 = VECTOR('',#2053,1.);
#2053 = DIRECTION('',(0.,-1.));
#2054 = ( GEOMETRIC_REPRESENTATION_CONTEXT(2) 
PARAMETRIC_REPRESENTATION_CONTEXT() REPRESENTATION_CONTEXT('2D SPACE',''
  ) );
#2055 = ORIENTED_EDGE('',*,*,#2056,.T.);
#2056 = EDGE_CURVE('',#2029,#2057,#2059,.T.);
#2057 = VERTEX_POINT('',#2058);
#2058 = CARTESIAN_POINT('',(33.,14.863913043684,30.5));
#2059 = SURFACE_CURVE('',#2060,(#2068,#2079),.PCURVE_S1.);
#2060 = B_SPLINE_CURVE_WITH_KNOTS('',3,(#2061,#2062,#2063,#2064,#2065,
    #2066,#2067),.UNSPECIFIED.,.F.,.F.,(4,1,1,1,4),(0.,8.301355311032,
    18.690923396376,29.08049148172,41.533001268908),.UNSPECIFIED.);
#2061 = CARTESIAN_POINT('',(33.,14.,9.));
#2062 = CARTESIAN_POINT('',(33.,13.979604631349,11.769167908325));
#2063 = CARTESIAN_POINT('',(33.,14.11818971306,17.997531238631));
#2064 = CARTESIAN_POINT('',(33.,14.706832048999,27.674771497602));
#2065 = CARTESIAN_POINT('',(33.,15.33579592111,38.734871047268));
#2066 = CARTESIAN_POINT('',(33.,15.542139896189,46.345415673441));
#2067 = CARTESIAN_POINT('',(33.,15.5,50.5));
#2068 = PCURVE('',#517,#2069);
#2069 = DEFINITIONAL_REPRESENTATION('',(#2070),#2078);
#2070 = B_SPLINE_CURVE_WITH_KNOTS('',3,(#2071,#2072,#2073,#2074,#2075,
    #2076,#2077),.UNSPECIFIED.,.F.,.F.,(4,1,1,1,4),(0.,8.301355311032,
    18.690923396376,29.08049148172,41.533001268908),.UNSPECIFIED.);
#2071 = CARTESIAN_POINT('',(17.483809732069,-14.));
#2072 = CARTESIAN_POINT('',(14.714641823744,-13.97960463134));
#2073 = CARTESIAN_POINT('',(8.486278493439,-14.11818971306));
#2074 = CARTESIAN_POINT('',(-1.190961765532,-14.70683204899));
#2075 = CARTESIAN_POINT('',(-12.25106131519,-15.33579592111));
#2076 = CARTESIAN_POINT('',(-19.86160594137,-15.54213989618));
#2077 = CARTESIAN_POINT('',(-24.01619026793,-15.5));
#2078 = ( GEOMETRIC_REPRESENTATION_CONTEXT(2) 
PARAMETRIC_REPRESENTATION_CONTEXT() REPRESENTATION_CONTEXT('2D SPACE',''
  ) );
#2079 = PCURVE('',#2080,#2091);
#2080 = SURFACE_OF_LINEAR_EXTRUSION('',#2081,#2089);
#2081 = B_SPLINE_CURVE_WITH_KNOTS('',3,(#2082,#2083,#2084,#2085,#2086,
    #2087,#2088),.UNSPECIFIED.,.F.,.F.,(4,1,1,1,4),(0.,8.301355311032,
    18.690923396376,29.08049148172,41.533001268908),.UNSPECIFIED.);
#2082 = CARTESIAN_POINT('',(33.,14.,9.));
#2083 = CARTESIAN_POINT('',(33.,13.979604631349,11.769167908325));
#2084 = CARTESIAN_POINT('',(33.,14.11818971306,17.997531238631));
#2085 = CARTESIAN_POINT('',(33.,14.706832048999,27.674771497602));
#2086 = CARTESIAN_POINT('',(33.,15.33579592111,38.734871047268));
#2087 = CARTESIAN_POINT('',(33.,15.542139896189,46.345415673441));
#2088 = CARTESIAN_POINT('',(33.,15.5,50.5));
#2089 = VECTOR('',#2090,1.);
#2090 = DIRECTION('',(-1.,-0.,-0.));
#2091 = DEFINITIONAL_REPRESENTATION('',(#2092),#2096);
#2092 = LINE('',#2093,#2094);
#2093 = CARTESIAN_POINT('',(0.,0.));
#2094 = VECTOR('',#2095,1.);
#2095 = DIRECTION('',(1.,0.));
#2096 = ( GEOMETRIC_REPRESENTATION_CONTEXT(2) 
PARAMETRIC_REPRESENTATION_CONTEXT() REPRESENTATION_CONTEXT('2D SPACE',''
  ) );
#2097 = ORIENTED_EDGE('',*,*,#2098,.F.);
#2098 = EDGE_CURVE('',#2099,#2057,#2101,.T.);
#2099 = VERTEX_POINT('',#2100);
#2100 = CARTESIAN_POINT('',(33.,-14.86391304368,30.5));
#2101 = SURFACE_CURVE('',#2102,(#2106,#2113),.PCURVE_S1.);
#2102 = LINE('',#2103,#2104);
#2103 = CARTESIAN_POINT('',(33.,-18.5,30.5));
#2104 = VECTOR('',#2105,1.);
#2105 = DIRECTION('',(-0.,1.,0.));
#2106 = PCURVE('',#517,#2107);
#2107 = DEFINITIONAL_REPRESENTATION('',(#2108),#2112);
#2108 = LINE('',#2109,#2110);
#2109 = CARTESIAN_POINT('',(-4.016190267931,18.5));
#2110 = VECTOR('',#2111,1.);
#2111 = DIRECTION('',(0.,-1.));
#2112 = ( GEOMETRIC_REPRESENTATION_CONTEXT(2) 
PARAMETRIC_REPRESENTATION_CONTEXT() REPRESENTATION_CONTEXT('2D SPACE',''
  ) );
#2113 = PCURVE('',#2114,#2119);
#2114 = PLANE('',#2115);
#2115 = AXIS2_PLACEMENT_3D('',#2116,#2117,#2118);
#2116 = CARTESIAN_POINT('',(33.,-18.5,30.5));
#2117 = DIRECTION('',(0.,0.,1.));
#2118 = DIRECTION('',(1.,0.,-0.));
#2119 = DEFINITIONAL_REPRESENTATION('',(#2120),#2124);
#2120 = LINE('',#2121,#2122);
#2121 = CARTESIAN_POINT('',(0.,0.));
#2122 = VECTOR('',#2123,1.);
#2123 = DIRECTION('',(0.,1.));
#2124 = ( GEOMETRIC_REPRESENTATION_CONTEXT(2) 
PARAMETRIC_REPRESENTATION_CONTEXT() REPRESENTATION_CONTEXT('2D SPACE',''
  ) );
#2125 = ORIENTED_EDGE('',*,*,#2126,.T.);
#2126 = EDGE_CURVE('',#2099,#2127,#2129,.T.);
#2127 = VERTEX_POINT('',#2128);
#2128 = CARTESIAN_POINT('',(33.,-14.,9.));
#2129 = SURFACE_CURVE('',#2130,(#2138,#2149),.PCURVE_S1.);
#2130 = B_SPLINE_CURVE_WITH_KNOTS('',3,(#2131,#2132,#2133,#2134,#2135,
    #2136,#2137),.UNSPECIFIED.,.F.,.F.,(4,1,1,1,4),(0.,12.452509787187,
    22.842077872532,33.231645957876,41.533001268908),.UNSPECIFIED.);
#2131 = CARTESIAN_POINT('',(33.,-15.5,50.5));
#2132 = CARTESIAN_POINT('',(33.,-15.54213989618,46.345415673441));
#2133 = CARTESIAN_POINT('',(33.,-15.33579592111,38.734871047268));
#2134 = CARTESIAN_POINT('',(33.,-14.70683204899,27.674771497602));
#2135 = CARTESIAN_POINT('',(33.,-14.11818971306,17.997531238631));
#2136 = CARTESIAN_POINT('',(33.,-13.97960463134,11.769167908325));
#2137 = CARTESIAN_POINT('',(33.,-14.,9.));
#2138 = PCURVE('',#517,#2139);
#2139 = DEFINITIONAL_REPRESENTATION('',(#2140),#2148);
#2140 = B_SPLINE_CURVE_WITH_KNOTS('',3,(#2141,#2142,#2143,#2144,#2145,
    #2146,#2147),.UNSPECIFIED.,.F.,.F.,(4,1,1,1,4),(0.,12.452509787187,
    22.842077872532,33.231645957876,41.533001268908),.UNSPECIFIED.);
#2141 = CARTESIAN_POINT('',(-24.01619026793,15.5));
#2142 = CARTESIAN_POINT('',(-19.86160594137,15.542139896189));
#2143 = CARTESIAN_POINT('',(-12.25106131519,15.33579592111));
#2144 = CARTESIAN_POINT('',(-1.190961765532,14.706832048999));
#2145 = CARTESIAN_POINT('',(8.486278493439,14.11818971306));
#2146 = CARTESIAN_POINT('',(14.714641823744,13.979604631349));
#2147 = CARTESIAN_POINT('',(17.483809732069,14.));
#2148 = ( GEOMETRIC_REPRESENTATION_CONTEXT(2) 
PARAMETRIC_REPRESENTATION_CONTEXT() REPRESENTATION_CONTEXT('2D SPACE',''
  ) );
#2149 = PCURVE('',#2150,#2161);
#2150 = SURFACE_OF_LINEAR_EXTRUSION('',#2151,#2159);
#2151 = B_SPLINE_CURVE_WITH_KNOTS('',3,(#2152,#2153,#2154,#2155,#2156,
    #2157,#2158),.UNSPECIFIED.,.F.,.F.,(4,1,1,1,4),(0.,12.452509787187,
    22.842077872532,33.231645957876,41.533001268908),.UNSPECIFIED.);
#2152 = CARTESIAN_POINT('',(33.,-15.5,50.5));
#2153 = CARTESIAN_POINT('',(33.,-15.54213989618,46.345415673441));
#2154 = CARTESIAN_POINT('',(33.,-15.33579592111,38.734871047268));
#2155 = CARTESIAN_POINT('',(33.,-14.70683204899,27.674771497602));
#2156 = CARTESIAN_POINT('',(33.,-14.11818971306,17.997531238631));
#2157 = CARTESIAN_POINT('',(33.,-13.97960463134,11.769167908325));
#2158 = CARTESIAN_POINT('',(33.,-14.,9.));
#2159 = VECTOR('',#2160,1.);
#2160 = DIRECTION('',(-1.,-0.,-0.));
#2161 = DEFINITIONAL_REPRESENTATION('',(#2162),#2166);
#2162 = LINE('',#2163,#2164);
#2163 = CARTESIAN_POINT('',(0.,0.));
#2164 = VECTOR('',#2165,1.);
#2165 = DIRECTION('',(1.,0.));
#2166 = ( GEOMETRIC_REPRESENTATION_CONTEXT(2) 
PARAMETRIC_REPRESENTATION_CONTEXT() REPRESENTATION_CONTEXT('2D SPACE',''
  ) );
#2167 = ORIENTED_EDGE('',*,*,#2168,.T.);
#2168 = EDGE_CURVE('',#2127,#2169,#2171,.T.);
#2169 = VERTEX_POINT('',#2170);
#2170 = CARTESIAN_POINT('',(33.,-15.5,9.));
#2171 = SURFACE_CURVE('',#2172,(#2176,#2183),.PCURVE_S1.);
#2172 = LINE('',#2173,#2174);
#2173 = CARTESIAN_POINT('',(33.,-14.,9.));
#2174 = VECTOR('',#2175,1.);
#2175 = DIRECTION('',(0.,-1.,0.));
#2176 = PCURVE('',#517,#2177);
#2177 = DEFINITIONAL_REPRESENTATION('',(#2178),#2182);
#2178 = LINE('',#2179,#2180);
#2179 = CARTESIAN_POINT('',(17.483809732069,14.));
#2180 = VECTOR('',#2181,1.);
#2181 = DIRECTION('',(0.,1.));
#2182 = ( GEOMETRIC_REPRESENTATION_CONTEXT(2) 
PARAMETRIC_REPRESENTATION_CONTEXT() REPRESENTATION_CONTEXT('2D SPACE',''
  ) );
#2183 = PCURVE('',#2184,#2189);
#2184 = PLANE('',#2185);
#2185 = AXIS2_PLACEMENT_3D('',#2186,#2187,#2188);
#2186 = CARTESIAN_POINT('',(36.,-18.5,9.));
#2187 = DIRECTION('',(-0.,-0.,-1.));
#2188 = DIRECTION('',(-1.,0.,0.));
#2189 = DEFINITIONAL_REPRESENTATION('',(#2190),#2194);
#2190 = LINE('',#2191,#2192);
#2191 = CARTESIAN_POINT('',(3.,4.5));
#2192 = VECTOR('',#2193,1.);
#2193 = DIRECTION('',(0.,-1.));
#2194 = ( GEOMETRIC_REPRESENTATION_CONTEXT(2) 
PARAMETRIC_REPRESENTATION_CONTEXT() REPRESENTATION_CONTEXT('2D SPACE',''
  ) );
#2195 = ORIENTED_EDGE('',*,*,#2196,.F.);
#2196 = EDGE_CURVE('',#502,#2169,#2197,.T.);
#2197 = SURFACE_CURVE('',#2198,(#2202,#2209),.PCURVE_S1.);
#2198 = LINE('',#2199,#2200);
#2199 = CARTESIAN_POINT('',(33.,-15.5,5.));
#2200 = VECTOR('',#2201,1.);
#2201 = DIRECTION('',(0.,0.,1.));
#2202 = PCURVE('',#517,#2203);
#2203 = DEFINITIONAL_REPRESENTATION('',(#2204),#2208);
#2204 = LINE('',#2205,#2206);
#2205 = CARTESIAN_POINT('',(21.483809732069,15.5));
#2206 = VECTOR('',#2207,1.);
#2207 = DIRECTION('',(-1.,0.));
#2208 = ( GEOMETRIC_REPRESENTATION_CONTEXT(2) 
PARAMETRIC_REPRESENTATION_CONTEXT() REPRESENTATION_CONTEXT('2D SPACE',''
  ) );
#2209 = PCURVE('',#550,#2210);
#2210 = DEFINITIONAL_REPRESENTATION('',(#2211),#2215);
#2211 = LINE('',#2212,#2213);
#2212 = CARTESIAN_POINT('',(3.14159265359,0.));
#2213 = VECTOR('',#2214,1.);
#2214 = DIRECTION('',(0.,1.));
#2215 = ( GEOMETRIC_REPRESENTATION_CONTEXT(2) 
PARAMETRIC_REPRESENTATION_CONTEXT() REPRESENTATION_CONTEXT('2D SPACE',''
  ) );
#2216 = ADVANCED_FACE('',(#2217),#1010,.F.);
#2217 = FACE_BOUND('',#2218,.F.);
#2218 = EDGE_LOOP('',(#2219,#2220,#2221,#2244));
#2219 = ORIENTED_EDGE('',*,*,#996,.F.);
#2220 = ORIENTED_EDGE('',*,*,#1473,.T.);
#2221 = ORIENTED_EDGE('',*,*,#2222,.T.);
#2222 = EDGE_CURVE('',#1334,#2223,#2225,.T.);
#2223 = VERTEX_POINT('',#2224);
#2224 = CARTESIAN_POINT('',(48.,-24.5,10.5));
#2225 = SURFACE_CURVE('',#2226,(#2230,#2237),.PCURVE_S1.);
#2226 = LINE('',#2227,#2228);
#2227 = CARTESIAN_POINT('',(36.,-24.5,10.5));
#2228 = VECTOR('',#2229,1.);
#2229 = DIRECTION('',(1.,0.,-0.));
#2230 = PCURVE('',#1010,#2231);
#2231 = DEFINITIONAL_REPRESENTATION('',(#2232),#2236);
#2232 = LINE('',#2233,#2234);
#2233 = CARTESIAN_POINT('',(5.5,0.));
#2234 = VECTOR('',#2235,1.);
#2235 = DIRECTION('',(0.,1.));
#2236 = ( GEOMETRIC_REPRESENTATION_CONTEXT(2) 
PARAMETRIC_REPRESENTATION_CONTEXT() REPRESENTATION_CONTEXT('2D SPACE',''
  ) );
#2237 = PCURVE('',#1114,#2238);
#2238 = DEFINITIONAL_REPRESENTATION('',(#2239),#2243);
#2239 = LINE('',#2240,#2241);
#2240 = CARTESIAN_POINT('',(-5.167051973961,-24.5));
#2241 = VECTOR('',#2242,1.);
#2242 = DIRECTION('',(1.,0.));
#2243 = ( GEOMETRIC_REPRESENTATION_CONTEXT(2) 
PARAMETRIC_REPRESENTATION_CONTEXT() REPRESENTATION_CONTEXT('2D SPACE',''
  ) );
#2244 = ORIENTED_EDGE('',*,*,#2245,.F.);
#2245 = EDGE_CURVE('',#964,#2223,#2246,.T.);
#2246 = SURFACE_CURVE('',#2247,(#2251,#2258),.PCURVE_S1.);
#2247 = LINE('',#2248,#2249);
#2248 = CARTESIAN_POINT('',(48.,-24.5,5.));
#2249 = VECTOR('',#2250,1.);
#2250 = DIRECTION('',(0.,0.,1.));
#2251 = PCURVE('',#1010,#2252);
#2252 = DEFINITIONAL_REPRESENTATION('',(#2253),#2257);
#2253 = LINE('',#2254,#2255);
#2254 = CARTESIAN_POINT('',(0.,12.));
#2255 = VECTOR('',#2256,1.);
#2256 = DIRECTION('',(1.,0.));
#2257 = ( GEOMETRIC_REPRESENTATION_CONTEXT(2) 
PARAMETRIC_REPRESENTATION_CONTEXT() REPRESENTATION_CONTEXT('2D SPACE',''
  ) );
#2258 = PCURVE('',#984,#2259);
#2259 = DEFINITIONAL_REPRESENTATION('',(#2260),#2264);
#2260 = LINE('',#2261,#2262);
#2261 = CARTESIAN_POINT('',(4.712388980385,0.));
#2262 = VECTOR('',#2263,1.);
#2263 = DIRECTION('',(0.,1.));
#2264 = ( GEOMETRIC_REPRESENTATION_CONTEXT(2) 
PARAMETRIC_REPRESENTATION_CONTEXT() REPRESENTATION_CONTEXT('2D SPACE',''
  ) );
#2265 = ADVANCED_FACE('',(#2266),#550,.T.);
#2266 = FACE_BOUND('',#2267,.T.);
#2267 = EDGE_LOOP('',(#2268,#2299,#2320,#2321,#2322,#2350));
#2268 = ORIENTED_EDGE('',*,*,#2269,.F.);
#2269 = EDGE_CURVE('',#2270,#2272,#2274,.T.);
#2270 = VERTEX_POINT('',#2271);
#2271 = CARTESIAN_POINT('',(36.,-12.5,10.5));
#2272 = VERTEX_POINT('',#2273);
#2273 = CARTESIAN_POINT('',(33.403794858224,-13.99676387023,10.5));
#2274 = SURFACE_CURVE('',#2275,(#2280,#2287),.PCURVE_S1.);
#2275 = CIRCLE('',#2276,3.);
#2276 = AXIS2_PLACEMENT_3D('',#2277,#2278,#2279);
#2277 = CARTESIAN_POINT('',(36.,-15.5,10.5));
#2278 = DIRECTION('',(0.,0.,1.));
#2279 = DIRECTION('',(1.,0.,-0.));
#2280 = PCURVE('',#550,#2281);
#2281 = DEFINITIONAL_REPRESENTATION('',(#2282),#2286);
#2282 = LINE('',#2283,#2284);
#2283 = CARTESIAN_POINT('',(0.,5.5));
#2284 = VECTOR('',#2285,1.);
#2285 = DIRECTION('',(1.,0.));
#2286 = ( GEOMETRIC_REPRESENTATION_CONTEXT(2) 
PARAMETRIC_REPRESENTATION_CONTEXT() REPRESENTATION_CONTEXT('2D SPACE',''
  ) );
#2287 = PCURVE('',#2288,#2293);
#2288 = PLANE('',#2289);
#2289 = AXIS2_PLACEMENT_3D('',#2290,#2291,#2292);
#2290 = CARTESIAN_POINT('',(41.167051973961,-3.522887911711E-16,10.5));
#2291 = DIRECTION('',(0.,0.,1.));
#2292 = DIRECTION('',(1.,0.,-0.));
#2293 = DEFINITIONAL_REPRESENTATION('',(#2294),#2298);
#2294 = CIRCLE('',#2295,3.);
#2295 = AXIS2_PLACEMENT_2D('',#2296,#2297);
#2296 = CARTESIAN_POINT('',(-5.167051973961,-15.5));
#2297 = DIRECTION('',(1.,0.));
#2298 = ( GEOMETRIC_REPRESENTATION_CONTEXT(2) 
PARAMETRIC_REPRESENTATION_CONTEXT() REPRESENTATION_CONTEXT('2D SPACE',''
  ) );
#2299 = ORIENTED_EDGE('',*,*,#2300,.F.);
#2300 = EDGE_CURVE('',#530,#2270,#2301,.T.);
#2301 = SURFACE_CURVE('',#2302,(#2306,#2313),.PCURVE_S1.);
#2302 = LINE('',#2303,#2304);
#2303 = CARTESIAN_POINT('',(36.,-12.5,5.));
#2304 = VECTOR('',#2305,1.);
#2305 = DIRECTION('',(0.,0.,1.));
#2306 = PCURVE('',#550,#2307);
#2307 = DEFINITIONAL_REPRESENTATION('',(#2308),#2312);
#2308 = LINE('',#2309,#2310);
#2309 = CARTESIAN_POINT('',(1.570796326795,0.));
#2310 = VECTOR('',#2311,1.);
#2311 = DIRECTION('',(0.,1.));
#2312 = ( GEOMETRIC_REPRESENTATION_CONTEXT(2) 
PARAMETRIC_REPRESENTATION_CONTEXT() REPRESENTATION_CONTEXT('2D SPACE',''
  ) );
#2313 = PCURVE('',#578,#2314);
#2314 = DEFINITIONAL_REPRESENTATION('',(#2315),#2319);
#2315 = LINE('',#2316,#2317);
#2316 = CARTESIAN_POINT('',(0.,0.));
#2317 = VECTOR('',#2318,1.);
#2318 = DIRECTION('',(1.,0.));
#2319 = ( GEOMETRIC_REPRESENTATION_CONTEXT(2) 
PARAMETRIC_REPRESENTATION_CONTEXT() REPRESENTATION_CONTEXT('2D SPACE',''
  ) );
#2320 = ORIENTED_EDGE('',*,*,#529,.T.);
#2321 = ORIENTED_EDGE('',*,*,#2196,.T.);
#2322 = ORIENTED_EDGE('',*,*,#2323,.F.);
#2323 = EDGE_CURVE('',#2324,#2169,#2326,.T.);
#2324 = VERTEX_POINT('',#2325);
#2325 = CARTESIAN_POINT('',(33.401923788647,-14.,9.));
#2326 = SURFACE_CURVE('',#2327,(#2332,#2339),.PCURVE_S1.);
#2327 = CIRCLE('',#2328,3.);
#2328 = AXIS2_PLACEMENT_3D('',#2329,#2330,#2331);
#2329 = CARTESIAN_POINT('',(36.,-15.5,9.));
#2330 = DIRECTION('',(0.,0.,1.));
#2331 = DIRECTION('',(1.,0.,-0.));
#2332 = PCURVE('',#550,#2333);
#2333 = DEFINITIONAL_REPRESENTATION('',(#2334),#2338);
#2334 = LINE('',#2335,#2336);
#2335 = CARTESIAN_POINT('',(0.,4.));
#2336 = VECTOR('',#2337,1.);
#2337 = DIRECTION('',(1.,0.));
#2338 = ( GEOMETRIC_REPRESENTATION_CONTEXT(2) 
PARAMETRIC_REPRESENTATION_CONTEXT() REPRESENTATION_CONTEXT('2D SPACE',''
  ) );
#2339 = PCURVE('',#2184,#2340);
#2340 = DEFINITIONAL_REPRESENTATION('',(#2341),#2349);
#2341 = ( BOUNDED_CURVE() B_SPLINE_CURVE(2,(#2342,#2343,#2344,#2345,
#2346,#2347,#2348),.UNSPECIFIED.,.T.,.F.) B_SPLINE_CURVE_WITH_KNOTS((1,2
    ,2,2,2,1),(-2.094395102393,0.,2.094395102393,4.188790204786,
6.28318530718,8.377580409573),.UNSPECIFIED.) CURVE() 
GEOMETRIC_REPRESENTATION_ITEM() RATIONAL_B_SPLINE_CURVE((1.,0.5,1.,0.5,
1.,0.5,1.)) REPRESENTATION_ITEM('') );
#2342 = CARTESIAN_POINT('',(-3.,3.));
#2343 = CARTESIAN_POINT('',(-3.,8.196152422707));
#2344 = CARTESIAN_POINT('',(1.5,5.598076211353));
#2345 = CARTESIAN_POINT('',(6.,3.));
#2346 = CARTESIAN_POINT('',(1.5,0.401923788647));
#2347 = CARTESIAN_POINT('',(-3.,-2.196152422707));
#2348 = CARTESIAN_POINT('',(-3.,3.));
#2349 = ( GEOMETRIC_REPRESENTATION_CONTEXT(2) 
PARAMETRIC_REPRESENTATION_CONTEXT() REPRESENTATION_CONTEXT('2D SPACE',''
  ) );
#2350 = ORIENTED_EDGE('',*,*,#2351,.T.);
#2351 = EDGE_CURVE('',#2324,#2272,#2352,.T.);
#2352 = SURFACE_CURVE('',#2353,(#2359,#2368),.PCURVE_S1.);
#2353 = B_SPLINE_CURVE_WITH_KNOTS('',4,(#2354,#2355,#2356,#2357,#2358),
  .UNSPECIFIED.,.F.,.F.,(5,5),(0.,1.),.PIECEWISE_BEZIER_KNOTS.);
#2354 = CARTESIAN_POINT('',(33.401923788647,-14.,9.));
#2355 = CARTESIAN_POINT('',(33.403518472164,-13.99723792712,
    9.375018647324));
#2356 = CARTESIAN_POINT('',(33.40434717154,-13.99581150972,
    9.750027422717));
#2357 = CARTESIAN_POINT('',(33.404428003247,-13.99567037978,
    10.125022414387));
#2358 = CARTESIAN_POINT('',(33.403794857211,-13.99676387198,10.5000006)
  );
#2359 = PCURVE('',#550,#2360);
#2360 = DEFINITIONAL_REPRESENTATION('',(#2361),#2367);
#2361 = B_SPLINE_CURVE_WITH_KNOTS('',4,(#2362,#2363,#2364,#2365,#2366),
  .UNSPECIFIED.,.F.,.F.,(5,5),(0.,1.),.PIECEWISE_BEZIER_KNOTS.);
#2362 = CARTESIAN_POINT('',(2.617993877991,4.));
#2363 = CARTESIAN_POINT('',(2.616930755647,4.375018647324));
#2364 = CARTESIAN_POINT('',(2.616380867222,4.750027422717));
#2365 = CARTESIAN_POINT('',(2.616326654542,5.125022414387));
#2366 = CARTESIAN_POINT('',(2.616747843219,5.5000006));
#2367 = ( GEOMETRIC_REPRESENTATION_CONTEXT(2) 
PARAMETRIC_REPRESENTATION_CONTEXT() REPRESENTATION_CONTEXT('2D SPACE',''
  ) );
#2368 = PCURVE('',#2150,#2369);
#2369 = DEFINITIONAL_REPRESENTATION('',(#2370),#2376);
#2370 = B_SPLINE_CURVE_WITH_KNOTS('',4,(#2371,#2372,#2373,#2374,#2375),
  .UNSPECIFIED.,.F.,.F.,(5,5),(0.,1.),.PIECEWISE_BEZIER_KNOTS.);
#2371 = CARTESIAN_POINT('',(41.533001268908,-0.401923788647));
#2372 = CARTESIAN_POINT('',(41.158260174259,-0.403518472164));
#2373 = CARTESIAN_POINT('',(40.783481488727,-0.40434717154));
#2374 = CARTESIAN_POINT('',(40.408670917288,-0.404428003247));
#2375 = CARTESIAN_POINT('',(40.033833286451,-0.403794857211));
#2376 = ( GEOMETRIC_REPRESENTATION_CONTEXT(2) 
PARAMETRIC_REPRESENTATION_CONTEXT() REPRESENTATION_CONTEXT('2D SPACE',''
  ) );
#2377 = ADVANCED_FACE('',(#2378),#984,.T.);
#2378 = FACE_BOUND('',#2379,.T.);
#2379 = EDGE_LOOP('',(#2380,#2404,#2405,#2406));
#2380 = ORIENTED_EDGE('',*,*,#2381,.F.);
#2381 = EDGE_CURVE('',#2223,#2382,#2384,.T.);
#2382 = VERTEX_POINT('',#2383);
#2383 = CARTESIAN_POINT('',(51.,-21.5,10.5));
#2384 = SURFACE_CURVE('',#2385,(#2390,#2397),.PCURVE_S1.);
#2385 = CIRCLE('',#2386,3.);
#2386 = AXIS2_PLACEMENT_3D('',#2387,#2388,#2389);
#2387 = CARTESIAN_POINT('',(48.,-21.5,10.5));
#2388 = DIRECTION('',(0.,0.,1.));
#2389 = DIRECTION('',(1.,0.,-0.));
#2390 = PCURVE('',#984,#2391);
#2391 = DEFINITIONAL_REPRESENTATION('',(#2392),#2396);
#2392 = LINE('',#2393,#2394);
#2393 = CARTESIAN_POINT('',(0.,5.5));
#2394 = VECTOR('',#2395,1.);
#2395 = DIRECTION('',(1.,0.));
#2396 = ( GEOMETRIC_REPRESENTATION_CONTEXT(2) 
PARAMETRIC_REPRESENTATION_CONTEXT() REPRESENTATION_CONTEXT('2D SPACE',''
  ) );
#2397 = PCURVE('',#1114,#2398);
#2398 = DEFINITIONAL_REPRESENTATION('',(#2399),#2403);
#2399 = CIRCLE('',#2400,3.);
#2400 = AXIS2_PLACEMENT_2D('',#2401,#2402);
#2401 = CARTESIAN_POINT('',(6.832948026039,-21.5));
#2402 = DIRECTION('',(1.,0.));
#2403 = ( GEOMETRIC_REPRESENTATION_CONTEXT(2) 
PARAMETRIC_REPRESENTATION_CONTEXT() REPRESENTATION_CONTEXT('2D SPACE',''
  ) );
#2404 = ORIENTED_EDGE('',*,*,#2245,.F.);
#2405 = ORIENTED_EDGE('',*,*,#963,.T.);
#2406 = ORIENTED_EDGE('',*,*,#2407,.T.);
#2407 = EDGE_CURVE('',#936,#2382,#2408,.T.);
#2408 = SURFACE_CURVE('',#2409,(#2413,#2419),.PCURVE_S1.);
#2409 = LINE('',#2410,#2411);
#2410 = CARTESIAN_POINT('',(51.,-21.5,5.));
#2411 = VECTOR('',#2412,1.);
#2412 = DIRECTION('',(0.,0.,1.));
#2413 = PCURVE('',#984,#2414);
#2414 = DEFINITIONAL_REPRESENTATION('',(#2415),#2418);
#2415 = B_SPLINE_CURVE_WITH_KNOTS('',1,(#2416,#2417),.UNSPECIFIED.,.F.,
  .F.,(2,2),(0.,5.5),.PIECEWISE_BEZIER_KNOTS.);
#2416 = CARTESIAN_POINT('',(6.28318530718,0.));
#2417 = CARTESIAN_POINT('',(6.28318530718,5.5));
#2418 = ( GEOMETRIC_REPRESENTATION_CONTEXT(2) 
PARAMETRIC_REPRESENTATION_CONTEXT() REPRESENTATION_CONTEXT('2D SPACE',''
  ) );
#2419 = PCURVE('',#951,#2420);
#2420 = DEFINITIONAL_REPRESENTATION('',(#2421),#2425);
#2421 = LINE('',#2422,#2423);
#2422 = CARTESIAN_POINT('',(0.,0.));
#2423 = VECTOR('',#2424,1.);
#2424 = DIRECTION('',(1.,0.));
#2425 = ( GEOMETRIC_REPRESENTATION_CONTEXT(2) 
PARAMETRIC_REPRESENTATION_CONTEXT() REPRESENTATION_CONTEXT('2D SPACE',''
  ) );
#2426 = ADVANCED_FACE('',(#2427),#578,.T.);
#2427 = FACE_BOUND('',#2428,.T.);
#2428 = EDGE_LOOP('',(#2429,#2430,#2431,#2454));
#2429 = ORIENTED_EDGE('',*,*,#562,.F.);
#2430 = ORIENTED_EDGE('',*,*,#2300,.T.);
#2431 = ORIENTED_EDGE('',*,*,#2432,.T.);
#2432 = EDGE_CURVE('',#2270,#2433,#2435,.T.);
#2433 = VERTEX_POINT('',#2434);
#2434 = CARTESIAN_POINT('',(37.,-12.5,10.5));
#2435 = SURFACE_CURVE('',#2436,(#2440,#2447),.PCURVE_S1.);
#2436 = LINE('',#2437,#2438);
#2437 = CARTESIAN_POINT('',(36.,-12.5,10.5));
#2438 = VECTOR('',#2439,1.);
#2439 = DIRECTION('',(1.,0.,-0.));
#2440 = PCURVE('',#578,#2441);
#2441 = DEFINITIONAL_REPRESENTATION('',(#2442),#2446);
#2442 = LINE('',#2443,#2444);
#2443 = CARTESIAN_POINT('',(5.5,0.));
#2444 = VECTOR('',#2445,1.);
#2445 = DIRECTION('',(0.,1.));
#2446 = ( GEOMETRIC_REPRESENTATION_CONTEXT(2) 
PARAMETRIC_REPRESENTATION_CONTEXT() REPRESENTATION_CONTEXT('2D SPACE',''
  ) );
#2447 = PCURVE('',#2288,#2448);
#2448 = DEFINITIONAL_REPRESENTATION('',(#2449),#2453);
#2449 = LINE('',#2450,#2451);
#2450 = CARTESIAN_POINT('',(-5.167051973961,-12.5));
#2451 = VECTOR('',#2452,1.);
#2452 = DIRECTION('',(1.,0.));
#2453 = ( GEOMETRIC_REPRESENTATION_CONTEXT(2) 
PARAMETRIC_REPRESENTATION_CONTEXT() REPRESENTATION_CONTEXT('2D SPACE',''
  ) );
#2454 = ORIENTED_EDGE('',*,*,#2455,.T.);
#2455 = EDGE_CURVE('',#2433,#563,#2456,.T.);
#2456 = SURFACE_CURVE('',#2457,(#2461,#2467),.PCURVE_S1.);
#2457 = LINE('',#2458,#2459);
#2458 = CARTESIAN_POINT('',(37.,-12.5,5.));
#2459 = VECTOR('',#2460,1.);
#2460 = DIRECTION('',(-0.,0.,-1.));
#2461 = PCURVE('',#578,#2462);
#2462 = DEFINITIONAL_REPRESENTATION('',(#2463),#2466);
#2463 = B_SPLINE_CURVE_WITH_KNOTS('',1,(#2464,#2465),.UNSPECIFIED.,.F.,
  .F.,(2,2),(-5.5,0.),.PIECEWISE_BEZIER_KNOTS.);
#2464 = CARTESIAN_POINT('',(5.5,1.));
#2465 = CARTESIAN_POINT('',(0.,1.));
#2466 = ( GEOMETRIC_REPRESENTATION_CONTEXT(2) 
PARAMETRIC_REPRESENTATION_CONTEXT() REPRESENTATION_CONTEXT('2D SPACE',''
  ) );
#2467 = PCURVE('',#606,#2468);
#2468 = DEFINITIONAL_REPRESENTATION('',(#2469),#2472);
#2469 = B_SPLINE_CURVE_WITH_KNOTS('',1,(#2470,#2471),.UNSPECIFIED.,.F.,
  .F.,(2,2),(-5.5,0.),.PIECEWISE_BEZIER_KNOTS.);
#2470 = CARTESIAN_POINT('',(5.5,-6.));
#2471 = CARTESIAN_POINT('',(0.,-6.));
#2472 = ( GEOMETRIC_REPRESENTATION_CONTEXT(2) 
PARAMETRIC_REPRESENTATION_CONTEXT() REPRESENTATION_CONTEXT('2D SPACE',''
  ) );
#2473 = ADVANCED_FACE('',(#2474),#951,.T.);
#2474 = FACE_BOUND('',#2475,.T.);
#2475 = EDGE_LOOP('',(#2476,#2477,#2478,#2479));
#2476 = ORIENTED_EDGE('',*,*,#2407,.F.);
#2477 = ORIENTED_EDGE('',*,*,#935,.T.);
#2478 = ORIENTED_EDGE('',*,*,#1126,.T.);
#2479 = ORIENTED_EDGE('',*,*,#2480,.F.);
#2480 = EDGE_CURVE('',#2382,#1096,#2481,.T.);
#2481 = SURFACE_CURVE('',#2482,(#2486,#2493),.PCURVE_S1.);
#2482 = LINE('',#2483,#2484);
#2483 = CARTESIAN_POINT('',(51.,-21.5,10.5));
#2484 = VECTOR('',#2485,1.);
#2485 = DIRECTION('',(-0.,1.,0.));
#2486 = PCURVE('',#951,#2487);
#2487 = DEFINITIONAL_REPRESENTATION('',(#2488),#2492);
#2488 = LINE('',#2489,#2490);
#2489 = CARTESIAN_POINT('',(5.5,0.));
#2490 = VECTOR('',#2491,1.);
#2491 = DIRECTION('',(0.,-1.));
#2492 = ( GEOMETRIC_REPRESENTATION_CONTEXT(2) 
PARAMETRIC_REPRESENTATION_CONTEXT() REPRESENTATION_CONTEXT('2D SPACE',''
  ) );
#2493 = PCURVE('',#1114,#2494);
#2494 = DEFINITIONAL_REPRESENTATION('',(#2495),#2499);
#2495 = LINE('',#2496,#2497);
#2496 = CARTESIAN_POINT('',(9.832948026039,-21.5));
#2497 = VECTOR('',#2498,1.);
#2498 = DIRECTION('',(0.,1.));
#2499 = ( GEOMETRIC_REPRESENTATION_CONTEXT(2) 
PARAMETRIC_REPRESENTATION_CONTEXT() REPRESENTATION_CONTEXT('2D SPACE',''
  ) );
#2500 = ADVANCED_FACE('',(#2501),#606,.F.);
#2501 = FACE_BOUND('',#2502,.F.);
#2502 = EDGE_LOOP('',(#2503,#2504,#2505,#2526));
#2503 = ORIENTED_EDGE('',*,*,#2455,.T.);
#2504 = ORIENTED_EDGE('',*,*,#590,.T.);
#2505 = ORIENTED_EDGE('',*,*,#2506,.F.);
#2506 = EDGE_CURVE('',#2507,#591,#2509,.T.);
#2507 = VERTEX_POINT('',#2508);
#2508 = CARTESIAN_POINT('',(37.,12.5,10.5));
#2509 = SURFACE_CURVE('',#2510,(#2514,#2520),.PCURVE_S1.);
#2510 = LINE('',#2511,#2512);
#2511 = CARTESIAN_POINT('',(37.,12.5,5.));
#2512 = VECTOR('',#2513,1.);
#2513 = DIRECTION('',(-0.,0.,-1.));
#2514 = PCURVE('',#606,#2515);
#2515 = DEFINITIONAL_REPRESENTATION('',(#2516),#2519);
#2516 = B_SPLINE_CURVE_WITH_KNOTS('',1,(#2517,#2518),.UNSPECIFIED.,.F.,
  .F.,(2,2),(-5.5,0.),.PIECEWISE_BEZIER_KNOTS.);
#2517 = CARTESIAN_POINT('',(5.5,-31.));
#2518 = CARTESIAN_POINT('',(0.,-31.));
#2519 = ( GEOMETRIC_REPRESENTATION_CONTEXT(2) 
PARAMETRIC_REPRESENTATION_CONTEXT() REPRESENTATION_CONTEXT('2D SPACE',''
  ) );
#2520 = PCURVE('',#634,#2521);
#2521 = DEFINITIONAL_REPRESENTATION('',(#2522),#2525);
#2522 = B_SPLINE_CURVE_WITH_KNOTS('',1,(#2523,#2524),.UNSPECIFIED.,.F.,
  .F.,(2,2),(-5.5,0.),.PIECEWISE_BEZIER_KNOTS.);
#2523 = CARTESIAN_POINT('',(5.5,1.));
#2524 = CARTESIAN_POINT('',(0.,1.));
#2525 = ( GEOMETRIC_REPRESENTATION_CONTEXT(2) 
PARAMETRIC_REPRESENTATION_CONTEXT() REPRESENTATION_CONTEXT('2D SPACE',''
  ) );
#2526 = ORIENTED_EDGE('',*,*,#2527,.F.);
#2527 = EDGE_CURVE('',#2433,#2507,#2528,.T.);
#2528 = SURFACE_CURVE('',#2529,(#2533,#2540),.PCURVE_S1.);
#2529 = LINE('',#2530,#2531);
#2530 = CARTESIAN_POINT('',(37.,-18.5,10.5));
#2531 = VECTOR('',#2532,1.);
#2532 = DIRECTION('',(-0.,1.,0.));
#2533 = PCURVE('',#606,#2534);
#2534 = DEFINITIONAL_REPRESENTATION('',(#2535),#2539);
#2535 = LINE('',#2536,#2537);
#2536 = CARTESIAN_POINT('',(5.5,0.));
#2537 = VECTOR('',#2538,1.);
#2538 = DIRECTION('',(0.,-1.));
#2539 = ( GEOMETRIC_REPRESENTATION_CONTEXT(2) 
PARAMETRIC_REPRESENTATION_CONTEXT() REPRESENTATION_CONTEXT('2D SPACE',''
  ) );
#2540 = PCURVE('',#2288,#2541);
#2541 = DEFINITIONAL_REPRESENTATION('',(#2542),#2546);
#2542 = LINE('',#2543,#2544);
#2543 = CARTESIAN_POINT('',(-4.167051973961,-18.5));
#2544 = VECTOR('',#2545,1.);
#2545 = DIRECTION('',(0.,1.));
#2546 = ( GEOMETRIC_REPRESENTATION_CONTEXT(2) 
PARAMETRIC_REPRESENTATION_CONTEXT() REPRESENTATION_CONTEXT('2D SPACE',''
  ) );
#2547 = ADVANCED_FACE('',(#2548),#634,.F.);
#2548 = FACE_BOUND('',#2549,.F.);
#2549 = EDGE_LOOP('',(#2550,#2551,#2574,#2595));
#2550 = ORIENTED_EDGE('',*,*,#618,.F.);
#2551 = ORIENTED_EDGE('',*,*,#2552,.T.);
#2552 = EDGE_CURVE('',#619,#2553,#2555,.T.);
#2553 = VERTEX_POINT('',#2554);
#2554 = CARTESIAN_POINT('',(36.,12.5,10.5));
#2555 = SURFACE_CURVE('',#2556,(#2560,#2567),.PCURVE_S1.);
#2556 = LINE('',#2557,#2558);
#2557 = CARTESIAN_POINT('',(36.,12.5,5.));
#2558 = VECTOR('',#2559,1.);
#2559 = DIRECTION('',(0.,0.,1.));
#2560 = PCURVE('',#634,#2561);
#2561 = DEFINITIONAL_REPRESENTATION('',(#2562),#2566);
#2562 = LINE('',#2563,#2564);
#2563 = CARTESIAN_POINT('',(0.,0.));
#2564 = VECTOR('',#2565,1.);
#2565 = DIRECTION('',(1.,0.));
#2566 = ( GEOMETRIC_REPRESENTATION_CONTEXT(2) 
PARAMETRIC_REPRESENTATION_CONTEXT() REPRESENTATION_CONTEXT('2D SPACE',''
  ) );
#2567 = PCURVE('',#667,#2568);
#2568 = DEFINITIONAL_REPRESENTATION('',(#2569),#2573);
#2569 = LINE('',#2570,#2571);
#2570 = CARTESIAN_POINT('',(4.712388980385,0.));
#2571 = VECTOR('',#2572,1.);
#2572 = DIRECTION('',(0.,1.));
#2573 = ( GEOMETRIC_REPRESENTATION_CONTEXT(2) 
PARAMETRIC_REPRESENTATION_CONTEXT() REPRESENTATION_CONTEXT('2D SPACE',''
  ) );
#2574 = ORIENTED_EDGE('',*,*,#2575,.T.);
#2575 = EDGE_CURVE('',#2553,#2507,#2576,.T.);
#2576 = SURFACE_CURVE('',#2577,(#2581,#2588),.PCURVE_S1.);
#2577 = LINE('',#2578,#2579);
#2578 = CARTESIAN_POINT('',(36.,12.5,10.5));
#2579 = VECTOR('',#2580,1.);
#2580 = DIRECTION('',(1.,0.,-0.));
#2581 = PCURVE('',#634,#2582);
#2582 = DEFINITIONAL_REPRESENTATION('',(#2583),#2587);
#2583 = LINE('',#2584,#2585);
#2584 = CARTESIAN_POINT('',(5.5,0.));
#2585 = VECTOR('',#2586,1.);
#2586 = DIRECTION('',(0.,1.));
#2587 = ( GEOMETRIC_REPRESENTATION_CONTEXT(2) 
PARAMETRIC_REPRESENTATION_CONTEXT() REPRESENTATION_CONTEXT('2D SPACE',''
  ) );
#2588 = PCURVE('',#2288,#2589);
#2589 = DEFINITIONAL_REPRESENTATION('',(#2590),#2594);
#2590 = LINE('',#2591,#2592);
#2591 = CARTESIAN_POINT('',(-5.167051973961,12.5));
#2592 = VECTOR('',#2593,1.);
#2593 = DIRECTION('',(1.,0.));
#2594 = ( GEOMETRIC_REPRESENTATION_CONTEXT(2) 
PARAMETRIC_REPRESENTATION_CONTEXT() REPRESENTATION_CONTEXT('2D SPACE',''
  ) );
#2595 = ORIENTED_EDGE('',*,*,#2506,.T.);
#2596 = ADVANCED_FACE('',(#2597),#667,.T.);
#2597 = FACE_BOUND('',#2598,.T.);
#2598 = EDGE_LOOP('',(#2599,#2623,#2673,#2699,#2700,#2701));
#2599 = ORIENTED_EDGE('',*,*,#2600,.F.);
#2600 = EDGE_CURVE('',#2601,#2553,#2603,.T.);
#2601 = VERTEX_POINT('',#2602);
#2602 = CARTESIAN_POINT('',(33.403794858224,13.996763870239,10.5));
#2603 = SURFACE_CURVE('',#2604,(#2609,#2616),.PCURVE_S1.);
#2604 = CIRCLE('',#2605,3.);
#2605 = AXIS2_PLACEMENT_3D('',#2606,#2607,#2608);
#2606 = CARTESIAN_POINT('',(36.,15.5,10.5));
#2607 = DIRECTION('',(0.,0.,1.));
#2608 = DIRECTION('',(1.,0.,-0.));
#2609 = PCURVE('',#667,#2610);
#2610 = DEFINITIONAL_REPRESENTATION('',(#2611),#2615);
#2611 = LINE('',#2612,#2613);
#2612 = CARTESIAN_POINT('',(0.,5.5));
#2613 = VECTOR('',#2614,1.);
#2614 = DIRECTION('',(1.,0.));
#2615 = ( GEOMETRIC_REPRESENTATION_CONTEXT(2) 
PARAMETRIC_REPRESENTATION_CONTEXT() REPRESENTATION_CONTEXT('2D SPACE',''
  ) );
#2616 = PCURVE('',#2288,#2617);
#2617 = DEFINITIONAL_REPRESENTATION('',(#2618),#2622);
#2618 = CIRCLE('',#2619,3.);
#2619 = AXIS2_PLACEMENT_2D('',#2620,#2621);
#2620 = CARTESIAN_POINT('',(-5.167051973961,15.5));
#2621 = DIRECTION('',(1.,0.));
#2622 = ( GEOMETRIC_REPRESENTATION_CONTEXT(2) 
PARAMETRIC_REPRESENTATION_CONTEXT() REPRESENTATION_CONTEXT('2D SPACE',''
  ) );
#2623 = ORIENTED_EDGE('',*,*,#2624,.T.);
#2624 = EDGE_CURVE('',#2601,#2625,#2627,.T.);
#2625 = VERTEX_POINT('',#2626);
#2626 = CARTESIAN_POINT('',(33.401923788647,14.,9.));
#2627 = SURFACE_CURVE('',#2628,(#2641,#2657),.PCURVE_S1.);
#2628 = B_SPLINE_CURVE_WITH_KNOTS('',6,(#2629,#2630,#2631,#2632,#2633,
    #2634,#2635,#2636,#2637,#2638,#2639,#2640),.UNSPECIFIED.,.F.,.F.,(7,
    5,7),(0.,0.230817854437,1.),.UNSPECIFIED.);
#2629 = CARTESIAN_POINT('',(33.403794857211,13.996763871989,10.5000006)
  );
#2630 = CARTESIAN_POINT('',(33.403892284817,13.996595606963,
    10.442299492356));
#2631 = CARTESIAN_POINT('',(33.40397449559,13.996453652804,
    10.384598057588));
#2632 = CARTESIAN_POINT('',(33.404041407301,13.996338133729,
    10.326896192712));
#2633 = CARTESIAN_POINT('',(33.404092939943,13.996249174811,
    10.269194068123));
#2634 = CARTESIAN_POINT('',(33.404129016626,13.996186900125,
    10.211491563685));
#2635 = CARTESIAN_POINT('',(33.40421803206,13.996033247185,
    9.961498677279));
#2636 = CARTESIAN_POINT('',(33.404114043455,13.996212772497,
    9.769204975971));
#2637 = CARTESIAN_POINT('',(33.403834827073,13.996694615705,
    9.576907932615));
#2638 = CARTESIAN_POINT('',(33.403377991375,13.997483375126,
    9.384607862032));
#2639 = CARTESIAN_POINT('',(33.402741523376,13.998583641901,
    9.192305099349));
#2640 = CARTESIAN_POINT('',(33.401923788647,14.,9.));
#2641 = PCURVE('',#667,#2642);
#2642 = DEFINITIONAL_REPRESENTATION('',(#2643),#2656);
#2643 = B_SPLINE_CURVE_WITH_KNOTS('',6,(#2644,#2645,#2646,#2647,#2648,
    #2649,#2650,#2651,#2652,#2653,#2654,#2655),.UNSPECIFIED.,.F.,.F.,(7,
    5,7),(0.,0.230817854437,1.),.UNSPECIFIED.);
#2644 = CARTESIAN_POINT('',(3.66643746396,5.5000006));
#2645 = CARTESIAN_POINT('',(3.666502275874,5.442299492356));
#2646 = CARTESIAN_POINT('',(3.666556956354,5.384598057588));
#2647 = CARTESIAN_POINT('',(3.666601455834,5.326896192712));
#2648 = CARTESIAN_POINT('',(3.666635724872,5.269194068123));
#2649 = CARTESIAN_POINT('',(3.666659714832,5.211491563685));
#2650 = CARTESIAN_POINT('',(3.666718906585,4.961498677278));
#2651 = CARTESIAN_POINT('',(3.666649750524,4.769204975971));
#2652 = CARTESIAN_POINT('',(3.666464118112,4.576907932615));
#2653 = CARTESIAN_POINT('',(3.666160283427,4.384607862032));
#2654 = CARTESIAN_POINT('',(3.665736585675,4.192305099349));
#2655 = CARTESIAN_POINT('',(3.665191429188,4.));
#2656 = ( GEOMETRIC_REPRESENTATION_CONTEXT(2) 
PARAMETRIC_REPRESENTATION_CONTEXT() REPRESENTATION_CONTEXT('2D SPACE',''
  ) );
#2657 = PCURVE('',#2080,#2658);
#2658 = DEFINITIONAL_REPRESENTATION('',(#2659),#2672);
#2659 = B_SPLINE_CURVE_WITH_KNOTS('',6,(#2660,#2661,#2662,#2663,#2664,
    #2665,#2666,#2667,#2668,#2669,#2670,#2671),.UNSPECIFIED.,.F.,.F.,(7,
    5,7),(0.,0.230817854437,1.),.UNSPECIFIED.);
#2660 = CARTESIAN_POINT('',(1.499168000295,-0.40379456681));
#2661 = CARTESIAN_POINT('',(1.441488521019,-0.403891994417));
#2662 = CARTESIAN_POINT('',(1.383809562471,-0.403975620615));
#2663 = CARTESIAN_POINT('',(1.326131340267,-0.404040249315));
#2664 = CARTESIAN_POINT('',(1.268453562739,-0.40409339402));
#2665 = CARTESIAN_POINT('',(1.210776480405,-0.404129016626));
#2666 = CARTESIAN_POINT('',(0.960897739196,-0.40421803206));
#2667 = CARTESIAN_POINT('',(0.768702414337,-0.404114043455));
#2668 = CARTESIAN_POINT('',(0.576514489418,-0.403834827073));
#2669 = CARTESIAN_POINT('',(0.38433444299,-0.403377991375));
#2670 = CARTESIAN_POINT('',(0.192162773641,-0.402741523376));
#2671 = CARTESIAN_POINT('',(0.,-0.401923788647));
#2672 = ( GEOMETRIC_REPRESENTATION_CONTEXT(2) 
PARAMETRIC_REPRESENTATION_CONTEXT() REPRESENTATION_CONTEXT('2D SPACE',''
  ) );
#2673 = ORIENTED_EDGE('',*,*,#2674,.F.);
#2674 = EDGE_CURVE('',#2006,#2625,#2675,.T.);
#2675 = SURFACE_CURVE('',#2676,(#2681,#2688),.PCURVE_S1.);
#2676 = CIRCLE('',#2677,3.);
#2677 = AXIS2_PLACEMENT_3D('',#2678,#2679,#2680);
#2678 = CARTESIAN_POINT('',(36.,15.5,9.));
#2679 = DIRECTION('',(0.,0.,1.));
#2680 = DIRECTION('',(1.,0.,-0.));
#2681 = PCURVE('',#667,#2682);
#2682 = DEFINITIONAL_REPRESENTATION('',(#2683),#2687);
#2683 = LINE('',#2684,#2685);
#2684 = CARTESIAN_POINT('',(0.,4.));
#2685 = VECTOR('',#2686,1.);
#2686 = DIRECTION('',(1.,0.));
#2687 = ( GEOMETRIC_REPRESENTATION_CONTEXT(2) 
PARAMETRIC_REPRESENTATION_CONTEXT() REPRESENTATION_CONTEXT('2D SPACE',''
  ) );
#2688 = PCURVE('',#2044,#2689);
#2689 = DEFINITIONAL_REPRESENTATION('',(#2690),#2698);
#2690 = ( BOUNDED_CURVE() B_SPLINE_CURVE(2,(#2691,#2692,#2693,#2694,
#2695,#2696,#2697),.UNSPECIFIED.,.T.,.F.) B_SPLINE_CURVE_WITH_KNOTS((1,2
    ,2,2,2,1),(-2.094395102393,0.,2.094395102393,4.188790204786,
6.28318530718,8.377580409573),.UNSPECIFIED.) CURVE() 
GEOMETRIC_REPRESENTATION_ITEM() RATIONAL_B_SPLINE_CURVE((1.,0.5,1.,0.5,
1.,0.5,1.)) REPRESENTATION_ITEM('') );
#2691 = CARTESIAN_POINT('',(-3.,-3.));
#2692 = CARTESIAN_POINT('',(-3.,2.196152422707));
#2693 = CARTESIAN_POINT('',(1.5,-0.401923788647));
#2694 = CARTESIAN_POINT('',(6.,-3.));
#2695 = CARTESIAN_POINT('',(1.5,-5.598076211353));
#2696 = CARTESIAN_POINT('',(-3.,-8.196152422707));
#2697 = CARTESIAN_POINT('',(-3.,-3.));
#2698 = ( GEOMETRIC_REPRESENTATION_CONTEXT(2) 
PARAMETRIC_REPRESENTATION_CONTEXT() REPRESENTATION_CONTEXT('2D SPACE',''
  ) );
#2699 = ORIENTED_EDGE('',*,*,#2005,.F.);
#2700 = ORIENTED_EDGE('',*,*,#646,.T.);
#2701 = ORIENTED_EDGE('',*,*,#2552,.T.);
#2702 = ADVANCED_FACE('',(#2703),#873,.F.);
#2703 = FACE_BOUND('',#2704,.F.);
#2704 = EDGE_LOOP('',(#2705,#2706,#2707,#2708));
#2705 = ORIENTED_EDGE('',*,*,#857,.F.);
#2706 = ORIENTED_EDGE('',*,*,#1309,.F.);
#2707 = ORIENTED_EDGE('',*,*,#1256,.F.);
#2708 = ORIENTED_EDGE('',*,*,#2709,.F.);
#2709 = EDGE_CURVE('',#825,#1257,#2710,.T.);
#2710 = SURFACE_CURVE('',#2711,(#2715,#2722),.PCURVE_S1.);
#2711 = LINE('',#2712,#2713);
#2712 = CARTESIAN_POINT('',(48.,12.5,5.));
#2713 = VECTOR('',#2714,1.);
#2714 = DIRECTION('',(0.,0.,1.));
#2715 = PCURVE('',#873,#2716);
#2716 = DEFINITIONAL_REPRESENTATION('',(#2717),#2721);
#2717 = LINE('',#2718,#2719);
#2718 = CARTESIAN_POINT('',(0.,12.));
#2719 = VECTOR('',#2720,1.);
#2720 = DIRECTION('',(1.,0.));
#2721 = ( GEOMETRIC_REPRESENTATION_CONTEXT(2) 
PARAMETRIC_REPRESENTATION_CONTEXT() REPRESENTATION_CONTEXT('2D SPACE',''
  ) );
#2722 = PCURVE('',#845,#2723);
#2723 = DEFINITIONAL_REPRESENTATION('',(#2724),#2728);
#2724 = LINE('',#2725,#2726);
#2725 = CARTESIAN_POINT('',(4.712388980385,0.));
#2726 = VECTOR('',#2727,1.);
#2727 = DIRECTION('',(0.,1.));
#2728 = ( GEOMETRIC_REPRESENTATION_CONTEXT(2) 
PARAMETRIC_REPRESENTATION_CONTEXT() REPRESENTATION_CONTEXT('2D SPACE',''
  ) );
#2729 = ADVANCED_FACE('',(#2730),#723,.T.);
#2730 = FACE_BOUND('',#2731,.T.);
#2731 = EDGE_LOOP('',(#2732,#2763,#2784,#2785,#2786,#2814));
#2732 = ORIENTED_EDGE('',*,*,#2733,.F.);
#2733 = EDGE_CURVE('',#2734,#2736,#2738,.T.);
#2734 = VERTEX_POINT('',#2735);
#2735 = CARTESIAN_POINT('',(36.,24.5,10.5));
#2736 = VERTEX_POINT('',#2737);
#2737 = CARTESIAN_POINT('',(33.403794858224,23.003236129761,10.5));
#2738 = SURFACE_CURVE('',#2739,(#2744,#2751),.PCURVE_S1.);
#2739 = CIRCLE('',#2740,3.);
#2740 = AXIS2_PLACEMENT_3D('',#2741,#2742,#2743);
#2741 = CARTESIAN_POINT('',(36.,21.5,10.5));
#2742 = DIRECTION('',(0.,0.,1.));
#2743 = DIRECTION('',(1.,0.,-0.));
#2744 = PCURVE('',#723,#2745);
#2745 = DEFINITIONAL_REPRESENTATION('',(#2746),#2750);
#2746 = LINE('',#2747,#2748);
#2747 = CARTESIAN_POINT('',(0.,5.5));
#2748 = VECTOR('',#2749,1.);
#2749 = DIRECTION('',(1.,0.));
#2750 = ( GEOMETRIC_REPRESENTATION_CONTEXT(2) 
PARAMETRIC_REPRESENTATION_CONTEXT() REPRESENTATION_CONTEXT('2D SPACE',''
  ) );
#2751 = PCURVE('',#2752,#2757);
#2752 = PLANE('',#2753);
#2753 = AXIS2_PLACEMENT_3D('',#2754,#2755,#2756);
#2754 = CARTESIAN_POINT('',(41.167051973961,-3.522887911711E-16,10.5));
#2755 = DIRECTION('',(0.,0.,1.));
#2756 = DIRECTION('',(1.,0.,-0.));
#2757 = DEFINITIONAL_REPRESENTATION('',(#2758),#2762);
#2758 = CIRCLE('',#2759,3.);
#2759 = AXIS2_PLACEMENT_2D('',#2760,#2761);
#2760 = CARTESIAN_POINT('',(-5.167051973961,21.5));
#2761 = DIRECTION('',(1.,0.));
#2762 = ( GEOMETRIC_REPRESENTATION_CONTEXT(2) 
PARAMETRIC_REPRESENTATION_CONTEXT() REPRESENTATION_CONTEXT('2D SPACE',''
  ) );
#2763 = ORIENTED_EDGE('',*,*,#2764,.F.);
#2764 = EDGE_CURVE('',#703,#2734,#2765,.T.);
#2765 = SURFACE_CURVE('',#2766,(#2770,#2777),.PCURVE_S1.);
#2766 = LINE('',#2767,#2768);
#2767 = CARTESIAN_POINT('',(36.,24.5,5.));
#2768 = VECTOR('',#2769,1.);
#2769 = DIRECTION('',(0.,0.,1.));
#2770 = PCURVE('',#723,#2771);
#2771 = DEFINITIONAL_REPRESENTATION('',(#2772),#2776);
#2772 = LINE('',#2773,#2774);
#2773 = CARTESIAN_POINT('',(1.570796326795,0.));
#2774 = VECTOR('',#2775,1.);
#2775 = DIRECTION('',(0.,1.));
#2776 = ( GEOMETRIC_REPRESENTATION_CONTEXT(2) 
PARAMETRIC_REPRESENTATION_CONTEXT() REPRESENTATION_CONTEXT('2D SPACE',''
  ) );
#2777 = PCURVE('',#751,#2778);
#2778 = DEFINITIONAL_REPRESENTATION('',(#2779),#2783);
#2779 = LINE('',#2780,#2781);
#2780 = CARTESIAN_POINT('',(0.,0.));
#2781 = VECTOR('',#2782,1.);
#2782 = DIRECTION('',(1.,0.));
#2783 = ( GEOMETRIC_REPRESENTATION_CONTEXT(2) 
PARAMETRIC_REPRESENTATION_CONTEXT() REPRESENTATION_CONTEXT('2D SPACE',''
  ) );
#2784 = ORIENTED_EDGE('',*,*,#702,.T.);
#2785 = ORIENTED_EDGE('',*,*,#1983,.T.);
#2786 = ORIENTED_EDGE('',*,*,#2787,.F.);
#2787 = EDGE_CURVE('',#2788,#1956,#2790,.T.);
#2788 = VERTEX_POINT('',#2789);
#2789 = CARTESIAN_POINT('',(33.401923788647,23.,9.));
#2790 = SURFACE_CURVE('',#2791,(#2796,#2803),.PCURVE_S1.);
#2791 = CIRCLE('',#2792,3.);
#2792 = AXIS2_PLACEMENT_3D('',#2793,#2794,#2795);
#2793 = CARTESIAN_POINT('',(36.,21.5,9.));
#2794 = DIRECTION('',(0.,0.,1.));
#2795 = DIRECTION('',(1.,0.,-0.));
#2796 = PCURVE('',#723,#2797);
#2797 = DEFINITIONAL_REPRESENTATION('',(#2798),#2802);
#2798 = LINE('',#2799,#2800);
#2799 = CARTESIAN_POINT('',(0.,4.));
#2800 = VECTOR('',#2801,1.);
#2801 = DIRECTION('',(1.,0.));
#2802 = ( GEOMETRIC_REPRESENTATION_CONTEXT(2) 
PARAMETRIC_REPRESENTATION_CONTEXT() REPRESENTATION_CONTEXT('2D SPACE',''
  ) );
#2803 = PCURVE('',#1971,#2804);
#2804 = DEFINITIONAL_REPRESENTATION('',(#2805),#2813);
#2805 = ( BOUNDED_CURVE() B_SPLINE_CURVE(2,(#2806,#2807,#2808,#2809,
#2810,#2811,#2812),.UNSPECIFIED.,.T.,.F.) B_SPLINE_CURVE_WITH_KNOTS((1,2
    ,2,2,2,1),(-2.094395102393,0.,2.094395102393,4.188790204786,
6.28318530718,8.377580409573),.UNSPECIFIED.) CURVE() 
GEOMETRIC_REPRESENTATION_ITEM() RATIONAL_B_SPLINE_CURVE((1.,0.5,1.,0.5,
1.,0.5,1.)) REPRESENTATION_ITEM('') );
#2806 = CARTESIAN_POINT('',(-3.,3.));
#2807 = CARTESIAN_POINT('',(-3.,8.196152422707));
#2808 = CARTESIAN_POINT('',(1.5,5.598076211353));
#2809 = CARTESIAN_POINT('',(6.,3.));
#2810 = CARTESIAN_POINT('',(1.5,0.401923788647));
#2811 = CARTESIAN_POINT('',(-3.,-2.196152422707));
#2812 = CARTESIAN_POINT('',(-3.,3.));
#2813 = ( GEOMETRIC_REPRESENTATION_CONTEXT(2) 
PARAMETRIC_REPRESENTATION_CONTEXT() REPRESENTATION_CONTEXT('2D SPACE',''
  ) );
#2814 = ORIENTED_EDGE('',*,*,#2815,.T.);
#2815 = EDGE_CURVE('',#2788,#2736,#2816,.T.);
#2816 = SURFACE_CURVE('',#2817,(#2823,#2832),.PCURVE_S1.);
#2817 = B_SPLINE_CURVE_WITH_KNOTS('',4,(#2818,#2819,#2820,#2821,#2822),
  .UNSPECIFIED.,.F.,.F.,(5,5),(0.,1.),.PIECEWISE_BEZIER_KNOTS.);
#2818 = CARTESIAN_POINT('',(33.401923788647,23.,9.));
#2819 = CARTESIAN_POINT('',(33.403518472164,23.002762072874,
    9.375018647324));
#2820 = CARTESIAN_POINT('',(33.40434717154,23.004188490271,
    9.750027422717));
#2821 = CARTESIAN_POINT('',(33.404428003247,23.004329620219,
    10.125022414387));
#2822 = CARTESIAN_POINT('',(33.403794857211,23.003236128011,10.5000006)
  );
#2823 = PCURVE('',#723,#2824);
#2824 = DEFINITIONAL_REPRESENTATION('',(#2825),#2831);
#2825 = B_SPLINE_CURVE_WITH_KNOTS('',4,(#2826,#2827,#2828,#2829,#2830),
  .UNSPECIFIED.,.F.,.F.,(5,5),(0.,1.),.PIECEWISE_BEZIER_KNOTS.);
#2826 = CARTESIAN_POINT('',(2.617993877991,4.));
#2827 = CARTESIAN_POINT('',(2.616930755647,4.375018647324));
#2828 = CARTESIAN_POINT('',(2.616380867222,4.750027422717));
#2829 = CARTESIAN_POINT('',(2.616326654542,5.125022414387));
#2830 = CARTESIAN_POINT('',(2.616747843219,5.5000006));
#2831 = ( GEOMETRIC_REPRESENTATION_CONTEXT(2) 
PARAMETRIC_REPRESENTATION_CONTEXT() REPRESENTATION_CONTEXT('2D SPACE',''
  ) );
#2832 = PCURVE('',#1937,#2833);
#2833 = DEFINITIONAL_REPRESENTATION('',(#2834),#2840);
#2834 = B_SPLINE_CURVE_WITH_KNOTS('',4,(#2835,#2836,#2837,#2838,#2839),
  .UNSPECIFIED.,.F.,.F.,(5,5),(0.,1.),.PIECEWISE_BEZIER_KNOTS.);
#2835 = CARTESIAN_POINT('',(41.533001268908,-0.401923788647));
#2836 = CARTESIAN_POINT('',(41.158260174259,-0.403518472164));
#2837 = CARTESIAN_POINT('',(40.783481488727,-0.40434717154));
#2838 = CARTESIAN_POINT('',(40.408670917288,-0.404428003247));
#2839 = CARTESIAN_POINT('',(40.033833286451,-0.403794857211));
#2840 = ( GEOMETRIC_REPRESENTATION_CONTEXT(2) 
PARAMETRIC_REPRESENTATION_CONTEXT() REPRESENTATION_CONTEXT('2D SPACE',''
  ) );
#2841 = ADVANCED_FACE('',(#2842),#845,.T.);
#2842 = FACE_BOUND('',#2843,.T.);
#2843 = EDGE_LOOP('',(#2844,#2870,#2896,#2897,#2898,#2899));
#2844 = ORIENTED_EDGE('',*,*,#2845,.F.);
#2845 = EDGE_CURVE('',#2846,#2848,#2850,.T.);
#2846 = VERTEX_POINT('',#2847);
#2847 = CARTESIAN_POINT('',(48.375510204082,12.523594099147,10.5));
#2848 = VERTEX_POINT('',#2849);
#2849 = CARTESIAN_POINT('',(51.,15.5,10.5));
#2850 = SURFACE_CURVE('',#2851,(#2856,#2863),.PCURVE_S1.);
#2851 = CIRCLE('',#2852,3.);
#2852 = AXIS2_PLACEMENT_3D('',#2853,#2854,#2855);
#2853 = CARTESIAN_POINT('',(48.,15.5,10.5));
#2854 = DIRECTION('',(0.,0.,1.));
#2855 = DIRECTION('',(1.,0.,-0.));
#2856 = PCURVE('',#845,#2857);
#2857 = DEFINITIONAL_REPRESENTATION('',(#2858),#2862);
#2858 = LINE('',#2859,#2860);
#2859 = CARTESIAN_POINT('',(0.,5.5));
#2860 = VECTOR('',#2861,1.);
#2861 = DIRECTION('',(1.,0.));
#2862 = ( GEOMETRIC_REPRESENTATION_CONTEXT(2) 
PARAMETRIC_REPRESENTATION_CONTEXT() REPRESENTATION_CONTEXT('2D SPACE',''
  ) );
#2863 = PCURVE('',#2752,#2864);
#2864 = DEFINITIONAL_REPRESENTATION('',(#2865),#2869);
#2865 = CIRCLE('',#2866,3.);
#2866 = AXIS2_PLACEMENT_2D('',#2867,#2868);
#2867 = CARTESIAN_POINT('',(6.832948026039,15.5));
#2868 = DIRECTION('',(1.,0.));
#2869 = ( GEOMETRIC_REPRESENTATION_CONTEXT(2) 
PARAMETRIC_REPRESENTATION_CONTEXT() REPRESENTATION_CONTEXT('2D SPACE',''
  ) );
#2870 = ORIENTED_EDGE('',*,*,#2871,.T.);
#2871 = EDGE_CURVE('',#2846,#1211,#2872,.T.);
#2872 = SURFACE_CURVE('',#2873,(#2878,#2889),.PCURVE_S1.);
#2873 = ELLIPSE('',#2874,7.805430192144,3.);
#2874 = AXIS2_PLACEMENT_3D('',#2875,#2876,#2877);
#2875 = CARTESIAN_POINT('',(48.,15.5,11.401960784314));
#2876 = DIRECTION('',(0.923188367016,0.,0.384347809941));
#2877 = DIRECTION('',(-0.384347809941,0.,0.923188367016));
#2878 = PCURVE('',#845,#2879);
#2879 = DEFINITIONAL_REPRESENTATION('',(#2880),#2888);
#2880 = B_SPLINE_CURVE_WITH_KNOTS('',6,(#2881,#2882,#2883,#2884,#2885,
    #2886,#2887),.UNSPECIFIED.,.F.,.F.,(7,7),(1.696295488349,
    2.309504442574),.PIECEWISE_BEZIER_KNOTS.);
#2881 = CARTESIAN_POINT('',(4.837888141939,5.5000006));
#2882 = CARTESIAN_POINT('',(4.940089634309,4.769340635232));
#2883 = CARTESIAN_POINT('',(5.04229112668,4.049986243845));
#2884 = CARTESIAN_POINT('',(5.144492619051,3.35567293671));
#2885 = CARTESIAN_POINT('',(5.246694111422,2.699790412268));
#2886 = CARTESIAN_POINT('',(5.348895603793,2.094487666233));
#2887 = CARTESIAN_POINT('',(5.451097096164,1.55));
#2888 = ( GEOMETRIC_REPRESENTATION_CONTEXT(2) 
PARAMETRIC_REPRESENTATION_CONTEXT() REPRESENTATION_CONTEXT('2D SPACE',''
  ) );
#2889 = PCURVE('',#1195,#2890);
#2890 = DEFINITIONAL_REPRESENTATION('',(#2891),#2895);
#2891 = ELLIPSE('',#2892,7.805430192144,3.);
#2892 = AXIS2_PLACEMENT_2D('',#2893,#2894);
#2893 = CARTESIAN_POINT('',(2.601810064048,-30.));
#2894 = DIRECTION('',(1.,0.));
#2895 = ( GEOMETRIC_REPRESENTATION_CONTEXT(2) 
PARAMETRIC_REPRESENTATION_CONTEXT() REPRESENTATION_CONTEXT('2D SPACE',''
  ) );
#2896 = ORIENTED_EDGE('',*,*,#1277,.F.);
#2897 = ORIENTED_EDGE('',*,*,#2709,.F.);
#2898 = ORIENTED_EDGE('',*,*,#824,.T.);
#2899 = ORIENTED_EDGE('',*,*,#2900,.T.);
#2900 = EDGE_CURVE('',#797,#2848,#2901,.T.);
#2901 = SURFACE_CURVE('',#2902,(#2906,#2912),.PCURVE_S1.);
#2902 = LINE('',#2903,#2904);
#2903 = CARTESIAN_POINT('',(51.,15.5,5.));
#2904 = VECTOR('',#2905,1.);
#2905 = DIRECTION('',(0.,0.,1.));
#2906 = PCURVE('',#845,#2907);
#2907 = DEFINITIONAL_REPRESENTATION('',(#2908),#2911);
#2908 = B_SPLINE_CURVE_WITH_KNOTS('',1,(#2909,#2910),.UNSPECIFIED.,.F.,
  .F.,(2,2),(0.,5.5),.PIECEWISE_BEZIER_KNOTS.);
#2909 = CARTESIAN_POINT('',(6.28318530718,0.));
#2910 = CARTESIAN_POINT('',(6.28318530718,5.5));
#2911 = ( GEOMETRIC_REPRESENTATION_CONTEXT(2) 
PARAMETRIC_REPRESENTATION_CONTEXT() REPRESENTATION_CONTEXT('2D SPACE',''
  ) );
#2912 = PCURVE('',#812,#2913);
#2913 = DEFINITIONAL_REPRESENTATION('',(#2914),#2918);
#2914 = LINE('',#2915,#2916);
#2915 = CARTESIAN_POINT('',(0.,0.));
#2916 = VECTOR('',#2917,1.);
#2917 = DIRECTION('',(1.,0.));
#2918 = ( GEOMETRIC_REPRESENTATION_CONTEXT(2) 
PARAMETRIC_REPRESENTATION_CONTEXT() REPRESENTATION_CONTEXT('2D SPACE',''
  ) );
#2919 = ADVANCED_FACE('',(#2920),#751,.T.);
#2920 = FACE_BOUND('',#2921,.T.);
#2921 = EDGE_LOOP('',(#2922,#2923,#2924,#2947));
#2922 = ORIENTED_EDGE('',*,*,#735,.F.);
#2923 = ORIENTED_EDGE('',*,*,#2764,.T.);
#2924 = ORIENTED_EDGE('',*,*,#2925,.T.);
#2925 = EDGE_CURVE('',#2734,#2926,#2928,.T.);
#2926 = VERTEX_POINT('',#2927);
#2927 = CARTESIAN_POINT('',(48.,24.5,10.5));
#2928 = SURFACE_CURVE('',#2929,(#2933,#2940),.PCURVE_S1.);
#2929 = LINE('',#2930,#2931);
#2930 = CARTESIAN_POINT('',(36.,24.5,10.5));
#2931 = VECTOR('',#2932,1.);
#2932 = DIRECTION('',(1.,0.,-0.));
#2933 = PCURVE('',#751,#2934);
#2934 = DEFINITIONAL_REPRESENTATION('',(#2935),#2939);
#2935 = LINE('',#2936,#2937);
#2936 = CARTESIAN_POINT('',(5.5,0.));
#2937 = VECTOR('',#2938,1.);
#2938 = DIRECTION('',(0.,1.));
#2939 = ( GEOMETRIC_REPRESENTATION_CONTEXT(2) 
PARAMETRIC_REPRESENTATION_CONTEXT() REPRESENTATION_CONTEXT('2D SPACE',''
  ) );
#2940 = PCURVE('',#2752,#2941);
#2941 = DEFINITIONAL_REPRESENTATION('',(#2942),#2946);
#2942 = LINE('',#2943,#2944);
#2943 = CARTESIAN_POINT('',(-5.167051973961,24.5));
#2944 = VECTOR('',#2945,1.);
#2945 = DIRECTION('',(1.,0.));
#2946 = ( GEOMETRIC_REPRESENTATION_CONTEXT(2) 
PARAMETRIC_REPRESENTATION_CONTEXT() REPRESENTATION_CONTEXT('2D SPACE',''
  ) );
#2947 = ORIENTED_EDGE('',*,*,#2948,.F.);
#2948 = EDGE_CURVE('',#736,#2926,#2949,.T.);
#2949 = SURFACE_CURVE('',#2950,(#2954,#2961),.PCURVE_S1.);
#2950 = LINE('',#2951,#2952);
#2951 = CARTESIAN_POINT('',(48.,24.5,5.));
#2952 = VECTOR('',#2953,1.);
#2953 = DIRECTION('',(0.,0.,1.));
#2954 = PCURVE('',#751,#2955);
#2955 = DEFINITIONAL_REPRESENTATION('',(#2956),#2960);
#2956 = LINE('',#2957,#2958);
#2957 = CARTESIAN_POINT('',(0.,12.));
#2958 = VECTOR('',#2959,1.);
#2959 = DIRECTION('',(1.,0.));
#2960 = ( GEOMETRIC_REPRESENTATION_CONTEXT(2) 
PARAMETRIC_REPRESENTATION_CONTEXT() REPRESENTATION_CONTEXT('2D SPACE',''
  ) );
#2961 = PCURVE('',#784,#2962);
#2962 = DEFINITIONAL_REPRESENTATION('',(#2963),#2967);
#2963 = LINE('',#2964,#2965);
#2964 = CARTESIAN_POINT('',(1.570796326795,0.));
#2965 = VECTOR('',#2966,1.);
#2966 = DIRECTION('',(0.,1.));
#2967 = ( GEOMETRIC_REPRESENTATION_CONTEXT(2) 
PARAMETRIC_REPRESENTATION_CONTEXT() REPRESENTATION_CONTEXT('2D SPACE',''
  ) );
#2968 = ADVANCED_FACE('',(#2969),#812,.T.);
#2969 = FACE_BOUND('',#2970,.T.);
#2970 = EDGE_LOOP('',(#2971,#2972,#2973,#2995));
#2971 = ORIENTED_EDGE('',*,*,#2900,.F.);
#2972 = ORIENTED_EDGE('',*,*,#796,.T.);
#2973 = ORIENTED_EDGE('',*,*,#2974,.T.);
#2974 = EDGE_CURVE('',#764,#2975,#2977,.T.);
#2975 = VERTEX_POINT('',#2976);
#2976 = CARTESIAN_POINT('',(51.,21.5,10.5));
#2977 = SURFACE_CURVE('',#2978,(#2982,#2989),.PCURVE_S1.);
#2978 = LINE('',#2979,#2980);
#2979 = CARTESIAN_POINT('',(51.,21.5,5.));
#2980 = VECTOR('',#2981,1.);
#2981 = DIRECTION('',(0.,0.,1.));
#2982 = PCURVE('',#812,#2983);
#2983 = DEFINITIONAL_REPRESENTATION('',(#2984),#2988);
#2984 = LINE('',#2985,#2986);
#2985 = CARTESIAN_POINT('',(0.,-6.));
#2986 = VECTOR('',#2987,1.);
#2987 = DIRECTION('',(1.,0.));
#2988 = ( GEOMETRIC_REPRESENTATION_CONTEXT(2) 
PARAMETRIC_REPRESENTATION_CONTEXT() REPRESENTATION_CONTEXT('2D SPACE',''
  ) );
#2989 = PCURVE('',#784,#2990);
#2990 = DEFINITIONAL_REPRESENTATION('',(#2991),#2994);
#2991 = B_SPLINE_CURVE_WITH_KNOTS('',1,(#2992,#2993),.UNSPECIFIED.,.F.,
  .F.,(2,2),(0.,5.5),.PIECEWISE_BEZIER_KNOTS.);
#2992 = CARTESIAN_POINT('',(0.,0.));
#2993 = CARTESIAN_POINT('',(0.,5.5));
#2994 = ( GEOMETRIC_REPRESENTATION_CONTEXT(2) 
PARAMETRIC_REPRESENTATION_CONTEXT() REPRESENTATION_CONTEXT('2D SPACE',''
  ) );
#2995 = ORIENTED_EDGE('',*,*,#2996,.F.);
#2996 = EDGE_CURVE('',#2848,#2975,#2997,.T.);
#2997 = SURFACE_CURVE('',#2998,(#3002,#3009),.PCURVE_S1.);
#2998 = LINE('',#2999,#3000);
#2999 = CARTESIAN_POINT('',(51.,15.5,10.5));
#3000 = VECTOR('',#3001,1.);
#3001 = DIRECTION('',(-0.,1.,0.));
#3002 = PCURVE('',#812,#3003);
#3003 = DEFINITIONAL_REPRESENTATION('',(#3004),#3008);
#3004 = LINE('',#3005,#3006);
#3005 = CARTESIAN_POINT('',(5.5,0.));
#3006 = VECTOR('',#3007,1.);
#3007 = DIRECTION('',(0.,-1.));
#3008 = ( GEOMETRIC_REPRESENTATION_CONTEXT(2) 
PARAMETRIC_REPRESENTATION_CONTEXT() REPRESENTATION_CONTEXT('2D SPACE',''
  ) );
#3009 = PCURVE('',#2752,#3010);
#3010 = DEFINITIONAL_REPRESENTATION('',(#3011),#3015);
#3011 = LINE('',#3012,#3013);
#3012 = CARTESIAN_POINT('',(9.832948026039,15.5));
#3013 = VECTOR('',#3014,1.);
#3014 = DIRECTION('',(0.,1.));
#3015 = ( GEOMETRIC_REPRESENTATION_CONTEXT(2) 
PARAMETRIC_REPRESENTATION_CONTEXT() REPRESENTATION_CONTEXT('2D SPACE',''
  ) );
#3016 = ADVANCED_FACE('',(#3017),#784,.T.);
#3017 = FACE_BOUND('',#3018,.T.);
#3018 = EDGE_LOOP('',(#3019,#3041,#3042,#3043));
#3019 = ORIENTED_EDGE('',*,*,#3020,.F.);
#3020 = EDGE_CURVE('',#2975,#2926,#3021,.T.);
#3021 = SURFACE_CURVE('',#3022,(#3027,#3034),.PCURVE_S1.);
#3022 = CIRCLE('',#3023,3.);
#3023 = AXIS2_PLACEMENT_3D('',#3024,#3025,#3026);
#3024 = CARTESIAN_POINT('',(48.,21.5,10.5));
#3025 = DIRECTION('',(0.,0.,1.));
#3026 = DIRECTION('',(1.,0.,-0.));
#3027 = PCURVE('',#784,#3028);
#3028 = DEFINITIONAL_REPRESENTATION('',(#3029),#3033);
#3029 = LINE('',#3030,#3031);
#3030 = CARTESIAN_POINT('',(0.,5.5));
#3031 = VECTOR('',#3032,1.);
#3032 = DIRECTION('',(1.,0.));
#3033 = ( GEOMETRIC_REPRESENTATION_CONTEXT(2) 
PARAMETRIC_REPRESENTATION_CONTEXT() REPRESENTATION_CONTEXT('2D SPACE',''
  ) );
#3034 = PCURVE('',#2752,#3035);
#3035 = DEFINITIONAL_REPRESENTATION('',(#3036),#3040);
#3036 = CIRCLE('',#3037,3.);
#3037 = AXIS2_PLACEMENT_2D('',#3038,#3039);
#3038 = CARTESIAN_POINT('',(6.832948026039,21.5));
#3039 = DIRECTION('',(1.,0.));
#3040 = ( GEOMETRIC_REPRESENTATION_CONTEXT(2) 
PARAMETRIC_REPRESENTATION_CONTEXT() REPRESENTATION_CONTEXT('2D SPACE',''
  ) );
#3041 = ORIENTED_EDGE('',*,*,#2974,.F.);
#3042 = ORIENTED_EDGE('',*,*,#763,.T.);
#3043 = ORIENTED_EDGE('',*,*,#2948,.T.);
#3044 = ADVANCED_FACE('',(#3045),#1045,.F.);
#3045 = FACE_BOUND('',#3046,.F.);
#3046 = EDGE_LOOP('',(#3047,#3080,#3101,#3102));
#3047 = ORIENTED_EDGE('',*,*,#3048,.F.);
#3048 = EDGE_CURVE('',#3049,#3049,#3051,.T.);
#3049 = VERTEX_POINT('',#3050);
#3050 = CARTESIAN_POINT('',(46.7,-18.5,7.7));
#3051 = SURFACE_CURVE('',#3052,(#3057,#3064),.PCURVE_S1.);
#3052 = CIRCLE('',#3053,1.7);
#3053 = AXIS2_PLACEMENT_3D('',#3054,#3055,#3056);
#3054 = CARTESIAN_POINT('',(45.,-18.5,7.7));
#3055 = DIRECTION('',(0.,0.,1.));
#3056 = DIRECTION('',(1.,0.,-0.));
#3057 = PCURVE('',#1045,#3058);
#3058 = DEFINITIONAL_REPRESENTATION('',(#3059),#3063);
#3059 = LINE('',#3060,#3061);
#3060 = CARTESIAN_POINT('',(0.,3.7));
#3061 = VECTOR('',#3062,1.);
#3062 = DIRECTION('',(1.,0.));
#3063 = ( GEOMETRIC_REPRESENTATION_CONTEXT(2) 
PARAMETRIC_REPRESENTATION_CONTEXT() REPRESENTATION_CONTEXT('2D SPACE',''
  ) );
#3064 = PCURVE('',#3065,#3070);
#3065 = PLANE('',#3066);
#3066 = AXIS2_PLACEMENT_3D('',#3067,#3068,#3069);
#3067 = CARTESIAN_POINT('',(45.,-18.5,7.7));
#3068 = DIRECTION('',(1.110223024625E-16,0.,-1.));
#3069 = DIRECTION('',(1.,0.,1.110223024625E-16));
#3070 = DEFINITIONAL_REPRESENTATION('',(#3071),#3079);
#3071 = ( BOUNDED_CURVE() B_SPLINE_CURVE(2,(#3072,#3073,#3074,#3075,
#3076,#3077,#3078),.UNSPECIFIED.,.T.,.F.) B_SPLINE_CURVE_WITH_KNOTS((1,2
    ,2,2,2,1),(-2.094395102393,0.,2.094395102393,4.188790204786,
6.28318530718,8.377580409573),.UNSPECIFIED.) CURVE() 
GEOMETRIC_REPRESENTATION_ITEM() RATIONAL_B_SPLINE_CURVE((1.,0.5,1.,0.5,
1.,0.5,1.)) REPRESENTATION_ITEM('') );
#3072 = CARTESIAN_POINT('',(1.7,0.));
#3073 = CARTESIAN_POINT('',(1.7,-2.944486372867));
#3074 = CARTESIAN_POINT('',(-0.85,-1.472243186434));
#3075 = CARTESIAN_POINT('',(-3.4,-4.163799117101E-16));
#3076 = CARTESIAN_POINT('',(-0.85,1.472243186434));
#3077 = CARTESIAN_POINT('',(1.7,2.944486372867));
#3078 = CARTESIAN_POINT('',(1.7,0.));
#3079 = ( GEOMETRIC_REPRESENTATION_CONTEXT(2) 
PARAMETRIC_REPRESENTATION_CONTEXT() REPRESENTATION_CONTEXT('2D SPACE',''
  ) );
#3080 = ORIENTED_EDGE('',*,*,#3081,.F.);
#3081 = EDGE_CURVE('',#1025,#3049,#3082,.T.);
#3082 = SEAM_CURVE('',#3083,(#3087,#3094),.PCURVE_S1.);
#3083 = LINE('',#3084,#3085);
#3084 = CARTESIAN_POINT('',(46.7,-18.5,4.));
#3085 = VECTOR('',#3086,1.);
#3086 = DIRECTION('',(0.,0.,1.));
#3087 = PCURVE('',#1045,#3088);
#3088 = DEFINITIONAL_REPRESENTATION('',(#3089),#3093);
#3089 = LINE('',#3090,#3091);
#3090 = CARTESIAN_POINT('',(6.28318530718,-0.));
#3091 = VECTOR('',#3092,1.);
#3092 = DIRECTION('',(0.,1.));
#3093 = ( GEOMETRIC_REPRESENTATION_CONTEXT(2) 
PARAMETRIC_REPRESENTATION_CONTEXT() REPRESENTATION_CONTEXT('2D SPACE',''
  ) );
#3094 = PCURVE('',#1045,#3095);
#3095 = DEFINITIONAL_REPRESENTATION('',(#3096),#3100);
#3096 = LINE('',#3097,#3098);
#3097 = CARTESIAN_POINT('',(0.,-0.));
#3098 = VECTOR('',#3099,1.);
#3099 = DIRECTION('',(0.,1.));
#3100 = ( GEOMETRIC_REPRESENTATION_CONTEXT(2) 
PARAMETRIC_REPRESENTATION_CONTEXT() REPRESENTATION_CONTEXT('2D SPACE',''
  ) );
#3101 = ORIENTED_EDGE('',*,*,#1024,.T.);
#3102 = ORIENTED_EDGE('',*,*,#3081,.T.);
#3103 = ADVANCED_FACE('',(#3104),#1080,.F.);
#3104 = FACE_BOUND('',#3105,.F.);
#3105 = EDGE_LOOP('',(#3106,#3139,#3160,#3161));
#3106 = ORIENTED_EDGE('',*,*,#3107,.F.);
#3107 = EDGE_CURVE('',#3108,#3108,#3110,.T.);
#3108 = VERTEX_POINT('',#3109);
#3109 = CARTESIAN_POINT('',(46.7,18.5,7.7));
#3110 = SURFACE_CURVE('',#3111,(#3116,#3123),.PCURVE_S1.);
#3111 = CIRCLE('',#3112,1.7);
#3112 = AXIS2_PLACEMENT_3D('',#3113,#3114,#3115);
#3113 = CARTESIAN_POINT('',(45.,18.5,7.7));
#3114 = DIRECTION('',(0.,0.,1.));
#3115 = DIRECTION('',(1.,0.,-0.));
#3116 = PCURVE('',#1080,#3117);
#3117 = DEFINITIONAL_REPRESENTATION('',(#3118),#3122);
#3118 = LINE('',#3119,#3120);
#3119 = CARTESIAN_POINT('',(0.,3.7));
#3120 = VECTOR('',#3121,1.);
#3121 = DIRECTION('',(1.,0.));
#3122 = ( GEOMETRIC_REPRESENTATION_CONTEXT(2) 
PARAMETRIC_REPRESENTATION_CONTEXT() REPRESENTATION_CONTEXT('2D SPACE',''
  ) );
#3123 = PCURVE('',#3124,#3129);
#3124 = PLANE('',#3125);
#3125 = AXIS2_PLACEMENT_3D('',#3126,#3127,#3128);
#3126 = CARTESIAN_POINT('',(45.,18.5,7.7));
#3127 = DIRECTION('',(1.110223024625E-16,0.,-1.));
#3128 = DIRECTION('',(1.,0.,1.110223024625E-16));
#3129 = DEFINITIONAL_REPRESENTATION('',(#3130),#3138);
#3130 = ( BOUNDED_CURVE() B_SPLINE_CURVE(2,(#3131,#3132,#3133,#3134,
#3135,#3136,#3137),.UNSPECIFIED.,.T.,.F.) B_SPLINE_CURVE_WITH_KNOTS((1,2
    ,2,2,2,1),(-2.094395102393,0.,2.094395102393,4.188790204786,
6.28318530718,8.377580409573),.UNSPECIFIED.) CURVE() 
GEOMETRIC_REPRESENTATION_ITEM() RATIONAL_B_SPLINE_CURVE((1.,0.5,1.,0.5,
1.,0.5,1.)) REPRESENTATION_ITEM('') );
#3131 = CARTESIAN_POINT('',(1.7,0.));
#3132 = CARTESIAN_POINT('',(1.7,-2.944486372867));
#3133 = CARTESIAN_POINT('',(-0.85,-1.472243186434));
#3134 = CARTESIAN_POINT('',(-3.4,-4.163799117101E-16));
#3135 = CARTESIAN_POINT('',(-0.85,1.472243186434));
#3136 = CARTESIAN_POINT('',(1.7,2.944486372867));
#3137 = CARTESIAN_POINT('',(1.7,0.));
#3138 = ( GEOMETRIC_REPRESENTATION_CONTEXT(2) 
PARAMETRIC_REPRESENTATION_CONTEXT() REPRESENTATION_CONTEXT('2D SPACE',''
  ) );
#3139 = ORIENTED_EDGE('',*,*,#3140,.F.);
#3140 = EDGE_CURVE('',#1060,#3108,#3141,.T.);
#3141 = SEAM_CURVE('',#3142,(#3146,#3153),.PCURVE_S1.);
#3142 = LINE('',#3143,#3144);
#3143 = CARTESIAN_POINT('',(46.7,18.5,4.));
#3144 = VECTOR('',#3145,1.);
#3145 = DIRECTION('',(0.,0.,1.));
#3146 = PCURVE('',#1080,#3147);
#3147 = DEFINITIONAL_REPRESENTATION('',(#3148),#3152);
#3148 = LINE('',#3149,#3150);
#3149 = CARTESIAN_POINT('',(6.28318530718,-0.));
#3150 = VECTOR('',#3151,1.);
#3151 = DIRECTION('',(0.,1.));
#3152 = ( GEOMETRIC_REPRESENTATION_CONTEXT(2) 
PARAMETRIC_REPRESENTATION_CONTEXT() REPRESENTATION_CONTEXT('2D SPACE',''
  ) );
#3153 = PCURVE('',#1080,#3154);
#3154 = DEFINITIONAL_REPRESENTATION('',(#3155),#3159);
#3155 = LINE('',#3156,#3157);
#3156 = CARTESIAN_POINT('',(0.,-0.));
#3157 = VECTOR('',#3158,1.);
#3158 = DIRECTION('',(0.,1.));
#3159 = ( GEOMETRIC_REPRESENTATION_CONTEXT(2) 
PARAMETRIC_REPRESENTATION_CONTEXT() REPRESENTATION_CONTEXT('2D SPACE',''
  ) );
#3160 = ORIENTED_EDGE('',*,*,#1059,.T.);
#3161 = ORIENTED_EDGE('',*,*,#3140,.T.);
#3162 = ADVANCED_FACE('',(#3163,#3274),#1114,.T.);
#3163 = FACE_BOUND('',#3164,.T.);
#3164 = EDGE_LOOP('',(#3165,#3197,#3198,#3199,#3200,#3201,#3202,#3223,
    #3249));
#3165 = ORIENTED_EDGE('',*,*,#3166,.T.);
#3166 = EDGE_CURVE('',#3167,#1332,#3169,.T.);
#3167 = VERTEX_POINT('',#3168);
#3168 = CARTESIAN_POINT('',(39.,-23.00323612976,10.5));
#3169 = SURFACE_CURVE('',#3170,(#3177,#3187),.PCURVE_S1.);
#3170 = B_SPLINE_CURVE_WITH_KNOTS('',5,(#3171,#3172,#3173,#3174,#3175,
    #3176),.UNSPECIFIED.,.F.,.F.,(6,6),(0.,1.),
  .PIECEWISE_BEZIER_KNOTS.);
#3171 = CARTESIAN_POINT('',(39.0000006,-23.00323612976,10.5));
#3172 = CARTESIAN_POINT('',(37.83748183384,-23.00323612976,10.5));
#3173 = CARTESIAN_POINT('',(36.635621597376,-23.00323612976,10.5));
#3174 = CARTESIAN_POINT('',(35.415690837155,-23.00323612976,10.5));
#3175 = CARTESIAN_POINT('',(34.19761839902,-23.00323612976,10.5));
#3176 = CARTESIAN_POINT('',(33.,-23.00323612976,10.5));
#3177 = PCURVE('',#1114,#3178);
#3178 = DEFINITIONAL_REPRESENTATION('',(#3179),#3186);
#3179 = B_SPLINE_CURVE_WITH_KNOTS('',5,(#3180,#3181,#3182,#3183,#3184,
    #3185),.UNSPECIFIED.,.F.,.F.,(6,6),(0.,1.),
  .PIECEWISE_BEZIER_KNOTS.);
#3180 = CARTESIAN_POINT('',(-2.167051373961,-23.00323612976));
#3181 = CARTESIAN_POINT('',(-3.329570140122,-23.00323612976));
#3182 = CARTESIAN_POINT('',(-4.531430376586,-23.00323612976));
#3183 = CARTESIAN_POINT('',(-5.751361136806,-23.00323612976));
#3184 = CARTESIAN_POINT('',(-6.969433574941,-23.00323612976));
#3185 = CARTESIAN_POINT('',(-8.167051973961,-23.00323612976));
#3186 = ( GEOMETRIC_REPRESENTATION_CONTEXT(2) 
PARAMETRIC_REPRESENTATION_CONTEXT() REPRESENTATION_CONTEXT('2D SPACE',''
  ) );
#3187 = PCURVE('',#1391,#3188);
#3188 = DEFINITIONAL_REPRESENTATION('',(#3189),#3196);
#3189 = B_SPLINE_CURVE_WITH_KNOTS('',5,(#3190,#3191,#3192,#3193,#3194,
    #3195),.UNSPECIFIED.,.F.,.F.,(6,6),(0.,1.),
  .PIECEWISE_BEZIER_KNOTS.);
#3190 = CARTESIAN_POINT('',(1.499167382682,-6.0000006));
#3191 = CARTESIAN_POINT('',(1.499167382682,-4.83748183384));
#3192 = CARTESIAN_POINT('',(1.499167382682,-3.635621598239));
#3193 = CARTESIAN_POINT('',(1.499167382682,-2.415690835627));
#3194 = CARTESIAN_POINT('',(1.499167382682,-1.19761839962));
#3195 = CARTESIAN_POINT('',(1.499167382682,-5.999396535117E-10));
#3196 = ( GEOMETRIC_REPRESENTATION_CONTEXT(2) 
PARAMETRIC_REPRESENTATION_CONTEXT() REPRESENTATION_CONTEXT('2D SPACE',''
  ) );
#3197 = ORIENTED_EDGE('',*,*,#1331,.T.);
#3198 = ORIENTED_EDGE('',*,*,#2222,.T.);
#3199 = ORIENTED_EDGE('',*,*,#2381,.T.);
#3200 = ORIENTED_EDGE('',*,*,#2480,.T.);
#3201 = ORIENTED_EDGE('',*,*,#1095,.T.);
#3202 = ORIENTED_EDGE('',*,*,#3203,.F.);
#3203 = EDGE_CURVE('',#3204,#1098,#3206,.T.);
#3204 = VERTEX_POINT('',#3205);
#3205 = CARTESIAN_POINT('',(48.375510204082,-14.5,10.5));
#3206 = SURFACE_CURVE('',#3207,(#3211,#3217),.PCURVE_S1.);
#3207 = LINE('',#3208,#3209);
#3208 = CARTESIAN_POINT('',(48.375510204082,-7.25,10.5));
#3209 = VECTOR('',#3210,1.);
#3210 = DIRECTION('',(0.,1.,-0.));
#3211 = PCURVE('',#1114,#3212);
#3212 = DEFINITIONAL_REPRESENTATION('',(#3213),#3216);
#3213 = B_SPLINE_CURVE_WITH_KNOTS('',1,(#3214,#3215),.UNSPECIFIED.,.F.,
  .F.,(2,2),(-7.25,21.75),.PIECEWISE_BEZIER_KNOTS.);
#3214 = CARTESIAN_POINT('',(7.20845823012,-14.5));
#3215 = CARTESIAN_POINT('',(7.20845823012,14.5));
#3216 = ( GEOMETRIC_REPRESENTATION_CONTEXT(2) 
PARAMETRIC_REPRESENTATION_CONTEXT() REPRESENTATION_CONTEXT('2D SPACE',''
  ) );
#3217 = PCURVE('',#1195,#3218);
#3218 = DEFINITIONAL_REPRESENTATION('',(#3219),#3222);
#3219 = B_SPLINE_CURVE_WITH_KNOTS('',1,(#3220,#3221),.UNSPECIFIED.,.F.,
  .F.,(2,2),(-7.25,21.75),.PIECEWISE_BEZIER_KNOTS.);
#3220 = CARTESIAN_POINT('',(1.624803835916,0.));
#3221 = CARTESIAN_POINT('',(1.624803835916,-29.));
#3222 = ( GEOMETRIC_REPRESENTATION_CONTEXT(2) 
PARAMETRIC_REPRESENTATION_CONTEXT() REPRESENTATION_CONTEXT('2D SPACE',''
  ) );
#3223 = ORIENTED_EDGE('',*,*,#3224,.F.);
#3224 = EDGE_CURVE('',#3225,#3204,#3227,.T.);
#3225 = VERTEX_POINT('',#3226);
#3226 = CARTESIAN_POINT('',(39.,-14.5,10.5));
#3227 = SURFACE_CURVE('',#3228,(#3232,#3238),.PCURVE_S1.);
#3228 = LINE('',#3229,#3230);
#3229 = CARTESIAN_POINT('',(41.513333818642,-14.5,10.5));
#3230 = VECTOR('',#3231,1.);
#3231 = DIRECTION('',(1.,0.,0.));
#3232 = PCURVE('',#1114,#3233);
#3233 = DEFINITIONAL_REPRESENTATION('',(#3234),#3237);
#3234 = B_SPLINE_CURVE_WITH_KNOTS('',1,(#3235,#3236),.UNSPECIFIED.,.F.,
  .F.,(2,2),(-2.713333818642,7.486666181358),.PIECEWISE_BEZIER_KNOTS.);
#3235 = CARTESIAN_POINT('',(-2.367051973961,-14.5));
#3236 = CARTESIAN_POINT('',(7.832948026039,-14.5));
#3237 = ( GEOMETRIC_REPRESENTATION_CONTEXT(2) 
PARAMETRIC_REPRESENTATION_CONTEXT() REPRESENTATION_CONTEXT('2D SPACE',''
  ) );
#3238 = PCURVE('',#3239,#3244);
#3239 = PLANE('',#3240);
#3240 = AXIS2_PLACEMENT_3D('',#3241,#3242,#3243);
#3241 = CARTESIAN_POINT('',(41.859615663322,-14.5,19.209615663322));
#3242 = DIRECTION('',(-0.,-1.,-0.));
#3243 = DIRECTION('',(0.,0.,-1.));
#3244 = DEFINITIONAL_REPRESENTATION('',(#3245),#3248);
#3245 = B_SPLINE_CURVE_WITH_KNOTS('',1,(#3246,#3247),.UNSPECIFIED.,.F.,
  .F.,(2,2),(-2.713333818642,7.486666181358),.PIECEWISE_BEZIER_KNOTS.);
#3246 = CARTESIAN_POINT('',(8.709615663322,-3.059615663322));
#3247 = CARTESIAN_POINT('',(8.709615663322,7.140384336678));
#3248 = ( GEOMETRIC_REPRESENTATION_CONTEXT(2) 
PARAMETRIC_REPRESENTATION_CONTEXT() REPRESENTATION_CONTEXT('2D SPACE',''
  ) );
#3249 = ORIENTED_EDGE('',*,*,#3250,.F.);
#3250 = EDGE_CURVE('',#3167,#3225,#3251,.T.);
#3251 = SURFACE_CURVE('',#3252,(#3256,#3262),.PCURVE_S1.);
#3252 = LINE('',#3253,#3254);
#3253 = CARTESIAN_POINT('',(39.,-9.25,10.5));
#3254 = VECTOR('',#3255,1.);
#3255 = DIRECTION('',(0.,1.,0.));
#3256 = PCURVE('',#1114,#3257);
#3257 = DEFINITIONAL_REPRESENTATION('',(#3258),#3261);
#3258 = B_SPLINE_CURVE_WITH_KNOTS('',1,(#3259,#3260),.UNSPECIFIED.,.F.,
  .F.,(2,2),(-13.77039536865,-4.729604631349),.PIECEWISE_BEZIER_KNOTS.);
#3259 = CARTESIAN_POINT('',(-2.167051973961,-23.02039536865));
#3260 = CARTESIAN_POINT('',(-2.167051973961,-13.97960463134));
#3261 = ( GEOMETRIC_REPRESENTATION_CONTEXT(2) 
PARAMETRIC_REPRESENTATION_CONTEXT() REPRESENTATION_CONTEXT('2D SPACE',''
  ) );
#3262 = PCURVE('',#3263,#3268);
#3263 = PLANE('',#3264);
#3264 = AXIS2_PLACEMENT_3D('',#3265,#3266,#3267);
#3265 = CARTESIAN_POINT('',(39.,-1.449865838926,27.996192969576));
#3266 = DIRECTION('',(1.,0.,0.));
#3267 = DIRECTION('',(-0.,0.,1.));
#3268 = DEFINITIONAL_REPRESENTATION('',(#3269),#3273);
#3269 = LINE('',#3270,#3271);
#3270 = CARTESIAN_POINT('',(-17.49619296957,7.800134161074));
#3271 = VECTOR('',#3272,1.);
#3272 = DIRECTION('',(0.,-1.));
#3273 = ( GEOMETRIC_REPRESENTATION_CONTEXT(2) 
PARAMETRIC_REPRESENTATION_CONTEXT() REPRESENTATION_CONTEXT('2D SPACE',''
  ) );
#3274 = FACE_BOUND('',#3275,.T.);
#3275 = EDGE_LOOP('',(#3276,#3306,#3334,#3362,#3390,#3418));
#3276 = ORIENTED_EDGE('',*,*,#3277,.T.);
#3277 = EDGE_CURVE('',#3278,#3280,#3282,.T.);
#3278 = VERTEX_POINT('',#3279);
#3279 = CARTESIAN_POINT('',(42.05,-16.79681670589,10.5));
#3280 = VERTEX_POINT('',#3281);
#3281 = CARTESIAN_POINT('',(45.,-15.09363341178,10.5));
#3282 = SURFACE_CURVE('',#3283,(#3287,#3294),.PCURVE_S1.);
#3283 = LINE('',#3284,#3285);
#3284 = CARTESIAN_POINT('',(42.05,-16.79681670589,10.5));
#3285 = VECTOR('',#3286,1.);
#3286 = DIRECTION('',(0.866025403784,0.5,9.614813431918E-17));
#3287 = PCURVE('',#1114,#3288);
#3288 = DEFINITIONAL_REPRESENTATION('',(#3289),#3293);
#3289 = LINE('',#3290,#3291);
#3290 = CARTESIAN_POINT('',(0.882948026039,-16.79681670589));
#3291 = VECTOR('',#3292,1.);
#3292 = DIRECTION('',(0.866025403784,0.5));
#3293 = ( GEOMETRIC_REPRESENTATION_CONTEXT(2) 
PARAMETRIC_REPRESENTATION_CONTEXT() REPRESENTATION_CONTEXT('2D SPACE',''
  ) );
#3294 = PCURVE('',#3295,#3300);
#3295 = PLANE('',#3296);
#3296 = AXIS2_PLACEMENT_3D('',#3297,#3298,#3299);
#3297 = CARTESIAN_POINT('',(42.05,-16.79681670589,10.5));
#3298 = DIRECTION('',(0.5,-0.866025403784,5.551115123126E-17));
#3299 = DIRECTION('',(0.866025403784,0.5,9.614813431918E-17));
#3300 = DEFINITIONAL_REPRESENTATION('',(#3301),#3305);
#3301 = LINE('',#3302,#3303);
#3302 = CARTESIAN_POINT('',(0.,0.));
#3303 = VECTOR('',#3304,1.);
#3304 = DIRECTION('',(1.,0.));
#3305 = ( GEOMETRIC_REPRESENTATION_CONTEXT(2) 
PARAMETRIC_REPRESENTATION_CONTEXT() REPRESENTATION_CONTEXT('2D SPACE',''
  ) );
#3306 = ORIENTED_EDGE('',*,*,#3307,.T.);
#3307 = EDGE_CURVE('',#3280,#3308,#3310,.T.);
#3308 = VERTEX_POINT('',#3309);
#3309 = CARTESIAN_POINT('',(47.95,-16.79681670589,10.5));
#3310 = SURFACE_CURVE('',#3311,(#3315,#3322),.PCURVE_S1.);
#3311 = LINE('',#3312,#3313);
#3312 = CARTESIAN_POINT('',(45.,-15.09363341178,10.5));
#3313 = VECTOR('',#3314,1.);
#3314 = DIRECTION('',(0.866025403784,-0.5,9.614813431918E-17));
#3315 = PCURVE('',#1114,#3316);
#3316 = DEFINITIONAL_REPRESENTATION('',(#3317),#3321);
#3317 = LINE('',#3318,#3319);
#3318 = CARTESIAN_POINT('',(3.832948026039,-15.09363341178));
#3319 = VECTOR('',#3320,1.);
#3320 = DIRECTION('',(0.866025403784,-0.5));
#3321 = ( GEOMETRIC_REPRESENTATION_CONTEXT(2) 
PARAMETRIC_REPRESENTATION_CONTEXT() REPRESENTATION_CONTEXT('2D SPACE',''
  ) );
#3322 = PCURVE('',#3323,#3328);
#3323 = PLANE('',#3324);
#3324 = AXIS2_PLACEMENT_3D('',#3325,#3326,#3327);
#3325 = CARTESIAN_POINT('',(45.,-15.09363341178,10.5));
#3326 = DIRECTION('',(-0.5,-0.866025403784,-5.551115123126E-17));
#3327 = DIRECTION('',(0.866025403784,-0.5,9.614813431918E-17));
#3328 = DEFINITIONAL_REPRESENTATION('',(#3329),#3333);
#3329 = LINE('',#3330,#3331);
#3330 = CARTESIAN_POINT('',(0.,0.));
#3331 = VECTOR('',#3332,1.);
#3332 = DIRECTION('',(1.,0.));
#3333 = ( GEOMETRIC_REPRESENTATION_CONTEXT(2) 
PARAMETRIC_REPRESENTATION_CONTEXT() REPRESENTATION_CONTEXT('2D SPACE',''
  ) );
#3334 = ORIENTED_EDGE('',*,*,#3335,.T.);
#3335 = EDGE_CURVE('',#3308,#3336,#3338,.T.);
#3336 = VERTEX_POINT('',#3337);
#3337 = CARTESIAN_POINT('',(47.95,-20.2031832941,10.5));
#3338 = SURFACE_CURVE('',#3339,(#3343,#3350),.PCURVE_S1.);
#3339 = LINE('',#3340,#3341);
#3340 = CARTESIAN_POINT('',(47.95,-16.79681670589,10.5));
#3341 = VECTOR('',#3342,1.);
#3342 = DIRECTION('',(1.303703516192E-16,-1.,1.447401660961E-32));
#3343 = PCURVE('',#1114,#3344);
#3344 = DEFINITIONAL_REPRESENTATION('',(#3345),#3349);
#3345 = LINE('',#3346,#3347);
#3346 = CARTESIAN_POINT('',(6.782948026039,-16.79681670589));
#3347 = VECTOR('',#3348,1.);
#3348 = DIRECTION('',(1.303703516192E-16,-1.));
#3349 = ( GEOMETRIC_REPRESENTATION_CONTEXT(2) 
PARAMETRIC_REPRESENTATION_CONTEXT() REPRESENTATION_CONTEXT('2D SPACE',''
  ) );
#3350 = PCURVE('',#3351,#3356);
#3351 = PLANE('',#3352);
#3352 = AXIS2_PLACEMENT_3D('',#3353,#3354,#3355);
#3353 = CARTESIAN_POINT('',(47.95,-16.79681670589,10.5));
#3354 = DIRECTION('',(-1.,-1.303703516192E-16,-1.110223024625E-16));
#3355 = DIRECTION('',(1.303703516192E-16,-1.,1.447401660961E-32));
#3356 = DEFINITIONAL_REPRESENTATION('',(#3357),#3361);
#3357 = LINE('',#3358,#3359);
#3358 = CARTESIAN_POINT('',(0.,0.));
#3359 = VECTOR('',#3360,1.);
#3360 = DIRECTION('',(1.,0.));
#3361 = ( GEOMETRIC_REPRESENTATION_CONTEXT(2) 
PARAMETRIC_REPRESENTATION_CONTEXT() REPRESENTATION_CONTEXT('2D SPACE',''
  ) );
#3362 = ORIENTED_EDGE('',*,*,#3363,.T.);
#3363 = EDGE_CURVE('',#3336,#3364,#3366,.T.);
#3364 = VERTEX_POINT('',#3365);
#3365 = CARTESIAN_POINT('',(45.,-21.90636658821,10.5));
#3366 = SURFACE_CURVE('',#3367,(#3371,#3378),.PCURVE_S1.);
#3367 = LINE('',#3368,#3369);
#3368 = CARTESIAN_POINT('',(47.95,-20.2031832941,10.5));
#3369 = VECTOR('',#3370,1.);
#3370 = DIRECTION('',(-0.866025403784,-0.5,-9.614813431918E-17));
#3371 = PCURVE('',#1114,#3372);
#3372 = DEFINITIONAL_REPRESENTATION('',(#3373),#3377);
#3373 = LINE('',#3374,#3375);
#3374 = CARTESIAN_POINT('',(6.782948026039,-20.2031832941));
#3375 = VECTOR('',#3376,1.);
#3376 = DIRECTION('',(-0.866025403784,-0.5));
#3377 = ( GEOMETRIC_REPRESENTATION_CONTEXT(2) 
PARAMETRIC_REPRESENTATION_CONTEXT() REPRESENTATION_CONTEXT('2D SPACE',''
  ) );
#3378 = PCURVE('',#3379,#3384);
#3379 = PLANE('',#3380);
#3380 = AXIS2_PLACEMENT_3D('',#3381,#3382,#3383);
#3381 = CARTESIAN_POINT('',(47.95,-20.2031832941,10.5));
#3382 = DIRECTION('',(-0.5,0.866025403784,-5.551115123126E-17));
#3383 = DIRECTION('',(-0.866025403784,-0.5,-9.614813431918E-17));
#3384 = DEFINITIONAL_REPRESENTATION('',(#3385),#3389);
#3385 = LINE('',#3386,#3387);
#3386 = CARTESIAN_POINT('',(0.,0.));
#3387 = VECTOR('',#3388,1.);
#3388 = DIRECTION('',(1.,0.));
#3389 = ( GEOMETRIC_REPRESENTATION_CONTEXT(2) 
PARAMETRIC_REPRESENTATION_CONTEXT() REPRESENTATION_CONTEXT('2D SPACE',''
  ) );
#3390 = ORIENTED_EDGE('',*,*,#3391,.T.);
#3391 = EDGE_CURVE('',#3364,#3392,#3394,.T.);
#3392 = VERTEX_POINT('',#3393);
#3393 = CARTESIAN_POINT('',(42.05,-20.2031832941,10.5));
#3394 = SURFACE_CURVE('',#3395,(#3399,#3406),.PCURVE_S1.);
#3395 = LINE('',#3396,#3397);
#3396 = CARTESIAN_POINT('',(45.,-21.90636658821,10.5));
#3397 = VECTOR('',#3398,1.);
#3398 = DIRECTION('',(-0.866025403784,0.5,-9.614813431918E-17));
#3399 = PCURVE('',#1114,#3400);
#3400 = DEFINITIONAL_REPRESENTATION('',(#3401),#3405);
#3401 = LINE('',#3402,#3403);
#3402 = CARTESIAN_POINT('',(3.832948026039,-21.90636658821));
#3403 = VECTOR('',#3404,1.);
#3404 = DIRECTION('',(-0.866025403784,0.5));
#3405 = ( GEOMETRIC_REPRESENTATION_CONTEXT(2) 
PARAMETRIC_REPRESENTATION_CONTEXT() REPRESENTATION_CONTEXT('2D SPACE',''
  ) );
#3406 = PCURVE('',#3407,#3412);
#3407 = PLANE('',#3408);
#3408 = AXIS2_PLACEMENT_3D('',#3409,#3410,#3411);
#3409 = CARTESIAN_POINT('',(45.,-21.90636658821,10.5));
#3410 = DIRECTION('',(0.5,0.866025403784,5.551115123126E-17));
#3411 = DIRECTION('',(-0.866025403784,0.5,-9.614813431918E-17));
#3412 = DEFINITIONAL_REPRESENTATION('',(#3413),#3417);
#3413 = LINE('',#3414,#3415);
#3414 = CARTESIAN_POINT('',(0.,0.));
#3415 = VECTOR('',#3416,1.);
#3416 = DIRECTION('',(1.,0.));
#3417 = ( GEOMETRIC_REPRESENTATION_CONTEXT(2) 
PARAMETRIC_REPRESENTATION_CONTEXT() REPRESENTATION_CONTEXT('2D SPACE',''
  ) );
#3418 = ORIENTED_EDGE('',*,*,#3419,.T.);
#3419 = EDGE_CURVE('',#3392,#3278,#3420,.T.);
#3420 = SURFACE_CURVE('',#3421,(#3425,#3432),.PCURVE_S1.);
#3421 = LINE('',#3422,#3423);
#3422 = CARTESIAN_POINT('',(42.05,-20.2031832941,10.5));
#3423 = VECTOR('',#3424,1.);
#3424 = DIRECTION('',(-1.303703516192E-16,1.,-1.447401660961E-32));
#3425 = PCURVE('',#1114,#3426);
#3426 = DEFINITIONAL_REPRESENTATION('',(#3427),#3431);
#3427 = LINE('',#3428,#3429);
#3428 = CARTESIAN_POINT('',(0.882948026039,-20.2031832941));
#3429 = VECTOR('',#3430,1.);
#3430 = DIRECTION('',(-1.303703516192E-16,1.));
#3431 = ( GEOMETRIC_REPRESENTATION_CONTEXT(2) 
PARAMETRIC_REPRESENTATION_CONTEXT() REPRESENTATION_CONTEXT('2D SPACE',''
  ) );
#3432 = PCURVE('',#3433,#3438);
#3433 = PLANE('',#3434);
#3434 = AXIS2_PLACEMENT_3D('',#3435,#3436,#3437);
#3435 = CARTESIAN_POINT('',(42.05,-20.2031832941,10.5));
#3436 = DIRECTION('',(1.,1.303703516192E-16,1.110223024625E-16));
#3437 = DIRECTION('',(-1.303703516192E-16,1.,-1.447401660961E-32));
#3438 = DEFINITIONAL_REPRESENTATION('',(#3439),#3443);
#3439 = LINE('',#3440,#3441);
#3440 = CARTESIAN_POINT('',(0.,0.));
#3441 = VECTOR('',#3442,1.);
#3442 = DIRECTION('',(1.,0.));
#3443 = ( GEOMETRIC_REPRESENTATION_CONTEXT(2) 
PARAMETRIC_REPRESENTATION_CONTEXT() REPRESENTATION_CONTEXT('2D SPACE',''
  ) );
#3444 = ADVANCED_FACE('',(#3445),#1195,.T.);
#3445 = FACE_BOUND('',#3446,.T.);
#3446 = EDGE_LOOP('',(#3447,#3448,#3449,#3450,#3471,#3499,#3521,#3542));
#3447 = ORIENTED_EDGE('',*,*,#1176,.F.);
#3448 = ORIENTED_EDGE('',*,*,#1210,.T.);
#3449 = ORIENTED_EDGE('',*,*,#2871,.F.);
#3450 = ORIENTED_EDGE('',*,*,#3451,.T.);
#3451 = EDGE_CURVE('',#2846,#3452,#3454,.T.);
#3452 = VERTEX_POINT('',#3453);
#3453 = CARTESIAN_POINT('',(48.375510204082,14.5,10.5));
#3454 = SURFACE_CURVE('',#3455,(#3459,#3465),.PCURVE_S1.);
#3455 = LINE('',#3456,#3457);
#3456 = CARTESIAN_POINT('',(48.375510204082,-7.25,10.5));
#3457 = VECTOR('',#3458,1.);
#3458 = DIRECTION('',(0.,1.,-0.));
#3459 = PCURVE('',#1195,#3460);
#3460 = DEFINITIONAL_REPRESENTATION('',(#3461),#3464);
#3461 = B_SPLINE_CURVE_WITH_KNOTS('',1,(#3462,#3463),.UNSPECIFIED.,.F.,
  .F.,(2,2),(-7.25,21.75),.PIECEWISE_BEZIER_KNOTS.);
#3462 = CARTESIAN_POINT('',(1.624803835916,0.));
#3463 = CARTESIAN_POINT('',(1.624803835916,-29.));
#3464 = ( GEOMETRIC_REPRESENTATION_CONTEXT(2) 
PARAMETRIC_REPRESENTATION_CONTEXT() REPRESENTATION_CONTEXT('2D SPACE',''
  ) );
#3465 = PCURVE('',#2752,#3466);
#3466 = DEFINITIONAL_REPRESENTATION('',(#3467),#3470);
#3467 = B_SPLINE_CURVE_WITH_KNOTS('',1,(#3468,#3469),.UNSPECIFIED.,.F.,
  .F.,(2,2),(-7.25,21.75),.PIECEWISE_BEZIER_KNOTS.);
#3468 = CARTESIAN_POINT('',(7.20845823012,-14.5));
#3469 = CARTESIAN_POINT('',(7.20845823012,14.5));
#3470 = ( GEOMETRIC_REPRESENTATION_CONTEXT(2) 
PARAMETRIC_REPRESENTATION_CONTEXT() REPRESENTATION_CONTEXT('2D SPACE',''
  ) );
#3471 = ORIENTED_EDGE('',*,*,#3472,.T.);
#3472 = EDGE_CURVE('',#3452,#3473,#3475,.T.);
#3473 = VERTEX_POINT('',#3474);
#3474 = CARTESIAN_POINT('',(39.,14.5,33.019607843137));
#3475 = SURFACE_CURVE('',#3476,(#3480,#3487),.PCURVE_S1.);
#3476 = LINE('',#3477,#3478);
#3477 = CARTESIAN_POINT('',(49.,14.5,9.));
#3478 = VECTOR('',#3479,1.);
#3479 = DIRECTION('',(-0.384347809941,0.,0.923188367016));
#3480 = PCURVE('',#1195,#3481);
#3481 = DEFINITIONAL_REPRESENTATION('',(#3482),#3486);
#3482 = LINE('',#3483,#3484);
#3483 = CARTESIAN_POINT('',(0.,-29.));
#3484 = VECTOR('',#3485,1.);
#3485 = DIRECTION('',(1.,0.));
#3486 = ( GEOMETRIC_REPRESENTATION_CONTEXT(2) 
PARAMETRIC_REPRESENTATION_CONTEXT() REPRESENTATION_CONTEXT('2D SPACE',''
  ) );
#3487 = PCURVE('',#3488,#3493);
#3488 = PLANE('',#3489);
#3489 = AXIS2_PLACEMENT_3D('',#3490,#3491,#3492);
#3490 = CARTESIAN_POINT('',(41.859615663322,14.5,19.209615663322));
#3491 = DIRECTION('',(-0.,-1.,-0.));
#3492 = DIRECTION('',(0.,0.,-1.));
#3493 = DEFINITIONAL_REPRESENTATION('',(#3494),#3498);
#3494 = LINE('',#3495,#3496);
#3495 = CARTESIAN_POINT('',(10.209615663322,7.140384336678));
#3496 = VECTOR('',#3497,1.);
#3497 = DIRECTION('',(-0.923188367016,-0.384347809941));
#3498 = ( GEOMETRIC_REPRESENTATION_CONTEXT(2) 
PARAMETRIC_REPRESENTATION_CONTEXT() REPRESENTATION_CONTEXT('2D SPACE',''
  ) );
#3499 = ORIENTED_EDGE('',*,*,#3500,.F.);
#3500 = EDGE_CURVE('',#3501,#3473,#3503,.T.);
#3501 = VERTEX_POINT('',#3502);
#3502 = CARTESIAN_POINT('',(39.,-14.5,33.019607843137));
#3503 = SURFACE_CURVE('',#3504,(#3508,#3514),.PCURVE_S1.);
#3504 = LINE('',#3505,#3506);
#3505 = CARTESIAN_POINT('',(39.,-16.5,33.019607843137));
#3506 = VECTOR('',#3507,1.);
#3507 = DIRECTION('',(0.,1.,0.));
#3508 = PCURVE('',#1195,#3509);
#3509 = DEFINITIONAL_REPRESENTATION('',(#3510),#3513);
#3510 = B_SPLINE_CURVE_WITH_KNOTS('',1,(#3511,#3512),.UNSPECIFIED.,.F.,
  .F.,(2,2),(2.,31.),.PIECEWISE_BEZIER_KNOTS.);
#3511 = CARTESIAN_POINT('',(26.018100640479,0.));
#3512 = CARTESIAN_POINT('',(26.018100640479,-29.));
#3513 = ( GEOMETRIC_REPRESENTATION_CONTEXT(2) 
PARAMETRIC_REPRESENTATION_CONTEXT() REPRESENTATION_CONTEXT('2D SPACE',''
  ) );
#3514 = PCURVE('',#3263,#3515);
#3515 = DEFINITIONAL_REPRESENTATION('',(#3516),#3520);
#3516 = LINE('',#3517,#3518);
#3517 = CARTESIAN_POINT('',(5.023414873561,15.050134161074));
#3518 = VECTOR('',#3519,1.);
#3519 = DIRECTION('',(0.,-1.));
#3520 = ( GEOMETRIC_REPRESENTATION_CONTEXT(2) 
PARAMETRIC_REPRESENTATION_CONTEXT() REPRESENTATION_CONTEXT('2D SPACE',''
  ) );
#3521 = ORIENTED_EDGE('',*,*,#3522,.F.);
#3522 = EDGE_CURVE('',#3204,#3501,#3523,.T.);
#3523 = SURFACE_CURVE('',#3524,(#3528,#3535),.PCURVE_S1.);
#3524 = LINE('',#3525,#3526);
#3525 = CARTESIAN_POINT('',(49.,-14.5,9.));
#3526 = VECTOR('',#3527,1.);
#3527 = DIRECTION('',(-0.384347809941,0.,0.923188367016));
#3528 = PCURVE('',#1195,#3529);
#3529 = DEFINITIONAL_REPRESENTATION('',(#3530),#3534);
#3530 = LINE('',#3531,#3532);
#3531 = CARTESIAN_POINT('',(0.,0.));
#3532 = VECTOR('',#3533,1.);
#3533 = DIRECTION('',(1.,0.));
#3534 = ( GEOMETRIC_REPRESENTATION_CONTEXT(2) 
PARAMETRIC_REPRESENTATION_CONTEXT() REPRESENTATION_CONTEXT('2D SPACE',''
  ) );
#3535 = PCURVE('',#3239,#3536);
#3536 = DEFINITIONAL_REPRESENTATION('',(#3537),#3541);
#3537 = LINE('',#3538,#3539);
#3538 = CARTESIAN_POINT('',(10.209615663322,7.140384336678));
#3539 = VECTOR('',#3540,1.);
#3540 = DIRECTION('',(-0.923188367016,-0.384347809941));
#3541 = ( GEOMETRIC_REPRESENTATION_CONTEXT(2) 
PARAMETRIC_REPRESENTATION_CONTEXT() REPRESENTATION_CONTEXT('2D SPACE',''
  ) );
#3542 = ORIENTED_EDGE('',*,*,#3203,.T.);
#3543 = ADVANCED_FACE('',(#3544),#1435,.T.);
#3544 = FACE_BOUND('',#3545,.T.);
#3545 = EDGE_LOOP('',(#3546,#3547,#3548));
#3546 = ORIENTED_EDGE('',*,*,#1499,.F.);
#3547 = ORIENTED_EDGE('',*,*,#1418,.T.);
#3548 = ORIENTED_EDGE('',*,*,#3549,.F.);
#3549 = EDGE_CURVE('',#1500,#1358,#3550,.T.);
#3550 = SURFACE_CURVE('',#3551,(#3555,#3562),.PCURVE_S1.);
#3551 = LINE('',#3552,#3553);
#3552 = CARTESIAN_POINT('',(33.,-23.,9.));
#3553 = VECTOR('',#3554,1.);
#3554 = DIRECTION('',(1.,0.,0.));
#3555 = PCURVE('',#1435,#3556);
#3556 = DEFINITIONAL_REPRESENTATION('',(#3557),#3561);
#3557 = LINE('',#3558,#3559);
#3558 = CARTESIAN_POINT('',(3.,-4.5));
#3559 = VECTOR('',#3560,1.);
#3560 = DIRECTION('',(-1.,0.));
#3561 = ( GEOMETRIC_REPRESENTATION_CONTEXT(2) 
PARAMETRIC_REPRESENTATION_CONTEXT() REPRESENTATION_CONTEXT('2D SPACE',''
  ) );
#3562 = PCURVE('',#1391,#3563);
#3563 = DEFINITIONAL_REPRESENTATION('',(#3564),#3568);
#3564 = LINE('',#3565,#3566);
#3565 = CARTESIAN_POINT('',(0.,0.));
#3566 = VECTOR('',#3567,1.);
#3567 = DIRECTION('',(0.,-1.));
#3568 = ( GEOMETRIC_REPRESENTATION_CONTEXT(2) 
PARAMETRIC_REPRESENTATION_CONTEXT() REPRESENTATION_CONTEXT('2D SPACE',''
  ) );
#3569 = ADVANCED_FACE('',(#3570),#1391,.T.);
#3570 = FACE_BOUND('',#3571,.T.);
#3571 = EDGE_LOOP('',(#3572,#3573,#3574,#3575,#3576,#3607));
#3572 = ORIENTED_EDGE('',*,*,#1522,.F.);
#3573 = ORIENTED_EDGE('',*,*,#3549,.T.);
#3574 = ORIENTED_EDGE('',*,*,#1357,.F.);
#3575 = ORIENTED_EDGE('',*,*,#3166,.F.);
#3576 = ORIENTED_EDGE('',*,*,#3577,.T.);
#3577 = EDGE_CURVE('',#3167,#3578,#3580,.T.);
#3578 = VERTEX_POINT('',#3579);
#3579 = CARTESIAN_POINT('',(39.,-21.51219002901,45.898183920546));
#3580 = SURFACE_CURVE('',#3581,(#3589,#3596),.PCURVE_S1.);
#3581 = B_SPLINE_CURVE_WITH_KNOTS('',3,(#3582,#3583,#3584,#3585,#3586,
    #3587,#3588),.UNSPECIFIED.,.F.,.F.,(4,1,1,1,4),(0.,8.301355311032,
    18.690923396376,29.08049148172,41.533001268908),.UNSPECIFIED.);
#3582 = CARTESIAN_POINT('',(39.,-23.,9.));
#3583 = CARTESIAN_POINT('',(39.,-23.02039536865,11.769167908325));
#3584 = CARTESIAN_POINT('',(39.,-22.88181028694,17.997531238631));
#3585 = CARTESIAN_POINT('',(39.,-22.293167951,27.674771497602));
#3586 = CARTESIAN_POINT('',(39.,-21.66420407889,38.734871047268));
#3587 = CARTESIAN_POINT('',(39.,-21.45786010381,46.345415673441));
#3588 = CARTESIAN_POINT('',(39.,-21.5,50.5));
#3589 = PCURVE('',#1391,#3590);
#3590 = DEFINITIONAL_REPRESENTATION('',(#3591),#3595);
#3591 = LINE('',#3592,#3593);
#3592 = CARTESIAN_POINT('',(0.,-6.));
#3593 = VECTOR('',#3594,1.);
#3594 = DIRECTION('',(1.,0.));
#3595 = ( GEOMETRIC_REPRESENTATION_CONTEXT(2) 
PARAMETRIC_REPRESENTATION_CONTEXT() REPRESENTATION_CONTEXT('2D SPACE',''
  ) );
#3596 = PCURVE('',#3263,#3597);
#3597 = DEFINITIONAL_REPRESENTATION('',(#3598),#3606);
#3598 = B_SPLINE_CURVE_WITH_KNOTS('',3,(#3599,#3600,#3601,#3602,#3603,
    #3604,#3605),.UNSPECIFIED.,.F.,.F.,(4,1,1,1,4),(0.,8.301355311032,
    18.690923396376,29.08049148172,41.533001268908),.UNSPECIFIED.);
#3599 = CARTESIAN_POINT('',(-18.99619296957,21.550134161074));
#3600 = CARTESIAN_POINT('',(-16.22702506125,21.570529529725));
#3601 = CARTESIAN_POINT('',(-9.998661730945,21.431944448014));
#3602 = CARTESIAN_POINT('',(-0.321421471974,20.843302112075));
#3603 = CARTESIAN_POINT('',(10.738678077691,20.214338239964));
#3604 = CARTESIAN_POINT('',(18.349222703865,20.007994264885));
#3605 = CARTESIAN_POINT('',(22.503807030424,20.050134161074));
#3606 = ( GEOMETRIC_REPRESENTATION_CONTEXT(2) 
PARAMETRIC_REPRESENTATION_CONTEXT() REPRESENTATION_CONTEXT('2D SPACE',''
  ) );
#3607 = ORIENTED_EDGE('',*,*,#3608,.T.);
#3608 = EDGE_CURVE('',#3578,#1523,#3609,.T.);
#3609 = SURFACE_CURVE('',#3610,(#3616,#3625),.PCURVE_S1.);
#3610 = B_SPLINE_CURVE_WITH_KNOTS('',4,(#3611,#3612,#3613,#3614,#3615),
  .UNSPECIFIED.,.F.,.F.,(5,5),(0.,1.),.PIECEWISE_BEZIER_KNOTS.);
#3611 = CARTESIAN_POINT('',(39.0000006,-21.51219002901,45.898183920546)
  );
#3612 = CARTESIAN_POINT('',(37.5000003,-21.51219002901,45.898183920546)
  );
#3613 = CARTESIAN_POINT('',(36.,-21.51219002901,45.898183920546));
#3614 = CARTESIAN_POINT('',(34.4999997,-21.51219002901,45.898183920546)
  );
#3615 = CARTESIAN_POINT('',(32.9999994,-21.51219002901,45.898183920546)
  );
#3616 = PCURVE('',#1391,#3617);
#3617 = DEFINITIONAL_REPRESENTATION('',(#3618),#3624);
#3618 = B_SPLINE_CURVE_WITH_KNOTS('',4,(#3619,#3620,#3621,#3622,#3623),
  .UNSPECIFIED.,.F.,.F.,(5,5),(0.,1.),.PIECEWISE_BEZIER_KNOTS.);
#3619 = CARTESIAN_POINT('',(36.933187776637,-6.0000006));
#3620 = CARTESIAN_POINT('',(36.933187776637,-4.5000003));
#3621 = CARTESIAN_POINT('',(36.933187776637,-3.));
#3622 = CARTESIAN_POINT('',(36.933187776637,-1.4999997));
#3623 = CARTESIAN_POINT('',(36.933187776637,5.999999999062E-07));
#3624 = ( GEOMETRIC_REPRESENTATION_CONTEXT(2) 
PARAMETRIC_REPRESENTATION_CONTEXT() REPRESENTATION_CONTEXT('2D SPACE',''
  ) );
#3625 = PCURVE('',#1574,#3626);
#3626 = DEFINITIONAL_REPRESENTATION('',(#3627),#3633);
#3627 = B_SPLINE_CURVE_WITH_KNOTS('',4,(#3628,#3629,#3630,#3631,#3632),
  .UNSPECIFIED.,.F.,.F.,(5,5),(0.,1.),.PIECEWISE_BEZIER_KNOTS.);
#3628 = CARTESIAN_POINT('',(2.562014637337,7.0000006));
#3629 = CARTESIAN_POINT('',(2.562014637337,5.5000003));
#3630 = CARTESIAN_POINT('',(2.562014637337,4.));
#3631 = CARTESIAN_POINT('',(2.562014637337,2.4999997));
#3632 = CARTESIAN_POINT('',(2.562014637337,0.9999994));
#3633 = ( GEOMETRIC_REPRESENTATION_CONTEXT(2) 
PARAMETRIC_REPRESENTATION_CONTEXT() REPRESENTATION_CONTEXT('2D SPACE',''
  ) );
#3634 = ADVANCED_FACE('',(#3635),#2184,.T.);
#3635 = FACE_BOUND('',#3636,.T.);
#3636 = EDGE_LOOP('',(#3637,#3638,#3659));
#3637 = ORIENTED_EDGE('',*,*,#2168,.F.);
#3638 = ORIENTED_EDGE('',*,*,#3639,.T.);
#3639 = EDGE_CURVE('',#2127,#2324,#3640,.T.);
#3640 = SURFACE_CURVE('',#3641,(#3645,#3652),.PCURVE_S1.);
#3641 = LINE('',#3642,#3643);
#3642 = CARTESIAN_POINT('',(33.,-14.,9.));
#3643 = VECTOR('',#3644,1.);
#3644 = DIRECTION('',(1.,0.,0.));
#3645 = PCURVE('',#2184,#3646);
#3646 = DEFINITIONAL_REPRESENTATION('',(#3647),#3651);
#3647 = LINE('',#3648,#3649);
#3648 = CARTESIAN_POINT('',(3.,4.5));
#3649 = VECTOR('',#3650,1.);
#3650 = DIRECTION('',(-1.,0.));
#3651 = ( GEOMETRIC_REPRESENTATION_CONTEXT(2) 
PARAMETRIC_REPRESENTATION_CONTEXT() REPRESENTATION_CONTEXT('2D SPACE',''
  ) );
#3652 = PCURVE('',#2150,#3653);
#3653 = DEFINITIONAL_REPRESENTATION('',(#3654),#3658);
#3654 = LINE('',#3655,#3656);
#3655 = CARTESIAN_POINT('',(41.533001268908,0.));
#3656 = VECTOR('',#3657,1.);
#3657 = DIRECTION('',(0.,-1.));
#3658 = ( GEOMETRIC_REPRESENTATION_CONTEXT(2) 
PARAMETRIC_REPRESENTATION_CONTEXT() REPRESENTATION_CONTEXT('2D SPACE',''
  ) );
#3659 = ORIENTED_EDGE('',*,*,#2323,.T.);
#3660 = ADVANCED_FACE('',(#3661),#2150,.T.);
#3661 = FACE_BOUND('',#3662,.T.);
#3662 = EDGE_LOOP('',(#3663,#3664,#3693,#3724,#3744,#3841,#3871,#3872));
#3663 = ORIENTED_EDGE('',*,*,#2126,.F.);
#3664 = ORIENTED_EDGE('',*,*,#3665,.F.);
#3665 = EDGE_CURVE('',#3666,#2099,#3668,.T.);
#3666 = VERTEX_POINT('',#3667);
#3667 = CARTESIAN_POINT('',(39.,-14.86391304368,30.5));
#3668 = SURFACE_CURVE('',#3669,(#3675,#3684),.PCURVE_S1.);
#3669 = B_SPLINE_CURVE_WITH_KNOTS('',4,(#3670,#3671,#3672,#3673,#3674),
  .UNSPECIFIED.,.F.,.F.,(5,5),(0.,1.),.PIECEWISE_BEZIER_KNOTS.);
#3670 = CARTESIAN_POINT('',(39.,-14.86391304368,30.5));
#3671 = CARTESIAN_POINT('',(37.50000000015,-14.86391304368,30.5));
#3672 = CARTESIAN_POINT('',(35.999999999994,-14.86391304368,30.5));
#3673 = CARTESIAN_POINT('',(34.49999999985,-14.86391304368,30.5));
#3674 = CARTESIAN_POINT('',(33.,-14.86391304368,30.5));
#3675 = PCURVE('',#2150,#3676);
#3676 = DEFINITIONAL_REPRESENTATION('',(#3677),#3683);
#3677 = B_SPLINE_CURVE_WITH_KNOTS('',4,(#3678,#3679,#3680,#3681,#3682),
  .UNSPECIFIED.,.F.,.F.,(5,5),(0.,1.),.PIECEWISE_BEZIER_KNOTS.);
#3678 = CARTESIAN_POINT('',(20.012600105186,-5.9999999994));
#3679 = CARTESIAN_POINT('',(20.012600105186,-4.49999999955));
#3680 = CARTESIAN_POINT('',(20.012600105186,-3.000000000006));
#3681 = CARTESIAN_POINT('',(20.012600105186,-1.50000000045));
#3682 = CARTESIAN_POINT('',(20.012600105186,-5.999396535117E-10));
#3683 = ( GEOMETRIC_REPRESENTATION_CONTEXT(2) 
PARAMETRIC_REPRESENTATION_CONTEXT() REPRESENTATION_CONTEXT('2D SPACE',''
  ) );
#3684 = PCURVE('',#2114,#3685);
#3685 = DEFINITIONAL_REPRESENTATION('',(#3686),#3692);
#3686 = B_SPLINE_CURVE_WITH_KNOTS('',4,(#3687,#3688,#3689,#3690,#3691),
  .UNSPECIFIED.,.F.,.F.,(5,5),(0.,1.),.PIECEWISE_BEZIER_KNOTS.);
#3687 = CARTESIAN_POINT('',(6.,3.636086956316));
#3688 = CARTESIAN_POINT('',(4.50000000015,3.636086956316));
#3689 = CARTESIAN_POINT('',(2.999999999994,3.636086956316));
#3690 = CARTESIAN_POINT('',(1.49999999985,3.636086956316));
#3691 = CARTESIAN_POINT('',(0.,3.636086956316));
#3692 = ( GEOMETRIC_REPRESENTATION_CONTEXT(2) 
PARAMETRIC_REPRESENTATION_CONTEXT() REPRESENTATION_CONTEXT('2D SPACE',''
  ) );
#3693 = ORIENTED_EDGE('',*,*,#3694,.T.);
#3694 = EDGE_CURVE('',#3666,#3695,#3697,.T.);
#3695 = VERTEX_POINT('',#3696);
#3696 = CARTESIAN_POINT('',(39.,-14.5,24.265155338466));
#3697 = SURFACE_CURVE('',#3698,(#3706,#3713),.PCURVE_S1.);
#3698 = B_SPLINE_CURVE_WITH_KNOTS('',3,(#3699,#3700,#3701,#3702,#3703,
    #3704,#3705),.UNSPECIFIED.,.F.,.F.,(4,1,1,1,4),(0.,12.452509787187,
    22.842077872532,33.231645957876,41.533001268908),.UNSPECIFIED.);
#3699 = CARTESIAN_POINT('',(39.,-15.5,50.5));
#3700 = CARTESIAN_POINT('',(39.,-15.54213989618,46.345415673441));
#3701 = CARTESIAN_POINT('',(39.,-15.33579592111,38.734871047268));
#3702 = CARTESIAN_POINT('',(39.,-14.70683204899,27.674771497602));
#3703 = CARTESIAN_POINT('',(39.,-14.11818971306,17.997531238631));
#3704 = CARTESIAN_POINT('',(39.,-13.97960463134,11.769167908325));
#3705 = CARTESIAN_POINT('',(39.,-14.,9.));
#3706 = PCURVE('',#2150,#3707);
#3707 = DEFINITIONAL_REPRESENTATION('',(#3708),#3712);
#3708 = LINE('',#3709,#3710);
#3709 = CARTESIAN_POINT('',(0.,-6.));
#3710 = VECTOR('',#3711,1.);
#3711 = DIRECTION('',(1.,0.));
#3712 = ( GEOMETRIC_REPRESENTATION_CONTEXT(2) 
PARAMETRIC_REPRESENTATION_CONTEXT() REPRESENTATION_CONTEXT('2D SPACE',''
  ) );
#3713 = PCURVE('',#3263,#3714);
#3714 = DEFINITIONAL_REPRESENTATION('',(#3715),#3723);
#3715 = B_SPLINE_CURVE_WITH_KNOTS('',3,(#3716,#3717,#3718,#3719,#3720,
    #3721,#3722),.UNSPECIFIED.,.F.,.F.,(4,1,1,1,4),(0.,12.452509787187,
    22.842077872532,33.231645957876,41.533001268908),.UNSPECIFIED.);
#3716 = CARTESIAN_POINT('',(22.503807030424,14.050134161074));
#3717 = CARTESIAN_POINT('',(18.349222703865,14.092274057262));
#3718 = CARTESIAN_POINT('',(10.738678077691,13.885930082183));
#3719 = CARTESIAN_POINT('',(-0.321421471974,13.256966210072));
#3720 = CARTESIAN_POINT('',(-9.998661730945,12.668323874133));
#3721 = CARTESIAN_POINT('',(-16.22702506125,12.529738792422));
#3722 = CARTESIAN_POINT('',(-18.99619296957,12.550134161074));
#3723 = ( GEOMETRIC_REPRESENTATION_CONTEXT(2) 
PARAMETRIC_REPRESENTATION_CONTEXT() REPRESENTATION_CONTEXT('2D SPACE',''
  ) );
#3724 = ORIENTED_EDGE('',*,*,#3725,.T.);
#3725 = EDGE_CURVE('',#3695,#3726,#3728,.T.);
#3726 = VERTEX_POINT('',#3727);
#3727 = CARTESIAN_POINT('',(38.8,-14.5,24.265155338466));
#3728 = SURFACE_CURVE('',#3729,(#3732,#3738),.PCURVE_S1.);
#3729 = B_SPLINE_CURVE_WITH_KNOTS('',1,(#3730,#3731),.UNSPECIFIED.,.F.,
  .F.,(2,2),(0.,1.),.PIECEWISE_BEZIER_KNOTS.);
#3730 = CARTESIAN_POINT('',(39.0000006,-14.5,24.265155338466));
#3731 = CARTESIAN_POINT('',(38.8,-14.5,24.265155338466));
#3732 = PCURVE('',#2150,#3733);
#3733 = DEFINITIONAL_REPRESENTATION('',(#3734),#3737);
#3734 = B_SPLINE_CURVE_WITH_KNOTS('',1,(#3735,#3736),.UNSPECIFIED.,.F.,
  .F.,(2,2),(0.,1.),.PIECEWISE_BEZIER_KNOTS.);
#3735 = CARTESIAN_POINT('',(26.257397618586,-6.0000006));
#3736 = CARTESIAN_POINT('',(26.257397618586,-5.8));
#3737 = ( GEOMETRIC_REPRESENTATION_CONTEXT(2) 
PARAMETRIC_REPRESENTATION_CONTEXT() REPRESENTATION_CONTEXT('2D SPACE',''
  ) );
#3738 = PCURVE('',#3239,#3739);
#3739 = DEFINITIONAL_REPRESENTATION('',(#3740),#3743);
#3740 = B_SPLINE_CURVE_WITH_KNOTS('',1,(#3741,#3742),.UNSPECIFIED.,.F.,
  .F.,(2,2),(0.,1.),.PIECEWISE_BEZIER_KNOTS.);
#3741 = CARTESIAN_POINT('',(-5.055539675143,-2.859615063322));
#3742 = CARTESIAN_POINT('',(-5.055539675143,-3.059615663322));
#3743 = ( GEOMETRIC_REPRESENTATION_CONTEXT(2) 
PARAMETRIC_REPRESENTATION_CONTEXT() REPRESENTATION_CONTEXT('2D SPACE',''
  ) );
#3744 = ORIENTED_EDGE('',*,*,#3745,.F.);
#3745 = EDGE_CURVE('',#3746,#3726,#3748,.T.);
#3746 = VERTEX_POINT('',#3747);
#3747 = CARTESIAN_POINT('',(38.8,-13.99676387023,10.5));
#3748 = SURFACE_CURVE('',#3749,(#3776,#3806),.PCURVE_S1.);
#3749 = B_SPLINE_CURVE_WITH_KNOTS('',7,(#3750,#3751,#3752,#3753,#3754,
    #3755,#3756,#3757,#3758,#3759,#3760,#3761,#3762,#3763,#3764,#3765,
    #3766,#3767,#3768,#3769,#3770,#3771,#3772,#3773,#3774,#3775),
  .UNSPECIFIED.,.F.,.F.,(8,6,6,6,8),(0.,0.406240662477,0.610047073475,
    0.816616701486,1.),.UNSPECIFIED.);
#3750 = CARTESIAN_POINT('',(38.8,-13.99676387023,10.5));
#3751 = CARTESIAN_POINT('',(38.8,-13.9990957562,11.299646730102));
#3752 = CARTESIAN_POINT('',(38.8,-14.00634050946,12.09919872036));
#3753 = CARTESIAN_POINT('',(38.8,-14.01819620862,12.898644200801));
#3754 = CARTESIAN_POINT('',(38.8,-14.03436040015,13.697974963649));
#3755 = CARTESIAN_POINT('',(38.8,-14.05453009836,14.497186363321));
#3756 = CARTESIAN_POINT('',(38.8,-14.07840178546,15.296277316434));
#3757 = CARTESIAN_POINT('',(38.8,-14.11935227884,16.496086140436));
#3758 = CARTESIAN_POINT('',(38.8,-14.13388961522,16.896892163054));
#3759 = CARTESIAN_POINT('',(38.8,-14.14923716699,17.297668917428));
#3760 = CARTESIAN_POINT('',(38.8,-14.16537840688,17.698415955208));
#3761 = CARTESIAN_POINT('',(38.8,-14.18224788307,18.09913499057));
#3762 = CARTESIAN_POINT('',(38.8,-14.19980674322,18.49982671451));
#3763 = CARTESIAN_POINT('',(38.8,-14.23645636543,19.306590401943));
#3764 = CARTESIAN_POINT('',(38.8,-14.25556472498,19.71266163883));
#3765 = CARTESIAN_POINT('',(38.8,-14.27528569271,20.118707448191));
#3766 = CARTESIAN_POINT('',(38.8,-14.29557172656,20.524729274062));
#3767 = CARTESIAN_POINT('',(38.8,-14.31637529475,20.930728702753));
#3768 = CARTESIAN_POINT('',(38.8,-14.33764887586,21.336707462857));
#3769 = CARTESIAN_POINT('',(38.8,-14.37860577305,22.103060565715));
#3770 = CARTESIAN_POINT('',(38.8,-14.39819956466,22.463438870575));
#3771 = CARTESIAN_POINT('',(38.8,-14.41809309388,22.82380364467));
#3772 = CARTESIAN_POINT('',(38.8,-14.43825312693,23.184156244511));
#3773 = CARTESIAN_POINT('',(38.8,-14.45864643595,23.544498078263));
#3774 = CARTESIAN_POINT('',(38.8,-14.47923979898,23.904830605754));
#3775 = CARTESIAN_POINT('',(38.8,-14.5,24.265155338466));
#3776 = PCURVE('',#2150,#3777);
#3777 = DEFINITIONAL_REPRESENTATION('',(#3778),#3805);
#3778 = B_SPLINE_CURVE_WITH_KNOTS('',7,(#3779,#3780,#3781,#3782,#3783,
    #3784,#3785,#3786,#3787,#3788,#3789,#3790,#3791,#3792,#3793,#3794,
    #3795,#3796,#3797,#3798,#3799,#3800,#3801,#3802,#3803,#3804),
  .UNSPECIFIED.,.F.,.F.,(8,6,6,6,8),(0.,0.406240662477,0.610047073475,
    0.816616701486,1.),.UNSPECIFIED.);
#3779 = CARTESIAN_POINT('',(40.033833844106,-5.8));
#3780 = CARTESIAN_POINT('',(39.234486849323,-5.8));
#3781 = CARTESIAN_POINT('',(38.435060056615,-5.8));
#3782 = CARTESIAN_POINT('',(37.635575962502,-5.8));
#3783 = CARTESIAN_POINT('',(36.836053534557,-5.8));
#3784 = CARTESIAN_POINT('',(36.036508211402,-5.8));
#3785 = CARTESIAN_POINT('',(35.236951902711,-5.8));
#3786 = CARTESIAN_POINT('',(34.036263196958,-5.8));
#3787 = CARTESIAN_POINT('',(33.635132828371,-5.8));
#3788 = CARTESIAN_POINT('',(33.234002966834,-5.8));
#3789 = CARTESIAN_POINT('',(32.832874697676,-5.8));
#3790 = CARTESIAN_POINT('',(32.431748580235,-5.8));
#3791 = CARTESIAN_POINT('',(32.030625307354,-5.8));
#3792 = CARTESIAN_POINT('',(31.222946728975,-5.8));
#3793 = CARTESIAN_POINT('',(30.816391525333,-5.8));
#3794 = CARTESIAN_POINT('',(30.409839986522,-5.8));
#3795 = CARTESIAN_POINT('',(30.003292346645,-5.8));
#3796 = CARTESIAN_POINT('',(29.596748697231,-5.8));
#3797 = CARTESIAN_POINT('',(29.190208987233,-5.8));
#3798 = CARTESIAN_POINT('',(28.422768533837,-5.8));
#3799 = CARTESIAN_POINT('',(28.061867017698,-5.8));
#3800 = CARTESIAN_POINT('',(27.700968343191,-5.8));
#3801 = CARTESIAN_POINT('',(27.340072327055,-5.8));
#3802 = CARTESIAN_POINT('',(26.979178734181,-5.8));
#3803 = CARTESIAN_POINT('',(26.618287277622,-5.8));
#3804 = CARTESIAN_POINT('',(26.257397618586,-5.8));
#3805 = ( GEOMETRIC_REPRESENTATION_CONTEXT(2) 
PARAMETRIC_REPRESENTATION_CONTEXT() REPRESENTATION_CONTEXT('2D SPACE',''
  ) );
#3806 = PCURVE('',#3807,#3812);
#3807 = PLANE('',#3808);
#3808 = AXIS2_PLACEMENT_3D('',#3809,#3810,#3811);
#3809 = CARTESIAN_POINT('',(38.8,-14.5,33.5));
#3810 = DIRECTION('',(-1.,0.,0.));
#3811 = DIRECTION('',(0.,0.,-1.));
#3812 = DEFINITIONAL_REPRESENTATION('',(#3813),#3840);
#3813 = B_SPLINE_CURVE_WITH_KNOTS('',7,(#3814,#3815,#3816,#3817,#3818,
    #3819,#3820,#3821,#3822,#3823,#3824,#3825,#3826,#3827,#3828,#3829,
    #3830,#3831,#3832,#3833,#3834,#3835,#3836,#3837,#3838,#3839),
  .UNSPECIFIED.,.F.,.F.,(8,6,6,6,8),(0.,0.406240662477,0.610047073475,
    0.816616701486,1.),.UNSPECIFIED.);
#3814 = CARTESIAN_POINT('',(23.,-0.503236129761));
#3815 = CARTESIAN_POINT('',(22.200353269898,-0.500904243799));
#3816 = CARTESIAN_POINT('',(21.40080127964,-0.493659490534));
#3817 = CARTESIAN_POINT('',(20.601355799199,-0.481803791371));
#3818 = CARTESIAN_POINT('',(19.802025036351,-0.465639599846));
#3819 = CARTESIAN_POINT('',(19.002813636679,-0.445469901633));
#3820 = CARTESIAN_POINT('',(18.203722683566,-0.421598214537));
#3821 = CARTESIAN_POINT('',(17.003913859564,-0.380647721157));
#3822 = CARTESIAN_POINT('',(16.603107836946,-0.366110384771));
#3823 = CARTESIAN_POINT('',(16.202331082572,-0.350762833006));
#3824 = CARTESIAN_POINT('',(15.801584044792,-0.33462159312));
#3825 = CARTESIAN_POINT('',(15.40086500943,-0.317752116922));
#3826 = CARTESIAN_POINT('',(15.00017328549,-0.300193256778));
#3827 = CARTESIAN_POINT('',(14.193409598057,-0.263543634567));
#3828 = CARTESIAN_POINT('',(13.78733836117,-0.244435275016));
#3829 = CARTESIAN_POINT('',(13.381292551809,-0.224714307283));
#3830 = CARTESIAN_POINT('',(12.975270725938,-0.20442827344));
#3831 = CARTESIAN_POINT('',(12.569271297247,-0.183624705244));
#3832 = CARTESIAN_POINT('',(12.163292537143,-0.162351124137));
#3833 = CARTESIAN_POINT('',(11.396939434285,-0.12139422695));
#3834 = CARTESIAN_POINT('',(11.036561129425,-0.10180043534));
#3835 = CARTESIAN_POINT('',(10.67619635533,-8.190690611606E-02));
#3836 = CARTESIAN_POINT('',(10.315843755489,-6.174687306267E-02));
#3837 = CARTESIAN_POINT('',(9.955501921737,-4.135356404541E-02));
#3838 = CARTESIAN_POINT('',(9.595169394246,-2.076020101364E-02));
#3839 = CARTESIAN_POINT('',(9.234844661534,0.));
#3840 = ( GEOMETRIC_REPRESENTATION_CONTEXT(2) 
PARAMETRIC_REPRESENTATION_CONTEXT() REPRESENTATION_CONTEXT('2D SPACE',''
  ) );
#3841 = ORIENTED_EDGE('',*,*,#3842,.T.);
#3842 = EDGE_CURVE('',#3746,#2272,#3843,.T.);
#3843 = SURFACE_CURVE('',#3844,(#3851,#3861),.PCURVE_S1.);
#3844 = B_SPLINE_CURVE_WITH_KNOTS('',5,(#3845,#3846,#3847,#3848,#3849,
    #3850),.UNSPECIFIED.,.F.,.F.,(6,6),(0.,1.),
  .PIECEWISE_BEZIER_KNOTS.);
#3845 = CARTESIAN_POINT('',(39.0000006,-13.99676387023,10.5));
#3846 = CARTESIAN_POINT('',(37.83748183384,-13.99676387023,10.5));
#3847 = CARTESIAN_POINT('',(36.635621597376,-13.99676387023,10.5));
#3848 = CARTESIAN_POINT('',(35.415690837155,-13.99676387023,10.5));
#3849 = CARTESIAN_POINT('',(34.19761839902,-13.99676387023,10.5));
#3850 = CARTESIAN_POINT('',(33.,-13.99676387023,10.5));
#3851 = PCURVE('',#2150,#3852);
#3852 = DEFINITIONAL_REPRESENTATION('',(#3853),#3860);
#3853 = B_SPLINE_CURVE_WITH_KNOTS('',5,(#3854,#3855,#3856,#3857,#3858,
    #3859),.UNSPECIFIED.,.F.,.F.,(6,6),(0.,1.),
  .PIECEWISE_BEZIER_KNOTS.);
#3854 = CARTESIAN_POINT('',(40.033833886226,-6.0000006));
#3855 = CARTESIAN_POINT('',(40.033833886226,-4.83748183384));
#3856 = CARTESIAN_POINT('',(40.033833886226,-3.635621598239));
#3857 = CARTESIAN_POINT('',(40.033833886226,-2.415690835627));
#3858 = CARTESIAN_POINT('',(40.033833886226,-1.19761839962));
#3859 = CARTESIAN_POINT('',(40.033833886226,-5.999396535117E-10));
#3860 = ( GEOMETRIC_REPRESENTATION_CONTEXT(2) 
PARAMETRIC_REPRESENTATION_CONTEXT() REPRESENTATION_CONTEXT('2D SPACE',''
  ) );
#3861 = PCURVE('',#2288,#3862);
#3862 = DEFINITIONAL_REPRESENTATION('',(#3863),#3870);
#3863 = B_SPLINE_CURVE_WITH_KNOTS('',5,(#3864,#3865,#3866,#3867,#3868,
    #3869),.UNSPECIFIED.,.F.,.F.,(6,6),(0.,1.),
  .PIECEWISE_BEZIER_KNOTS.);
#3864 = CARTESIAN_POINT('',(-2.167051373961,-13.99676387023));
#3865 = CARTESIAN_POINT('',(-3.329570140122,-13.99676387023));
#3866 = CARTESIAN_POINT('',(-4.531430376586,-13.99676387023));
#3867 = CARTESIAN_POINT('',(-5.751361136806,-13.99676387023));
#3868 = CARTESIAN_POINT('',(-6.969433574941,-13.99676387023));
#3869 = CARTESIAN_POINT('',(-8.167051973961,-13.99676387023));
#3870 = ( GEOMETRIC_REPRESENTATION_CONTEXT(2) 
PARAMETRIC_REPRESENTATION_CONTEXT() REPRESENTATION_CONTEXT('2D SPACE',''
  ) );
#3871 = ORIENTED_EDGE('',*,*,#2351,.F.);
#3872 = ORIENTED_EDGE('',*,*,#3639,.F.);
#3873 = ADVANCED_FACE('',(#3874),#2114,.F.);
#3874 = FACE_BOUND('',#3875,.F.);
#3875 = EDGE_LOOP('',(#3876,#3899,#3922,#3949,#3950,#3951,#3974,#3995));
#3876 = ORIENTED_EDGE('',*,*,#3877,.F.);
#3877 = EDGE_CURVE('',#3878,#3880,#3882,.T.);
#3878 = VERTEX_POINT('',#3879);
#3879 = CARTESIAN_POINT('',(39.,14.5,30.5));
#3880 = VERTEX_POINT('',#3881);
#3881 = CARTESIAN_POINT('',(38.8,14.5,30.5));
#3882 = SURFACE_CURVE('',#3883,(#3887,#3893),.PCURVE_S1.);
#3883 = LINE('',#3884,#3885);
#3884 = CARTESIAN_POINT('',(37.429807831661,14.5,30.5));
#3885 = VECTOR('',#3886,1.);
#3886 = DIRECTION('',(-1.,0.,0.));
#3887 = PCURVE('',#2114,#3888);
#3888 = DEFINITIONAL_REPRESENTATION('',(#3889),#3892);
#3889 = B_SPLINE_CURVE_WITH_KNOTS('',1,(#3890,#3891),.UNSPECIFIED.,.F.,
  .F.,(2,2),(-1.570192168339,-1.370192168339),.PIECEWISE_BEZIER_KNOTS.);
#3890 = CARTESIAN_POINT('',(6.,33.));
#3891 = CARTESIAN_POINT('',(5.8,33.));
#3892 = ( GEOMETRIC_REPRESENTATION_CONTEXT(2) 
PARAMETRIC_REPRESENTATION_CONTEXT() REPRESENTATION_CONTEXT('2D SPACE',''
  ) );
#3893 = PCURVE('',#3488,#3894);
#3894 = DEFINITIONAL_REPRESENTATION('',(#3895),#3898);
#3895 = B_SPLINE_CURVE_WITH_KNOTS('',1,(#3896,#3897),.UNSPECIFIED.,.F.,
  .F.,(2,2),(-1.570192168339,-1.370192168339),.PIECEWISE_BEZIER_KNOTS.);
#3896 = CARTESIAN_POINT('',(-11.29038433667,-2.859615663322));
#3897 = CARTESIAN_POINT('',(-11.29038433667,-3.059615663322));
#3898 = ( GEOMETRIC_REPRESENTATION_CONTEXT(2) 
PARAMETRIC_REPRESENTATION_CONTEXT() REPRESENTATION_CONTEXT('2D SPACE',''
  ) );
#3899 = ORIENTED_EDGE('',*,*,#3900,.T.);
#3900 = EDGE_CURVE('',#3878,#3901,#3903,.T.);
#3901 = VERTEX_POINT('',#3902);
#3902 = CARTESIAN_POINT('',(39.,14.863913043684,30.5));
#3903 = SURFACE_CURVE('',#3904,(#3908,#3915),.PCURVE_S1.);
#3904 = LINE('',#3905,#3906);
#3905 = CARTESIAN_POINT('',(39.,-18.5,30.5));
#3906 = VECTOR('',#3907,1.);
#3907 = DIRECTION('',(-0.,1.,0.));
#3908 = PCURVE('',#2114,#3909);
#3909 = DEFINITIONAL_REPRESENTATION('',(#3910),#3914);
#3910 = LINE('',#3911,#3912);
#3911 = CARTESIAN_POINT('',(6.,0.));
#3912 = VECTOR('',#3913,1.);
#3913 = DIRECTION('',(0.,1.));
#3914 = ( GEOMETRIC_REPRESENTATION_CONTEXT(2) 
PARAMETRIC_REPRESENTATION_CONTEXT() REPRESENTATION_CONTEXT('2D SPACE',''
  ) );
#3915 = PCURVE('',#3263,#3916);
#3916 = DEFINITIONAL_REPRESENTATION('',(#3917),#3921);
#3917 = LINE('',#3918,#3919);
#3918 = CARTESIAN_POINT('',(2.503807030424,17.050134161074));
#3919 = VECTOR('',#3920,1.);
#3920 = DIRECTION('',(0.,-1.));
#3921 = ( GEOMETRIC_REPRESENTATION_CONTEXT(2) 
PARAMETRIC_REPRESENTATION_CONTEXT() REPRESENTATION_CONTEXT('2D SPACE',''
  ) );
#3922 = ORIENTED_EDGE('',*,*,#3923,.T.);
#3923 = EDGE_CURVE('',#3901,#2057,#3924,.T.);
#3924 = SURFACE_CURVE('',#3925,(#3931,#3940),.PCURVE_S1.);
#3925 = B_SPLINE_CURVE_WITH_KNOTS('',4,(#3926,#3927,#3928,#3929,#3930),
  .UNSPECIFIED.,.F.,.F.,(5,5),(0.,1.),.PIECEWISE_BEZIER_KNOTS.);
#3926 = CARTESIAN_POINT('',(39.,14.863913043684,30.5));
#3927 = CARTESIAN_POINT('',(37.50000000015,14.863913043684,30.5));
#3928 = CARTESIAN_POINT('',(35.999999999994,14.863913043684,30.5));
#3929 = CARTESIAN_POINT('',(34.49999999985,14.863913043684,30.5));
#3930 = CARTESIAN_POINT('',(33.,14.863913043684,30.5));
#3931 = PCURVE('',#2114,#3932);
#3932 = DEFINITIONAL_REPRESENTATION('',(#3933),#3939);
#3933 = B_SPLINE_CURVE_WITH_KNOTS('',4,(#3934,#3935,#3936,#3937,#3938),
  .UNSPECIFIED.,.F.,.F.,(5,5),(0.,1.),.PIECEWISE_BEZIER_KNOTS.);
#3934 = CARTESIAN_POINT('',(6.,33.363913043684));
#3935 = CARTESIAN_POINT('',(4.50000000015,33.363913043684));
#3936 = CARTESIAN_POINT('',(2.999999999994,33.363913043684));
#3937 = CARTESIAN_POINT('',(1.49999999985,33.363913043684));
#3938 = CARTESIAN_POINT('',(0.,33.363913043684));
#3939 = ( GEOMETRIC_REPRESENTATION_CONTEXT(2) 
PARAMETRIC_REPRESENTATION_CONTEXT() REPRESENTATION_CONTEXT('2D SPACE',''
  ) );
#3940 = PCURVE('',#2080,#3941);
#3941 = DEFINITIONAL_REPRESENTATION('',(#3942),#3948);
#3942 = B_SPLINE_CURVE_WITH_KNOTS('',4,(#3943,#3944,#3945,#3946,#3947),
  .UNSPECIFIED.,.F.,.F.,(5,5),(0.,1.),.PIECEWISE_BEZIER_KNOTS.);
#3943 = CARTESIAN_POINT('',(21.520401163722,-5.9999999994));
#3944 = CARTESIAN_POINT('',(21.520401163722,-4.49999999955));
#3945 = CARTESIAN_POINT('',(21.520401163722,-3.000000000006));
#3946 = CARTESIAN_POINT('',(21.520401163722,-1.50000000045));
#3947 = CARTESIAN_POINT('',(21.520401163722,-5.999396535117E-10));
#3948 = ( GEOMETRIC_REPRESENTATION_CONTEXT(2) 
PARAMETRIC_REPRESENTATION_CONTEXT() REPRESENTATION_CONTEXT('2D SPACE',''
  ) );
#3949 = ORIENTED_EDGE('',*,*,#2098,.F.);
#3950 = ORIENTED_EDGE('',*,*,#3665,.F.);
#3951 = ORIENTED_EDGE('',*,*,#3952,.T.);
#3952 = EDGE_CURVE('',#3666,#3953,#3955,.T.);
#3953 = VERTEX_POINT('',#3954);
#3954 = CARTESIAN_POINT('',(39.,-14.5,30.5));
#3955 = SURFACE_CURVE('',#3956,(#3960,#3967),.PCURVE_S1.);
#3956 = LINE('',#3957,#3958);
#3957 = CARTESIAN_POINT('',(39.,-18.5,30.5));
#3958 = VECTOR('',#3959,1.);
#3959 = DIRECTION('',(-0.,1.,0.));
#3960 = PCURVE('',#2114,#3961);
#3961 = DEFINITIONAL_REPRESENTATION('',(#3962),#3966);
#3962 = LINE('',#3963,#3964);
#3963 = CARTESIAN_POINT('',(6.,0.));
#3964 = VECTOR('',#3965,1.);
#3965 = DIRECTION('',(0.,1.));
#3966 = ( GEOMETRIC_REPRESENTATION_CONTEXT(2) 
PARAMETRIC_REPRESENTATION_CONTEXT() REPRESENTATION_CONTEXT('2D SPACE',''
  ) );
#3967 = PCURVE('',#3263,#3968);
#3968 = DEFINITIONAL_REPRESENTATION('',(#3969),#3973);
#3969 = LINE('',#3970,#3971);
#3970 = CARTESIAN_POINT('',(2.503807030424,17.050134161074));
#3971 = VECTOR('',#3972,1.);
#3972 = DIRECTION('',(0.,-1.));
#3973 = ( GEOMETRIC_REPRESENTATION_CONTEXT(2) 
PARAMETRIC_REPRESENTATION_CONTEXT() REPRESENTATION_CONTEXT('2D SPACE',''
  ) );
#3974 = ORIENTED_EDGE('',*,*,#3975,.T.);
#3975 = EDGE_CURVE('',#3953,#3976,#3978,.T.);
#3976 = VERTEX_POINT('',#3977);
#3977 = CARTESIAN_POINT('',(38.8,-14.5,30.5));
#3978 = SURFACE_CURVE('',#3979,(#3983,#3989),.PCURVE_S1.);
#3979 = LINE('',#3980,#3981);
#3980 = CARTESIAN_POINT('',(37.429807831661,-14.5,30.5));
#3981 = VECTOR('',#3982,1.);
#3982 = DIRECTION('',(-1.,0.,0.));
#3983 = PCURVE('',#2114,#3984);
#3984 = DEFINITIONAL_REPRESENTATION('',(#3985),#3988);
#3985 = B_SPLINE_CURVE_WITH_KNOTS('',1,(#3986,#3987),.UNSPECIFIED.,.F.,
  .F.,(2,2),(-1.570192168339,-1.370192168339),.PIECEWISE_BEZIER_KNOTS.);
#3986 = CARTESIAN_POINT('',(6.,4.));
#3987 = CARTESIAN_POINT('',(5.8,4.));
#3988 = ( GEOMETRIC_REPRESENTATION_CONTEXT(2) 
PARAMETRIC_REPRESENTATION_CONTEXT() REPRESENTATION_CONTEXT('2D SPACE',''
  ) );
#3989 = PCURVE('',#3239,#3990);
#3990 = DEFINITIONAL_REPRESENTATION('',(#3991),#3994);
#3991 = B_SPLINE_CURVE_WITH_KNOTS('',1,(#3992,#3993),.UNSPECIFIED.,.F.,
  .F.,(2,2),(-1.570192168339,-1.370192168339),.PIECEWISE_BEZIER_KNOTS.);
#3992 = CARTESIAN_POINT('',(-11.29038433667,-2.859615663322));
#3993 = CARTESIAN_POINT('',(-11.29038433667,-3.059615663322));
#3994 = ( GEOMETRIC_REPRESENTATION_CONTEXT(2) 
PARAMETRIC_REPRESENTATION_CONTEXT() REPRESENTATION_CONTEXT('2D SPACE',''
  ) );
#3995 = ORIENTED_EDGE('',*,*,#3996,.T.);
#3996 = EDGE_CURVE('',#3976,#3880,#3997,.T.);
#3997 = SURFACE_CURVE('',#3998,(#4002,#4008),.PCURVE_S1.);
#3998 = LINE('',#3999,#4000);
#3999 = CARTESIAN_POINT('',(38.8,-16.5,30.5));
#4000 = VECTOR('',#4001,1.);
#4001 = DIRECTION('',(0.,1.,-0.));
#4002 = PCURVE('',#2114,#4003);
#4003 = DEFINITIONAL_REPRESENTATION('',(#4004),#4007);
#4004 = B_SPLINE_CURVE_WITH_KNOTS('',1,(#4005,#4006),.UNSPECIFIED.,.F.,
  .F.,(2,2),(2.,31.),.PIECEWISE_BEZIER_KNOTS.);
#4005 = CARTESIAN_POINT('',(5.8,4.));
#4006 = CARTESIAN_POINT('',(5.8,33.));
#4007 = ( GEOMETRIC_REPRESENTATION_CONTEXT(2) 
PARAMETRIC_REPRESENTATION_CONTEXT() REPRESENTATION_CONTEXT('2D SPACE',''
  ) );
#4008 = PCURVE('',#3807,#4009);
#4009 = DEFINITIONAL_REPRESENTATION('',(#4010),#4013);
#4010 = B_SPLINE_CURVE_WITH_KNOTS('',1,(#4011,#4012),.UNSPECIFIED.,.F.,
  .F.,(2,2),(2.,31.),.PIECEWISE_BEZIER_KNOTS.);
#4011 = CARTESIAN_POINT('',(3.,0.));
#4012 = CARTESIAN_POINT('',(3.,-29.));
#4013 = ( GEOMETRIC_REPRESENTATION_CONTEXT(2) 
PARAMETRIC_REPRESENTATION_CONTEXT() REPRESENTATION_CONTEXT('2D SPACE',''
  ) );
#4014 = ADVANCED_FACE('',(#4015),#2080,.T.);
#4015 = FACE_BOUND('',#4016,.T.);
#4016 = EDGE_LOOP('',(#4017,#4018,#4039,#4040,#4072,#4137,#4157,#4186));
#4017 = ORIENTED_EDGE('',*,*,#2056,.F.);
#4018 = ORIENTED_EDGE('',*,*,#4019,.T.);
#4019 = EDGE_CURVE('',#2029,#2625,#4020,.T.);
#4020 = SURFACE_CURVE('',#4021,(#4025,#4032),.PCURVE_S1.);
#4021 = LINE('',#4022,#4023);
#4022 = CARTESIAN_POINT('',(33.,14.,9.));
#4023 = VECTOR('',#4024,1.);
#4024 = DIRECTION('',(1.,0.,0.));
#4025 = PCURVE('',#2080,#4026);
#4026 = DEFINITIONAL_REPRESENTATION('',(#4027),#4031);
#4027 = LINE('',#4028,#4029);
#4028 = CARTESIAN_POINT('',(0.,0.));
#4029 = VECTOR('',#4030,1.);
#4030 = DIRECTION('',(0.,-1.));
#4031 = ( GEOMETRIC_REPRESENTATION_CONTEXT(2) 
PARAMETRIC_REPRESENTATION_CONTEXT() REPRESENTATION_CONTEXT('2D SPACE',''
  ) );
#4032 = PCURVE('',#2044,#4033);
#4033 = DEFINITIONAL_REPRESENTATION('',(#4034),#4038);
#4034 = LINE('',#4035,#4036);
#4035 = CARTESIAN_POINT('',(3.,-4.5));
#4036 = VECTOR('',#4037,1.);
#4037 = DIRECTION('',(-1.,0.));
#4038 = ( GEOMETRIC_REPRESENTATION_CONTEXT(2) 
PARAMETRIC_REPRESENTATION_CONTEXT() REPRESENTATION_CONTEXT('2D SPACE',''
  ) );
#4039 = ORIENTED_EDGE('',*,*,#2624,.F.);
#4040 = ORIENTED_EDGE('',*,*,#4041,.F.);
#4041 = EDGE_CURVE('',#4042,#2601,#4044,.T.);
#4042 = VERTEX_POINT('',#4043);
#4043 = CARTESIAN_POINT('',(38.8,13.996763870239,10.5));
#4044 = SURFACE_CURVE('',#4045,(#4052,#4062),.PCURVE_S1.);
#4045 = B_SPLINE_CURVE_WITH_KNOTS('',5,(#4046,#4047,#4048,#4049,#4050,
    #4051),.UNSPECIFIED.,.F.,.F.,(6,6),(0.,1.),
  .PIECEWISE_BEZIER_KNOTS.);
#4046 = CARTESIAN_POINT('',(39.0000006,13.996763870239,10.5));
#4047 = CARTESIAN_POINT('',(37.83748183384,13.996763870239,10.5));
#4048 = CARTESIAN_POINT('',(36.635621597376,13.996763870239,10.5));
#4049 = CARTESIAN_POINT('',(35.415690837155,13.996763870239,10.5));
#4050 = CARTESIAN_POINT('',(34.19761839902,13.996763870239,10.5));
#4051 = CARTESIAN_POINT('',(33.,13.996763870239,10.5));
#4052 = PCURVE('',#2080,#4053);
#4053 = DEFINITIONAL_REPRESENTATION('',(#4054),#4061);
#4054 = B_SPLINE_CURVE_WITH_KNOTS('',5,(#4055,#4056,#4057,#4058,#4059,
    #4060),.UNSPECIFIED.,.F.,.F.,(6,6),(0.,1.),
  .PIECEWISE_BEZIER_KNOTS.);
#4055 = CARTESIAN_POINT('',(1.499167382682,-6.0000006));
#4056 = CARTESIAN_POINT('',(1.499167382682,-4.83748183384));
#4057 = CARTESIAN_POINT('',(1.499167382682,-3.635621598239));
#4058 = CARTESIAN_POINT('',(1.499167382682,-2.415690835627));
#4059 = CARTESIAN_POINT('',(1.499167382682,-1.19761839962));
#4060 = CARTESIAN_POINT('',(1.499167382682,-5.999396535117E-10));
#4061 = ( GEOMETRIC_REPRESENTATION_CONTEXT(2) 
PARAMETRIC_REPRESENTATION_CONTEXT() REPRESENTATION_CONTEXT('2D SPACE',''
  ) );
#4062 = PCURVE('',#2288,#4063);
#4063 = DEFINITIONAL_REPRESENTATION('',(#4064),#4071);
#4064 = B_SPLINE_CURVE_WITH_KNOTS('',5,(#4065,#4066,#4067,#4068,#4069,
    #4070),.UNSPECIFIED.,.F.,.F.,(6,6),(0.,1.),
  .PIECEWISE_BEZIER_KNOTS.);
#4065 = CARTESIAN_POINT('',(-2.167051373961,13.996763870239));
#4066 = CARTESIAN_POINT('',(-3.329570140122,13.996763870239));
#4067 = CARTESIAN_POINT('',(-4.531430376586,13.996763870239));
#4068 = CARTESIAN_POINT('',(-5.751361136806,13.996763870239));
#4069 = CARTESIAN_POINT('',(-6.969433574941,13.996763870239));
#4070 = CARTESIAN_POINT('',(-8.167051973961,13.996763870239));
#4071 = ( GEOMETRIC_REPRESENTATION_CONTEXT(2) 
PARAMETRIC_REPRESENTATION_CONTEXT() REPRESENTATION_CONTEXT('2D SPACE',''
  ) );
#4072 = ORIENTED_EDGE('',*,*,#4073,.F.);
#4073 = EDGE_CURVE('',#4074,#4042,#4076,.T.);
#4074 = VERTEX_POINT('',#4075);
#4075 = CARTESIAN_POINT('',(38.8,14.5,24.265155338466));
#4076 = SURFACE_CURVE('',#4077,(#4095,#4116),.PCURVE_S1.);
#4077 = B_SPLINE_CURVE_WITH_KNOTS('',6,(#4078,#4079,#4080,#4081,#4082,
    #4083,#4084,#4085,#4086,#4087,#4088,#4089,#4090,#4091,#4092,#4093,
    #4094),.UNSPECIFIED.,.F.,.F.,(7,5,5,7),(0.,0.376181977836,
    0.530414567668,1.),.UNSPECIFIED.);
#4078 = CARTESIAN_POINT('',(38.8,14.5,24.265155338466));
#4079 = CARTESIAN_POINT('',(38.8,14.450315995096,23.402814180233));
#4080 = CARTESIAN_POINT('',(38.8,14.401614882493,22.540427488817));
#4081 = CARTESIAN_POINT('',(38.8,14.35439840302,21.677971707438));
#4082 = CARTESIAN_POINT('',(38.8,14.309168567732,20.815426162634));
#4083 = CARTESIAN_POINT('',(38.8,14.266427657912,19.95277306426));
#4084 = CARTESIAN_POINT('',(38.8,14.210381171161,18.736264161761));
#4085 = CARTESIAN_POINT('',(38.8,14.194586676572,18.382510315319));
#4086 = CARTESIAN_POINT('',(38.8,14.179331158854,18.028734942119));
#4087 = CARTESIAN_POINT('',(38.8,14.164644455132,17.674937373767));
#4088 = CARTESIAN_POINT('',(38.8,14.150568809848,17.321116654132));
#4089 = CARTESIAN_POINT('',(38.8,14.096217682576,15.889938175731));
#4090 = CARTESIAN_POINT('',(38.8,14.061217987319,14.812387556701));
#4091 = CARTESIAN_POINT('',(38.8,14.032952802635,13.734608818513));
#4092 = CARTESIAN_POINT('',(38.8,14.012243273597,12.656604342415));
#4093 = CARTESIAN_POINT('',(38.8,13.999908614747,11.578390926251));
#4094 = CARTESIAN_POINT('',(38.8,13.996763870239,10.5));
#4095 = PCURVE('',#2080,#4096);
#4096 = DEFINITIONAL_REPRESENTATION('',(#4097),#4115);
#4097 = B_SPLINE_CURVE_WITH_KNOTS('',6,(#4098,#4099,#4100,#4101,#4102,
    #4103,#4104,#4105,#4106,#4107,#4108,#4109,#4110,#4111,#4112,#4113,
    #4114),.UNSPECIFIED.,.F.,.F.,(7,5,5,7),(0.,0.376181977836,
    0.530414567668,1.),.UNSPECIFIED.);
#4098 = CARTESIAN_POINT('',(15.275603650322,-5.8));
#4099 = CARTESIAN_POINT('',(14.411910491582,-5.8));
#4100 = CARTESIAN_POINT('',(13.548207131091,-5.8));
#4101 = CARTESIAN_POINT('',(12.684487726365,-5.8));
#4102 = CARTESIAN_POINT('',(11.820749326435,-5.8));
#4103 = CARTESIAN_POINT('',(10.956991871845,-5.8));
#4104 = CARTESIAN_POINT('',(9.739075627731,-5.8));
#4105 = CARTESIAN_POINT('',(9.384930406311,-5.8));
#4106 = CARTESIAN_POINT('',(9.030782788465,-5.8));
#4107 = CARTESIAN_POINT('',(8.676633167781,-5.8));
#4108 = CARTESIAN_POINT('',(8.322482065024,-5.8));
#4109 = CARTESIAN_POINT('',(6.890058832523,-5.8));
#4110 = CARTESIAN_POINT('',(5.811781051948,-5.8));
#4111 = CARTESIAN_POINT('',(4.733514104802,-5.8));
#4112 = CARTESIAN_POINT('',(3.655289768664,-5.8));
#4113 = CARTESIAN_POINT('',(2.577154132745,-5.8));
#4114 = CARTESIAN_POINT('',(1.499167424802,-5.8));
#4115 = ( GEOMETRIC_REPRESENTATION_CONTEXT(2) 
PARAMETRIC_REPRESENTATION_CONTEXT() REPRESENTATION_CONTEXT('2D SPACE',''
  ) );
#4116 = PCURVE('',#3807,#4117);
#4117 = DEFINITIONAL_REPRESENTATION('',(#4118),#4136);
#4118 = B_SPLINE_CURVE_WITH_KNOTS('',6,(#4119,#4120,#4121,#4122,#4123,
    #4124,#4125,#4126,#4127,#4128,#4129,#4130,#4131,#4132,#4133,#4134,
    #4135),.UNSPECIFIED.,.F.,.F.,(7,5,5,7),(0.,0.376181977836,
    0.530414567668,1.),.UNSPECIFIED.);
#4119 = CARTESIAN_POINT('',(9.234844661534,-29.));
#4120 = CARTESIAN_POINT('',(10.097185819767,-28.95031599509));
#4121 = CARTESIAN_POINT('',(10.959572511183,-28.90161488249));
#4122 = CARTESIAN_POINT('',(11.822028292562,-28.85439840302));
#4123 = CARTESIAN_POINT('',(12.684573837366,-28.80916856773));
#4124 = CARTESIAN_POINT('',(13.54722693574,-28.76642765791));
#4125 = CARTESIAN_POINT('',(14.763735838239,-28.71038117116));
#4126 = CARTESIAN_POINT('',(15.117489684681,-28.69458667657));
#4127 = CARTESIAN_POINT('',(15.471265057881,-28.67933115885));
#4128 = CARTESIAN_POINT('',(15.825062626233,-28.66464445513));
#4129 = CARTESIAN_POINT('',(16.178883345868,-28.65056880984));
#4130 = CARTESIAN_POINT('',(17.610061824269,-28.59621768257));
#4131 = CARTESIAN_POINT('',(18.687612443299,-28.56121798731));
#4132 = CARTESIAN_POINT('',(19.765391181487,-28.53295280263));
#4133 = CARTESIAN_POINT('',(20.843395657585,-28.51224327359));
#4134 = CARTESIAN_POINT('',(21.921609073749,-28.49990861474));
#4135 = CARTESIAN_POINT('',(23.,-28.49676387023));
#4136 = ( GEOMETRIC_REPRESENTATION_CONTEXT(2) 
PARAMETRIC_REPRESENTATION_CONTEXT() REPRESENTATION_CONTEXT('2D SPACE',''
  ) );
#4137 = ORIENTED_EDGE('',*,*,#4138,.F.);
#4138 = EDGE_CURVE('',#4139,#4074,#4141,.T.);
#4139 = VERTEX_POINT('',#4140);
#4140 = CARTESIAN_POINT('',(39.,14.5,24.265155338466));
#4141 = SURFACE_CURVE('',#4142,(#4145,#4151),.PCURVE_S1.);
#4142 = B_SPLINE_CURVE_WITH_KNOTS('',1,(#4143,#4144),.UNSPECIFIED.,.F.,
  .F.,(2,2),(0.,1.),.PIECEWISE_BEZIER_KNOTS.);
#4143 = CARTESIAN_POINT('',(39.0000006,14.5,24.265155338466));
#4144 = CARTESIAN_POINT('',(38.8,14.5,24.265155338466));
#4145 = PCURVE('',#2080,#4146);
#4146 = DEFINITIONAL_REPRESENTATION('',(#4147),#4150);
#4147 = B_SPLINE_CURVE_WITH_KNOTS('',1,(#4148,#4149),.UNSPECIFIED.,.F.,
  .F.,(2,2),(0.,1.),.PIECEWISE_BEZIER_KNOTS.);
#4148 = CARTESIAN_POINT('',(15.275603650322,-6.0000006));
#4149 = CARTESIAN_POINT('',(15.275603650322,-5.8));
#4150 = ( GEOMETRIC_REPRESENTATION_CONTEXT(2) 
PARAMETRIC_REPRESENTATION_CONTEXT() REPRESENTATION_CONTEXT('2D SPACE',''
  ) );
#4151 = PCURVE('',#3488,#4152);
#4152 = DEFINITIONAL_REPRESENTATION('',(#4153),#4156);
#4153 = B_SPLINE_CURVE_WITH_KNOTS('',1,(#4154,#4155),.UNSPECIFIED.,.F.,
  .F.,(2,2),(0.,1.),.PIECEWISE_BEZIER_KNOTS.);
#4154 = CARTESIAN_POINT('',(-5.055539675143,-2.859615063322));
#4155 = CARTESIAN_POINT('',(-5.055539675143,-3.059615663322));
#4156 = ( GEOMETRIC_REPRESENTATION_CONTEXT(2) 
PARAMETRIC_REPRESENTATION_CONTEXT() REPRESENTATION_CONTEXT('2D SPACE',''
  ) );
#4157 = ORIENTED_EDGE('',*,*,#4158,.T.);
#4158 = EDGE_CURVE('',#4139,#3901,#4159,.T.);
#4159 = SURFACE_CURVE('',#4160,(#4168,#4175),.PCURVE_S1.);
#4160 = B_SPLINE_CURVE_WITH_KNOTS('',3,(#4161,#4162,#4163,#4164,#4165,
    #4166,#4167),.UNSPECIFIED.,.F.,.F.,(4,1,1,1,4),(0.,8.301355311032,
    18.690923396376,29.08049148172,41.533001268908),.UNSPECIFIED.);
#4161 = CARTESIAN_POINT('',(39.,14.,9.));
#4162 = CARTESIAN_POINT('',(39.,13.979604631349,11.769167908325));
#4163 = CARTESIAN_POINT('',(39.,14.11818971306,17.997531238631));
#4164 = CARTESIAN_POINT('',(39.,14.706832048999,27.674771497602));
#4165 = CARTESIAN_POINT('',(39.,15.33579592111,38.734871047268));
#4166 = CARTESIAN_POINT('',(39.,15.542139896189,46.345415673441));
#4167 = CARTESIAN_POINT('',(39.,15.5,50.5));
#4168 = PCURVE('',#2080,#4169);
#4169 = DEFINITIONAL_REPRESENTATION('',(#4170),#4174);
#4170 = LINE('',#4171,#4172);
#4171 = CARTESIAN_POINT('',(0.,-6.));
#4172 = VECTOR('',#4173,1.);
#4173 = DIRECTION('',(1.,0.));
#4174 = ( GEOMETRIC_REPRESENTATION_CONTEXT(2) 
PARAMETRIC_REPRESENTATION_CONTEXT() REPRESENTATION_CONTEXT('2D SPACE',''
  ) );
#4175 = PCURVE('',#3263,#4176);
#4176 = DEFINITIONAL_REPRESENTATION('',(#4177),#4185);
#4177 = B_SPLINE_CURVE_WITH_KNOTS('',3,(#4178,#4179,#4180,#4181,#4182,
    #4183,#4184),.UNSPECIFIED.,.F.,.F.,(4,1,1,1,4),(0.,8.301355311032,
    18.690923396376,29.08049148172,41.533001268908),.UNSPECIFIED.);
#4178 = CARTESIAN_POINT('',(-18.99619296957,-15.44986583892));
#4179 = CARTESIAN_POINT('',(-16.22702506125,-15.42947047027));
#4180 = CARTESIAN_POINT('',(-9.998661730945,-15.56805555198));
#4181 = CARTESIAN_POINT('',(-0.321421471974,-16.15669788792));
#4182 = CARTESIAN_POINT('',(10.738678077691,-16.78566176003));
#4183 = CARTESIAN_POINT('',(18.349222703865,-16.99200573511));
#4184 = CARTESIAN_POINT('',(22.503807030424,-16.94986583892));
#4185 = ( GEOMETRIC_REPRESENTATION_CONTEXT(2) 
PARAMETRIC_REPRESENTATION_CONTEXT() REPRESENTATION_CONTEXT('2D SPACE',''
  ) );
#4186 = ORIENTED_EDGE('',*,*,#3923,.T.);
#4187 = ADVANCED_FACE('',(#4188),#2044,.T.);
#4188 = FACE_BOUND('',#4189,.T.);
#4189 = EDGE_LOOP('',(#4190,#4191,#4192));
#4190 = ORIENTED_EDGE('',*,*,#2028,.F.);
#4191 = ORIENTED_EDGE('',*,*,#2674,.T.);
#4192 = ORIENTED_EDGE('',*,*,#4019,.F.);
#4193 = ADVANCED_FACE('',(#4194),#1971,.T.);
#4194 = FACE_BOUND('',#4195,.T.);
#4195 = EDGE_LOOP('',(#4196,#4197,#4218));
#4196 = ORIENTED_EDGE('',*,*,#1955,.F.);
#4197 = ORIENTED_EDGE('',*,*,#4198,.T.);
#4198 = EDGE_CURVE('',#1914,#2788,#4199,.T.);
#4199 = SURFACE_CURVE('',#4200,(#4204,#4211),.PCURVE_S1.);
#4200 = LINE('',#4201,#4202);
#4201 = CARTESIAN_POINT('',(33.,23.,9.));
#4202 = VECTOR('',#4203,1.);
#4203 = DIRECTION('',(1.,0.,0.));
#4204 = PCURVE('',#1971,#4205);
#4205 = DEFINITIONAL_REPRESENTATION('',(#4206),#4210);
#4206 = LINE('',#4207,#4208);
#4207 = CARTESIAN_POINT('',(3.,4.5));
#4208 = VECTOR('',#4209,1.);
#4209 = DIRECTION('',(-1.,0.));
#4210 = ( GEOMETRIC_REPRESENTATION_CONTEXT(2) 
PARAMETRIC_REPRESENTATION_CONTEXT() REPRESENTATION_CONTEXT('2D SPACE',''
  ) );
#4211 = PCURVE('',#1937,#4212);
#4212 = DEFINITIONAL_REPRESENTATION('',(#4213),#4217);
#4213 = LINE('',#4214,#4215);
#4214 = CARTESIAN_POINT('',(41.533001268908,0.));
#4215 = VECTOR('',#4216,1.);
#4216 = DIRECTION('',(0.,-1.));
#4217 = ( GEOMETRIC_REPRESENTATION_CONTEXT(2) 
PARAMETRIC_REPRESENTATION_CONTEXT() REPRESENTATION_CONTEXT('2D SPACE',''
  ) );
#4218 = ORIENTED_EDGE('',*,*,#2787,.T.);
#4219 = ADVANCED_FACE('',(#4220),#1937,.T.);
#4220 = FACE_BOUND('',#4221,.T.);
#4221 = EDGE_LOOP('',(#4222,#4223,#4252,#4319,#4353,#4384,#4414,#4415));
#4222 = ORIENTED_EDGE('',*,*,#1913,.F.);
#4223 = ORIENTED_EDGE('',*,*,#4224,.F.);
#4224 = EDGE_CURVE('',#4225,#1881,#4227,.T.);
#4225 = VERTEX_POINT('',#4226);
#4226 = CARTESIAN_POINT('',(37.,21.641483023021,40.805022536952));
#4227 = SURFACE_CURVE('',#4228,(#4234,#4243),.PCURVE_S1.);
#4228 = B_SPLINE_CURVE_WITH_KNOTS('',4,(#4229,#4230,#4231,#4232,#4233),
  .UNSPECIFIED.,.F.,.F.,(5,5),(0.,1.),.PIECEWISE_BEZIER_KNOTS.);
#4229 = CARTESIAN_POINT('',(39.0000006,21.641483032178,40.805022532315)
  );
#4230 = CARTESIAN_POINT('',(37.5000003,21.641483032178,40.805022532315)
  );
#4231 = CARTESIAN_POINT('',(36.,21.641483032178,40.805022532315));
#4232 = CARTESIAN_POINT('',(34.4999997,21.641483032178,40.805022532315)
  );
#4233 = CARTESIAN_POINT('',(32.9999994,21.641483032178,40.805022532315)
  );
#4234 = PCURVE('',#1937,#4235);
#4235 = DEFINITIONAL_REPRESENTATION('',(#4236),#4242);
#4236 = B_SPLINE_CURVE_WITH_KNOTS('',4,(#4237,#4238,#4239,#4240,#4241),
  .UNSPECIFIED.,.F.,.F.,(5,5),(0.,1.),.PIECEWISE_BEZIER_KNOTS.);
#4237 = CARTESIAN_POINT('',(9.694987741354,-6.0000006));
#4238 = CARTESIAN_POINT('',(9.694987741354,-4.5000003));
#4239 = CARTESIAN_POINT('',(9.694987741354,-3.));
#4240 = CARTESIAN_POINT('',(9.694987741354,-1.4999997));
#4241 = CARTESIAN_POINT('',(9.694987741354,5.999999999062E-07));
#4242 = ( GEOMETRIC_REPRESENTATION_CONTEXT(2) 
PARAMETRIC_REPRESENTATION_CONTEXT() REPRESENTATION_CONTEXT('2D SPACE',''
  ) );
#4243 = PCURVE('',#1901,#4244);
#4244 = DEFINITIONAL_REPRESENTATION('',(#4245),#4251);
#4245 = B_SPLINE_CURVE_WITH_KNOTS('',4,(#4246,#4247,#4248,#4249,#4250),
  .UNSPECIFIED.,.F.,.F.,(5,5),(0.,1.),.PIECEWISE_BEZIER_KNOTS.);
#4246 = CARTESIAN_POINT('',(2.672753467405,7.1000006));
#4247 = CARTESIAN_POINT('',(2.672753467405,5.6000003));
#4248 = CARTESIAN_POINT('',(2.672753467405,4.1));
#4249 = CARTESIAN_POINT('',(2.672753467405,2.5999997));
#4250 = CARTESIAN_POINT('',(2.672753467405,1.0999994));
#4251 = ( GEOMETRIC_REPRESENTATION_CONTEXT(2) 
PARAMETRIC_REPRESENTATION_CONTEXT() REPRESENTATION_CONTEXT('2D SPACE',''
  ) );
#4252 = ORIENTED_EDGE('',*,*,#4253,.F.);
#4253 = EDGE_CURVE('',#4254,#4225,#4256,.T.);
#4254 = VERTEX_POINT('',#4255);
#4255 = CARTESIAN_POINT('',(37.,21.774217850641,37.5));
#4256 = SURFACE_CURVE('',#4257,(#4274,#4294),.PCURVE_S1.);
#4257 = B_SPLINE_CURVE_WITH_KNOTS('',8,(#4258,#4259,#4260,#4261,#4262,
    #4263,#4264,#4265,#4266,#4267,#4268,#4269,#4270,#4271,#4272,#4273),
  .UNSPECIFIED.,.F.,.F.,(9,7,9),(0.,0.496181302771,1.),.UNSPECIFIED.);
#4258 = CARTESIAN_POINT('',(37.,21.774217850641,37.5));
#4259 = CARTESIAN_POINT('',(37.,21.748128601387,38.083284617394));
#4260 = CARTESIAN_POINT('',(37.,21.723007765309,38.666608581221));
#4261 = CARTESIAN_POINT('',(37.,21.698902833301,39.249973119368));
#4262 = CARTESIAN_POINT('',(37.,21.675939398134,39.833381788268));
#4263 = CARTESIAN_POINT('',(37.,21.654160487402,40.416835188232));
#4264 = CARTESIAN_POINT('',(37.,21.633674914698,41.000335529094));
#4265 = CARTESIAN_POINT('',(37.,21.614553137336,41.583883567529));
#4266 = CARTESIAN_POINT('',(37.,21.578937003425,42.760059648709));
#4267 = CARTESIAN_POINT('',(37.,21.562487127557,43.352689043007));
#4268 = CARTESIAN_POINT('',(37.,21.547617856078,43.945369094707));
#4269 = CARTESIAN_POINT('',(37.,21.534415526735,44.538100030407));
#4270 = CARTESIAN_POINT('',(37.,21.522966408947,45.130881539277));
#4271 = CARTESIAN_POINT('',(37.,21.513356703812,45.723712773052));
#4272 = CARTESIAN_POINT('',(37.,21.5056725441,46.316592346032));
#4273 = CARTESIAN_POINT('',(37.,21.499999994259,46.909518335087));
#4274 = PCURVE('',#1937,#4275);
#4275 = DEFINITIONAL_REPRESENTATION('',(#4276),#4293);
#4276 = B_SPLINE_CURVE_WITH_KNOTS('',8,(#4277,#4278,#4279,#4280,#4281,
    #4282,#4283,#4284,#4285,#4286,#4287,#4288,#4289,#4290,#4291,#4292),
  .UNSPECIFIED.,.F.,.F.,(9,7,9),(0.,0.496181302771,1.),.UNSPECIFIED.);
#4277 = CARTESIAN_POINT('',(13.00310230149,-4.));
#4278 = CARTESIAN_POINT('',(12.419174459687,-4.));
#4279 = CARTESIAN_POINT('',(11.835242685856,-4.));
#4280 = CARTESIAN_POINT('',(11.251307830455,-4.));
#4281 = CARTESIAN_POINT('',(10.667370269111,-4.));
#4282 = CARTESIAN_POINT('',(10.083431726378,-4.));
#4283 = CARTESIAN_POINT('',(9.499493345765,-4.));
#4284 = CARTESIAN_POINT('',(8.915557252541,-4.));
#4285 = CARTESIAN_POINT('',(7.73870592686,-4.));
#4286 = CARTESIAN_POINT('',(7.145790984223,-4.));
#4287 = CARTESIAN_POINT('',(6.552883180515,-4.));
#4288 = CARTESIAN_POINT('',(5.95998543022,-4.));
#4289 = CARTESIAN_POINT('',(5.367101182473,-4.));
#4290 = CARTESIAN_POINT('',(4.774234421065,-4.));
#4291 = CARTESIAN_POINT('',(4.18138966444,-4.));
#4292 = CARTESIAN_POINT('',(3.588571965695,-4.));
#4293 = ( GEOMETRIC_REPRESENTATION_CONTEXT(2) 
PARAMETRIC_REPRESENTATION_CONTEXT() REPRESENTATION_CONTEXT('2D SPACE',''
  ) );
#4294 = PCURVE('',#4295,#4300);
#4295 = PLANE('',#4296);
#4296 = AXIS2_PLACEMENT_3D('',#4297,#4298,#4299);
#4297 = CARTESIAN_POINT('',(37.,6.75,50.5));
#4298 = DIRECTION('',(-1.,-0.,-0.));
#4299 = DIRECTION('',(0.,0.,-1.));
#4300 = DEFINITIONAL_REPRESENTATION('',(#4301),#4318);
#4301 = B_SPLINE_CURVE_WITH_KNOTS('',8,(#4302,#4303,#4304,#4305,#4306,
    #4307,#4308,#4309,#4310,#4311,#4312,#4313,#4314,#4315,#4316,#4317),
  .UNSPECIFIED.,.F.,.F.,(9,7,9),(0.,0.496181302771,1.),.UNSPECIFIED.);
#4302 = CARTESIAN_POINT('',(13.,-15.02421785064));
#4303 = CARTESIAN_POINT('',(12.416715382606,-14.99812860138));
#4304 = CARTESIAN_POINT('',(11.833391418779,-14.9730077653));
#4305 = CARTESIAN_POINT('',(11.250026880632,-14.9489028333));
#4306 = CARTESIAN_POINT('',(10.666618211732,-14.92593939813));
#4307 = CARTESIAN_POINT('',(10.083164811768,-14.9041604874));
#4308 = CARTESIAN_POINT('',(9.499664470906,-14.88367491469));
#4309 = CARTESIAN_POINT('',(8.916116432471,-14.86455313733));
#4310 = CARTESIAN_POINT('',(7.739940351291,-14.82893700342));
#4311 = CARTESIAN_POINT('',(7.147310956993,-14.81248712755));
#4312 = CARTESIAN_POINT('',(6.554630905293,-14.79761785607));
#4313 = CARTESIAN_POINT('',(5.961899969593,-14.78441552673));
#4314 = CARTESIAN_POINT('',(5.369118460723,-14.77296640894));
#4315 = CARTESIAN_POINT('',(4.776287226948,-14.76335670381));
#4316 = CARTESIAN_POINT('',(4.183407653968,-14.7556725441));
#4317 = CARTESIAN_POINT('',(3.590481664913,-14.74999999425));
#4318 = ( GEOMETRIC_REPRESENTATION_CONTEXT(2) 
PARAMETRIC_REPRESENTATION_CONTEXT() REPRESENTATION_CONTEXT('2D SPACE',''
  ) );
#4319 = ORIENTED_EDGE('',*,*,#4320,.F.);
#4320 = EDGE_CURVE('',#4321,#4254,#4323,.T.);
#4321 = VERTEX_POINT('',#4322);
#4322 = CARTESIAN_POINT('',(39.,21.774217850641,37.5));
#4323 = SURFACE_CURVE('',#4324,(#4330,#4339),.PCURVE_S1.);
#4324 = B_SPLINE_CURVE_WITH_KNOTS('',4,(#4325,#4326,#4327,#4328,#4329),
  .UNSPECIFIED.,.F.,.F.,(5,5),(0.,1.),.PIECEWISE_BEZIER_KNOTS.);
#4325 = CARTESIAN_POINT('',(39.0000006,21.774217850641,37.5));
#4326 = CARTESIAN_POINT('',(38.50000045,21.774217850641,37.5));
#4327 = CARTESIAN_POINT('',(38.0000003,21.774217850641,37.5));
#4328 = CARTESIAN_POINT('',(37.50000015,21.774217850641,37.5));
#4329 = CARTESIAN_POINT('',(37.,21.774217850641,37.5));
#4330 = PCURVE('',#1937,#4331);
#4331 = DEFINITIONAL_REPRESENTATION('',(#4332),#4338);
#4332 = B_SPLINE_CURVE_WITH_KNOTS('',4,(#4333,#4334,#4335,#4336,#4337),
  .UNSPECIFIED.,.F.,.F.,(5,5),(0.,1.),.PIECEWISE_BEZIER_KNOTS.);
#4333 = CARTESIAN_POINT('',(13.003102294899,-6.0000006));
#4334 = CARTESIAN_POINT('',(13.003102294899,-5.50000045));
#4335 = CARTESIAN_POINT('',(13.003102294899,-5.0000003));
#4336 = CARTESIAN_POINT('',(13.003102294899,-4.50000015));
#4337 = CARTESIAN_POINT('',(13.003102294899,-4.));
#4338 = ( GEOMETRIC_REPRESENTATION_CONTEXT(2) 
PARAMETRIC_REPRESENTATION_CONTEXT() REPRESENTATION_CONTEXT('2D SPACE',''
  ) );
#4339 = PCURVE('',#4340,#4345);
#4340 = PLANE('',#4341);
#4341 = AXIS2_PLACEMENT_3D('',#4342,#4343,#4344);
#4342 = CARTESIAN_POINT('',(37.,-9.,37.5));
#4343 = DIRECTION('',(0.,0.,1.));
#4344 = DIRECTION('',(1.,0.,-0.));
#4345 = DEFINITIONAL_REPRESENTATION('',(#4346),#4352);
#4346 = B_SPLINE_CURVE_WITH_KNOTS('',4,(#4347,#4348,#4349,#4350,#4351),
  .UNSPECIFIED.,.F.,.F.,(5,5),(0.,1.),.PIECEWISE_BEZIER_KNOTS.);
#4347 = CARTESIAN_POINT('',(2.0000006,30.774217850641));
#4348 = CARTESIAN_POINT('',(1.50000045,30.774217850641));
#4349 = CARTESIAN_POINT('',(1.0000003,30.774217850641));
#4350 = CARTESIAN_POINT('',(0.50000015,30.774217850641));
#4351 = CARTESIAN_POINT('',(0.,30.774217850641));
#4352 = ( GEOMETRIC_REPRESENTATION_CONTEXT(2) 
PARAMETRIC_REPRESENTATION_CONTEXT() REPRESENTATION_CONTEXT('2D SPACE',''
  ) );
#4353 = ORIENTED_EDGE('',*,*,#4354,.T.);
#4354 = EDGE_CURVE('',#4321,#4355,#4357,.T.);
#4355 = VERTEX_POINT('',#4356);
#4356 = CARTESIAN_POINT('',(39.,23.003236129761,10.5));
#4357 = SURFACE_CURVE('',#4358,(#4366,#4373),.PCURVE_S1.);
#4358 = B_SPLINE_CURVE_WITH_KNOTS('',3,(#4359,#4360,#4361,#4362,#4363,
    #4364,#4365),.UNSPECIFIED.,.F.,.F.,(4,1,1,1,4),(0.,12.452509787187,
    22.842077872532,33.231645957876,41.533001268908),.UNSPECIFIED.);
#4359 = CARTESIAN_POINT('',(39.,21.5,50.5));
#4360 = CARTESIAN_POINT('',(39.,21.457860103811,46.345415673441));
#4361 = CARTESIAN_POINT('',(39.,21.66420407889,38.734871047268));
#4362 = CARTESIAN_POINT('',(39.,22.293167951001,27.674771497602));
#4363 = CARTESIAN_POINT('',(39.,22.88181028694,17.997531238631));
#4364 = CARTESIAN_POINT('',(39.,23.020395368651,11.769167908325));
#4365 = CARTESIAN_POINT('',(39.,23.,9.));
#4366 = PCURVE('',#1937,#4367);
#4367 = DEFINITIONAL_REPRESENTATION('',(#4368),#4372);
#4368 = LINE('',#4369,#4370);
#4369 = CARTESIAN_POINT('',(0.,-6.));
#4370 = VECTOR('',#4371,1.);
#4371 = DIRECTION('',(1.,0.));
#4372 = ( GEOMETRIC_REPRESENTATION_CONTEXT(2) 
PARAMETRIC_REPRESENTATION_CONTEXT() REPRESENTATION_CONTEXT('2D SPACE',''
  ) );
#4373 = PCURVE('',#3263,#4374);
#4374 = DEFINITIONAL_REPRESENTATION('',(#4375),#4383);
#4375 = B_SPLINE_CURVE_WITH_KNOTS('',3,(#4376,#4377,#4378,#4379,#4380,
    #4381,#4382),.UNSPECIFIED.,.F.,.F.,(4,1,1,1,4),(0.,12.452509787187,
    22.842077872532,33.231645957876,41.533001268908),.UNSPECIFIED.);
#4376 = CARTESIAN_POINT('',(22.503807030424,-22.94986583892));
#4377 = CARTESIAN_POINT('',(18.349222703865,-22.90772594273));
#4378 = CARTESIAN_POINT('',(10.738678077691,-23.11406991781));
#4379 = CARTESIAN_POINT('',(-0.321421471974,-23.74303378992));
#4380 = CARTESIAN_POINT('',(-9.998661730945,-24.33167612586));
#4381 = CARTESIAN_POINT('',(-16.22702506125,-24.47026120757));
#4382 = CARTESIAN_POINT('',(-18.99619296957,-24.44986583892));
#4383 = ( GEOMETRIC_REPRESENTATION_CONTEXT(2) 
PARAMETRIC_REPRESENTATION_CONTEXT() REPRESENTATION_CONTEXT('2D SPACE',''
  ) );
#4384 = ORIENTED_EDGE('',*,*,#4385,.T.);
#4385 = EDGE_CURVE('',#4355,#2736,#4386,.T.);
#4386 = SURFACE_CURVE('',#4387,(#4394,#4404),.PCURVE_S1.);
#4387 = B_SPLINE_CURVE_WITH_KNOTS('',5,(#4388,#4389,#4390,#4391,#4392,
    #4393),.UNSPECIFIED.,.F.,.F.,(6,6),(0.,1.),
  .PIECEWISE_BEZIER_KNOTS.);
#4388 = CARTESIAN_POINT('',(39.0000006,23.003236129761,10.5));
#4389 = CARTESIAN_POINT('',(37.83748183384,23.003236129761,10.5));
#4390 = CARTESIAN_POINT('',(36.635621597376,23.003236129761,10.5));
#4391 = CARTESIAN_POINT('',(35.415690837155,23.003236129761,10.5));
#4392 = CARTESIAN_POINT('',(34.19761839902,23.003236129761,10.5));
#4393 = CARTESIAN_POINT('',(33.,23.003236129761,10.5));
#4394 = PCURVE('',#1937,#4395);
#4395 = DEFINITIONAL_REPRESENTATION('',(#4396),#4403);
#4396 = B_SPLINE_CURVE_WITH_KNOTS('',5,(#4397,#4398,#4399,#4400,#4401,
    #4402),.UNSPECIFIED.,.F.,.F.,(6,6),(0.,1.),
  .PIECEWISE_BEZIER_KNOTS.);
#4397 = CARTESIAN_POINT('',(40.033833886226,-6.0000006));
#4398 = CARTESIAN_POINT('',(40.033833886226,-4.83748183384));
#4399 = CARTESIAN_POINT('',(40.033833886226,-3.635621598239));
#4400 = CARTESIAN_POINT('',(40.033833886226,-2.415690835627));
#4401 = CARTESIAN_POINT('',(40.033833886226,-1.19761839962));
#4402 = CARTESIAN_POINT('',(40.033833886226,-5.999396535117E-10));
#4403 = ( GEOMETRIC_REPRESENTATION_CONTEXT(2) 
PARAMETRIC_REPRESENTATION_CONTEXT() REPRESENTATION_CONTEXT('2D SPACE',''
  ) );
#4404 = PCURVE('',#2752,#4405);
#4405 = DEFINITIONAL_REPRESENTATION('',(#4406),#4413);
#4406 = B_SPLINE_CURVE_WITH_KNOTS('',5,(#4407,#4408,#4409,#4410,#4411,
    #4412),.UNSPECIFIED.,.F.,.F.,(6,6),(0.,1.),
  .PIECEWISE_BEZIER_KNOTS.);
#4407 = CARTESIAN_POINT('',(-2.167051373961,23.003236129761));
#4408 = CARTESIAN_POINT('',(-3.329570140122,23.003236129761));
#4409 = CARTESIAN_POINT('',(-4.531430376586,23.003236129761));
#4410 = CARTESIAN_POINT('',(-5.751361136806,23.003236129761));
#4411 = CARTESIAN_POINT('',(-6.969433574941,23.003236129761));
#4412 = CARTESIAN_POINT('',(-8.167051973961,23.003236129761));
#4413 = ( GEOMETRIC_REPRESENTATION_CONTEXT(2) 
PARAMETRIC_REPRESENTATION_CONTEXT() REPRESENTATION_CONTEXT('2D SPACE',''
  ) );
#4414 = ORIENTED_EDGE('',*,*,#2815,.F.);
#4415 = ORIENTED_EDGE('',*,*,#4198,.F.);
#4416 = ADVANCED_FACE('',(#4417),#1901,.F.);
#4417 = FACE_BOUND('',#4418,.F.);
#4418 = EDGE_LOOP('',(#4419,#4444,#4471,#4472,#4500,#4527,#4528,#4529));
#4419 = ORIENTED_EDGE('',*,*,#4420,.T.);
#4420 = EDGE_CURVE('',#4421,#4423,#4425,.T.);
#4421 = VERTEX_POINT('',#4422);
#4422 = CARTESIAN_POINT('',(37.,22.5,44.4));
#4423 = VERTEX_POINT('',#4424);
#4424 = CARTESIAN_POINT('',(39.,22.5,44.4));
#4425 = SEAM_CURVE('',#4426,(#4430,#4437),.PCURVE_S1.);
#4426 = LINE('',#4427,#4428);
#4427 = CARTESIAN_POINT('',(31.9,22.5,44.4));
#4428 = VECTOR('',#4429,1.);
#4429 = DIRECTION('',(1.,0.,0.));
#4430 = PCURVE('',#1901,#4431);
#4431 = DEFINITIONAL_REPRESENTATION('',(#4432),#4436);
#4432 = LINE('',#4433,#4434);
#4433 = CARTESIAN_POINT('',(6.28318530718,-0.));
#4434 = VECTOR('',#4435,1.);
#4435 = DIRECTION('',(0.,1.));
#4436 = ( GEOMETRIC_REPRESENTATION_CONTEXT(2) 
PARAMETRIC_REPRESENTATION_CONTEXT() REPRESENTATION_CONTEXT('2D SPACE',''
  ) );
#4437 = PCURVE('',#1901,#4438);
#4438 = DEFINITIONAL_REPRESENTATION('',(#4439),#4443);
#4439 = LINE('',#4440,#4441);
#4440 = CARTESIAN_POINT('',(0.,-0.));
#4441 = VECTOR('',#4442,1.);
#4442 = DIRECTION('',(0.,1.));
#4443 = ( GEOMETRIC_REPRESENTATION_CONTEXT(2) 
PARAMETRIC_REPRESENTATION_CONTEXT() REPRESENTATION_CONTEXT('2D SPACE',''
  ) );
#4444 = ORIENTED_EDGE('',*,*,#4445,.F.);
#4445 = EDGE_CURVE('',#4423,#4423,#4446,.T.);
#4446 = SURFACE_CURVE('',#4447,(#4452,#4459),.PCURVE_S1.);
#4447 = CIRCLE('',#4448,1.9);
#4448 = AXIS2_PLACEMENT_3D('',#4449,#4450,#4451);
#4449 = CARTESIAN_POINT('',(39.,22.5,42.5));
#4450 = DIRECTION('',(1.,0.,0.));
#4451 = DIRECTION('',(-0.,0.,1.));
#4452 = PCURVE('',#1901,#4453);
#4453 = DEFINITIONAL_REPRESENTATION('',(#4454),#4458);
#4454 = LINE('',#4455,#4456);
#4455 = CARTESIAN_POINT('',(0.,7.1));
#4456 = VECTOR('',#4457,1.);
#4457 = DIRECTION('',(1.,0.));
#4458 = ( GEOMETRIC_REPRESENTATION_CONTEXT(2) 
PARAMETRIC_REPRESENTATION_CONTEXT() REPRESENTATION_CONTEXT('2D SPACE',''
  ) );
#4459 = PCURVE('',#4460,#4465);
#4460 = PLANE('',#4461);
#4461 = AXIS2_PLACEMENT_3D('',#4462,#4463,#4464);
#4462 = CARTESIAN_POINT('',(39.,22.5,42.5));
#4463 = DIRECTION('',(1.,0.,0.));
#4464 = DIRECTION('',(-0.,0.,1.));
#4465 = DEFINITIONAL_REPRESENTATION('',(#4466),#4470);
#4466 = CIRCLE('',#4467,1.9);
#4467 = AXIS2_PLACEMENT_2D('',#4468,#4469);
#4468 = CARTESIAN_POINT('',(0.,0.));
#4469 = DIRECTION('',(1.,0.));
#4470 = ( GEOMETRIC_REPRESENTATION_CONTEXT(2) 
PARAMETRIC_REPRESENTATION_CONTEXT() REPRESENTATION_CONTEXT('2D SPACE',''
  ) );
#4471 = ORIENTED_EDGE('',*,*,#4420,.F.);
#4472 = ORIENTED_EDGE('',*,*,#4473,.T.);
#4473 = EDGE_CURVE('',#4421,#4474,#4476,.T.);
#4474 = VERTEX_POINT('',#4475);
#4475 = CARTESIAN_POINT('',(37.,21.544694631463,44.142373785971));
#4476 = SURFACE_CURVE('',#4477,(#4482,#4489),.PCURVE_S1.);
#4477 = CIRCLE('',#4478,1.9);
#4478 = AXIS2_PLACEMENT_3D('',#4479,#4480,#4481);
#4479 = CARTESIAN_POINT('',(37.,22.5,42.5));
#4480 = DIRECTION('',(1.,0.,0.));
#4481 = DIRECTION('',(-0.,0.,1.));
#4482 = PCURVE('',#1901,#4483);
#4483 = DEFINITIONAL_REPRESENTATION('',(#4484),#4488);
#4484 = LINE('',#4485,#4486);
#4485 = CARTESIAN_POINT('',(0.,5.1));
#4486 = VECTOR('',#4487,1.);
#4487 = DIRECTION('',(1.,0.));
#4488 = ( GEOMETRIC_REPRESENTATION_CONTEXT(2) 
PARAMETRIC_REPRESENTATION_CONTEXT() REPRESENTATION_CONTEXT('2D SPACE',''
  ) );
#4489 = PCURVE('',#4295,#4490);
#4490 = DEFINITIONAL_REPRESENTATION('',(#4491),#4499);
#4491 = ( BOUNDED_CURVE() B_SPLINE_CURVE(2,(#4492,#4493,#4494,#4495,
#4496,#4497,#4498),.UNSPECIFIED.,.T.,.F.) B_SPLINE_CURVE_WITH_KNOTS((1,2
    ,2,2,2,1),(-2.094395102393,0.,2.094395102393,4.188790204786,
6.28318530718,8.377580409573),.UNSPECIFIED.) CURVE() 
GEOMETRIC_REPRESENTATION_ITEM() RATIONAL_B_SPLINE_CURVE((1.,0.5,1.,0.5,
1.,0.5,1.)) REPRESENTATION_ITEM('') );
#4492 = CARTESIAN_POINT('',(6.1,-15.75));
#4493 = CARTESIAN_POINT('',(6.1,-12.45910346561));
#4494 = CARTESIAN_POINT('',(8.95,-14.10455173281));
#4495 = CARTESIAN_POINT('',(11.8,-15.75));
#4496 = CARTESIAN_POINT('',(8.95,-17.39544826719));
#4497 = CARTESIAN_POINT('',(6.1,-19.04089653438));
#4498 = CARTESIAN_POINT('',(6.1,-15.75));
#4499 = ( GEOMETRIC_REPRESENTATION_CONTEXT(2) 
PARAMETRIC_REPRESENTATION_CONTEXT() REPRESENTATION_CONTEXT('2D SPACE',''
  ) );
#4500 = ORIENTED_EDGE('',*,*,#4501,.T.);
#4501 = EDGE_CURVE('',#4474,#1839,#4502,.T.);
#4502 = SURFACE_CURVE('',#4503,(#4509,#4518),.PCURVE_S1.);
#4503 = B_SPLINE_CURVE_WITH_KNOTS('',4,(#4504,#4505,#4506,#4507,#4508),
  .UNSPECIFIED.,.F.,.F.,(5,5),(0.,1.),.PIECEWISE_BEZIER_KNOTS.);
#4504 = CARTESIAN_POINT('',(37.0000012,21.544694638436,44.142373790027)
  );
#4505 = CARTESIAN_POINT('',(36.00000075,21.544694638436,44.142373790027)
  );
#4506 = CARTESIAN_POINT('',(35.0000003,21.544694638436,44.142373790027)
  );
#4507 = CARTESIAN_POINT('',(33.99999985,21.544694638436,44.142373790027)
  );
#4508 = CARTESIAN_POINT('',(32.9999994,21.544694638436,44.142373790027)
  );
#4509 = PCURVE('',#1901,#4510);
#4510 = DEFINITIONAL_REPRESENTATION('',(#4511),#4517);
#4511 = B_SPLINE_CURVE_WITH_KNOTS('',4,(#4512,#4513,#4514,#4515,#4516),
  .UNSPECIFIED.,.F.,.F.,(5,5),(0.,1.),.PIECEWISE_BEZIER_KNOTS.);
#4512 = CARTESIAN_POINT('',(0.526826053028,5.1000012));
#4513 = CARTESIAN_POINT('',(0.526826053028,4.10000075));
#4514 = CARTESIAN_POINT('',(0.526826053028,3.1000003));
#4515 = CARTESIAN_POINT('',(0.526826053028,2.09999985));
#4516 = CARTESIAN_POINT('',(0.526826053028,1.0999994));
#4517 = ( GEOMETRIC_REPRESENTATION_CONTEXT(2) 
PARAMETRIC_REPRESENTATION_CONTEXT() REPRESENTATION_CONTEXT('2D SPACE',''
  ) );
#4518 = PCURVE('',#1862,#4519);
#4519 = DEFINITIONAL_REPRESENTATION('',(#4520),#4526);
#4520 = B_SPLINE_CURVE_WITH_KNOTS('',4,(#4521,#4522,#4523,#4524,#4525),
  .UNSPECIFIED.,.F.,.F.,(5,5),(0.,1.),.PIECEWISE_BEZIER_KNOTS.);
#4521 = CARTESIAN_POINT('',(6.355876561308,-4.0000012));
#4522 = CARTESIAN_POINT('',(6.355876561308,-3.00000075));
#4523 = CARTESIAN_POINT('',(6.355876561308,-2.0000003));
#4524 = CARTESIAN_POINT('',(6.355876561308,-0.99999985));
#4525 = CARTESIAN_POINT('',(6.355876561308,5.999999999062E-07));
#4526 = ( GEOMETRIC_REPRESENTATION_CONTEXT(2) 
PARAMETRIC_REPRESENTATION_CONTEXT() REPRESENTATION_CONTEXT('2D SPACE',''
  ) );
#4527 = ORIENTED_EDGE('',*,*,#1880,.T.);
#4528 = ORIENTED_EDGE('',*,*,#4224,.F.);
#4529 = ORIENTED_EDGE('',*,*,#4530,.T.);
#4530 = EDGE_CURVE('',#4225,#4421,#4531,.T.);
#4531 = SURFACE_CURVE('',#4532,(#4537,#4544),.PCURVE_S1.);
#4532 = CIRCLE('',#4533,1.9);
#4533 = AXIS2_PLACEMENT_3D('',#4534,#4535,#4536);
#4534 = CARTESIAN_POINT('',(37.,22.5,42.5));
#4535 = DIRECTION('',(1.,0.,0.));
#4536 = DIRECTION('',(-0.,0.,1.));
#4537 = PCURVE('',#1901,#4538);
#4538 = DEFINITIONAL_REPRESENTATION('',(#4539),#4543);
#4539 = LINE('',#4540,#4541);
#4540 = CARTESIAN_POINT('',(0.,5.1));
#4541 = VECTOR('',#4542,1.);
#4542 = DIRECTION('',(1.,0.));
#4543 = ( GEOMETRIC_REPRESENTATION_CONTEXT(2) 
PARAMETRIC_REPRESENTATION_CONTEXT() REPRESENTATION_CONTEXT('2D SPACE',''
  ) );
#4544 = PCURVE('',#4295,#4545);
#4545 = DEFINITIONAL_REPRESENTATION('',(#4546),#4554);
#4546 = ( BOUNDED_CURVE() B_SPLINE_CURVE(2,(#4547,#4548,#4549,#4550,
#4551,#4552,#4553),.UNSPECIFIED.,.T.,.F.) B_SPLINE_CURVE_WITH_KNOTS((1,2
    ,2,2,2,1),(-2.094395102393,0.,2.094395102393,4.188790204786,
6.28318530718,8.377580409573),.UNSPECIFIED.) CURVE() 
GEOMETRIC_REPRESENTATION_ITEM() RATIONAL_B_SPLINE_CURVE((1.,0.5,1.,0.5,
1.,0.5,1.)) REPRESENTATION_ITEM('') );
#4547 = CARTESIAN_POINT('',(6.1,-15.75));
#4548 = CARTESIAN_POINT('',(6.1,-12.45910346561));
#4549 = CARTESIAN_POINT('',(8.95,-14.10455173281));
#4550 = CARTESIAN_POINT('',(11.8,-15.75));
#4551 = CARTESIAN_POINT('',(8.95,-17.39544826719));
#4552 = CARTESIAN_POINT('',(6.1,-19.04089653438));
#4553 = CARTESIAN_POINT('',(6.1,-15.75));
#4554 = ( GEOMETRIC_REPRESENTATION_CONTEXT(2) 
PARAMETRIC_REPRESENTATION_CONTEXT() REPRESENTATION_CONTEXT('2D SPACE',''
  ) );
#4555 = ADVANCED_FACE('',(#4556),#1862,.T.);
#4556 = FACE_BOUND('',#4557,.T.);
#4557 = EDGE_LOOP('',(#4558,#4559,#4588,#4648));
#4558 = ORIENTED_EDGE('',*,*,#1838,.F.);
#4559 = ORIENTED_EDGE('',*,*,#4560,.F.);
#4560 = EDGE_CURVE('',#4561,#1811,#4563,.T.);
#4561 = VERTEX_POINT('',#4562);
#4562 = CARTESIAN_POINT('',(37.,21.512190029012,45.898183920546));
#4563 = SURFACE_CURVE('',#4564,(#4570,#4579),.PCURVE_S1.);
#4564 = B_SPLINE_CURVE_WITH_KNOTS('',4,(#4565,#4566,#4567,#4568,#4569),
  .UNSPECIFIED.,.F.,.F.,(5,5),(0.,1.),.PIECEWISE_BEZIER_KNOTS.);
#4565 = CARTESIAN_POINT('',(37.0000006,21.512190029012,45.898183920546)
  );
#4566 = CARTESIAN_POINT('',(36.0000003,21.512190029012,45.898183920546)
  );
#4567 = CARTESIAN_POINT('',(35.,21.512190029012,45.898183920546));
#4568 = CARTESIAN_POINT('',(33.9999997,21.512190029012,45.898183920546)
  );
#4569 = CARTESIAN_POINT('',(32.9999994,21.512190029012,45.898183920546)
  );
#4570 = PCURVE('',#1862,#4571);
#4571 = DEFINITIONAL_REPRESENTATION('',(#4572),#4578);
#4572 = B_SPLINE_CURVE_WITH_KNOTS('',4,(#4573,#4574,#4575,#4576,#4577),
  .UNSPECIFIED.,.F.,.F.,(5,5),(0.,1.),.PIECEWISE_BEZIER_KNOTS.);
#4573 = CARTESIAN_POINT('',(4.599813492271,-4.0000006));
#4574 = CARTESIAN_POINT('',(4.599813492271,-3.0000003));
#4575 = CARTESIAN_POINT('',(4.599813492271,-2.));
#4576 = CARTESIAN_POINT('',(4.599813492271,-0.9999997));
#4577 = CARTESIAN_POINT('',(4.599813492271,5.999999999062E-07));
#4578 = ( GEOMETRIC_REPRESENTATION_CONTEXT(2) 
PARAMETRIC_REPRESENTATION_CONTEXT() REPRESENTATION_CONTEXT('2D SPACE',''
  ) );
#4579 = PCURVE('',#280,#4580);
#4580 = DEFINITIONAL_REPRESENTATION('',(#4581),#4587);
#4581 = B_SPLINE_CURVE_WITH_KNOTS('',4,(#4582,#4583,#4584,#4585,#4586),
  .UNSPECIFIED.,.F.,.F.,(5,5),(0.,1.),.PIECEWISE_BEZIER_KNOTS.);
#4582 = CARTESIAN_POINT('',(3.721170669843,5.0000006));
#4583 = CARTESIAN_POINT('',(3.721170669843,4.0000003));
#4584 = CARTESIAN_POINT('',(3.721170669843,3.));
#4585 = CARTESIAN_POINT('',(3.721170669843,1.9999997));
#4586 = CARTESIAN_POINT('',(3.721170669843,0.9999994));
#4587 = ( GEOMETRIC_REPRESENTATION_CONTEXT(2) 
PARAMETRIC_REPRESENTATION_CONTEXT() REPRESENTATION_CONTEXT('2D SPACE',''
  ) );
#4588 = ORIENTED_EDGE('',*,*,#4589,.F.);
#4589 = EDGE_CURVE('',#4474,#4561,#4590,.T.);
#4590 = SURFACE_CURVE('',#4591,(#4608,#4628),.PCURVE_S1.);
#4591 = B_SPLINE_CURVE_WITH_KNOTS('',8,(#4592,#4593,#4594,#4595,#4596,
    #4597,#4598,#4599,#4600,#4601,#4602,#4603,#4604,#4605,#4606,#4607),
  .UNSPECIFIED.,.F.,.F.,(9,7,9),(0.,0.496181302771,1.),.UNSPECIFIED.);
#4592 = CARTESIAN_POINT('',(37.,21.774217850641,37.5));
#4593 = CARTESIAN_POINT('',(37.,21.748128601387,38.083284617394));
#4594 = CARTESIAN_POINT('',(37.,21.723007765309,38.666608581221));
#4595 = CARTESIAN_POINT('',(37.,21.698902833301,39.249973119368));
#4596 = CARTESIAN_POINT('',(37.,21.675939398134,39.833381788268));
#4597 = CARTESIAN_POINT('',(37.,21.654160487402,40.416835188232));
#4598 = CARTESIAN_POINT('',(37.,21.633674914698,41.000335529094));
#4599 = CARTESIAN_POINT('',(37.,21.614553137336,41.583883567529));
#4600 = CARTESIAN_POINT('',(37.,21.578937003425,42.760059648709));
#4601 = CARTESIAN_POINT('',(37.,21.562487127557,43.352689043007));
#4602 = CARTESIAN_POINT('',(37.,21.547617856078,43.945369094707));
#4603 = CARTESIAN_POINT('',(37.,21.534415526735,44.538100030407));
#4604 = CARTESIAN_POINT('',(37.,21.522966408947,45.130881539277));
#4605 = CARTESIAN_POINT('',(37.,21.513356703812,45.723712773052));
#4606 = CARTESIAN_POINT('',(37.,21.5056725441,46.316592346032));
#4607 = CARTESIAN_POINT('',(37.,21.499999994259,46.909518335087));
#4608 = PCURVE('',#1862,#4609);
#4609 = DEFINITIONAL_REPRESENTATION('',(#4610),#4627);
#4610 = B_SPLINE_CURVE_WITH_KNOTS('',8,(#4611,#4612,#4613,#4614,#4615,
    #4616,#4617,#4618,#4619,#4620,#4621,#4622,#4623,#4624,#4625,#4626),
  .UNSPECIFIED.,.F.,.F.,(9,7,9),(0.,0.496181302771,1.),.UNSPECIFIED.);
#4611 = CARTESIAN_POINT('',(13.00310230149,-4.));
#4612 = CARTESIAN_POINT('',(12.419174459687,-4.));
#4613 = CARTESIAN_POINT('',(11.835242685856,-4.));
#4614 = CARTESIAN_POINT('',(11.251307830455,-4.));
#4615 = CARTESIAN_POINT('',(10.667370269111,-4.));
#4616 = CARTESIAN_POINT('',(10.083431726378,-4.));
#4617 = CARTESIAN_POINT('',(9.499493345765,-4.));
#4618 = CARTESIAN_POINT('',(8.915557252541,-4.));
#4619 = CARTESIAN_POINT('',(7.73870592686,-4.));
#4620 = CARTESIAN_POINT('',(7.145790984223,-4.));
#4621 = CARTESIAN_POINT('',(6.552883180515,-4.));
#4622 = CARTESIAN_POINT('',(5.95998543022,-4.));
#4623 = CARTESIAN_POINT('',(5.367101182473,-4.));
#4624 = CARTESIAN_POINT('',(4.774234421065,-4.));
#4625 = CARTESIAN_POINT('',(4.18138966444,-4.));
#4626 = CARTESIAN_POINT('',(3.588571965695,-4.));
#4627 = ( GEOMETRIC_REPRESENTATION_CONTEXT(2) 
PARAMETRIC_REPRESENTATION_CONTEXT() REPRESENTATION_CONTEXT('2D SPACE',''
  ) );
#4628 = PCURVE('',#4295,#4629);
#4629 = DEFINITIONAL_REPRESENTATION('',(#4630),#4647);
#4630 = B_SPLINE_CURVE_WITH_KNOTS('',8,(#4631,#4632,#4633,#4634,#4635,
    #4636,#4637,#4638,#4639,#4640,#4641,#4642,#4643,#4644,#4645,#4646),
  .UNSPECIFIED.,.F.,.F.,(9,7,9),(0.,0.496181302771,1.),.UNSPECIFIED.);
#4631 = CARTESIAN_POINT('',(13.,-15.02421785064));
#4632 = CARTESIAN_POINT('',(12.416715382606,-14.99812860138));
#4633 = CARTESIAN_POINT('',(11.833391418779,-14.9730077653));
#4634 = CARTESIAN_POINT('',(11.250026880632,-14.9489028333));
#4635 = CARTESIAN_POINT('',(10.666618211732,-14.92593939813));
#4636 = CARTESIAN_POINT('',(10.083164811768,-14.9041604874));
#4637 = CARTESIAN_POINT('',(9.499664470906,-14.88367491469));
#4638 = CARTESIAN_POINT('',(8.916116432471,-14.86455313733));
#4639 = CARTESIAN_POINT('',(7.739940351291,-14.82893700342));
#4640 = CARTESIAN_POINT('',(7.147310956993,-14.81248712755));
#4641 = CARTESIAN_POINT('',(6.554630905293,-14.79761785607));
#4642 = CARTESIAN_POINT('',(5.961899969593,-14.78441552673));
#4643 = CARTESIAN_POINT('',(5.369118460723,-14.77296640894));
#4644 = CARTESIAN_POINT('',(4.776287226948,-14.76335670381));
#4645 = CARTESIAN_POINT('',(4.183407653968,-14.7556725441));
#4646 = CARTESIAN_POINT('',(3.590481664913,-14.74999999425));
#4647 = ( GEOMETRIC_REPRESENTATION_CONTEXT(2) 
PARAMETRIC_REPRESENTATION_CONTEXT() REPRESENTATION_CONTEXT('2D SPACE',''
  ) );
#4648 = ORIENTED_EDGE('',*,*,#4501,.T.);
#4649 = ADVANCED_FACE('',(#4650,#4816),#280,.T.);
#4650 = FACE_BOUND('',#4651,.T.);
#4651 = EDGE_LOOP('',(#4652,#4680,#4681,#4682,#4703,#4736,#4764,#4790));
#4652 = ORIENTED_EDGE('',*,*,#4653,.F.);
#4653 = EDGE_CURVE('',#4561,#4654,#4656,.T.);
#4654 = VERTEX_POINT('',#4655);
#4655 = CARTESIAN_POINT('',(37.,18.5,56.));
#4656 = SURFACE_CURVE('',#4657,(#4662,#4669),.PCURVE_S1.);
#4657 = CIRCLE('',#4658,5.5);
#4658 = AXIS2_PLACEMENT_3D('',#4659,#4660,#4661);
#4659 = CARTESIAN_POINT('',(37.,18.5,50.5));
#4660 = DIRECTION('',(1.,0.,0.));
#4661 = DIRECTION('',(-0.,0.,1.));
#4662 = PCURVE('',#280,#4663);
#4663 = DEFINITIONAL_REPRESENTATION('',(#4664),#4668);
#4664 = LINE('',#4665,#4666);
#4665 = CARTESIAN_POINT('',(0.,5.));
#4666 = VECTOR('',#4667,1.);
#4667 = DIRECTION('',(1.,0.));
#4668 = ( GEOMETRIC_REPRESENTATION_CONTEXT(2) 
PARAMETRIC_REPRESENTATION_CONTEXT() REPRESENTATION_CONTEXT('2D SPACE',''
  ) );
#4669 = PCURVE('',#4295,#4670);
#4670 = DEFINITIONAL_REPRESENTATION('',(#4671),#4679);
#4671 = ( BOUNDED_CURVE() B_SPLINE_CURVE(2,(#4672,#4673,#4674,#4675,
#4676,#4677,#4678),.UNSPECIFIED.,.T.,.F.) B_SPLINE_CURVE_WITH_KNOTS((1,2
    ,2,2,2,1),(-2.094395102393,0.,2.094395102393,4.188790204786,
6.28318530718,8.377580409573),.UNSPECIFIED.) CURVE() 
GEOMETRIC_REPRESENTATION_ITEM() RATIONAL_B_SPLINE_CURVE((1.,0.5,1.,0.5,
1.,0.5,1.)) REPRESENTATION_ITEM('') );
#4672 = CARTESIAN_POINT('',(-5.5,-11.75));
#4673 = CARTESIAN_POINT('',(-5.5,-2.223720558371));
#4674 = CARTESIAN_POINT('',(2.75,-6.986860279186));
#4675 = CARTESIAN_POINT('',(11.,-11.75));
#4676 = CARTESIAN_POINT('',(2.75,-16.51313972081));
#4677 = CARTESIAN_POINT('',(-5.5,-21.27627944162));
#4678 = CARTESIAN_POINT('',(-5.5,-11.75));
#4679 = ( GEOMETRIC_REPRESENTATION_CONTEXT(2) 
PARAMETRIC_REPRESENTATION_CONTEXT() REPRESENTATION_CONTEXT('2D SPACE',''
  ) );
#4680 = ORIENTED_EDGE('',*,*,#4560,.T.);
#4681 = ORIENTED_EDGE('',*,*,#1810,.F.);
#4682 = ORIENTED_EDGE('',*,*,#4683,.F.);
#4683 = EDGE_CURVE('',#4684,#1783,#4686,.T.);
#4684 = VERTEX_POINT('',#4685);
#4685 = CARTESIAN_POINT('',(32.,15.79054054054,45.713683103101));
#4686 = SURFACE_CURVE('',#4687,(#4691,#4697),.PCURVE_S1.);
#4687 = LINE('',#4688,#4689);
#4688 = CARTESIAN_POINT('',(32.,15.790540540541,45.713683103101));
#4689 = VECTOR('',#4690,1.);
#4690 = DIRECTION('',(1.,0.,0.));
#4691 = PCURVE('',#280,#4692);
#4692 = DEFINITIONAL_REPRESENTATION('',(#4693),#4696);
#4693 = B_SPLINE_CURVE_WITH_KNOTS('',1,(#4694,#4695),.UNSPECIFIED.,.F.,
  .F.,(2,2),(-5.999999999062E-07,5.0000006),.PIECEWISE_BEZIER_KNOTS.);
#4694 = CARTESIAN_POINT('',(2.626484475649,-5.999999999062E-07));
#4695 = CARTESIAN_POINT('',(2.626484475649,5.0000006));
#4696 = ( GEOMETRIC_REPRESENTATION_CONTEXT(2) 
PARAMETRIC_REPRESENTATION_CONTEXT() REPRESENTATION_CONTEXT('2D SPACE',''
  ) );
#4697 = PCURVE('',#1607,#4698);
#4698 = DEFINITIONAL_REPRESENTATION('',(#4699),#4702);
#4699 = B_SPLINE_CURVE_WITH_KNOTS('',1,(#4700,#4701),.UNSPECIFIED.,.F.,
  .F.,(2,2),(-5.999999999062E-07,5.0000006),.PIECEWISE_BEZIER_KNOTS.);
#4700 = CARTESIAN_POINT('',(4.418078745854,-5.999999999062E-07));
#4701 = CARTESIAN_POINT('',(4.418078745854,5.0000006));
#4702 = ( GEOMETRIC_REPRESENTATION_CONTEXT(2) 
PARAMETRIC_REPRESENTATION_CONTEXT() REPRESENTATION_CONTEXT('2D SPACE',''
  ) );
#4703 = ORIENTED_EDGE('',*,*,#4704,.T.);
#4704 = EDGE_CURVE('',#4684,#4705,#4707,.T.);
#4705 = VERTEX_POINT('',#4706);
#4706 = CARTESIAN_POINT('',(32.,18.5,56.));
#4707 = SURFACE_CURVE('',#4708,(#4713,#4720),.PCURVE_S1.);
#4708 = CIRCLE('',#4709,5.5);
#4709 = AXIS2_PLACEMENT_3D('',#4710,#4711,#4712);
#4710 = CARTESIAN_POINT('',(32.,18.5,50.5));
#4711 = DIRECTION('',(1.,0.,0.));
#4712 = DIRECTION('',(-0.,0.,1.));
#4713 = PCURVE('',#280,#4714);
#4714 = DEFINITIONAL_REPRESENTATION('',(#4715),#4719);
#4715 = LINE('',#4716,#4717);
#4716 = CARTESIAN_POINT('',(0.,0.));
#4717 = VECTOR('',#4718,1.);
#4718 = DIRECTION('',(1.,0.));
#4719 = ( GEOMETRIC_REPRESENTATION_CONTEXT(2) 
PARAMETRIC_REPRESENTATION_CONTEXT() REPRESENTATION_CONTEXT('2D SPACE',''
  ) );
#4720 = PCURVE('',#4721,#4726);
#4721 = PLANE('',#4722);
#4722 = AXIS2_PLACEMENT_3D('',#4723,#4724,#4725);
#4723 = CARTESIAN_POINT('',(32.,8.796554362521E-14,50.816952873879));
#4724 = DIRECTION('',(-1.,-0.,-0.));
#4725 = DIRECTION('',(0.,0.,-1.));
#4726 = DEFINITIONAL_REPRESENTATION('',(#4727),#4735);
#4727 = ( BOUNDED_CURVE() B_SPLINE_CURVE(2,(#4728,#4729,#4730,#4731,
#4732,#4733,#4734),.UNSPECIFIED.,.T.,.F.) B_SPLINE_CURVE_WITH_KNOTS((1,2
    ,2,2,2,1),(-2.094395102393,0.,2.094395102393,4.188790204786,
6.28318530718,8.377580409573),.UNSPECIFIED.) CURVE() 
GEOMETRIC_REPRESENTATION_ITEM() RATIONAL_B_SPLINE_CURVE((1.,0.5,1.,0.5,
1.,0.5,1.)) REPRESENTATION_ITEM('') );
#4728 = CARTESIAN_POINT('',(-5.183047126121,-18.5));
#4729 = CARTESIAN_POINT('',(-5.183047126121,-8.973720558371));
#4730 = CARTESIAN_POINT('',(3.066952873879,-13.73686027918));
#4731 = CARTESIAN_POINT('',(11.316952873879,-18.5));
#4732 = CARTESIAN_POINT('',(3.066952873879,-23.26313972081));
#4733 = CARTESIAN_POINT('',(-5.183047126121,-28.02627944162));
#4734 = CARTESIAN_POINT('',(-5.183047126121,-18.5));
#4735 = ( GEOMETRIC_REPRESENTATION_CONTEXT(2) 
PARAMETRIC_REPRESENTATION_CONTEXT() REPRESENTATION_CONTEXT('2D SPACE',''
  ) );
#4736 = ORIENTED_EDGE('',*,*,#4737,.T.);
#4737 = EDGE_CURVE('',#4705,#4738,#4740,.T.);
#4738 = VERTEX_POINT('',#4739);
#4739 = CARTESIAN_POINT('',(32.,15.79054054054,55.286316896899));
#4740 = SURFACE_CURVE('',#4741,(#4746,#4753),.PCURVE_S1.);
#4741 = CIRCLE('',#4742,5.5);
#4742 = AXIS2_PLACEMENT_3D('',#4743,#4744,#4745);
#4743 = CARTESIAN_POINT('',(32.,18.5,50.5));
#4744 = DIRECTION('',(1.,0.,0.));
#4745 = DIRECTION('',(-0.,0.,1.));
#4746 = PCURVE('',#280,#4747);
#4747 = DEFINITIONAL_REPRESENTATION('',(#4748),#4752);
#4748 = LINE('',#4749,#4750);
#4749 = CARTESIAN_POINT('',(6.28318530718,0.));
#4750 = VECTOR('',#4751,1.);
#4751 = DIRECTION('',(1.,0.));
#4752 = ( GEOMETRIC_REPRESENTATION_CONTEXT(2) 
PARAMETRIC_REPRESENTATION_CONTEXT() REPRESENTATION_CONTEXT('2D SPACE',''
  ) );
#4753 = PCURVE('',#4721,#4754);
#4754 = DEFINITIONAL_REPRESENTATION('',(#4755),#4763);
#4755 = ( BOUNDED_CURVE() B_SPLINE_CURVE(2,(#4756,#4757,#4758,#4759,
#4760,#4761,#4762),.UNSPECIFIED.,.T.,.F.) B_SPLINE_CURVE_WITH_KNOTS((1,2
    ,2,2,2,1),(-2.094395102393,0.,2.094395102393,4.188790204786,
6.28318530718,8.377580409573),.UNSPECIFIED.) CURVE() 
GEOMETRIC_REPRESENTATION_ITEM() RATIONAL_B_SPLINE_CURVE((1.,0.5,1.,0.5,
1.,0.5,1.)) REPRESENTATION_ITEM('') );
#4756 = CARTESIAN_POINT('',(-5.183047126121,-18.5));
#4757 = CARTESIAN_POINT('',(-5.183047126121,-8.973720558371));
#4758 = CARTESIAN_POINT('',(3.066952873879,-13.73686027918));
#4759 = CARTESIAN_POINT('',(11.316952873879,-18.5));
#4760 = CARTESIAN_POINT('',(3.066952873879,-23.26313972081));
#4761 = CARTESIAN_POINT('',(-5.183047126121,-28.02627944162));
#4762 = CARTESIAN_POINT('',(-5.183047126121,-18.5));
#4763 = ( GEOMETRIC_REPRESENTATION_CONTEXT(2) 
PARAMETRIC_REPRESENTATION_CONTEXT() REPRESENTATION_CONTEXT('2D SPACE',''
  ) );
#4764 = ORIENTED_EDGE('',*,*,#4765,.T.);
#4765 = EDGE_CURVE('',#4738,#4766,#4768,.T.);
#4766 = VERTEX_POINT('',#4767);
#4767 = CARTESIAN_POINT('',(37.,15.790540540541,55.286316896899));
#4768 = SURFACE_CURVE('',#4769,(#4773,#4779),.PCURVE_S1.);
#4769 = LINE('',#4770,#4771);
#4770 = CARTESIAN_POINT('',(32.,15.790540540541,55.286316896899));
#4771 = VECTOR('',#4772,1.);
#4772 = DIRECTION('',(1.,0.,0.));
#4773 = PCURVE('',#280,#4774);
#4774 = DEFINITIONAL_REPRESENTATION('',(#4775),#4778);
#4775 = B_SPLINE_CURVE_WITH_KNOTS('',1,(#4776,#4777),.UNSPECIFIED.,.F.,
  .F.,(2,2),(-5.999999999062E-07,5.0000006),.PIECEWISE_BEZIER_KNOTS.);
#4776 = CARTESIAN_POINT('',(6.798293485121,-5.999999999062E-07));
#4777 = CARTESIAN_POINT('',(6.798293485121,5.0000006));
#4778 = ( GEOMETRIC_REPRESENTATION_CONTEXT(2) 
PARAMETRIC_REPRESENTATION_CONTEXT() REPRESENTATION_CONTEXT('2D SPACE',''
  ) );
#4779 = PCURVE('',#4780,#4785);
#4780 = CYLINDRICAL_SURFACE('',#4781,16.5);
#4781 = AXIS2_PLACEMENT_3D('',#4782,#4783,#4784);
#4782 = CARTESIAN_POINT('',(32.,0.,50.5));
#4783 = DIRECTION('',(1.,0.,0.));
#4784 = DIRECTION('',(-0.,0.,1.));
#4785 = DEFINITIONAL_REPRESENTATION('',(#4786),#4789);
#4786 = B_SPLINE_CURVE_WITH_KNOTS('',1,(#4787,#4788),.UNSPECIFIED.,.F.,
  .F.,(2,2),(-5.999999999062E-07,5.0000006),.PIECEWISE_BEZIER_KNOTS.);
#4787 = CARTESIAN_POINT('',(5.006699214915,-5.999999999062E-07));
#4788 = CARTESIAN_POINT('',(5.006699214915,5.0000006));
#4789 = ( GEOMETRIC_REPRESENTATION_CONTEXT(2) 
PARAMETRIC_REPRESENTATION_CONTEXT() REPRESENTATION_CONTEXT('2D SPACE',''
  ) );
#4790 = ORIENTED_EDGE('',*,*,#4791,.F.);
#4791 = EDGE_CURVE('',#4654,#4766,#4792,.T.);
#4792 = SURFACE_CURVE('',#4793,(#4798,#4805),.PCURVE_S1.);
#4793 = CIRCLE('',#4794,5.5);
#4794 = AXIS2_PLACEMENT_3D('',#4795,#4796,#4797);
#4795 = CARTESIAN_POINT('',(37.,18.5,50.5));
#4796 = DIRECTION('',(1.,0.,0.));
#4797 = DIRECTION('',(-0.,0.,1.));
#4798 = PCURVE('',#280,#4799);
#4799 = DEFINITIONAL_REPRESENTATION('',(#4800),#4804);
#4800 = LINE('',#4801,#4802);
#4801 = CARTESIAN_POINT('',(6.28318530718,5.));
#4802 = VECTOR('',#4803,1.);
#4803 = DIRECTION('',(1.,0.));
#4804 = ( GEOMETRIC_REPRESENTATION_CONTEXT(2) 
PARAMETRIC_REPRESENTATION_CONTEXT() REPRESENTATION_CONTEXT('2D SPACE',''
  ) );
#4805 = PCURVE('',#4295,#4806);
#4806 = DEFINITIONAL_REPRESENTATION('',(#4807),#4815);
#4807 = ( BOUNDED_CURVE() B_SPLINE_CURVE(2,(#4808,#4809,#4810,#4811,
#4812,#4813,#4814),.UNSPECIFIED.,.T.,.F.) B_SPLINE_CURVE_WITH_KNOTS((1,2
    ,2,2,2,1),(-2.094395102393,0.,2.094395102393,4.188790204786,
6.28318530718,8.377580409573),.UNSPECIFIED.) CURVE() 
GEOMETRIC_REPRESENTATION_ITEM() RATIONAL_B_SPLINE_CURVE((1.,0.5,1.,0.5,
1.,0.5,1.)) REPRESENTATION_ITEM('') );
#4808 = CARTESIAN_POINT('',(-5.5,-11.75));
#4809 = CARTESIAN_POINT('',(-5.5,-2.223720558371));
#4810 = CARTESIAN_POINT('',(2.75,-6.986860279186));
#4811 = CARTESIAN_POINT('',(11.,-11.75));
#4812 = CARTESIAN_POINT('',(2.75,-16.51313972081));
#4813 = CARTESIAN_POINT('',(-5.5,-21.27627944162));
#4814 = CARTESIAN_POINT('',(-5.5,-11.75));
#4815 = ( GEOMETRIC_REPRESENTATION_CONTEXT(2) 
PARAMETRIC_REPRESENTATION_CONTEXT() REPRESENTATION_CONTEXT('2D SPACE',''
  ) );
#4816 = FACE_BOUND('',#4817,.T.);
#4817 = EDGE_LOOP('',(#4818,#4819,#4841,#4869));
#4818 = ORIENTED_EDGE('',*,*,#265,.F.);
#4819 = ORIENTED_EDGE('',*,*,#4820,.T.);
#4820 = EDGE_CURVE('',#243,#4821,#4823,.T.);
#4821 = VERTEX_POINT('',#4822);
#4822 = CARTESIAN_POINT('',(36.1,23.141928478553,47.55));
#4823 = SURFACE_CURVE('',#4824,(#4828,#4834),.PCURVE_S1.);
#4824 = LINE('',#4825,#4826);
#4825 = CARTESIAN_POINT('',(32.,23.141928478553,47.55));
#4826 = VECTOR('',#4827,1.);
#4827 = DIRECTION('',(1.,0.,0.));
#4828 = PCURVE('',#280,#4829);
#4829 = DEFINITIONAL_REPRESENTATION('',(#4830),#4833);
#4830 = B_SPLINE_CURVE_WITH_KNOTS('',1,(#4831,#4832),.UNSPECIFIED.,.F.,
  .F.,(2,2),(1.02,4.38),.PIECEWISE_BEZIER_KNOTS.);
#4831 = CARTESIAN_POINT('',(4.146266353415,1.02));
#4832 = CARTESIAN_POINT('',(4.146266353415,4.38));
#4833 = ( GEOMETRIC_REPRESENTATION_CONTEXT(2) 
PARAMETRIC_REPRESENTATION_CONTEXT() REPRESENTATION_CONTEXT('2D SPACE',''
  ) );
#4834 = PCURVE('',#100,#4835);
#4835 = DEFINITIONAL_REPRESENTATION('',(#4836),#4840);
#4836 = LINE('',#4837,#4838);
#4837 = CARTESIAN_POINT('',(-2.7,3.172555886331));
#4838 = VECTOR('',#4839,1.);
#4839 = DIRECTION('',(1.,0.));
#4840 = ( GEOMETRIC_REPRESENTATION_CONTEXT(2) 
PARAMETRIC_REPRESENTATION_CONTEXT() REPRESENTATION_CONTEXT('2D SPACE',''
  ) );
#4841 = ORIENTED_EDGE('',*,*,#4842,.T.);
#4842 = EDGE_CURVE('',#4821,#4843,#4845,.T.);
#4843 = VERTEX_POINT('',#4844);
#4844 = CARTESIAN_POINT('',(36.1,23.141928478553,53.45));
#4845 = SURFACE_CURVE('',#4846,(#4851,#4858),.PCURVE_S1.);
#4846 = CIRCLE('',#4847,5.5);
#4847 = AXIS2_PLACEMENT_3D('',#4848,#4849,#4850);
#4848 = CARTESIAN_POINT('',(36.1,18.5,50.5));
#4849 = DIRECTION('',(1.,0.,0.));
#4850 = DIRECTION('',(-0.,0.,1.));
#4851 = PCURVE('',#280,#4852);
#4852 = DEFINITIONAL_REPRESENTATION('',(#4853),#4857);
#4853 = LINE('',#4854,#4855);
#4854 = CARTESIAN_POINT('',(0.,4.1));
#4855 = VECTOR('',#4856,1.);
#4856 = DIRECTION('',(1.,0.));
#4857 = ( GEOMETRIC_REPRESENTATION_CONTEXT(2) 
PARAMETRIC_REPRESENTATION_CONTEXT() REPRESENTATION_CONTEXT('2D SPACE',''
  ) );
#4858 = PCURVE('',#72,#4859);
#4859 = DEFINITIONAL_REPRESENTATION('',(#4860),#4868);
#4860 = ( BOUNDED_CURVE() B_SPLINE_CURVE(2,(#4861,#4862,#4863,#4864,
#4865,#4866,#4867),.UNSPECIFIED.,.T.,.F.) B_SPLINE_CURVE_WITH_KNOTS((1,2
    ,2,2,2,1),(-2.094395102393,0.,2.094395102393,4.188790204786,
6.28318530718,8.377580409573),.UNSPECIFIED.) CURVE() 
GEOMETRIC_REPRESENTATION_ITEM() RATIONAL_B_SPLINE_CURVE((1.,0.5,1.,0.5,
1.,0.5,1.)) REPRESENTATION_ITEM('') );
#4861 = CARTESIAN_POINT('',(-5.5,1.288875098222));
#4862 = CARTESIAN_POINT('',(-5.5,10.815154539851));
#4863 = CARTESIAN_POINT('',(2.75,6.052014819036));
#4864 = CARTESIAN_POINT('',(11.,1.288875098222));
#4865 = CARTESIAN_POINT('',(2.75,-3.474264622592));
#4866 = CARTESIAN_POINT('',(-5.5,-8.237404343407));
#4867 = CARTESIAN_POINT('',(-5.5,1.288875098222));
#4868 = ( GEOMETRIC_REPRESENTATION_CONTEXT(2) 
PARAMETRIC_REPRESENTATION_CONTEXT() REPRESENTATION_CONTEXT('2D SPACE',''
  ) );
#4869 = ORIENTED_EDGE('',*,*,#4870,.F.);
#4870 = EDGE_CURVE('',#218,#4843,#4871,.T.);
#4871 = SURFACE_CURVE('',#4872,(#4876,#4882),.PCURVE_S1.);
#4872 = LINE('',#4873,#4874);
#4873 = CARTESIAN_POINT('',(32.,23.141928478553,53.45));
#4874 = VECTOR('',#4875,1.);
#4875 = DIRECTION('',(1.,0.,0.));
#4876 = PCURVE('',#280,#4877);
#4877 = DEFINITIONAL_REPRESENTATION('',(#4878),#4881);
#4878 = B_SPLINE_CURVE_WITH_KNOTS('',1,(#4879,#4880),.UNSPECIFIED.,.F.,
  .F.,(2,2),(1.02,4.38),.PIECEWISE_BEZIER_KNOTS.);
#4879 = CARTESIAN_POINT('',(5.278511607355,1.02));
#4880 = CARTESIAN_POINT('',(5.278511607355,4.38));
#4881 = ( GEOMETRIC_REPRESENTATION_CONTEXT(2) 
PARAMETRIC_REPRESENTATION_CONTEXT() REPRESENTATION_CONTEXT('2D SPACE',''
  ) );
#4882 = PCURVE('',#159,#4883);
#4883 = DEFINITIONAL_REPRESENTATION('',(#4884),#4888);
#4884 = LINE('',#4885,#4886);
#4885 = CARTESIAN_POINT('',(2.7,3.172555886331));
#4886 = VECTOR('',#4887,1.);
#4887 = DIRECTION('',(-1.,0.));
#4888 = ( GEOMETRIC_REPRESENTATION_CONTEXT(2) 
PARAMETRIC_REPRESENTATION_CONTEXT() REPRESENTATION_CONTEXT('2D SPACE',''
  ) );
#4889 = ADVANCED_FACE('',(#4890),#1607,.T.);
#4890 = FACE_BOUND('',#4891,.T.);
#4891 = EDGE_LOOP('',(#4892,#4913,#4939,#4940,#4941,#4970,#5003,#5032,
    #5051,#5052,#5073,#5097,#5130,#5159,#5186));
#4892 = ORIENTED_EDGE('',*,*,#4893,.F.);
#4893 = EDGE_CURVE('',#4894,#1554,#4896,.T.);
#4894 = VERTEX_POINT('',#4895);
#4895 = CARTESIAN_POINT('',(32.,-15.79054054054,45.7136831031));
#4896 = SURFACE_CURVE('',#4897,(#4901,#4907),.PCURVE_S1.);
#4897 = LINE('',#4898,#4899);
#4898 = CARTESIAN_POINT('',(32.,-15.79054054054,45.713683103101));
#4899 = VECTOR('',#4900,1.);
#4900 = DIRECTION('',(1.,0.,0.));
#4901 = PCURVE('',#1607,#4902);
#4902 = DEFINITIONAL_REPRESENTATION('',(#4903),#4906);
#4903 = B_SPLINE_CURVE_WITH_KNOTS('',1,(#4904,#4905),.UNSPECIFIED.,.F.,
  .F.,(2,2),(-5.999999999062E-07,5.0000006),.PIECEWISE_BEZIER_KNOTS.);
#4904 = CARTESIAN_POINT('',(1.865106561325,-5.999999999062E-07));
#4905 = CARTESIAN_POINT('',(1.865106561325,5.0000006));
#4906 = ( GEOMETRIC_REPRESENTATION_CONTEXT(2) 
PARAMETRIC_REPRESENTATION_CONTEXT() REPRESENTATION_CONTEXT('2D SPACE',''
  ) );
#4907 = PCURVE('',#1574,#4908);
#4908 = DEFINITIONAL_REPRESENTATION('',(#4909),#4912);
#4909 = B_SPLINE_CURVE_WITH_KNOTS('',1,(#4910,#4911),.UNSPECIFIED.,.F.,
  .F.,(2,2),(-5.999999999062E-07,5.0000006),.PIECEWISE_BEZIER_KNOTS.);
#4910 = CARTESIAN_POINT('',(3.656700831531,-5.999999999062E-07));
#4911 = CARTESIAN_POINT('',(3.656700831531,5.0000006));
#4912 = ( GEOMETRIC_REPRESENTATION_CONTEXT(2) 
PARAMETRIC_REPRESENTATION_CONTEXT() REPRESENTATION_CONTEXT('2D SPACE',''
  ) );
#4913 = ORIENTED_EDGE('',*,*,#4914,.T.);
#4914 = EDGE_CURVE('',#4894,#4684,#4915,.T.);
#4915 = SURFACE_CURVE('',#4916,(#4921,#4928),.PCURVE_S1.);
#4916 = CIRCLE('',#4917,16.5);
#4917 = AXIS2_PLACEMENT_3D('',#4918,#4919,#4920);
#4918 = CARTESIAN_POINT('',(32.,0.,50.5));
#4919 = DIRECTION('',(1.,0.,0.));
#4920 = DIRECTION('',(-0.,0.,1.));
#4921 = PCURVE('',#1607,#4922);
#4922 = DEFINITIONAL_REPRESENTATION('',(#4923),#4927);
#4923 = LINE('',#4924,#4925);
#4924 = CARTESIAN_POINT('',(0.,0.));
#4925 = VECTOR('',#4926,1.);
#4926 = DIRECTION('',(1.,0.));
#4927 = ( GEOMETRIC_REPRESENTATION_CONTEXT(2) 
PARAMETRIC_REPRESENTATION_CONTEXT() REPRESENTATION_CONTEXT('2D SPACE',''
  ) );
#4928 = PCURVE('',#4721,#4929);
#4929 = DEFINITIONAL_REPRESENTATION('',(#4930),#4938);
#4930 = ( BOUNDED_CURVE() B_SPLINE_CURVE(2,(#4931,#4932,#4933,#4934,
#4935,#4936,#4937),.UNSPECIFIED.,.T.,.F.) B_SPLINE_CURVE_WITH_KNOTS((1,2
    ,2,2,2,1),(-2.094395102393,0.,2.094395102393,4.188790204786,
6.28318530718,8.377580409573),.UNSPECIFIED.) CURVE() 
GEOMETRIC_REPRESENTATION_ITEM() RATIONAL_B_SPLINE_CURVE((1.,0.5,1.,0.5,
1.,0.5,1.)) REPRESENTATION_ITEM('') );
#4931 = CARTESIAN_POINT('',(-16.18304712612,8.796554362521E-14));
#4932 = CARTESIAN_POINT('',(-16.18304712612,28.578838324887));
#4933 = CARTESIAN_POINT('',(8.566952873879,14.289419162443));
#4934 = CARTESIAN_POINT('',(33.316952873879,9.20068780624E-14));
#4935 = CARTESIAN_POINT('',(8.566952873879,-14.28941916244));
#4936 = CARTESIAN_POINT('',(-16.18304712612,-28.57883832488));
#4937 = CARTESIAN_POINT('',(-16.18304712612,8.796554362521E-14));
#4938 = ( GEOMETRIC_REPRESENTATION_CONTEXT(2) 
PARAMETRIC_REPRESENTATION_CONTEXT() REPRESENTATION_CONTEXT('2D SPACE',''
  ) );
#4939 = ORIENTED_EDGE('',*,*,#4683,.T.);
#4940 = ORIENTED_EDGE('',*,*,#1782,.F.);
#4941 = ORIENTED_EDGE('',*,*,#4942,.F.);
#4942 = EDGE_CURVE('',#4943,#1741,#4945,.T.);
#4943 = VERTEX_POINT('',#4944);
#4944 = CARTESIAN_POINT('',(37.,15.468251077363,44.756899042533));
#4945 = SURFACE_CURVE('',#4946,(#4952,#4961),.PCURVE_S1.);
#4946 = B_SPLINE_CURVE_WITH_KNOTS('',4,(#4947,#4948,#4949,#4950,#4951),
  .UNSPECIFIED.,.F.,.F.,(5,5),(0.,1.),.PIECEWISE_BEZIER_KNOTS.);
#4947 = CARTESIAN_POINT('',(37.0000006,15.468251077363,44.756899042533)
  );
#4948 = CARTESIAN_POINT('',(36.0000003,15.468251077363,44.756899042533)
  );
#4949 = CARTESIAN_POINT('',(35.,15.468251077363,44.756899042533));
#4950 = CARTESIAN_POINT('',(33.9999997,15.468251077363,44.756899042533)
  );
#4951 = CARTESIAN_POINT('',(32.9999994,15.468251077363,44.756899042533)
  );
#4952 = PCURVE('',#1607,#4953);
#4953 = DEFINITIONAL_REPRESENTATION('',(#4954),#4960);
#4954 = B_SPLINE_CURVE_WITH_KNOTS('',4,(#4955,#4956,#4957,#4958,#4959),
  .UNSPECIFIED.,.F.,.F.,(5,5),(0.,1.),.PIECEWISE_BEZIER_KNOTS.);
#4955 = CARTESIAN_POINT('',(4.356880895141,5.0000006));
#4956 = CARTESIAN_POINT('',(4.356880895141,4.0000003));
#4957 = CARTESIAN_POINT('',(4.356880895141,3.));
#4958 = CARTESIAN_POINT('',(4.356880895141,1.9999997));
#4959 = CARTESIAN_POINT('',(4.356880895141,0.9999994));
#4960 = ( GEOMETRIC_REPRESENTATION_CONTEXT(2) 
PARAMETRIC_REPRESENTATION_CONTEXT() REPRESENTATION_CONTEXT('2D SPACE',''
  ) );
#4961 = PCURVE('',#1764,#4962);
#4962 = DEFINITIONAL_REPRESENTATION('',(#4963),#4969);
#4963 = B_SPLINE_CURVE_WITH_KNOTS('',4,(#4964,#4965,#4966,#4967,#4968),
  .UNSPECIFIED.,.F.,.F.,(5,5),(0.,1.),.PIECEWISE_BEZIER_KNOTS.);
#4964 = CARTESIAN_POINT('',(35.791795810155,-4.0000006));
#4965 = CARTESIAN_POINT('',(35.791795810155,-3.0000003));
#4966 = CARTESIAN_POINT('',(35.791795810155,-2.));
#4967 = CARTESIAN_POINT('',(35.791795810155,-0.9999997));
#4968 = CARTESIAN_POINT('',(35.791795810155,5.999999999062E-07));
#4969 = ( GEOMETRIC_REPRESENTATION_CONTEXT(2) 
PARAMETRIC_REPRESENTATION_CONTEXT() REPRESENTATION_CONTEXT('2D SPACE',''
  ) );
#4970 = ORIENTED_EDGE('',*,*,#4971,.F.);
#4971 = EDGE_CURVE('',#4972,#4943,#4974,.T.);
#4972 = VERTEX_POINT('',#4973);
#4973 = CARTESIAN_POINT('',(37.,10.161200716451,37.5));
#4974 = SURFACE_CURVE('',#4975,(#4980,#4987),.PCURVE_S1.);
#4975 = CIRCLE('',#4976,16.5);
#4976 = AXIS2_PLACEMENT_3D('',#4977,#4978,#4979);
#4977 = CARTESIAN_POINT('',(37.,0.,50.5));
#4978 = DIRECTION('',(1.,0.,0.));
#4979 = DIRECTION('',(-0.,0.,1.));
#4980 = PCURVE('',#1607,#4981);
#4981 = DEFINITIONAL_REPRESENTATION('',(#4982),#4986);
#4982 = LINE('',#4983,#4984);
#4983 = CARTESIAN_POINT('',(0.,5.));
#4984 = VECTOR('',#4985,1.);
#4985 = DIRECTION('',(1.,0.));
#4986 = ( GEOMETRIC_REPRESENTATION_CONTEXT(2) 
PARAMETRIC_REPRESENTATION_CONTEXT() REPRESENTATION_CONTEXT('2D SPACE',''
  ) );
#4987 = PCURVE('',#4988,#4993);
#4988 = PLANE('',#4989);
#4989 = AXIS2_PLACEMENT_3D('',#4990,#4991,#4992);
#4990 = CARTESIAN_POINT('',(37.,6.75,50.5));
#4991 = DIRECTION('',(-1.,-0.,-0.));
#4992 = DIRECTION('',(0.,0.,-1.));
#4993 = DEFINITIONAL_REPRESENTATION('',(#4994),#5002);
#4994 = ( BOUNDED_CURVE() B_SPLINE_CURVE(2,(#4995,#4996,#4997,#4998,
#4999,#5000,#5001),.UNSPECIFIED.,.T.,.F.) B_SPLINE_CURVE_WITH_KNOTS((1,2
    ,2,2,2,1),(-2.094395102393,0.,2.094395102393,4.188790204786,
6.28318530718,8.377580409573),.UNSPECIFIED.) CURVE() 
GEOMETRIC_REPRESENTATION_ITEM() RATIONAL_B_SPLINE_CURVE((1.,0.5,1.,0.5,
1.,0.5,1.)) REPRESENTATION_ITEM('') );
#4995 = CARTESIAN_POINT('',(-16.5,6.75));
#4996 = CARTESIAN_POINT('',(-16.5,35.328838324886));
#4997 = CARTESIAN_POINT('',(8.25,21.039419162443));
#4998 = CARTESIAN_POINT('',(33.,6.75));
#4999 = CARTESIAN_POINT('',(8.25,-7.539419162443));
#5000 = CARTESIAN_POINT('',(-16.5,-21.82883832488));
#5001 = CARTESIAN_POINT('',(-16.5,6.75));
#5002 = ( GEOMETRIC_REPRESENTATION_CONTEXT(2) 
PARAMETRIC_REPRESENTATION_CONTEXT() REPRESENTATION_CONTEXT('2D SPACE',''
  ) );
#5003 = ORIENTED_EDGE('',*,*,#5004,.F.);
#5004 = EDGE_CURVE('',#5005,#4972,#5007,.T.);
#5005 = VERTEX_POINT('',#5006);
#5006 = CARTESIAN_POINT('',(37.,4.031128874149,34.5));
#5007 = SURFACE_CURVE('',#5008,(#5013,#5020),.PCURVE_S1.);
#5008 = CIRCLE('',#5009,16.5);
#5009 = AXIS2_PLACEMENT_3D('',#5010,#5011,#5012);
#5010 = CARTESIAN_POINT('',(37.,0.,50.5));
#5011 = DIRECTION('',(1.,0.,0.));
#5012 = DIRECTION('',(-0.,0.,1.));
#5013 = PCURVE('',#1607,#5014);
#5014 = DEFINITIONAL_REPRESENTATION('',(#5015),#5019);
#5015 = LINE('',#5016,#5017);
#5016 = CARTESIAN_POINT('',(0.,5.));
#5017 = VECTOR('',#5018,1.);
#5018 = DIRECTION('',(1.,0.));
#5019 = ( GEOMETRIC_REPRESENTATION_CONTEXT(2) 
PARAMETRIC_REPRESENTATION_CONTEXT() REPRESENTATION_CONTEXT('2D SPACE',''
  ) );
#5020 = PCURVE('',#5021,#5026);
#5021 = PLANE('',#5022);
#5022 = AXIS2_PLACEMENT_3D('',#5023,#5024,#5025);
#5023 = CARTESIAN_POINT('',(37.,0.,50.5));
#5024 = DIRECTION('',(1.,0.,0.));
#5025 = DIRECTION('',(-0.,0.,1.));
#5026 = DEFINITIONAL_REPRESENTATION('',(#5027),#5031);
#5027 = CIRCLE('',#5028,16.5);
#5028 = AXIS2_PLACEMENT_2D('',#5029,#5030);
#5029 = CARTESIAN_POINT('',(0.,0.));
#5030 = DIRECTION('',(1.,0.));
#5031 = ( GEOMETRIC_REPRESENTATION_CONTEXT(2) 
PARAMETRIC_REPRESENTATION_CONTEXT() REPRESENTATION_CONTEXT('2D SPACE',''
  ) );
#5032 = ORIENTED_EDGE('',*,*,#5033,.F.);
#5033 = EDGE_CURVE('',#1690,#5005,#5034,.T.);
#5034 = SURFACE_CURVE('',#5035,(#5039,#5045),.PCURVE_S1.);
#5035 = LINE('',#5036,#5037);
#5036 = CARTESIAN_POINT('',(32.,4.031128874149,34.5));
#5037 = VECTOR('',#5038,1.);
#5038 = DIRECTION('',(1.,0.,0.));
#5039 = PCURVE('',#1607,#5040);
#5040 = DEFINITIONAL_REPRESENTATION('',(#5041),#5044);
#5041 = B_SPLINE_CURVE_WITH_KNOTS('',1,(#5042,#5043),.UNSPECIFIED.,.F.,
  .F.,(2,2),(0.4,5.0000006),.PIECEWISE_BEZIER_KNOTS.);
#5042 = CARTESIAN_POINT('',(3.388401587059,0.4));
#5043 = CARTESIAN_POINT('',(3.388401587059,5.0000006));
#5044 = ( GEOMETRIC_REPRESENTATION_CONTEXT(2) 
PARAMETRIC_REPRESENTATION_CONTEXT() REPRESENTATION_CONTEXT('2D SPACE',''
  ) );
#5045 = PCURVE('',#1677,#5046);
#5046 = DEFINITIONAL_REPRESENTATION('',(#5047),#5050);
#5047 = B_SPLINE_CURVE_WITH_KNOTS('',1,(#5048,#5049),.UNSPECIFIED.,.F.,
  .F.,(2,2),(0.4,5.0000006),.PIECEWISE_BEZIER_KNOTS.);
#5048 = CARTESIAN_POINT('',(-0.6,22.531128874149));
#5049 = CARTESIAN_POINT('',(4.0000006,22.531128874149));
#5050 = ( GEOMETRIC_REPRESENTATION_CONTEXT(2) 
PARAMETRIC_REPRESENTATION_CONTEXT() REPRESENTATION_CONTEXT('2D SPACE',''
  ) );
#5051 = ORIENTED_EDGE('',*,*,#1689,.F.);
#5052 = ORIENTED_EDGE('',*,*,#5053,.T.);
#5053 = EDGE_CURVE('',#1662,#5054,#5056,.T.);
#5054 = VERTEX_POINT('',#5055);
#5055 = CARTESIAN_POINT('',(37.,-4.031128874149,34.5));
#5056 = SURFACE_CURVE('',#5057,(#5061,#5067),.PCURVE_S1.);
#5057 = LINE('',#5058,#5059);
#5058 = CARTESIAN_POINT('',(32.,-4.031128874149,34.5));
#5059 = VECTOR('',#5060,1.);
#5060 = DIRECTION('',(1.,0.,0.));
#5061 = PCURVE('',#1607,#5062);
#5062 = DEFINITIONAL_REPRESENTATION('',(#5063),#5066);
#5063 = B_SPLINE_CURVE_WITH_KNOTS('',1,(#5064,#5065),.UNSPECIFIED.,.F.,
  .F.,(2,2),(0.4,5.0000006),.PIECEWISE_BEZIER_KNOTS.);
#5064 = CARTESIAN_POINT('',(2.89478372012,0.4));
#5065 = CARTESIAN_POINT('',(2.89478372012,5.0000006));
#5066 = ( GEOMETRIC_REPRESENTATION_CONTEXT(2) 
PARAMETRIC_REPRESENTATION_CONTEXT() REPRESENTATION_CONTEXT('2D SPACE',''
  ) );
#5067 = PCURVE('',#1677,#5068);
#5068 = DEFINITIONAL_REPRESENTATION('',(#5069),#5072);
#5069 = B_SPLINE_CURVE_WITH_KNOTS('',1,(#5070,#5071),.UNSPECIFIED.,.F.,
  .F.,(2,2),(0.4,5.0000006),.PIECEWISE_BEZIER_KNOTS.);
#5070 = CARTESIAN_POINT('',(-0.6,14.468871125851));
#5071 = CARTESIAN_POINT('',(4.0000006,14.468871125851));
#5072 = ( GEOMETRIC_REPRESENTATION_CONTEXT(2) 
PARAMETRIC_REPRESENTATION_CONTEXT() REPRESENTATION_CONTEXT('2D SPACE',''
  ) );
#5073 = ORIENTED_EDGE('',*,*,#5074,.F.);
#5074 = EDGE_CURVE('',#5075,#5054,#5077,.T.);
#5075 = VERTEX_POINT('',#5076);
#5076 = CARTESIAN_POINT('',(37.,-10.41879798309,37.705522730977));
#5077 = SURFACE_CURVE('',#5078,(#5083,#5090),.PCURVE_S1.);
#5078 = CIRCLE('',#5079,16.5);
#5079 = AXIS2_PLACEMENT_3D('',#5080,#5081,#5082);
#5080 = CARTESIAN_POINT('',(37.,0.,50.5));
#5081 = DIRECTION('',(1.,0.,0.));
#5082 = DIRECTION('',(-0.,0.,1.));
#5083 = PCURVE('',#1607,#5084);
#5084 = DEFINITIONAL_REPRESENTATION('',(#5085),#5089);
#5085 = LINE('',#5086,#5087);
#5086 = CARTESIAN_POINT('',(0.,5.));
#5087 = VECTOR('',#5088,1.);
#5088 = DIRECTION('',(1.,0.));
#5089 = ( GEOMETRIC_REPRESENTATION_CONTEXT(2) 
PARAMETRIC_REPRESENTATION_CONTEXT() REPRESENTATION_CONTEXT('2D SPACE',''
  ) );
#5090 = PCURVE('',#5021,#5091);
#5091 = DEFINITIONAL_REPRESENTATION('',(#5092),#5096);
#5092 = CIRCLE('',#5093,16.5);
#5093 = AXIS2_PLACEMENT_2D('',#5094,#5095);
#5094 = CARTESIAN_POINT('',(0.,0.));
#5095 = DIRECTION('',(1.,0.));
#5096 = ( GEOMETRIC_REPRESENTATION_CONTEXT(2) 
PARAMETRIC_REPRESENTATION_CONTEXT() REPRESENTATION_CONTEXT('2D SPACE',''
  ) );
#5097 = ORIENTED_EDGE('',*,*,#5098,.F.);
#5098 = EDGE_CURVE('',#5099,#5075,#5101,.T.);
#5099 = VERTEX_POINT('',#5100);
#5100 = CARTESIAN_POINT('',(37.,-13.92775374104,41.653097958677));
#5101 = SURFACE_CURVE('',#5102,(#5107,#5114),.PCURVE_S1.);
#5102 = CIRCLE('',#5103,16.5);
#5103 = AXIS2_PLACEMENT_3D('',#5104,#5105,#5106);
#5104 = CARTESIAN_POINT('',(37.,0.,50.5));
#5105 = DIRECTION('',(1.,0.,0.));
#5106 = DIRECTION('',(-0.,0.,1.));
#5107 = PCURVE('',#1607,#5108);
#5108 = DEFINITIONAL_REPRESENTATION('',(#5109),#5113);
#5109 = LINE('',#5110,#5111);
#5110 = CARTESIAN_POINT('',(0.,5.));
#5111 = VECTOR('',#5112,1.);
#5112 = DIRECTION('',(1.,0.));
#5113 = ( GEOMETRIC_REPRESENTATION_CONTEXT(2) 
PARAMETRIC_REPRESENTATION_CONTEXT() REPRESENTATION_CONTEXT('2D SPACE',''
  ) );
#5114 = PCURVE('',#5115,#5120);
#5115 = PLANE('',#5116);
#5116 = AXIS2_PLACEMENT_3D('',#5117,#5118,#5119);
#5117 = CARTESIAN_POINT('',(37.,6.75,50.5));
#5118 = DIRECTION('',(-1.,-0.,-0.));
#5119 = DIRECTION('',(0.,0.,-1.));
#5120 = DEFINITIONAL_REPRESENTATION('',(#5121),#5129);
#5121 = ( BOUNDED_CURVE() B_SPLINE_CURVE(2,(#5122,#5123,#5124,#5125,
#5126,#5127,#5128),.UNSPECIFIED.,.T.,.F.) B_SPLINE_CURVE_WITH_KNOTS((1,2
    ,2,2,2,1),(-2.094395102393,0.,2.094395102393,4.188790204786,
6.28318530718,8.377580409573),.UNSPECIFIED.) CURVE() 
GEOMETRIC_REPRESENTATION_ITEM() RATIONAL_B_SPLINE_CURVE((1.,0.5,1.,0.5,
1.,0.5,1.)) REPRESENTATION_ITEM('') );
#5122 = CARTESIAN_POINT('',(-16.5,6.75));
#5123 = CARTESIAN_POINT('',(-16.5,35.328838324886));
#5124 = CARTESIAN_POINT('',(8.25,21.039419162443));
#5125 = CARTESIAN_POINT('',(33.,6.75));
#5126 = CARTESIAN_POINT('',(8.25,-7.539419162443));
#5127 = CARTESIAN_POINT('',(-16.5,-21.82883832488));
#5128 = CARTESIAN_POINT('',(-16.5,6.75));
#5129 = ( GEOMETRIC_REPRESENTATION_CONTEXT(2) 
PARAMETRIC_REPRESENTATION_CONTEXT() REPRESENTATION_CONTEXT('2D SPACE',''
  ) );
#5130 = ORIENTED_EDGE('',*,*,#5131,.F.);
#5131 = EDGE_CURVE('',#5132,#5099,#5134,.T.);
#5132 = VERTEX_POINT('',#5133);
#5133 = CARTESIAN_POINT('',(37.,-15.46825107736,44.756899042533));
#5134 = SURFACE_CURVE('',#5135,(#5140,#5147),.PCURVE_S1.);
#5135 = CIRCLE('',#5136,16.5);
#5136 = AXIS2_PLACEMENT_3D('',#5137,#5138,#5139);
#5137 = CARTESIAN_POINT('',(37.,0.,50.5));
#5138 = DIRECTION('',(1.,0.,0.));
#5139 = DIRECTION('',(-0.,0.,1.));
#5140 = PCURVE('',#1607,#5141);
#5141 = DEFINITIONAL_REPRESENTATION('',(#5142),#5146);
#5142 = LINE('',#5143,#5144);
#5143 = CARTESIAN_POINT('',(0.,5.));
#5144 = VECTOR('',#5145,1.);
#5145 = DIRECTION('',(1.,0.));
#5146 = ( GEOMETRIC_REPRESENTATION_CONTEXT(2) 
PARAMETRIC_REPRESENTATION_CONTEXT() REPRESENTATION_CONTEXT('2D SPACE',''
  ) );
#5147 = PCURVE('',#5148,#5153);
#5148 = PLANE('',#5149);
#5149 = AXIS2_PLACEMENT_3D('',#5150,#5151,#5152);
#5150 = CARTESIAN_POINT('',(37.,0.,50.5));
#5151 = DIRECTION('',(1.,0.,0.));
#5152 = DIRECTION('',(-0.,0.,1.));
#5153 = DEFINITIONAL_REPRESENTATION('',(#5154),#5158);
#5154 = CIRCLE('',#5155,16.5);
#5155 = AXIS2_PLACEMENT_2D('',#5156,#5157);
#5156 = CARTESIAN_POINT('',(0.,0.));
#5157 = DIRECTION('',(1.,0.));
#5158 = ( GEOMETRIC_REPRESENTATION_CONTEXT(2) 
PARAMETRIC_REPRESENTATION_CONTEXT() REPRESENTATION_CONTEXT('2D SPACE',''
  ) );
#5159 = ORIENTED_EDGE('',*,*,#5160,.T.);
#5160 = EDGE_CURVE('',#5132,#1587,#5161,.T.);
#5161 = SURFACE_CURVE('',#5162,(#5168,#5177),.PCURVE_S1.);
#5162 = B_SPLINE_CURVE_WITH_KNOTS('',4,(#5163,#5164,#5165,#5166,#5167),
  .UNSPECIFIED.,.F.,.F.,(5,5),(0.,1.),.PIECEWISE_BEZIER_KNOTS.);
#5163 = CARTESIAN_POINT('',(37.0000006,-15.46825107736,44.756899042533)
  );
#5164 = CARTESIAN_POINT('',(36.0000003,-15.46825107736,44.756899042533)
  );
#5165 = CARTESIAN_POINT('',(35.,-15.46825107736,44.756899042533));
#5166 = CARTESIAN_POINT('',(33.9999997,-15.46825107736,44.756899042533)
  );
#5167 = CARTESIAN_POINT('',(32.9999994,-15.46825107736,44.756899042533)
  );
#5168 = PCURVE('',#1607,#5169);
#5169 = DEFINITIONAL_REPRESENTATION('',(#5170),#5176);
#5170 = B_SPLINE_CURVE_WITH_KNOTS('',4,(#5171,#5172,#5173,#5174,#5175),
  .UNSPECIFIED.,.F.,.F.,(5,5),(0.,1.),.PIECEWISE_BEZIER_KNOTS.);
#5171 = CARTESIAN_POINT('',(1.926304412039,5.0000006));
#5172 = CARTESIAN_POINT('',(1.926304412039,4.0000003));
#5173 = CARTESIAN_POINT('',(1.926304412039,3.));
#5174 = CARTESIAN_POINT('',(1.926304412039,1.9999997));
#5175 = CARTESIAN_POINT('',(1.926304412039,0.9999994));
#5176 = ( GEOMETRIC_REPRESENTATION_CONTEXT(2) 
PARAMETRIC_REPRESENTATION_CONTEXT() REPRESENTATION_CONTEXT('2D SPACE',''
  ) );
#5177 = PCURVE('',#1643,#5178);
#5178 = DEFINITIONAL_REPRESENTATION('',(#5179),#5185);
#5179 = B_SPLINE_CURVE_WITH_KNOTS('',4,(#5180,#5181,#5182,#5183,#5184),
  .UNSPECIFIED.,.F.,.F.,(5,5),(0.,1.),.PIECEWISE_BEZIER_KNOTS.);
#5180 = CARTESIAN_POINT('',(5.741205458753,-4.0000006));
#5181 = CARTESIAN_POINT('',(5.741205458753,-3.0000003));
#5182 = CARTESIAN_POINT('',(5.741205458753,-2.));
#5183 = CARTESIAN_POINT('',(5.741205458753,-0.9999997));
#5184 = CARTESIAN_POINT('',(5.741205458753,5.999999999062E-07));
#5185 = ( GEOMETRIC_REPRESENTATION_CONTEXT(2) 
PARAMETRIC_REPRESENTATION_CONTEXT() REPRESENTATION_CONTEXT('2D SPACE',''
  ) );
#5186 = ORIENTED_EDGE('',*,*,#1586,.F.);
#5187 = ADVANCED_FACE('',(#5188),#1764,.T.);
#5188 = FACE_BOUND('',#5189,.T.);
#5189 = EDGE_LOOP('',(#5190,#5191,#5220,#5251,#5280,#5340));
#5190 = ORIENTED_EDGE('',*,*,#1740,.F.);
#5191 = ORIENTED_EDGE('',*,*,#5192,.F.);
#5192 = EDGE_CURVE('',#5193,#1718,#5195,.T.);
#5193 = VERTEX_POINT('',#5194);
#5194 = CARTESIAN_POINT('',(39.,15.081353277026,34.5));
#5195 = SURFACE_CURVE('',#5196,(#5202,#5211),.PCURVE_S1.);
#5196 = B_SPLINE_CURVE_WITH_KNOTS('',4,(#5197,#5198,#5199,#5200,#5201),
  .UNSPECIFIED.,.F.,.F.,(5,5),(0.,1.),.PIECEWISE_BEZIER_KNOTS.);
#5197 = CARTESIAN_POINT('',(39.,15.081353277026,34.5));
#5198 = CARTESIAN_POINT('',(37.50000000015,15.081353277026,34.5));
#5199 = CARTESIAN_POINT('',(35.999999999994,15.081353277026,34.5));
#5200 = CARTESIAN_POINT('',(34.49999999985,15.081353277026,34.5));
#5201 = CARTESIAN_POINT('',(33.,15.081353277026,34.5));
#5202 = PCURVE('',#1764,#5203);
#5203 = DEFINITIONAL_REPRESENTATION('',(#5204),#5210);
#5204 = B_SPLINE_CURVE_WITH_KNOTS('',4,(#5205,#5206,#5207,#5208,#5209),
  .UNSPECIFIED.,.F.,.F.,(5,5),(0.,1.),.PIECEWISE_BEZIER_KNOTS.);
#5205 = CARTESIAN_POINT('',(25.526216198402,-5.9999999994));
#5206 = CARTESIAN_POINT('',(25.526216198402,-4.49999999955));
#5207 = CARTESIAN_POINT('',(25.526216198402,-3.000000000006));
#5208 = CARTESIAN_POINT('',(25.526216198402,-1.50000000045));
#5209 = CARTESIAN_POINT('',(25.526216198402,-5.999396535117E-10));
#5210 = ( GEOMETRIC_REPRESENTATION_CONTEXT(2) 
PARAMETRIC_REPRESENTATION_CONTEXT() REPRESENTATION_CONTEXT('2D SPACE',''
  ) );
#5211 = PCURVE('',#1677,#5212);
#5212 = DEFINITIONAL_REPRESENTATION('',(#5213),#5219);
#5213 = B_SPLINE_CURVE_WITH_KNOTS('',4,(#5214,#5215,#5216,#5217,#5218),
  .UNSPECIFIED.,.F.,.F.,(5,5),(0.,1.),.PIECEWISE_BEZIER_KNOTS.);
#5214 = CARTESIAN_POINT('',(6.,33.581353277026));
#5215 = CARTESIAN_POINT('',(4.50000000015,33.581353277026));
#5216 = CARTESIAN_POINT('',(2.999999999994,33.581353277026));
#5217 = CARTESIAN_POINT('',(1.49999999985,33.581353277026));
#5218 = CARTESIAN_POINT('',(0.,33.581353277026));
#5219 = ( GEOMETRIC_REPRESENTATION_CONTEXT(2) 
PARAMETRIC_REPRESENTATION_CONTEXT() REPRESENTATION_CONTEXT('2D SPACE',''
  ) );
#5220 = ORIENTED_EDGE('',*,*,#5221,.T.);
#5221 = EDGE_CURVE('',#5193,#5222,#5224,.T.);
#5222 = VERTEX_POINT('',#5223);
#5223 = CARTESIAN_POINT('',(39.,15.225782149359,37.5));
#5224 = SURFACE_CURVE('',#5225,(#5233,#5240),.PCURVE_S1.);
#5225 = B_SPLINE_CURVE_WITH_KNOTS('',3,(#5226,#5227,#5228,#5229,#5230,
    #5231,#5232),.UNSPECIFIED.,.F.,.F.,(4,1,1,1,4),(0.,8.301355311032,
    18.690923396376,29.08049148172,41.533001268908),.UNSPECIFIED.);
#5226 = CARTESIAN_POINT('',(39.,14.,9.));
#5227 = CARTESIAN_POINT('',(39.,13.979604631349,11.769167908325));
#5228 = CARTESIAN_POINT('',(39.,14.11818971306,17.997531238631));
#5229 = CARTESIAN_POINT('',(39.,14.706832048999,27.674771497602));
#5230 = CARTESIAN_POINT('',(39.,15.33579592111,38.734871047268));
#5231 = CARTESIAN_POINT('',(39.,15.542139896189,46.345415673441));
#5232 = CARTESIAN_POINT('',(39.,15.5,50.5));
#5233 = PCURVE('',#1764,#5234);
#5234 = DEFINITIONAL_REPRESENTATION('',(#5235),#5239);
#5235 = LINE('',#5236,#5237);
#5236 = CARTESIAN_POINT('',(0.,-6.));
#5237 = VECTOR('',#5238,1.);
#5238 = DIRECTION('',(1.,0.));
#5239 = ( GEOMETRIC_REPRESENTATION_CONTEXT(2) 
PARAMETRIC_REPRESENTATION_CONTEXT() REPRESENTATION_CONTEXT('2D SPACE',''
  ) );
#5240 = PCURVE('',#3263,#5241);
#5241 = DEFINITIONAL_REPRESENTATION('',(#5242),#5250);
#5242 = B_SPLINE_CURVE_WITH_KNOTS('',3,(#5243,#5244,#5245,#5246,#5247,
    #5248,#5249),.UNSPECIFIED.,.F.,.F.,(4,1,1,1,4),(0.,8.301355311032,
    18.690923396376,29.08049148172,41.533001268908),.UNSPECIFIED.);
#5243 = CARTESIAN_POINT('',(-18.99619296957,-15.44986583892));
#5244 = CARTESIAN_POINT('',(-16.22702506125,-15.42947047027));
#5245 = CARTESIAN_POINT('',(-9.998661730945,-15.56805555198));
#5246 = CARTESIAN_POINT('',(-0.321421471974,-16.15669788792));
#5247 = CARTESIAN_POINT('',(10.738678077691,-16.78566176003));
#5248 = CARTESIAN_POINT('',(18.349222703865,-16.99200573511));
#5249 = CARTESIAN_POINT('',(22.503807030424,-16.94986583892));
#5250 = ( GEOMETRIC_REPRESENTATION_CONTEXT(2) 
PARAMETRIC_REPRESENTATION_CONTEXT() REPRESENTATION_CONTEXT('2D SPACE',''
  ) );
#5251 = ORIENTED_EDGE('',*,*,#5252,.T.);
#5252 = EDGE_CURVE('',#5222,#5253,#5255,.T.);
#5253 = VERTEX_POINT('',#5254);
#5254 = CARTESIAN_POINT('',(37.,15.225782149359,37.5));
#5255 = SURFACE_CURVE('',#5256,(#5262,#5271),.PCURVE_S1.);
#5256 = B_SPLINE_CURVE_WITH_KNOTS('',4,(#5257,#5258,#5259,#5260,#5261),
  .UNSPECIFIED.,.F.,.F.,(5,5),(0.,1.),.PIECEWISE_BEZIER_KNOTS.);
#5257 = CARTESIAN_POINT('',(39.0000006,15.225782149359,37.5));
#5258 = CARTESIAN_POINT('',(38.50000045,15.225782149359,37.5));
#5259 = CARTESIAN_POINT('',(38.0000003,15.225782149359,37.5));
#5260 = CARTESIAN_POINT('',(37.50000015,15.225782149359,37.5));
#5261 = CARTESIAN_POINT('',(37.,15.225782149359,37.5));
#5262 = PCURVE('',#1764,#5263);
#5263 = DEFINITIONAL_REPRESENTATION('',(#5264),#5270);
#5264 = B_SPLINE_CURVE_WITH_KNOTS('',4,(#5265,#5266,#5267,#5268,#5269),
  .UNSPECIFIED.,.F.,.F.,(5,5),(0.,1.),.PIECEWISE_BEZIER_KNOTS.);
#5265 = CARTESIAN_POINT('',(28.529898974009,-6.0000006));
#5266 = CARTESIAN_POINT('',(28.529898974009,-5.50000045));
#5267 = CARTESIAN_POINT('',(28.529898974009,-5.0000003));
#5268 = CARTESIAN_POINT('',(28.529898974009,-4.50000015));
#5269 = CARTESIAN_POINT('',(28.529898974009,-4.));
#5270 = ( GEOMETRIC_REPRESENTATION_CONTEXT(2) 
PARAMETRIC_REPRESENTATION_CONTEXT() REPRESENTATION_CONTEXT('2D SPACE',''
  ) );
#5271 = PCURVE('',#4340,#5272);
#5272 = DEFINITIONAL_REPRESENTATION('',(#5273),#5279);
#5273 = B_SPLINE_CURVE_WITH_KNOTS('',4,(#5274,#5275,#5276,#5277,#5278),
  .UNSPECIFIED.,.F.,.F.,(5,5),(0.,1.),.PIECEWISE_BEZIER_KNOTS.);
#5274 = CARTESIAN_POINT('',(2.0000006,24.225782149359));
#5275 = CARTESIAN_POINT('',(1.50000045,24.225782149359));
#5276 = CARTESIAN_POINT('',(1.0000003,24.225782149359));
#5277 = CARTESIAN_POINT('',(0.50000015,24.225782149359));
#5278 = CARTESIAN_POINT('',(0.,24.225782149359));
#5279 = ( GEOMETRIC_REPRESENTATION_CONTEXT(2) 
PARAMETRIC_REPRESENTATION_CONTEXT() REPRESENTATION_CONTEXT('2D SPACE',''
  ) );
#5280 = ORIENTED_EDGE('',*,*,#5281,.F.);
#5281 = EDGE_CURVE('',#4943,#5253,#5282,.T.);
#5282 = SURFACE_CURVE('',#5283,(#5300,#5320),.PCURVE_S1.);
#5283 = B_SPLINE_CURVE_WITH_KNOTS('',8,(#5284,#5285,#5286,#5287,#5288,
    #5289,#5290,#5291,#5292,#5293,#5294,#5295,#5296,#5297,#5298,#5299),
  .UNSPECIFIED.,.F.,.F.,(9,7,9),(0.,0.499788404102,1.),.UNSPECIFIED.);
#5284 = CARTESIAN_POINT('',(37.,15.500000005741,46.909518335087));
#5285 = CARTESIAN_POINT('',(37.,15.49437283341,46.321335451959));
#5286 = CARTESIAN_POINT('',(37.,15.486766106733,45.733198243862));
#5287 = CARTESIAN_POINT('',(37.,15.47726384049,45.145108589486));
#5288 = CARTESIAN_POINT('',(37.,15.465950115991,44.557067846466));
#5289 = CARTESIAN_POINT('',(37.,15.45290908107,43.96907685138));
#5290 = CARTESIAN_POINT('',(37.,15.438224950088,43.381135919748));
#5291 = CARTESIAN_POINT('',(37.,15.421982003934,42.793244846031));
#5292 = CARTESIAN_POINT('',(37.,15.386532174039,41.617063210821));
#5293 = CARTESIAN_POINT('',(37.,15.367322294927,41.028772885798));
#5294 = CARTESIAN_POINT('',(37.,15.3467230452,40.440531075305));
#5295 = CARTESIAN_POINT('',(37.,15.324806435805,39.852337030683));
#5296 = CARTESIAN_POINT('',(37.,15.301684243303,39.264188474958));
#5297 = CARTESIAN_POINT('',(37.,15.277400292686,38.676084821704));
#5298 = CARTESIAN_POINT('',(37.,15.252083311697,38.088022417283));
#5299 = CARTESIAN_POINT('',(37.,15.225782149359,37.5));
#5300 = PCURVE('',#1764,#5301);
#5301 = DEFINITIONAL_REPRESENTATION('',(#5302),#5319);
#5302 = B_SPLINE_CURVE_WITH_KNOTS('',8,(#5303,#5304,#5305,#5306,#5307,
    #5308,#5309,#5310,#5311,#5312,#5313,#5314,#5315,#5316,#5317,#5318),
  .UNSPECIFIED.,.F.,.F.,(9,7,9),(0.,0.499788404102,1.),.UNSPECIFIED.);
#5303 = CARTESIAN_POINT('',(37.944429303212,-4.));
#5304 = CARTESIAN_POINT('',(37.356353844128,-4.));
#5305 = CARTESIAN_POINT('',(36.768251756945,-4.));
#5306 = CARTESIAN_POINT('',(36.180127975781,-4.));
#5307 = CARTESIAN_POINT('',(35.591986916397,-4.));
#5308 = CARTESIAN_POINT('',(35.003832476206,-4.));
#5309 = CARTESIAN_POINT('',(34.415668034266,-4.));
#5310 = CARTESIAN_POINT('',(33.827496451284,-4.));
#5311 = CARTESIAN_POINT('',(32.650645654342,-4.));
#5312 = CARTESIAN_POINT('',(32.061966581781,-4.));
#5313 = CARTESIAN_POINT('',(31.473285103354,-4.));
#5314 = CARTESIAN_POINT('',(30.88460341019,-4.));
#5315 = CARTESIAN_POINT('',(30.29592268384,-4.));
#5316 = CARTESIAN_POINT('',(29.707244695259,-4.));
#5317 = CARTESIAN_POINT('',(29.118569833777,-4.));
#5318 = CARTESIAN_POINT('',(28.529898967418,-4.));
#5319 = ( GEOMETRIC_REPRESENTATION_CONTEXT(2) 
PARAMETRIC_REPRESENTATION_CONTEXT() REPRESENTATION_CONTEXT('2D SPACE',''
  ) );
#5320 = PCURVE('',#4988,#5321);
#5321 = DEFINITIONAL_REPRESENTATION('',(#5322),#5339);
#5322 = B_SPLINE_CURVE_WITH_KNOTS('',8,(#5323,#5324,#5325,#5326,#5327,
    #5328,#5329,#5330,#5331,#5332,#5333,#5334,#5335,#5336,#5337,#5338),
  .UNSPECIFIED.,.F.,.F.,(9,7,9),(0.,0.499788404102,1.),.UNSPECIFIED.);
#5323 = CARTESIAN_POINT('',(3.590481664913,-8.750000005741));
#5324 = CARTESIAN_POINT('',(4.178664548041,-8.74437283341));
#5325 = CARTESIAN_POINT('',(4.766801756138,-8.736766106733));
#5326 = CARTESIAN_POINT('',(5.354891410514,-8.72726384049));
#5327 = CARTESIAN_POINT('',(5.942932153534,-8.715950115991));
#5328 = CARTESIAN_POINT('',(6.53092314862,-8.70290908107));
#5329 = CARTESIAN_POINT('',(7.118864080252,-8.688224950088));
#5330 = CARTESIAN_POINT('',(7.706755153969,-8.671982003934));
#5331 = CARTESIAN_POINT('',(8.882936789179,-8.636532174039));
#5332 = CARTESIAN_POINT('',(9.471227114202,-8.617322294927));
#5333 = CARTESIAN_POINT('',(10.059468924695,-8.5967230452));
#5334 = CARTESIAN_POINT('',(10.647662969317,-8.574806435805));
#5335 = CARTESIAN_POINT('',(11.235811525042,-8.551684243303));
#5336 = CARTESIAN_POINT('',(11.823915178296,-8.527400292686));
#5337 = CARTESIAN_POINT('',(12.411977582717,-8.502083311697));
#5338 = CARTESIAN_POINT('',(13.,-8.475782149359));
#5339 = ( GEOMETRIC_REPRESENTATION_CONTEXT(2) 
PARAMETRIC_REPRESENTATION_CONTEXT() REPRESENTATION_CONTEXT('2D SPACE',''
  ) );
#5340 = ORIENTED_EDGE('',*,*,#4942,.T.);
#5341 = ADVANCED_FACE('',(#5342),#1677,.T.);
#5342 = FACE_BOUND('',#5343,.T.);
#5343 = EDGE_LOOP('',(#5344,#5345,#5374,#5395,#5396,#5397,#5398,#5417));
#5344 = ORIENTED_EDGE('',*,*,#1661,.F.);
#5345 = ORIENTED_EDGE('',*,*,#5346,.F.);
#5346 = EDGE_CURVE('',#5347,#1620,#5349,.T.);
#5347 = VERTEX_POINT('',#5348);
#5348 = CARTESIAN_POINT('',(39.,-15.08135327702,34.5));
#5349 = SURFACE_CURVE('',#5350,(#5356,#5365),.PCURVE_S1.);
#5350 = B_SPLINE_CURVE_WITH_KNOTS('',4,(#5351,#5352,#5353,#5354,#5355),
  .UNSPECIFIED.,.F.,.F.,(5,5),(0.,1.),.PIECEWISE_BEZIER_KNOTS.);
#5351 = CARTESIAN_POINT('',(39.,-15.08135327702,34.5));
#5352 = CARTESIAN_POINT('',(37.50000000015,-15.08135327702,34.5));
#5353 = CARTESIAN_POINT('',(35.999999999994,-15.08135327702,34.5));
#5354 = CARTESIAN_POINT('',(34.49999999985,-15.08135327702,34.5));
#5355 = CARTESIAN_POINT('',(33.,-15.08135327702,34.5));
#5356 = PCURVE('',#1677,#5357);
#5357 = DEFINITIONAL_REPRESENTATION('',(#5358),#5364);
#5358 = B_SPLINE_CURVE_WITH_KNOTS('',4,(#5359,#5360,#5361,#5362,#5363),
  .UNSPECIFIED.,.F.,.F.,(5,5),(0.,1.),.PIECEWISE_BEZIER_KNOTS.);
#5359 = CARTESIAN_POINT('',(6.,3.418646722974));
#5360 = CARTESIAN_POINT('',(4.50000000015,3.418646722974));
#5361 = CARTESIAN_POINT('',(2.999999999994,3.418646722974));
#5362 = CARTESIAN_POINT('',(1.49999999985,3.418646722974));
#5363 = CARTESIAN_POINT('',(0.,3.418646722974));
#5364 = ( GEOMETRIC_REPRESENTATION_CONTEXT(2) 
PARAMETRIC_REPRESENTATION_CONTEXT() REPRESENTATION_CONTEXT('2D SPACE',''
  ) );
#5365 = PCURVE('',#1643,#5366);
#5366 = DEFINITIONAL_REPRESENTATION('',(#5367),#5373);
#5367 = B_SPLINE_CURVE_WITH_KNOTS('',4,(#5368,#5369,#5370,#5371,#5372),
  .UNSPECIFIED.,.F.,.F.,(5,5),(0.,1.),.PIECEWISE_BEZIER_KNOTS.);
#5368 = CARTESIAN_POINT('',(16.006785070506,-5.9999999994));
#5369 = CARTESIAN_POINT('',(16.006785070506,-4.49999999955));
#5370 = CARTESIAN_POINT('',(16.006785070506,-3.000000000006));
#5371 = CARTESIAN_POINT('',(16.006785070506,-1.50000000045));
#5372 = CARTESIAN_POINT('',(16.006785070506,-5.999396535117E-10));
#5373 = ( GEOMETRIC_REPRESENTATION_CONTEXT(2) 
PARAMETRIC_REPRESENTATION_CONTEXT() REPRESENTATION_CONTEXT('2D SPACE',''
  ) );
#5374 = ORIENTED_EDGE('',*,*,#5375,.T.);
#5375 = EDGE_CURVE('',#5347,#5193,#5376,.T.);
#5376 = SURFACE_CURVE('',#5377,(#5381,#5388),.PCURVE_S1.);
#5377 = LINE('',#5378,#5379);
#5378 = CARTESIAN_POINT('',(39.,-18.5,34.5));
#5379 = VECTOR('',#5380,1.);
#5380 = DIRECTION('',(-0.,1.,0.));
#5381 = PCURVE('',#1677,#5382);
#5382 = DEFINITIONAL_REPRESENTATION('',(#5383),#5387);
#5383 = LINE('',#5384,#5385);
#5384 = CARTESIAN_POINT('',(6.,0.));
#5385 = VECTOR('',#5386,1.);
#5386 = DIRECTION('',(0.,1.));
#5387 = ( GEOMETRIC_REPRESENTATION_CONTEXT(2) 
PARAMETRIC_REPRESENTATION_CONTEXT() REPRESENTATION_CONTEXT('2D SPACE',''
  ) );
#5388 = PCURVE('',#3263,#5389);
#5389 = DEFINITIONAL_REPRESENTATION('',(#5390),#5394);
#5390 = LINE('',#5391,#5392);
#5391 = CARTESIAN_POINT('',(6.503807030424,17.050134161074));
#5392 = VECTOR('',#5393,1.);
#5393 = DIRECTION('',(0.,-1.));
#5394 = ( GEOMETRIC_REPRESENTATION_CONTEXT(2) 
PARAMETRIC_REPRESENTATION_CONTEXT() REPRESENTATION_CONTEXT('2D SPACE',''
  ) );
#5395 = ORIENTED_EDGE('',*,*,#5192,.T.);
#5396 = ORIENTED_EDGE('',*,*,#1717,.F.);
#5397 = ORIENTED_EDGE('',*,*,#5033,.T.);
#5398 = ORIENTED_EDGE('',*,*,#5399,.T.);
#5399 = EDGE_CURVE('',#5005,#5054,#5400,.T.);
#5400 = SURFACE_CURVE('',#5401,(#5405,#5411),.PCURVE_S1.);
#5401 = LINE('',#5402,#5403);
#5402 = CARTESIAN_POINT('',(37.,-9.25,34.5));
#5403 = VECTOR('',#5404,1.);
#5404 = DIRECTION('',(0.,-1.,0.));
#5405 = PCURVE('',#1677,#5406);
#5406 = DEFINITIONAL_REPRESENTATION('',(#5407),#5410);
#5407 = B_SPLINE_CURVE_WITH_KNOTS('',1,(#5408,#5409),.UNSPECIFIED.,.F.,
  .F.,(2,2),(-19.41120071645,1.16879798309),.PIECEWISE_BEZIER_KNOTS.);
#5408 = CARTESIAN_POINT('',(4.,28.661200716451));
#5409 = CARTESIAN_POINT('',(4.,8.08120201691));
#5410 = ( GEOMETRIC_REPRESENTATION_CONTEXT(2) 
PARAMETRIC_REPRESENTATION_CONTEXT() REPRESENTATION_CONTEXT('2D SPACE',''
  ) );
#5411 = PCURVE('',#5021,#5412);
#5412 = DEFINITIONAL_REPRESENTATION('',(#5413),#5416);
#5413 = B_SPLINE_CURVE_WITH_KNOTS('',1,(#5414,#5415),.UNSPECIFIED.,.F.,
  .F.,(2,2),(-19.41120071645,1.16879798309),.PIECEWISE_BEZIER_KNOTS.);
#5414 = CARTESIAN_POINT('',(-16.,-10.16120071645));
#5415 = CARTESIAN_POINT('',(-16.,10.41879798309));
#5416 = ( GEOMETRIC_REPRESENTATION_CONTEXT(2) 
PARAMETRIC_REPRESENTATION_CONTEXT() REPRESENTATION_CONTEXT('2D SPACE',''
  ) );
#5417 = ORIENTED_EDGE('',*,*,#5053,.F.);
#5418 = ADVANCED_FACE('',(#5419),#1643,.T.);
#5419 = FACE_BOUND('',#5420,.T.);
#5420 = EDGE_LOOP('',(#5421,#5422,#5423,#5424,#5453,#5482));
#5421 = ORIENTED_EDGE('',*,*,#5346,.T.);
#5422 = ORIENTED_EDGE('',*,*,#1619,.F.);
#5423 = ORIENTED_EDGE('',*,*,#5160,.F.);
#5424 = ORIENTED_EDGE('',*,*,#5425,.T.);
#5425 = EDGE_CURVE('',#5132,#5426,#5428,.T.);
#5426 = VERTEX_POINT('',#5427);
#5427 = CARTESIAN_POINT('',(37.,-15.48780997098,45.898183920546));
#5428 = SURFACE_CURVE('',#5429,(#5435,#5444),.PCURVE_S1.);
#5429 = B_SPLINE_CURVE_WITH_KNOTS('',4,(#5430,#5431,#5432,#5433,#5434),
  .UNSPECIFIED.,.F.,.F.,(5,5),(0.,1.),.PIECEWISE_BEZIER_KNOTS.);
#5430 = CARTESIAN_POINT('',(37.,-15.38705584052,41.653097958677));
#5431 = CARTESIAN_POINT('',(37.,-15.42930700951,42.96677294543));
#5432 = CARTESIAN_POINT('',(37.,-15.46331239254,44.28073089798));
#5433 = CARTESIAN_POINT('',(37.,-15.48742386765,45.594991478248));
#5434 = CARTESIAN_POINT('',(37.,-15.50000000574,46.909518335087));
#5435 = PCURVE('',#1643,#5436);
#5436 = DEFINITIONAL_REPRESENTATION('',(#5437),#5443);
#5437 = B_SPLINE_CURVE_WITH_KNOTS('',4,(#5438,#5439,#5440,#5441,#5442),
  .UNSPECIFIED.,.F.,.F.,(5,5),(0.,1.),.PIECEWISE_BEZIER_KNOTS.);
#5438 = CARTESIAN_POINT('',(8.846320950864,-4.));
#5439 = CARTESIAN_POINT('',(7.531801422125,-4.));
#5440 = CARTESIAN_POINT('',(6.21730053864,-4.));
#5441 = CARTESIAN_POINT('',(4.902858741101,-4.));
#5442 = CARTESIAN_POINT('',(3.588571965695,-4.));
#5443 = ( GEOMETRIC_REPRESENTATION_CONTEXT(2) 
PARAMETRIC_REPRESENTATION_CONTEXT() REPRESENTATION_CONTEXT('2D SPACE',''
  ) );
#5444 = PCURVE('',#5148,#5445);
#5445 = DEFINITIONAL_REPRESENTATION('',(#5446),#5452);
#5446 = B_SPLINE_CURVE_WITH_KNOTS('',4,(#5447,#5448,#5449,#5450,#5451),
  .UNSPECIFIED.,.F.,.F.,(5,5),(0.,1.),.PIECEWISE_BEZIER_KNOTS.);
#5447 = CARTESIAN_POINT('',(-8.846902041323,15.38705584052));
#5448 = CARTESIAN_POINT('',(-7.53322705457,15.429307009514));
#5449 = CARTESIAN_POINT('',(-6.21926910202,15.463312392549));
#5450 = CARTESIAN_POINT('',(-4.905008521752,15.487423867656));
#5451 = CARTESIAN_POINT('',(-3.590481664913,15.500000005741));
#5452 = ( GEOMETRIC_REPRESENTATION_CONTEXT(2) 
PARAMETRIC_REPRESENTATION_CONTEXT() REPRESENTATION_CONTEXT('2D SPACE',''
  ) );
#5453 = ORIENTED_EDGE('',*,*,#5454,.F.);
#5454 = EDGE_CURVE('',#5455,#5426,#5457,.T.);
#5455 = VERTEX_POINT('',#5456);
#5456 = CARTESIAN_POINT('',(39.,-15.48780997098,45.898183920546));
#5457 = SURFACE_CURVE('',#5458,(#5464,#5473),.PCURVE_S1.);
#5458 = B_SPLINE_CURVE_WITH_KNOTS('',4,(#5459,#5460,#5461,#5462,#5463),
  .UNSPECIFIED.,.F.,.F.,(5,5),(0.,1.),.PIECEWISE_BEZIER_KNOTS.);
#5459 = CARTESIAN_POINT('',(39.0000006,-15.48780997098,45.898183920546)
  );
#5460 = CARTESIAN_POINT('',(37.5000003,-15.48780997098,45.898183920546)
  );
#5461 = CARTESIAN_POINT('',(36.,-15.48780997098,45.898183920546));
#5462 = CARTESIAN_POINT('',(34.4999997,-15.48780997098,45.898183920546)
  );
#5463 = CARTESIAN_POINT('',(32.9999994,-15.48780997098,45.898183920546)
  );
#5464 = PCURVE('',#1643,#5465);
#5465 = DEFINITIONAL_REPRESENTATION('',(#5466),#5472);
#5466 = B_SPLINE_CURVE_WITH_KNOTS('',4,(#5467,#5468,#5469,#5470,#5471),
  .UNSPECIFIED.,.F.,.F.,(5,5),(0.,1.),.PIECEWISE_BEZIER_KNOTS.);
#5467 = CARTESIAN_POINT('',(4.599813492271,-6.0000006));
#5468 = CARTESIAN_POINT('',(4.599813492271,-4.5000003));
#5469 = CARTESIAN_POINT('',(4.599813492271,-3.));
#5470 = CARTESIAN_POINT('',(4.599813492271,-1.4999997));
#5471 = CARTESIAN_POINT('',(4.599813492271,5.999999999062E-07));
#5472 = ( GEOMETRIC_REPRESENTATION_CONTEXT(2) 
PARAMETRIC_REPRESENTATION_CONTEXT() REPRESENTATION_CONTEXT('2D SPACE',''
  ) );
#5473 = PCURVE('',#1574,#5474);
#5474 = DEFINITIONAL_REPRESENTATION('',(#5475),#5481);
#5475 = B_SPLINE_CURVE_WITH_KNOTS('',4,(#5476,#5477,#5478,#5479,#5480),
  .UNSPECIFIED.,.F.,.F.,(5,5),(0.,1.),.PIECEWISE_BEZIER_KNOTS.);
#5476 = CARTESIAN_POINT('',(3.721170669843,7.0000006));
#5477 = CARTESIAN_POINT('',(3.721170669843,5.5000003));
#5478 = CARTESIAN_POINT('',(3.721170669843,4.));
#5479 = CARTESIAN_POINT('',(3.721170669843,2.4999997));
#5480 = CARTESIAN_POINT('',(3.721170669843,0.9999994));
#5481 = ( GEOMETRIC_REPRESENTATION_CONTEXT(2) 
PARAMETRIC_REPRESENTATION_CONTEXT() REPRESENTATION_CONTEXT('2D SPACE',''
  ) );
#5482 = ORIENTED_EDGE('',*,*,#5483,.T.);
#5483 = EDGE_CURVE('',#5455,#5347,#5484,.T.);
#5484 = SURFACE_CURVE('',#5485,(#5493,#5500),.PCURVE_S1.);
#5485 = B_SPLINE_CURVE_WITH_KNOTS('',3,(#5486,#5487,#5488,#5489,#5490,
    #5491,#5492),.UNSPECIFIED.,.F.,.F.,(4,1,1,1,4),(0.,12.452509787187,
    22.842077872532,33.231645957876,41.533001268908),.UNSPECIFIED.);
#5486 = CARTESIAN_POINT('',(39.,-15.5,50.5));
#5487 = CARTESIAN_POINT('',(39.,-15.54213989618,46.345415673441));
#5488 = CARTESIAN_POINT('',(39.,-15.33579592111,38.734871047268));
#5489 = CARTESIAN_POINT('',(39.,-14.70683204899,27.674771497602));
#5490 = CARTESIAN_POINT('',(39.,-14.11818971306,17.997531238631));
#5491 = CARTESIAN_POINT('',(39.,-13.97960463134,11.769167908325));
#5492 = CARTESIAN_POINT('',(39.,-14.,9.));
#5493 = PCURVE('',#1643,#5494);
#5494 = DEFINITIONAL_REPRESENTATION('',(#5495),#5499);
#5495 = LINE('',#5496,#5497);
#5496 = CARTESIAN_POINT('',(0.,-6.));
#5497 = VECTOR('',#5498,1.);
#5498 = DIRECTION('',(1.,0.));
#5499 = ( GEOMETRIC_REPRESENTATION_CONTEXT(2) 
PARAMETRIC_REPRESENTATION_CONTEXT() REPRESENTATION_CONTEXT('2D SPACE',''
  ) );
#5500 = PCURVE('',#3263,#5501);
#5501 = DEFINITIONAL_REPRESENTATION('',(#5502),#5510);
#5502 = B_SPLINE_CURVE_WITH_KNOTS('',3,(#5503,#5504,#5505,#5506,#5507,
    #5508,#5509),.UNSPECIFIED.,.F.,.F.,(4,1,1,1,4),(0.,12.452509787187,
    22.842077872532,33.231645957876,41.533001268908),.UNSPECIFIED.);
#5503 = CARTESIAN_POINT('',(22.503807030424,14.050134161074));
#5504 = CARTESIAN_POINT('',(18.349222703865,14.092274057262));
#5505 = CARTESIAN_POINT('',(10.738678077691,13.885930082183));
#5506 = CARTESIAN_POINT('',(-0.321421471974,13.256966210072));
#5507 = CARTESIAN_POINT('',(-9.998661730945,12.668323874133));
#5508 = CARTESIAN_POINT('',(-16.22702506125,12.529738792422));
#5509 = CARTESIAN_POINT('',(-18.99619296957,12.550134161074));
#5510 = ( GEOMETRIC_REPRESENTATION_CONTEXT(2) 
PARAMETRIC_REPRESENTATION_CONTEXT() REPRESENTATION_CONTEXT('2D SPACE',''
  ) );
#5511 = ADVANCED_FACE('',(#5512,#5768),#1574,.T.);
#5512 = FACE_BOUND('',#5513,.T.);
#5513 = EDGE_LOOP('',(#5514,#5545,#5571,#5600,#5621,#5649,#5675,#5676,
    #5677,#5678,#5700,#5701,#5725,#5746));
#5514 = ORIENTED_EDGE('',*,*,#5515,.F.);
#5515 = EDGE_CURVE('',#5516,#5518,#5520,.T.);
#5516 = VERTEX_POINT('',#5517);
#5517 = CARTESIAN_POINT('',(40.5,-14.,53.662277660168));
#5518 = VERTEX_POINT('',#5519);
#5519 = CARTESIAN_POINT('',(40.5,-18.5,56.));
#5520 = SURFACE_CURVE('',#5521,(#5526,#5533),.PCURVE_S1.);
#5521 = CIRCLE('',#5522,5.5);
#5522 = AXIS2_PLACEMENT_3D('',#5523,#5524,#5525);
#5523 = CARTESIAN_POINT('',(40.5,-18.5,50.5));
#5524 = DIRECTION('',(1.,0.,0.));
#5525 = DIRECTION('',(-0.,0.,1.));
#5526 = PCURVE('',#1574,#5527);
#5527 = DEFINITIONAL_REPRESENTATION('',(#5528),#5532);
#5528 = LINE('',#5529,#5530);
#5529 = CARTESIAN_POINT('',(-6.28318530718,8.5));
#5530 = VECTOR('',#5531,1.);
#5531 = DIRECTION('',(1.,0.));
#5532 = ( GEOMETRIC_REPRESENTATION_CONTEXT(2) 
PARAMETRIC_REPRESENTATION_CONTEXT() REPRESENTATION_CONTEXT('2D SPACE',''
  ) );
#5533 = PCURVE('',#5534,#5539);
#5534 = PLANE('',#5535);
#5535 = AXIS2_PLACEMENT_3D('',#5536,#5537,#5538);
#5536 = CARTESIAN_POINT('',(40.5,-18.5,50.5));
#5537 = DIRECTION('',(1.,0.,0.));
#5538 = DIRECTION('',(-0.,0.,1.));
#5539 = DEFINITIONAL_REPRESENTATION('',(#5540),#5544);
#5540 = CIRCLE('',#5541,5.5);
#5541 = AXIS2_PLACEMENT_2D('',#5542,#5543);
#5542 = CARTESIAN_POINT('',(0.,0.));
#5543 = DIRECTION('',(1.,0.));
#5544 = ( GEOMETRIC_REPRESENTATION_CONTEXT(2) 
PARAMETRIC_REPRESENTATION_CONTEXT() REPRESENTATION_CONTEXT('2D SPACE',''
  ) );
#5545 = ORIENTED_EDGE('',*,*,#5546,.F.);
#5546 = EDGE_CURVE('',#5547,#5516,#5549,.T.);
#5547 = VERTEX_POINT('',#5548);
#5548 = CARTESIAN_POINT('',(37.,-14.,53.662277660168));
#5549 = SURFACE_CURVE('',#5550,(#5554,#5560),.PCURVE_S1.);
#5550 = LINE('',#5551,#5552);
#5551 = CARTESIAN_POINT('',(32.,-14.,53.662277660168));
#5552 = VECTOR('',#5553,1.);
#5553 = DIRECTION('',(1.,0.,0.));
#5554 = PCURVE('',#1574,#5555);
#5555 = DEFINITIONAL_REPRESENTATION('',(#5556),#5559);
#5556 = B_SPLINE_CURVE_WITH_KNOTS('',1,(#5557,#5558),.UNSPECIFIED.,.F.,
  .F.,(2,2),(4.6,8.5000006),.PIECEWISE_BEZIER_KNOTS.);
#5557 = CARTESIAN_POINT('',(-0.958241588456,4.6));
#5558 = CARTESIAN_POINT('',(-0.958241588456,8.5000006));
#5559 = ( GEOMETRIC_REPRESENTATION_CONTEXT(2) 
PARAMETRIC_REPRESENTATION_CONTEXT() REPRESENTATION_CONTEXT('2D SPACE',''
  ) );
#5560 = PCURVE('',#5561,#5566);
#5561 = PLANE('',#5562);
#5562 = AXIS2_PLACEMENT_3D('',#5563,#5564,#5565);
#5563 = CARTESIAN_POINT('',(37.,-14.,42.5));
#5564 = DIRECTION('',(-0.,1.,0.));
#5565 = DIRECTION('',(0.,0.,1.));
#5566 = DEFINITIONAL_REPRESENTATION('',(#5567),#5570);
#5567 = B_SPLINE_CURVE_WITH_KNOTS('',1,(#5568,#5569),.UNSPECIFIED.,.F.,
  .F.,(2,2),(4.6,8.5000006),.PIECEWISE_BEZIER_KNOTS.);
#5568 = CARTESIAN_POINT('',(11.162277660168,-0.4));
#5569 = CARTESIAN_POINT('',(11.162277660168,3.5000006));
#5570 = ( GEOMETRIC_REPRESENTATION_CONTEXT(2) 
PARAMETRIC_REPRESENTATION_CONTEXT() REPRESENTATION_CONTEXT('2D SPACE',''
  ) );
#5571 = ORIENTED_EDGE('',*,*,#5572,.T.);
#5572 = EDGE_CURVE('',#5547,#5573,#5575,.T.);
#5573 = VERTEX_POINT('',#5574);
#5574 = CARTESIAN_POINT('',(37.,-15.79054054054,55.286316896899));
#5575 = SURFACE_CURVE('',#5576,(#5581,#5588),.PCURVE_S1.);
#5576 = CIRCLE('',#5577,5.5);
#5577 = AXIS2_PLACEMENT_3D('',#5578,#5579,#5580);
#5578 = CARTESIAN_POINT('',(37.,-18.5,50.5));
#5579 = DIRECTION('',(1.,0.,0.));
#5580 = DIRECTION('',(-0.,0.,1.));
#5581 = PCURVE('',#1574,#5582);
#5582 = DEFINITIONAL_REPRESENTATION('',(#5583),#5587);
#5583 = LINE('',#5584,#5585);
#5584 = CARTESIAN_POINT('',(-6.28318530718,5.));
#5585 = VECTOR('',#5586,1.);
#5586 = DIRECTION('',(1.,0.));
#5587 = ( GEOMETRIC_REPRESENTATION_CONTEXT(2) 
PARAMETRIC_REPRESENTATION_CONTEXT() REPRESENTATION_CONTEXT('2D SPACE',''
  ) );
#5588 = PCURVE('',#5589,#5594);
#5589 = PLANE('',#5590);
#5590 = AXIS2_PLACEMENT_3D('',#5591,#5592,#5593);
#5591 = CARTESIAN_POINT('',(37.,0.,50.5));
#5592 = DIRECTION('',(1.,0.,0.));
#5593 = DIRECTION('',(-0.,0.,1.));
#5594 = DEFINITIONAL_REPRESENTATION('',(#5595),#5599);
#5595 = CIRCLE('',#5596,5.5);
#5596 = AXIS2_PLACEMENT_2D('',#5597,#5598);
#5597 = CARTESIAN_POINT('',(0.,18.5));
#5598 = DIRECTION('',(1.,0.));
#5599 = ( GEOMETRIC_REPRESENTATION_CONTEXT(2) 
PARAMETRIC_REPRESENTATION_CONTEXT() REPRESENTATION_CONTEXT('2D SPACE',''
  ) );
#5600 = ORIENTED_EDGE('',*,*,#5601,.F.);
#5601 = EDGE_CURVE('',#5602,#5573,#5604,.T.);
#5602 = VERTEX_POINT('',#5603);
#5603 = CARTESIAN_POINT('',(32.,-15.79054054054,55.2863168969));
#5604 = SURFACE_CURVE('',#5605,(#5609,#5615),.PCURVE_S1.);
#5605 = LINE('',#5606,#5607);
#5606 = CARTESIAN_POINT('',(32.,-15.79054054054,55.286316896899));
#5607 = VECTOR('',#5608,1.);
#5608 = DIRECTION('',(1.,0.,0.));
#5609 = PCURVE('',#1574,#5610);
#5610 = DEFINITIONAL_REPRESENTATION('',(#5611),#5614);
#5611 = B_SPLINE_CURVE_WITH_KNOTS('',1,(#5612,#5613),.UNSPECIFIED.,.F.,
  .F.,(2,2),(-5.999999999062E-07,5.0000006),.PIECEWISE_BEZIER_KNOTS.);
#5612 = CARTESIAN_POINT('',(-0.515108177941,-5.999999999062E-07));
#5613 = CARTESIAN_POINT('',(-0.515108177941,5.0000006));
#5614 = ( GEOMETRIC_REPRESENTATION_CONTEXT(2) 
PARAMETRIC_REPRESENTATION_CONTEXT() REPRESENTATION_CONTEXT('2D SPACE',''
  ) );
#5615 = PCURVE('',#4780,#5616);
#5616 = DEFINITIONAL_REPRESENTATION('',(#5617),#5620);
#5617 = B_SPLINE_CURVE_WITH_KNOTS('',1,(#5618,#5619),.UNSPECIFIED.,.F.,
  .F.,(2,2),(-5.999999999062E-07,5.0000006),.PIECEWISE_BEZIER_KNOTS.);
#5618 = CARTESIAN_POINT('',(7.559671399444,-5.999999999062E-07));
#5619 = CARTESIAN_POINT('',(7.559671399444,5.0000006));
#5620 = ( GEOMETRIC_REPRESENTATION_CONTEXT(2) 
PARAMETRIC_REPRESENTATION_CONTEXT() REPRESENTATION_CONTEXT('2D SPACE',''
  ) );
#5621 = ORIENTED_EDGE('',*,*,#5622,.T.);
#5622 = EDGE_CURVE('',#5602,#5623,#5625,.T.);
#5623 = VERTEX_POINT('',#5624);
#5624 = CARTESIAN_POINT('',(32.,-18.5,56.));
#5625 = SURFACE_CURVE('',#5626,(#5631,#5638),.PCURVE_S1.);
#5626 = CIRCLE('',#5627,5.5);
#5627 = AXIS2_PLACEMENT_3D('',#5628,#5629,#5630);
#5628 = CARTESIAN_POINT('',(32.,-18.5,50.5));
#5629 = DIRECTION('',(1.,0.,0.));
#5630 = DIRECTION('',(-0.,0.,1.));
#5631 = PCURVE('',#1574,#5632);
#5632 = DEFINITIONAL_REPRESENTATION('',(#5633),#5637);
#5633 = LINE('',#5634,#5635);
#5634 = CARTESIAN_POINT('',(-6.28318530718,0.));
#5635 = VECTOR('',#5636,1.);
#5636 = DIRECTION('',(1.,0.));
#5637 = ( GEOMETRIC_REPRESENTATION_CONTEXT(2) 
PARAMETRIC_REPRESENTATION_CONTEXT() REPRESENTATION_CONTEXT('2D SPACE',''
  ) );
#5638 = PCURVE('',#4721,#5639);
#5639 = DEFINITIONAL_REPRESENTATION('',(#5640),#5648);
#5640 = ( BOUNDED_CURVE() B_SPLINE_CURVE(2,(#5641,#5642,#5643,#5644,
#5645,#5646,#5647),.UNSPECIFIED.,.T.,.F.) B_SPLINE_CURVE_WITH_KNOTS((1,2
    ,2,2,2,1),(-2.094395102393,0.,2.094395102393,4.188790204786,
6.28318530718,8.377580409573),.UNSPECIFIED.) CURVE() 
GEOMETRIC_REPRESENTATION_ITEM() RATIONAL_B_SPLINE_CURVE((1.,0.5,1.,0.5,
1.,0.5,1.)) REPRESENTATION_ITEM('') );
#5641 = CARTESIAN_POINT('',(-5.183047126121,18.5));
#5642 = CARTESIAN_POINT('',(-5.183047126121,28.026279441629));
#5643 = CARTESIAN_POINT('',(3.066952873879,23.263139720815));
#5644 = CARTESIAN_POINT('',(11.316952873879,18.5));
#5645 = CARTESIAN_POINT('',(3.066952873879,13.736860279186));
#5646 = CARTESIAN_POINT('',(-5.183047126121,8.973720558371));
#5647 = CARTESIAN_POINT('',(-5.183047126121,18.5));
#5648 = ( GEOMETRIC_REPRESENTATION_CONTEXT(2) 
PARAMETRIC_REPRESENTATION_CONTEXT() REPRESENTATION_CONTEXT('2D SPACE',''
  ) );
#5649 = ORIENTED_EDGE('',*,*,#5650,.T.);
#5650 = EDGE_CURVE('',#5623,#4894,#5651,.T.);
#5651 = SURFACE_CURVE('',#5652,(#5657,#5664),.PCURVE_S1.);
#5652 = CIRCLE('',#5653,5.5);
#5653 = AXIS2_PLACEMENT_3D('',#5654,#5655,#5656);
#5654 = CARTESIAN_POINT('',(32.,-18.5,50.5));
#5655 = DIRECTION('',(1.,0.,0.));
#5656 = DIRECTION('',(-0.,0.,1.));
#5657 = PCURVE('',#1574,#5658);
#5658 = DEFINITIONAL_REPRESENTATION('',(#5659),#5663);
#5659 = LINE('',#5660,#5661);
#5660 = CARTESIAN_POINT('',(0.,0.));
#5661 = VECTOR('',#5662,1.);
#5662 = DIRECTION('',(1.,0.));
#5663 = ( GEOMETRIC_REPRESENTATION_CONTEXT(2) 
PARAMETRIC_REPRESENTATION_CONTEXT() REPRESENTATION_CONTEXT('2D SPACE',''
  ) );
#5664 = PCURVE('',#4721,#5665);
#5665 = DEFINITIONAL_REPRESENTATION('',(#5666),#5674);
#5666 = ( BOUNDED_CURVE() B_SPLINE_CURVE(2,(#5667,#5668,#5669,#5670,
#5671,#5672,#5673),.UNSPECIFIED.,.T.,.F.) B_SPLINE_CURVE_WITH_KNOTS((1,2
    ,2,2,2,1),(-2.094395102393,0.,2.094395102393,4.188790204786,
6.28318530718,8.377580409573),.UNSPECIFIED.) CURVE() 
GEOMETRIC_REPRESENTATION_ITEM() RATIONAL_B_SPLINE_CURVE((1.,0.5,1.,0.5,
1.,0.5,1.)) REPRESENTATION_ITEM('') );
#5667 = CARTESIAN_POINT('',(-5.183047126121,18.5));
#5668 = CARTESIAN_POINT('',(-5.183047126121,28.026279441629));
#5669 = CARTESIAN_POINT('',(3.066952873879,23.263139720815));
#5670 = CARTESIAN_POINT('',(11.316952873879,18.5));
#5671 = CARTESIAN_POINT('',(3.066952873879,13.736860279186));
#5672 = CARTESIAN_POINT('',(-5.183047126121,8.973720558371));
#5673 = CARTESIAN_POINT('',(-5.183047126121,18.5));
#5674 = ( GEOMETRIC_REPRESENTATION_CONTEXT(2) 
PARAMETRIC_REPRESENTATION_CONTEXT() REPRESENTATION_CONTEXT('2D SPACE',''
  ) );
#5675 = ORIENTED_EDGE('',*,*,#4893,.T.);
#5676 = ORIENTED_EDGE('',*,*,#1553,.F.);
#5677 = ORIENTED_EDGE('',*,*,#3608,.F.);
#5678 = ORIENTED_EDGE('',*,*,#5679,.T.);
#5679 = EDGE_CURVE('',#3578,#5455,#5680,.T.);
#5680 = SURFACE_CURVE('',#5681,(#5686,#5693),.PCURVE_S1.);
#5681 = CIRCLE('',#5682,5.5);
#5682 = AXIS2_PLACEMENT_3D('',#5683,#5684,#5685);
#5683 = CARTESIAN_POINT('',(39.,-18.5,50.5));
#5684 = DIRECTION('',(1.,0.,0.));
#5685 = DIRECTION('',(-0.,0.,1.));
#5686 = PCURVE('',#1574,#5687);
#5687 = DEFINITIONAL_REPRESENTATION('',(#5688),#5692);
#5688 = LINE('',#5689,#5690);
#5689 = CARTESIAN_POINT('',(0.,7.));
#5690 = VECTOR('',#5691,1.);
#5691 = DIRECTION('',(1.,0.));
#5692 = ( GEOMETRIC_REPRESENTATION_CONTEXT(2) 
PARAMETRIC_REPRESENTATION_CONTEXT() REPRESENTATION_CONTEXT('2D SPACE',''
  ) );
#5693 = PCURVE('',#3263,#5694);
#5694 = DEFINITIONAL_REPRESENTATION('',(#5695),#5699);
#5695 = CIRCLE('',#5696,5.5);
#5696 = AXIS2_PLACEMENT_2D('',#5697,#5698);
#5697 = CARTESIAN_POINT('',(22.503807030424,17.050134161074));
#5698 = DIRECTION('',(1.,0.));
#5699 = ( GEOMETRIC_REPRESENTATION_CONTEXT(2) 
PARAMETRIC_REPRESENTATION_CONTEXT() REPRESENTATION_CONTEXT('2D SPACE',''
  ) );
#5700 = ORIENTED_EDGE('',*,*,#5454,.T.);
#5701 = ORIENTED_EDGE('',*,*,#5702,.T.);
#5702 = EDGE_CURVE('',#5426,#5703,#5705,.T.);
#5703 = VERTEX_POINT('',#5704);
#5704 = CARTESIAN_POINT('',(37.,-14.,47.337722339832));
#5705 = SURFACE_CURVE('',#5706,(#5711,#5718),.PCURVE_S1.);
#5706 = CIRCLE('',#5707,5.5);
#5707 = AXIS2_PLACEMENT_3D('',#5708,#5709,#5710);
#5708 = CARTESIAN_POINT('',(37.,-18.5,50.5));
#5709 = DIRECTION('',(1.,0.,0.));
#5710 = DIRECTION('',(-0.,0.,1.));
#5711 = PCURVE('',#1574,#5712);
#5712 = DEFINITIONAL_REPRESENTATION('',(#5713),#5717);
#5713 = LINE('',#5714,#5715);
#5714 = CARTESIAN_POINT('',(0.,5.));
#5715 = VECTOR('',#5716,1.);
#5716 = DIRECTION('',(1.,0.));
#5717 = ( GEOMETRIC_REPRESENTATION_CONTEXT(2) 
PARAMETRIC_REPRESENTATION_CONTEXT() REPRESENTATION_CONTEXT('2D SPACE',''
  ) );
#5718 = PCURVE('',#5148,#5719);
#5719 = DEFINITIONAL_REPRESENTATION('',(#5720),#5724);
#5720 = CIRCLE('',#5721,5.5);
#5721 = AXIS2_PLACEMENT_2D('',#5722,#5723);
#5722 = CARTESIAN_POINT('',(0.,18.5));
#5723 = DIRECTION('',(1.,0.));
#5724 = ( GEOMETRIC_REPRESENTATION_CONTEXT(2) 
PARAMETRIC_REPRESENTATION_CONTEXT() REPRESENTATION_CONTEXT('2D SPACE',''
  ) );
#5725 = ORIENTED_EDGE('',*,*,#5726,.T.);
#5726 = EDGE_CURVE('',#5703,#5727,#5729,.T.);
#5727 = VERTEX_POINT('',#5728);
#5728 = CARTESIAN_POINT('',(40.5,-14.,47.337722339832));
#5729 = SURFACE_CURVE('',#5730,(#5734,#5740),.PCURVE_S1.);
#5730 = LINE('',#5731,#5732);
#5731 = CARTESIAN_POINT('',(32.,-14.,47.337722339832));
#5732 = VECTOR('',#5733,1.);
#5733 = DIRECTION('',(1.,0.,0.));
#5734 = PCURVE('',#1574,#5735);
#5735 = DEFINITIONAL_REPRESENTATION('',(#5736),#5739);
#5736 = B_SPLINE_CURVE_WITH_KNOTS('',1,(#5737,#5738),.UNSPECIFIED.,.F.,
  .F.,(2,2),(4.6,8.5000006),.PIECEWISE_BEZIER_KNOTS.);
#5737 = CARTESIAN_POINT('',(4.099834242045,4.6));
#5738 = CARTESIAN_POINT('',(4.099834242045,8.5000006));
#5739 = ( GEOMETRIC_REPRESENTATION_CONTEXT(2) 
PARAMETRIC_REPRESENTATION_CONTEXT() REPRESENTATION_CONTEXT('2D SPACE',''
  ) );
#5740 = PCURVE('',#5561,#5741);
#5741 = DEFINITIONAL_REPRESENTATION('',(#5742),#5745);
#5742 = B_SPLINE_CURVE_WITH_KNOTS('',1,(#5743,#5744),.UNSPECIFIED.,.F.,
  .F.,(2,2),(4.6,8.5000006),.PIECEWISE_BEZIER_KNOTS.);
#5743 = CARTESIAN_POINT('',(4.837722339832,-0.4));
#5744 = CARTESIAN_POINT('',(4.837722339832,3.5000006));
#5745 = ( GEOMETRIC_REPRESENTATION_CONTEXT(2) 
PARAMETRIC_REPRESENTATION_CONTEXT() REPRESENTATION_CONTEXT('2D SPACE',''
  ) );
#5746 = ORIENTED_EDGE('',*,*,#5747,.F.);
#5747 = EDGE_CURVE('',#5518,#5727,#5748,.T.);
#5748 = SURFACE_CURVE('',#5749,(#5754,#5761),.PCURVE_S1.);
#5749 = CIRCLE('',#5750,5.5);
#5750 = AXIS2_PLACEMENT_3D('',#5751,#5752,#5753);
#5751 = CARTESIAN_POINT('',(40.5,-18.5,50.5));
#5752 = DIRECTION('',(1.,0.,0.));
#5753 = DIRECTION('',(-0.,0.,1.));
#5754 = PCURVE('',#1574,#5755);
#5755 = DEFINITIONAL_REPRESENTATION('',(#5756),#5760);
#5756 = LINE('',#5757,#5758);
#5757 = CARTESIAN_POINT('',(0.,8.5));
#5758 = VECTOR('',#5759,1.);
#5759 = DIRECTION('',(1.,0.));
#5760 = ( GEOMETRIC_REPRESENTATION_CONTEXT(2) 
PARAMETRIC_REPRESENTATION_CONTEXT() REPRESENTATION_CONTEXT('2D SPACE',''
  ) );
#5761 = PCURVE('',#5534,#5762);
#5762 = DEFINITIONAL_REPRESENTATION('',(#5763),#5767);
#5763 = CIRCLE('',#5764,5.5);
#5764 = AXIS2_PLACEMENT_2D('',#5765,#5766);
#5765 = CARTESIAN_POINT('',(0.,0.));
#5766 = DIRECTION('',(1.,0.));
#5767 = ( GEOMETRIC_REPRESENTATION_CONTEXT(2) 
PARAMETRIC_REPRESENTATION_CONTEXT() REPRESENTATION_CONTEXT('2D SPACE',''
  ) );
#5768 = FACE_BOUND('',#5769,.T.);
#5769 = EDGE_LOOP('',(#5770,#5801,#5828,#5861));
#5770 = ORIENTED_EDGE('',*,*,#5771,.F.);
#5771 = EDGE_CURVE('',#5772,#5774,#5776,.T.);
#5772 = VERTEX_POINT('',#5773);
#5773 = CARTESIAN_POINT('',(33.3,-23.14192847855,53.45));
#5774 = VERTEX_POINT('',#5775);
#5775 = CARTESIAN_POINT('',(33.3,-23.14192847855,47.55));
#5776 = SURFACE_CURVE('',#5777,(#5782,#5789),.PCURVE_S1.);
#5777 = CIRCLE('',#5778,5.5);
#5778 = AXIS2_PLACEMENT_3D('',#5779,#5780,#5781);
#5779 = CARTESIAN_POINT('',(33.3,-18.5,50.5));
#5780 = DIRECTION('',(1.,0.,0.));
#5781 = DIRECTION('',(-0.,0.,1.));
#5782 = PCURVE('',#1574,#5783);
#5783 = DEFINITIONAL_REPRESENTATION('',(#5784),#5788);
#5784 = LINE('',#5785,#5786);
#5785 = CARTESIAN_POINT('',(0.,1.3));
#5786 = VECTOR('',#5787,1.);
#5787 = DIRECTION('',(1.,0.));
#5788 = ( GEOMETRIC_REPRESENTATION_CONTEXT(2) 
PARAMETRIC_REPRESENTATION_CONTEXT() REPRESENTATION_CONTEXT('2D SPACE',''
  ) );
#5789 = PCURVE('',#5790,#5795);
#5790 = PLANE('',#5791);
#5791 = AXIS2_PLACEMENT_3D('',#5792,#5793,#5794);
#5792 = CARTESIAN_POINT('',(33.3,-19.78887509822,50.5));
#5793 = DIRECTION('',(1.,0.,0.));
#5794 = DIRECTION('',(-0.,0.,1.));
#5795 = DEFINITIONAL_REPRESENTATION('',(#5796),#5800);
#5796 = CIRCLE('',#5797,5.5);
#5797 = AXIS2_PLACEMENT_2D('',#5798,#5799);
#5798 = CARTESIAN_POINT('',(3.456833358872E-17,-1.288875098222));
#5799 = DIRECTION('',(1.,0.));
#5800 = ( GEOMETRIC_REPRESENTATION_CONTEXT(2) 
PARAMETRIC_REPRESENTATION_CONTEXT() REPRESENTATION_CONTEXT('2D SPACE',''
  ) );
#5801 = ORIENTED_EDGE('',*,*,#5802,.T.);
#5802 = EDGE_CURVE('',#5772,#5803,#5805,.T.);
#5803 = VERTEX_POINT('',#5804);
#5804 = CARTESIAN_POINT('',(36.1,-23.14192847855,53.45));
#5805 = SURFACE_CURVE('',#5806,(#5810,#5816),.PCURVE_S1.);
#5806 = LINE('',#5807,#5808);
#5807 = CARTESIAN_POINT('',(32.,-23.14192847855,53.45));
#5808 = VECTOR('',#5809,1.);
#5809 = DIRECTION('',(1.,0.,0.));
#5810 = PCURVE('',#1574,#5811);
#5811 = DEFINITIONAL_REPRESENTATION('',(#5812),#5815);
#5812 = B_SPLINE_CURVE_WITH_KNOTS('',1,(#5813,#5814),.UNSPECIFIED.,.F.,
  .F.,(2,2),(1.02,4.38),.PIECEWISE_BEZIER_KNOTS.);
#5813 = CARTESIAN_POINT('',(1.004673699825,1.02));
#5814 = CARTESIAN_POINT('',(1.004673699825,4.38));
#5815 = ( GEOMETRIC_REPRESENTATION_CONTEXT(2) 
PARAMETRIC_REPRESENTATION_CONTEXT() REPRESENTATION_CONTEXT('2D SPACE',''
  ) );
#5816 = PCURVE('',#5817,#5822);
#5817 = PLANE('',#5818);
#5818 = AXIS2_PLACEMENT_3D('',#5819,#5820,#5821);
#5819 = CARTESIAN_POINT('',(34.7,-19.96937259222,53.45));
#5820 = DIRECTION('',(-0.,-0.,-1.));
#5821 = DIRECTION('',(-1.,0.,0.));
#5822 = DEFINITIONAL_REPRESENTATION('',(#5823),#5827);
#5823 = LINE('',#5824,#5825);
#5824 = CARTESIAN_POINT('',(2.7,-3.172555886331));
#5825 = VECTOR('',#5826,1.);
#5826 = DIRECTION('',(-1.,0.));
#5827 = ( GEOMETRIC_REPRESENTATION_CONTEXT(2) 
PARAMETRIC_REPRESENTATION_CONTEXT() REPRESENTATION_CONTEXT('2D SPACE',''
  ) );
#5828 = ORIENTED_EDGE('',*,*,#5829,.T.);
#5829 = EDGE_CURVE('',#5803,#5830,#5832,.T.);
#5830 = VERTEX_POINT('',#5831);
#5831 = CARTESIAN_POINT('',(36.1,-23.14192847855,47.55));
#5832 = SURFACE_CURVE('',#5833,(#5838,#5845),.PCURVE_S1.);
#5833 = CIRCLE('',#5834,5.5);
#5834 = AXIS2_PLACEMENT_3D('',#5835,#5836,#5837);
#5835 = CARTESIAN_POINT('',(36.1,-18.5,50.5));
#5836 = DIRECTION('',(1.,0.,0.));
#5837 = DIRECTION('',(-0.,0.,1.));
#5838 = PCURVE('',#1574,#5839);
#5839 = DEFINITIONAL_REPRESENTATION('',(#5840),#5844);
#5840 = LINE('',#5841,#5842);
#5841 = CARTESIAN_POINT('',(0.,4.1));
#5842 = VECTOR('',#5843,1.);
#5843 = DIRECTION('',(1.,0.));
#5844 = ( GEOMETRIC_REPRESENTATION_CONTEXT(2) 
PARAMETRIC_REPRESENTATION_CONTEXT() REPRESENTATION_CONTEXT('2D SPACE',''
  ) );
#5845 = PCURVE('',#5846,#5851);
#5846 = PLANE('',#5847);
#5847 = AXIS2_PLACEMENT_3D('',#5848,#5849,#5850);
#5848 = CARTESIAN_POINT('',(36.1,-19.78887509822,50.5));
#5849 = DIRECTION('',(-1.,-0.,-0.));
#5850 = DIRECTION('',(0.,0.,-1.));
#5851 = DEFINITIONAL_REPRESENTATION('',(#5852),#5860);
#5852 = ( BOUNDED_CURVE() B_SPLINE_CURVE(2,(#5853,#5854,#5855,#5856,
#5857,#5858,#5859),.UNSPECIFIED.,.T.,.F.) B_SPLINE_CURVE_WITH_KNOTS((1,2
    ,2,2,2,1),(-2.094395102393,0.,2.094395102393,4.188790204786,
6.28318530718,8.377580409573),.UNSPECIFIED.) CURVE() 
GEOMETRIC_REPRESENTATION_ITEM() RATIONAL_B_SPLINE_CURVE((1.,0.5,1.,0.5,
1.,0.5,1.)) REPRESENTATION_ITEM('') );
#5853 = CARTESIAN_POINT('',(-5.5,-1.288875098222));
#5854 = CARTESIAN_POINT('',(-5.5,8.237404343407));
#5855 = CARTESIAN_POINT('',(2.75,3.474264622592));
#5856 = CARTESIAN_POINT('',(11.,-1.288875098222));
#5857 = CARTESIAN_POINT('',(2.75,-6.052014819036));
#5858 = CARTESIAN_POINT('',(-5.5,-10.81515453985));
#5859 = CARTESIAN_POINT('',(-5.5,-1.288875098222));
#5860 = ( GEOMETRIC_REPRESENTATION_CONTEXT(2) 
PARAMETRIC_REPRESENTATION_CONTEXT() REPRESENTATION_CONTEXT('2D SPACE',''
  ) );
#5861 = ORIENTED_EDGE('',*,*,#5862,.F.);
#5862 = EDGE_CURVE('',#5774,#5830,#5863,.T.);
#5863 = SURFACE_CURVE('',#5864,(#5868,#5874),.PCURVE_S1.);
#5864 = LINE('',#5865,#5866);
#5865 = CARTESIAN_POINT('',(32.,-23.14192847855,47.55));
#5866 = VECTOR('',#5867,1.);
#5867 = DIRECTION('',(1.,0.,0.));
#5868 = PCURVE('',#1574,#5869);
#5869 = DEFINITIONAL_REPRESENTATION('',(#5870),#5873);
#5870 = B_SPLINE_CURVE_WITH_KNOTS('',1,(#5871,#5872),.UNSPECIFIED.,.F.,
  .F.,(2,2),(1.02,4.38),.PIECEWISE_BEZIER_KNOTS.);
#5871 = CARTESIAN_POINT('',(2.136918953765,1.02));
#5872 = CARTESIAN_POINT('',(2.136918953765,4.38));
#5873 = ( GEOMETRIC_REPRESENTATION_CONTEXT(2) 
PARAMETRIC_REPRESENTATION_CONTEXT() REPRESENTATION_CONTEXT('2D SPACE',''
  ) );
#5874 = PCURVE('',#5875,#5880);
#5875 = PLANE('',#5876);
#5876 = AXIS2_PLACEMENT_3D('',#5877,#5878,#5879);
#5877 = CARTESIAN_POINT('',(34.7,-19.96937259222,47.55));
#5878 = DIRECTION('',(0.,0.,1.));
#5879 = DIRECTION('',(1.,0.,-0.));
#5880 = DEFINITIONAL_REPRESENTATION('',(#5881),#5885);
#5881 = LINE('',#5882,#5883);
#5882 = CARTESIAN_POINT('',(-2.7,-3.172555886331));
#5883 = VECTOR('',#5884,1.);
#5884 = DIRECTION('',(1.,0.));
#5885 = ( GEOMETRIC_REPRESENTATION_CONTEXT(2) 
PARAMETRIC_REPRESENTATION_CONTEXT() REPRESENTATION_CONTEXT('2D SPACE',''
  ) );
#5886 = ADVANCED_FACE('',(#5887),#2288,.T.);
#5887 = FACE_BOUND('',#5888,.T.);
#5888 = EDGE_LOOP('',(#5889,#5890,#5891,#5892,#5911,#5912,#5913,#5914));
#5889 = ORIENTED_EDGE('',*,*,#2432,.F.);
#5890 = ORIENTED_EDGE('',*,*,#2269,.T.);
#5891 = ORIENTED_EDGE('',*,*,#3842,.F.);
#5892 = ORIENTED_EDGE('',*,*,#5893,.F.);
#5893 = EDGE_CURVE('',#4042,#3746,#5894,.T.);
#5894 = SURFACE_CURVE('',#5895,(#5899,#5905),.PCURVE_S1.);
#5895 = LINE('',#5896,#5897);
#5896 = CARTESIAN_POINT('',(38.8,-7.25,10.5));
#5897 = VECTOR('',#5898,1.);
#5898 = DIRECTION('',(0.,-1.,0.));
#5899 = PCURVE('',#2288,#5900);
#5900 = DEFINITIONAL_REPRESENTATION('',(#5901),#5904);
#5901 = B_SPLINE_CURVE_WITH_KNOTS('',1,(#5902,#5903),.UNSPECIFIED.,.F.,
  .F.,(2,2),(-21.75,7.25),.PIECEWISE_BEZIER_KNOTS.);
#5902 = CARTESIAN_POINT('',(-2.367051973961,14.5));
#5903 = CARTESIAN_POINT('',(-2.367051973961,-14.5));
#5904 = ( GEOMETRIC_REPRESENTATION_CONTEXT(2) 
PARAMETRIC_REPRESENTATION_CONTEXT() REPRESENTATION_CONTEXT('2D SPACE',''
  ) );
#5905 = PCURVE('',#3807,#5906);
#5906 = DEFINITIONAL_REPRESENTATION('',(#5907),#5910);
#5907 = B_SPLINE_CURVE_WITH_KNOTS('',1,(#5908,#5909),.UNSPECIFIED.,.F.,
  .F.,(2,2),(-21.75,7.25),.PIECEWISE_BEZIER_KNOTS.);
#5908 = CARTESIAN_POINT('',(23.,-29.));
#5909 = CARTESIAN_POINT('',(23.,0.));
#5910 = ( GEOMETRIC_REPRESENTATION_CONTEXT(2) 
PARAMETRIC_REPRESENTATION_CONTEXT() REPRESENTATION_CONTEXT('2D SPACE',''
  ) );
#5911 = ORIENTED_EDGE('',*,*,#4041,.T.);
#5912 = ORIENTED_EDGE('',*,*,#2600,.T.);
#5913 = ORIENTED_EDGE('',*,*,#2575,.T.);
#5914 = ORIENTED_EDGE('',*,*,#2527,.F.);
#5915 = ADVANCED_FACE('',(#5916,#5966),#2752,.T.);
#5916 = FACE_BOUND('',#5917,.T.);
#5917 = EDGE_LOOP('',(#5918,#5940,#5959,#5960,#5961,#5962,#5963,#5964,
    #5965));
#5918 = ORIENTED_EDGE('',*,*,#5919,.F.);
#5919 = EDGE_CURVE('',#5920,#4355,#5922,.T.);
#5920 = VERTEX_POINT('',#5921);
#5921 = CARTESIAN_POINT('',(39.,14.5,10.5));
#5922 = SURFACE_CURVE('',#5923,(#5927,#5933),.PCURVE_S1.);
#5923 = LINE('',#5924,#5925);
#5924 = CARTESIAN_POINT('',(39.,9.25,10.5));
#5925 = VECTOR('',#5926,1.);
#5926 = DIRECTION('',(0.,1.,0.));
#5927 = PCURVE('',#2752,#5928);
#5928 = DEFINITIONAL_REPRESENTATION('',(#5929),#5932);
#5929 = B_SPLINE_CURVE_WITH_KNOTS('',1,(#5930,#5931),.UNSPECIFIED.,.F.,
  .F.,(2,2),(4.729604631349,13.770395368651),.PIECEWISE_BEZIER_KNOTS.);
#5930 = CARTESIAN_POINT('',(-2.167051973961,13.979604631349));
#5931 = CARTESIAN_POINT('',(-2.167051973961,23.020395368651));
#5932 = ( GEOMETRIC_REPRESENTATION_CONTEXT(2) 
PARAMETRIC_REPRESENTATION_CONTEXT() REPRESENTATION_CONTEXT('2D SPACE',''
  ) );
#5933 = PCURVE('',#3263,#5934);
#5934 = DEFINITIONAL_REPRESENTATION('',(#5935),#5939);
#5935 = LINE('',#5936,#5937);
#5936 = CARTESIAN_POINT('',(-17.49619296957,-10.69986583892));
#5937 = VECTOR('',#5938,1.);
#5938 = DIRECTION('',(0.,-1.));
#5939 = ( GEOMETRIC_REPRESENTATION_CONTEXT(2) 
PARAMETRIC_REPRESENTATION_CONTEXT() REPRESENTATION_CONTEXT('2D SPACE',''
  ) );
#5940 = ORIENTED_EDGE('',*,*,#5941,.T.);
#5941 = EDGE_CURVE('',#5920,#3452,#5942,.T.);
#5942 = SURFACE_CURVE('',#5943,(#5947,#5953),.PCURVE_S1.);
#5943 = LINE('',#5944,#5945);
#5944 = CARTESIAN_POINT('',(41.513333818642,14.5,10.5));
#5945 = VECTOR('',#5946,1.);
#5946 = DIRECTION('',(1.,0.,0.));
#5947 = PCURVE('',#2752,#5948);
#5948 = DEFINITIONAL_REPRESENTATION('',(#5949),#5952);
#5949 = B_SPLINE_CURVE_WITH_KNOTS('',1,(#5950,#5951),.UNSPECIFIED.,.F.,
  .F.,(2,2),(-2.713333818642,7.486666181358),.PIECEWISE_BEZIER_KNOTS.);
#5950 = CARTESIAN_POINT('',(-2.367051973961,14.5));
#5951 = CARTESIAN_POINT('',(7.832948026039,14.5));
#5952 = ( GEOMETRIC_REPRESENTATION_CONTEXT(2) 
PARAMETRIC_REPRESENTATION_CONTEXT() REPRESENTATION_CONTEXT('2D SPACE',''
  ) );
#5953 = PCURVE('',#3488,#5954);
#5954 = DEFINITIONAL_REPRESENTATION('',(#5955),#5958);
#5955 = B_SPLINE_CURVE_WITH_KNOTS('',1,(#5956,#5957),.UNSPECIFIED.,.F.,
  .F.,(2,2),(-2.713333818642,7.486666181358),.PIECEWISE_BEZIER_KNOTS.);
#5956 = CARTESIAN_POINT('',(8.709615663322,-3.059615663322));
#5957 = CARTESIAN_POINT('',(8.709615663322,7.140384336678));
#5958 = ( GEOMETRIC_REPRESENTATION_CONTEXT(2) 
PARAMETRIC_REPRESENTATION_CONTEXT() REPRESENTATION_CONTEXT('2D SPACE',''
  ) );
#5959 = ORIENTED_EDGE('',*,*,#3451,.F.);
#5960 = ORIENTED_EDGE('',*,*,#2845,.T.);
#5961 = ORIENTED_EDGE('',*,*,#2996,.T.);
#5962 = ORIENTED_EDGE('',*,*,#3020,.T.);
#5963 = ORIENTED_EDGE('',*,*,#2925,.F.);
#5964 = ORIENTED_EDGE('',*,*,#2733,.T.);
#5965 = ORIENTED_EDGE('',*,*,#4385,.F.);
#5966 = FACE_BOUND('',#5967,.T.);
#5967 = EDGE_LOOP('',(#5968,#5998,#6026,#6054,#6082,#6110));
#5968 = ORIENTED_EDGE('',*,*,#5969,.T.);
#5969 = EDGE_CURVE('',#5970,#5972,#5974,.T.);
#5970 = VERTEX_POINT('',#5971);
#5971 = CARTESIAN_POINT('',(42.05,20.203183294109,10.5));
#5972 = VERTEX_POINT('',#5973);
#5973 = CARTESIAN_POINT('',(45.,21.906366588219,10.5));
#5974 = SURFACE_CURVE('',#5975,(#5979,#5986),.PCURVE_S1.);
#5975 = LINE('',#5976,#5977);
#5976 = CARTESIAN_POINT('',(42.05,20.203183294109,10.5));
#5977 = VECTOR('',#5978,1.);
#5978 = DIRECTION('',(0.866025403784,0.5,9.614813431918E-17));
#5979 = PCURVE('',#2752,#5980);
#5980 = DEFINITIONAL_REPRESENTATION('',(#5981),#5985);
#5981 = LINE('',#5982,#5983);
#5982 = CARTESIAN_POINT('',(0.882948026039,20.203183294109));
#5983 = VECTOR('',#5984,1.);
#5984 = DIRECTION('',(0.866025403784,0.5));
#5985 = ( GEOMETRIC_REPRESENTATION_CONTEXT(2) 
PARAMETRIC_REPRESENTATION_CONTEXT() REPRESENTATION_CONTEXT('2D SPACE',''
  ) );
#5986 = PCURVE('',#5987,#5992);
#5987 = PLANE('',#5988);
#5988 = AXIS2_PLACEMENT_3D('',#5989,#5990,#5991);
#5989 = CARTESIAN_POINT('',(42.05,20.203183294109,10.5));
#5990 = DIRECTION('',(0.5,-0.866025403784,5.551115123126E-17));
#5991 = DIRECTION('',(0.866025403784,0.5,9.614813431918E-17));
#5992 = DEFINITIONAL_REPRESENTATION('',(#5993),#5997);
#5993 = LINE('',#5994,#5995);
#5994 = CARTESIAN_POINT('',(0.,0.));
#5995 = VECTOR('',#5996,1.);
#5996 = DIRECTION('',(1.,0.));
#5997 = ( GEOMETRIC_REPRESENTATION_CONTEXT(2) 
PARAMETRIC_REPRESENTATION_CONTEXT() REPRESENTATION_CONTEXT('2D SPACE',''
  ) );
#5998 = ORIENTED_EDGE('',*,*,#5999,.T.);
#5999 = EDGE_CURVE('',#5972,#6000,#6002,.T.);
#6000 = VERTEX_POINT('',#6001);
#6001 = CARTESIAN_POINT('',(47.95,20.203183294109,10.5));
#6002 = SURFACE_CURVE('',#6003,(#6007,#6014),.PCURVE_S1.);
#6003 = LINE('',#6004,#6005);
#6004 = CARTESIAN_POINT('',(45.,21.906366588219,10.5));
#6005 = VECTOR('',#6006,1.);
#6006 = DIRECTION('',(0.866025403784,-0.5,9.614813431918E-17));
#6007 = PCURVE('',#2752,#6008);
#6008 = DEFINITIONAL_REPRESENTATION('',(#6009),#6013);
#6009 = LINE('',#6010,#6011);
#6010 = CARTESIAN_POINT('',(3.832948026039,21.906366588219));
#6011 = VECTOR('',#6012,1.);
#6012 = DIRECTION('',(0.866025403784,-0.5));
#6013 = ( GEOMETRIC_REPRESENTATION_CONTEXT(2) 
PARAMETRIC_REPRESENTATION_CONTEXT() REPRESENTATION_CONTEXT('2D SPACE',''
  ) );
#6014 = PCURVE('',#6015,#6020);
#6015 = PLANE('',#6016);
#6016 = AXIS2_PLACEMENT_3D('',#6017,#6018,#6019);
#6017 = CARTESIAN_POINT('',(45.,21.906366588219,10.5));
#6018 = DIRECTION('',(-0.5,-0.866025403784,-5.551115123126E-17));
#6019 = DIRECTION('',(0.866025403784,-0.5,9.614813431918E-17));
#6020 = DEFINITIONAL_REPRESENTATION('',(#6021),#6025);
#6021 = LINE('',#6022,#6023);
#6022 = CARTESIAN_POINT('',(0.,0.));
#6023 = VECTOR('',#6024,1.);
#6024 = DIRECTION('',(1.,0.));
#6025 = ( GEOMETRIC_REPRESENTATION_CONTEXT(2) 
PARAMETRIC_REPRESENTATION_CONTEXT() REPRESENTATION_CONTEXT('2D SPACE',''
  ) );
#6026 = ORIENTED_EDGE('',*,*,#6027,.T.);
#6027 = EDGE_CURVE('',#6000,#6028,#6030,.T.);
#6028 = VERTEX_POINT('',#6029);
#6029 = CARTESIAN_POINT('',(47.95,16.796816705891,10.5));
#6030 = SURFACE_CURVE('',#6031,(#6035,#6042),.PCURVE_S1.);
#6031 = LINE('',#6032,#6033);
#6032 = CARTESIAN_POINT('',(47.95,20.203183294109,10.5));
#6033 = VECTOR('',#6034,1.);
#6034 = DIRECTION('',(1.303703516192E-16,-1.,1.447401660961E-32));
#6035 = PCURVE('',#2752,#6036);
#6036 = DEFINITIONAL_REPRESENTATION('',(#6037),#6041);
#6037 = LINE('',#6038,#6039);
#6038 = CARTESIAN_POINT('',(6.782948026039,20.203183294109));
#6039 = VECTOR('',#6040,1.);
#6040 = DIRECTION('',(1.303703516192E-16,-1.));
#6041 = ( GEOMETRIC_REPRESENTATION_CONTEXT(2) 
PARAMETRIC_REPRESENTATION_CONTEXT() REPRESENTATION_CONTEXT('2D SPACE',''
  ) );
#6042 = PCURVE('',#6043,#6048);
#6043 = PLANE('',#6044);
#6044 = AXIS2_PLACEMENT_3D('',#6045,#6046,#6047);
#6045 = CARTESIAN_POINT('',(47.95,20.203183294109,10.5));
#6046 = DIRECTION('',(-1.,-1.303703516192E-16,-1.110223024625E-16));
#6047 = DIRECTION('',(1.303703516192E-16,-1.,1.447401660961E-32));
#6048 = DEFINITIONAL_REPRESENTATION('',(#6049),#6053);
#6049 = LINE('',#6050,#6051);
#6050 = CARTESIAN_POINT('',(0.,0.));
#6051 = VECTOR('',#6052,1.);
#6052 = DIRECTION('',(1.,0.));
#6053 = ( GEOMETRIC_REPRESENTATION_CONTEXT(2) 
PARAMETRIC_REPRESENTATION_CONTEXT() REPRESENTATION_CONTEXT('2D SPACE',''
  ) );
#6054 = ORIENTED_EDGE('',*,*,#6055,.T.);
#6055 = EDGE_CURVE('',#6028,#6056,#6058,.T.);
#6056 = VERTEX_POINT('',#6057);
#6057 = CARTESIAN_POINT('',(45.,15.093633411781,10.5));
#6058 = SURFACE_CURVE('',#6059,(#6063,#6070),.PCURVE_S1.);
#6059 = LINE('',#6060,#6061);
#6060 = CARTESIAN_POINT('',(47.95,16.796816705891,10.5));
#6061 = VECTOR('',#6062,1.);
#6062 = DIRECTION('',(-0.866025403784,-0.5,-9.614813431918E-17));
#6063 = PCURVE('',#2752,#6064);
#6064 = DEFINITIONAL_REPRESENTATION('',(#6065),#6069);
#6065 = LINE('',#6066,#6067);
#6066 = CARTESIAN_POINT('',(6.782948026039,16.796816705891));
#6067 = VECTOR('',#6068,1.);
#6068 = DIRECTION('',(-0.866025403784,-0.5));
#6069 = ( GEOMETRIC_REPRESENTATION_CONTEXT(2) 
PARAMETRIC_REPRESENTATION_CONTEXT() REPRESENTATION_CONTEXT('2D SPACE',''
  ) );
#6070 = PCURVE('',#6071,#6076);
#6071 = PLANE('',#6072);
#6072 = AXIS2_PLACEMENT_3D('',#6073,#6074,#6075);
#6073 = CARTESIAN_POINT('',(47.95,16.796816705891,10.5));
#6074 = DIRECTION('',(-0.5,0.866025403784,-5.551115123126E-17));
#6075 = DIRECTION('',(-0.866025403784,-0.5,-9.614813431918E-17));
#6076 = DEFINITIONAL_REPRESENTATION('',(#6077),#6081);
#6077 = LINE('',#6078,#6079);
#6078 = CARTESIAN_POINT('',(0.,0.));
#6079 = VECTOR('',#6080,1.);
#6080 = DIRECTION('',(1.,0.));
#6081 = ( GEOMETRIC_REPRESENTATION_CONTEXT(2) 
PARAMETRIC_REPRESENTATION_CONTEXT() REPRESENTATION_CONTEXT('2D SPACE',''
  ) );
#6082 = ORIENTED_EDGE('',*,*,#6083,.T.);
#6083 = EDGE_CURVE('',#6056,#6084,#6086,.T.);
#6084 = VERTEX_POINT('',#6085);
#6085 = CARTESIAN_POINT('',(42.05,16.796816705891,10.5));
#6086 = SURFACE_CURVE('',#6087,(#6091,#6098),.PCURVE_S1.);
#6087 = LINE('',#6088,#6089);
#6088 = CARTESIAN_POINT('',(45.,15.093633411781,10.5));
#6089 = VECTOR('',#6090,1.);
#6090 = DIRECTION('',(-0.866025403784,0.5,-9.614813431918E-17));
#6091 = PCURVE('',#2752,#6092);
#6092 = DEFINITIONAL_REPRESENTATION('',(#6093),#6097);
#6093 = LINE('',#6094,#6095);
#6094 = CARTESIAN_POINT('',(3.832948026039,15.093633411781));
#6095 = VECTOR('',#6096,1.);
#6096 = DIRECTION('',(-0.866025403784,0.5));
#6097 = ( GEOMETRIC_REPRESENTATION_CONTEXT(2) 
PARAMETRIC_REPRESENTATION_CONTEXT() REPRESENTATION_CONTEXT('2D SPACE',''
  ) );
#6098 = PCURVE('',#6099,#6104);
#6099 = PLANE('',#6100);
#6100 = AXIS2_PLACEMENT_3D('',#6101,#6102,#6103);
#6101 = CARTESIAN_POINT('',(45.,15.093633411781,10.5));
#6102 = DIRECTION('',(0.5,0.866025403784,5.551115123126E-17));
#6103 = DIRECTION('',(-0.866025403784,0.5,-9.614813431918E-17));
#6104 = DEFINITIONAL_REPRESENTATION('',(#6105),#6109);
#6105 = LINE('',#6106,#6107);
#6106 = CARTESIAN_POINT('',(0.,0.));
#6107 = VECTOR('',#6108,1.);
#6108 = DIRECTION('',(1.,0.));
#6109 = ( GEOMETRIC_REPRESENTATION_CONTEXT(2) 
PARAMETRIC_REPRESENTATION_CONTEXT() REPRESENTATION_CONTEXT('2D SPACE',''
  ) );
#6110 = ORIENTED_EDGE('',*,*,#6111,.T.);
#6111 = EDGE_CURVE('',#6084,#5970,#6112,.T.);
#6112 = SURFACE_CURVE('',#6113,(#6117,#6124),.PCURVE_S1.);
#6113 = LINE('',#6114,#6115);
#6114 = CARTESIAN_POINT('',(42.05,16.796816705891,10.5));
#6115 = VECTOR('',#6116,1.);
#6116 = DIRECTION('',(-1.303703516192E-16,1.,-1.447401660961E-32));
#6117 = PCURVE('',#2752,#6118);
#6118 = DEFINITIONAL_REPRESENTATION('',(#6119),#6123);
#6119 = LINE('',#6120,#6121);
#6120 = CARTESIAN_POINT('',(0.882948026039,16.796816705891));
#6121 = VECTOR('',#6122,1.);
#6122 = DIRECTION('',(-1.303703516192E-16,1.));
#6123 = ( GEOMETRIC_REPRESENTATION_CONTEXT(2) 
PARAMETRIC_REPRESENTATION_CONTEXT() REPRESENTATION_CONTEXT('2D SPACE',''
  ) );
#6124 = PCURVE('',#6125,#6130);
#6125 = PLANE('',#6126);
#6126 = AXIS2_PLACEMENT_3D('',#6127,#6128,#6129);
#6127 = CARTESIAN_POINT('',(42.05,16.796816705891,10.5));
#6128 = DIRECTION('',(1.,1.303703516192E-16,1.110223024625E-16));
#6129 = DIRECTION('',(-1.303703516192E-16,1.,-1.447401660961E-32));
#6130 = DEFINITIONAL_REPRESENTATION('',(#6131),#6135);
#6131 = LINE('',#6132,#6133);
#6132 = CARTESIAN_POINT('',(0.,0.));
#6133 = VECTOR('',#6134,1.);
#6134 = DIRECTION('',(1.,0.));
#6135 = ( GEOMETRIC_REPRESENTATION_CONTEXT(2) 
PARAMETRIC_REPRESENTATION_CONTEXT() REPRESENTATION_CONTEXT('2D SPACE',''
  ) );
#6136 = ADVANCED_FACE('',(#6137,#6277),#3065,.F.);
#6137 = FACE_BOUND('',#6138,.F.);
#6138 = EDGE_LOOP('',(#6139,#6164,#6187,#6210,#6233,#6256));
#6139 = ORIENTED_EDGE('',*,*,#6140,.T.);
#6140 = EDGE_CURVE('',#6141,#6143,#6145,.T.);
#6141 = VERTEX_POINT('',#6142);
#6142 = CARTESIAN_POINT('',(45.,-15.09363341178,7.7));
#6143 = VERTEX_POINT('',#6144);
#6144 = CARTESIAN_POINT('',(47.95,-16.79681670589,7.7));
#6145 = SURFACE_CURVE('',#6146,(#6150,#6157),.PCURVE_S1.);
#6146 = LINE('',#6147,#6148);
#6147 = CARTESIAN_POINT('',(45.,-15.09363341178,7.7));
#6148 = VECTOR('',#6149,1.);
#6149 = DIRECTION('',(0.866025403784,-0.5,9.614813431918E-17));
#6150 = PCURVE('',#3065,#6151);
#6151 = DEFINITIONAL_REPRESENTATION('',(#6152),#6156);
#6152 = LINE('',#6153,#6154);
#6153 = CARTESIAN_POINT('',(1.631663023441E-16,-3.406366588219));
#6154 = VECTOR('',#6155,1.);
#6155 = DIRECTION('',(0.866025403784,0.5));
#6156 = ( GEOMETRIC_REPRESENTATION_CONTEXT(2) 
PARAMETRIC_REPRESENTATION_CONTEXT() REPRESENTATION_CONTEXT('2D SPACE',''
  ) );
#6157 = PCURVE('',#3323,#6158);
#6158 = DEFINITIONAL_REPRESENTATION('',(#6159),#6163);
#6159 = LINE('',#6160,#6161);
#6160 = CARTESIAN_POINT('',(0.,-2.8));
#6161 = VECTOR('',#6162,1.);
#6162 = DIRECTION('',(1.,0.));
#6163 = ( GEOMETRIC_REPRESENTATION_CONTEXT(2) 
PARAMETRIC_REPRESENTATION_CONTEXT() REPRESENTATION_CONTEXT('2D SPACE',''
  ) );
#6164 = ORIENTED_EDGE('',*,*,#6165,.T.);
#6165 = EDGE_CURVE('',#6143,#6166,#6168,.T.);
#6166 = VERTEX_POINT('',#6167);
#6167 = CARTESIAN_POINT('',(47.95,-20.2031832941,7.7));
#6168 = SURFACE_CURVE('',#6169,(#6173,#6180),.PCURVE_S1.);
#6169 = LINE('',#6170,#6171);
#6170 = CARTESIAN_POINT('',(47.95,-16.79681670589,7.7));
#6171 = VECTOR('',#6172,1.);
#6172 = DIRECTION('',(1.303703516192E-16,-1.,1.447401660961E-32));
#6173 = PCURVE('',#3065,#6174);
#6174 = DEFINITIONAL_REPRESENTATION('',(#6175),#6179);
#6175 = LINE('',#6176,#6177);
#6176 = CARTESIAN_POINT('',(2.95,-1.703183294109));
#6177 = VECTOR('',#6178,1.);
#6178 = DIRECTION('',(1.303703516192E-16,1.));
#6179 = ( GEOMETRIC_REPRESENTATION_CONTEXT(2) 
PARAMETRIC_REPRESENTATION_CONTEXT() REPRESENTATION_CONTEXT('2D SPACE',''
  ) );
#6180 = PCURVE('',#3351,#6181);
#6181 = DEFINITIONAL_REPRESENTATION('',(#6182),#6186);
#6182 = LINE('',#6183,#6184);
#6183 = CARTESIAN_POINT('',(0.,-2.8));
#6184 = VECTOR('',#6185,1.);
#6185 = DIRECTION('',(1.,0.));
#6186 = ( GEOMETRIC_REPRESENTATION_CONTEXT(2) 
PARAMETRIC_REPRESENTATION_CONTEXT() REPRESENTATION_CONTEXT('2D SPACE',''
  ) );
#6187 = ORIENTED_EDGE('',*,*,#6188,.T.);
#6188 = EDGE_CURVE('',#6166,#6189,#6191,.T.);
#6189 = VERTEX_POINT('',#6190);
#6190 = CARTESIAN_POINT('',(45.,-21.90636658821,7.7));
#6191 = SURFACE_CURVE('',#6192,(#6196,#6203),.PCURVE_S1.);
#6192 = LINE('',#6193,#6194);
#6193 = CARTESIAN_POINT('',(47.95,-20.2031832941,7.7));
#6194 = VECTOR('',#6195,1.);
#6195 = DIRECTION('',(-0.866025403784,-0.5,-9.614813431918E-17));
#6196 = PCURVE('',#3065,#6197);
#6197 = DEFINITIONAL_REPRESENTATION('',(#6198),#6202);
#6198 = LINE('',#6199,#6200);
#6199 = CARTESIAN_POINT('',(2.95,1.703183294109));
#6200 = VECTOR('',#6201,1.);
#6201 = DIRECTION('',(-0.866025403784,0.5));
#6202 = ( GEOMETRIC_REPRESENTATION_CONTEXT(2) 
PARAMETRIC_REPRESENTATION_CONTEXT() REPRESENTATION_CONTEXT('2D SPACE',''
  ) );
#6203 = PCURVE('',#3379,#6204);
#6204 = DEFINITIONAL_REPRESENTATION('',(#6205),#6209);
#6205 = LINE('',#6206,#6207);
#6206 = CARTESIAN_POINT('',(0.,-2.8));
#6207 = VECTOR('',#6208,1.);
#6208 = DIRECTION('',(1.,0.));
#6209 = ( GEOMETRIC_REPRESENTATION_CONTEXT(2) 
PARAMETRIC_REPRESENTATION_CONTEXT() REPRESENTATION_CONTEXT('2D SPACE',''
  ) );
#6210 = ORIENTED_EDGE('',*,*,#6211,.T.);
#6211 = EDGE_CURVE('',#6189,#6212,#6214,.T.);
#6212 = VERTEX_POINT('',#6213);
#6213 = CARTESIAN_POINT('',(42.05,-20.2031832941,7.7));
#6214 = SURFACE_CURVE('',#6215,(#6219,#6226),.PCURVE_S1.);
#6215 = LINE('',#6216,#6217);
#6216 = CARTESIAN_POINT('',(45.,-21.90636658821,7.7));
#6217 = VECTOR('',#6218,1.);
#6218 = DIRECTION('',(-0.866025403784,0.5,-9.614813431918E-17));
#6219 = PCURVE('',#3065,#6220);
#6220 = DEFINITIONAL_REPRESENTATION('',(#6221),#6225);
#6221 = LINE('',#6222,#6223);
#6222 = CARTESIAN_POINT('',(5.803258962426E-16,3.406366588219));
#6223 = VECTOR('',#6224,1.);
#6224 = DIRECTION('',(-0.866025403784,-0.5));
#6225 = ( GEOMETRIC_REPRESENTATION_CONTEXT(2) 
PARAMETRIC_REPRESENTATION_CONTEXT() REPRESENTATION_CONTEXT('2D SPACE',''
  ) );
#6226 = PCURVE('',#3407,#6227);
#6227 = DEFINITIONAL_REPRESENTATION('',(#6228),#6232);
#6228 = LINE('',#6229,#6230);
#6229 = CARTESIAN_POINT('',(0.,-2.8));
#6230 = VECTOR('',#6231,1.);
#6231 = DIRECTION('',(1.,0.));
#6232 = ( GEOMETRIC_REPRESENTATION_CONTEXT(2) 
PARAMETRIC_REPRESENTATION_CONTEXT() REPRESENTATION_CONTEXT('2D SPACE',''
  ) );
#6233 = ORIENTED_EDGE('',*,*,#6234,.T.);
#6234 = EDGE_CURVE('',#6212,#6235,#6237,.T.);
#6235 = VERTEX_POINT('',#6236);
#6236 = CARTESIAN_POINT('',(42.05,-16.79681670589,7.7));
#6237 = SURFACE_CURVE('',#6238,(#6242,#6249),.PCURVE_S1.);
#6238 = LINE('',#6239,#6240);
#6239 = CARTESIAN_POINT('',(42.05,-20.2031832941,7.7));
#6240 = VECTOR('',#6241,1.);
#6241 = DIRECTION('',(-1.303703516192E-16,1.,-1.447401660961E-32));
#6242 = PCURVE('',#3065,#6243);
#6243 = DEFINITIONAL_REPRESENTATION('',(#6244),#6248);
#6244 = LINE('',#6245,#6246);
#6245 = CARTESIAN_POINT('',(-2.95,1.703183294109));
#6246 = VECTOR('',#6247,1.);
#6247 = DIRECTION('',(-1.303703516192E-16,-1.));
#6248 = ( GEOMETRIC_REPRESENTATION_CONTEXT(2) 
PARAMETRIC_REPRESENTATION_CONTEXT() REPRESENTATION_CONTEXT('2D SPACE',''
  ) );
#6249 = PCURVE('',#3433,#6250);
#6250 = DEFINITIONAL_REPRESENTATION('',(#6251),#6255);
#6251 = LINE('',#6252,#6253);
#6252 = CARTESIAN_POINT('',(0.,-2.8));
#6253 = VECTOR('',#6254,1.);
#6254 = DIRECTION('',(1.,0.));
#6255 = ( GEOMETRIC_REPRESENTATION_CONTEXT(2) 
PARAMETRIC_REPRESENTATION_CONTEXT() REPRESENTATION_CONTEXT('2D SPACE',''
  ) );
#6256 = ORIENTED_EDGE('',*,*,#6257,.T.);
#6257 = EDGE_CURVE('',#6235,#6141,#6258,.T.);
#6258 = SURFACE_CURVE('',#6259,(#6263,#6270),.PCURVE_S1.);
#6259 = LINE('',#6260,#6261);
#6260 = CARTESIAN_POINT('',(42.05,-16.79681670589,7.7));
#6261 = VECTOR('',#6262,1.);
#6262 = DIRECTION('',(0.866025403784,0.5,9.614813431918E-17));
#6263 = PCURVE('',#3065,#6264);
#6264 = DEFINITIONAL_REPRESENTATION('',(#6265),#6269);
#6265 = LINE('',#6266,#6267);
#6266 = CARTESIAN_POINT('',(-2.95,-1.703183294109));
#6267 = VECTOR('',#6268,1.);
#6268 = DIRECTION('',(0.866025403784,-0.5));
#6269 = ( GEOMETRIC_REPRESENTATION_CONTEXT(2) 
PARAMETRIC_REPRESENTATION_CONTEXT() REPRESENTATION_CONTEXT('2D SPACE',''
  ) );
#6270 = PCURVE('',#3295,#6271);
#6271 = DEFINITIONAL_REPRESENTATION('',(#6272),#6276);
#6272 = LINE('',#6273,#6274);
#6273 = CARTESIAN_POINT('',(0.,-2.8));
#6274 = VECTOR('',#6275,1.);
#6275 = DIRECTION('',(1.,0.));
#6276 = ( GEOMETRIC_REPRESENTATION_CONTEXT(2) 
PARAMETRIC_REPRESENTATION_CONTEXT() REPRESENTATION_CONTEXT('2D SPACE',''
  ) );
#6277 = FACE_BOUND('',#6278,.F.);
#6278 = EDGE_LOOP('',(#6279));
#6279 = ORIENTED_EDGE('',*,*,#3048,.T.);
#6280 = ADVANCED_FACE('',(#6281,#6421),#3124,.F.);
#6281 = FACE_BOUND('',#6282,.F.);
#6282 = EDGE_LOOP('',(#6283,#6308,#6331,#6354,#6377,#6400));
#6283 = ORIENTED_EDGE('',*,*,#6284,.T.);
#6284 = EDGE_CURVE('',#6285,#6287,#6289,.T.);
#6285 = VERTEX_POINT('',#6286);
#6286 = CARTESIAN_POINT('',(45.,21.906366588219,7.7));
#6287 = VERTEX_POINT('',#6288);
#6288 = CARTESIAN_POINT('',(47.95,20.203183294109,7.7));
#6289 = SURFACE_CURVE('',#6290,(#6294,#6301),.PCURVE_S1.);
#6290 = LINE('',#6291,#6292);
#6291 = CARTESIAN_POINT('',(45.,21.906366588219,7.7));
#6292 = VECTOR('',#6293,1.);
#6293 = DIRECTION('',(0.866025403784,-0.5,9.614813431918E-17));
#6294 = PCURVE('',#3124,#6295);
#6295 = DEFINITIONAL_REPRESENTATION('',(#6296),#6300);
#6296 = LINE('',#6297,#6298);
#6297 = CARTESIAN_POINT('',(1.631663023441E-16,-3.406366588219));
#6298 = VECTOR('',#6299,1.);
#6299 = DIRECTION('',(0.866025403784,0.5));
#6300 = ( GEOMETRIC_REPRESENTATION_CONTEXT(2) 
PARAMETRIC_REPRESENTATION_CONTEXT() REPRESENTATION_CONTEXT('2D SPACE',''
  ) );
#6301 = PCURVE('',#6015,#6302);
#6302 = DEFINITIONAL_REPRESENTATION('',(#6303),#6307);
#6303 = LINE('',#6304,#6305);
#6304 = CARTESIAN_POINT('',(0.,-2.8));
#6305 = VECTOR('',#6306,1.);
#6306 = DIRECTION('',(1.,0.));
#6307 = ( GEOMETRIC_REPRESENTATION_CONTEXT(2) 
PARAMETRIC_REPRESENTATION_CONTEXT() REPRESENTATION_CONTEXT('2D SPACE',''
  ) );
#6308 = ORIENTED_EDGE('',*,*,#6309,.T.);
#6309 = EDGE_CURVE('',#6287,#6310,#6312,.T.);
#6310 = VERTEX_POINT('',#6311);
#6311 = CARTESIAN_POINT('',(47.95,16.796816705891,7.7));
#6312 = SURFACE_CURVE('',#6313,(#6317,#6324),.PCURVE_S1.);
#6313 = LINE('',#6314,#6315);
#6314 = CARTESIAN_POINT('',(47.95,20.203183294109,7.7));
#6315 = VECTOR('',#6316,1.);
#6316 = DIRECTION('',(1.303703516192E-16,-1.,1.447401660961E-32));
#6317 = PCURVE('',#3124,#6318);
#6318 = DEFINITIONAL_REPRESENTATION('',(#6319),#6323);
#6319 = LINE('',#6320,#6321);
#6320 = CARTESIAN_POINT('',(2.95,-1.703183294109));
#6321 = VECTOR('',#6322,1.);
#6322 = DIRECTION('',(1.303703516192E-16,1.));
#6323 = ( GEOMETRIC_REPRESENTATION_CONTEXT(2) 
PARAMETRIC_REPRESENTATION_CONTEXT() REPRESENTATION_CONTEXT('2D SPACE',''
  ) );
#6324 = PCURVE('',#6043,#6325);
#6325 = DEFINITIONAL_REPRESENTATION('',(#6326),#6330);
#6326 = LINE('',#6327,#6328);
#6327 = CARTESIAN_POINT('',(0.,-2.8));
#6328 = VECTOR('',#6329,1.);
#6329 = DIRECTION('',(1.,0.));
#6330 = ( GEOMETRIC_REPRESENTATION_CONTEXT(2) 
PARAMETRIC_REPRESENTATION_CONTEXT() REPRESENTATION_CONTEXT('2D SPACE',''
  ) );
#6331 = ORIENTED_EDGE('',*,*,#6332,.T.);
#6332 = EDGE_CURVE('',#6310,#6333,#6335,.T.);
#6333 = VERTEX_POINT('',#6334);
#6334 = CARTESIAN_POINT('',(45.,15.093633411781,7.7));
#6335 = SURFACE_CURVE('',#6336,(#6340,#6347),.PCURVE_S1.);
#6336 = LINE('',#6337,#6338);
#6337 = CARTESIAN_POINT('',(47.95,16.796816705891,7.7));
#6338 = VECTOR('',#6339,1.);
#6339 = DIRECTION('',(-0.866025403784,-0.5,-9.614813431918E-17));
#6340 = PCURVE('',#3124,#6341);
#6341 = DEFINITIONAL_REPRESENTATION('',(#6342),#6346);
#6342 = LINE('',#6343,#6344);
#6343 = CARTESIAN_POINT('',(2.95,1.703183294109));
#6344 = VECTOR('',#6345,1.);
#6345 = DIRECTION('',(-0.866025403784,0.5));
#6346 = ( GEOMETRIC_REPRESENTATION_CONTEXT(2) 
PARAMETRIC_REPRESENTATION_CONTEXT() REPRESENTATION_CONTEXT('2D SPACE',''
  ) );
#6347 = PCURVE('',#6071,#6348);
#6348 = DEFINITIONAL_REPRESENTATION('',(#6349),#6353);
#6349 = LINE('',#6350,#6351);
#6350 = CARTESIAN_POINT('',(0.,-2.8));
#6351 = VECTOR('',#6352,1.);
#6352 = DIRECTION('',(1.,0.));
#6353 = ( GEOMETRIC_REPRESENTATION_CONTEXT(2) 
PARAMETRIC_REPRESENTATION_CONTEXT() REPRESENTATION_CONTEXT('2D SPACE',''
  ) );
#6354 = ORIENTED_EDGE('',*,*,#6355,.T.);
#6355 = EDGE_CURVE('',#6333,#6356,#6358,.T.);
#6356 = VERTEX_POINT('',#6357);
#6357 = CARTESIAN_POINT('',(42.05,16.796816705891,7.7));
#6358 = SURFACE_CURVE('',#6359,(#6363,#6370),.PCURVE_S1.);
#6359 = LINE('',#6360,#6361);
#6360 = CARTESIAN_POINT('',(45.,15.093633411781,7.7));
#6361 = VECTOR('',#6362,1.);
#6362 = DIRECTION('',(-0.866025403784,0.5,-9.614813431918E-17));
#6363 = PCURVE('',#3124,#6364);
#6364 = DEFINITIONAL_REPRESENTATION('',(#6365),#6369);
#6365 = LINE('',#6366,#6367);
#6366 = CARTESIAN_POINT('',(5.803258962426E-16,3.406366588219));
#6367 = VECTOR('',#6368,1.);
#6368 = DIRECTION('',(-0.866025403784,-0.5));
#6369 = ( GEOMETRIC_REPRESENTATION_CONTEXT(2) 
PARAMETRIC_REPRESENTATION_CONTEXT() REPRESENTATION_CONTEXT('2D SPACE',''
  ) );
#6370 = PCURVE('',#6099,#6371);
#6371 = DEFINITIONAL_REPRESENTATION('',(#6372),#6376);
#6372 = LINE('',#6373,#6374);
#6373 = CARTESIAN_POINT('',(0.,-2.8));
#6374 = VECTOR('',#6375,1.);
#6375 = DIRECTION('',(1.,0.));
#6376 = ( GEOMETRIC_REPRESENTATION_CONTEXT(2) 
PARAMETRIC_REPRESENTATION_CONTEXT() REPRESENTATION_CONTEXT('2D SPACE',''
  ) );
#6377 = ORIENTED_EDGE('',*,*,#6378,.T.);
#6378 = EDGE_CURVE('',#6356,#6379,#6381,.T.);
#6379 = VERTEX_POINT('',#6380);
#6380 = CARTESIAN_POINT('',(42.05,20.203183294109,7.7));
#6381 = SURFACE_CURVE('',#6382,(#6386,#6393),.PCURVE_S1.);
#6382 = LINE('',#6383,#6384);
#6383 = CARTESIAN_POINT('',(42.05,16.796816705891,7.7));
#6384 = VECTOR('',#6385,1.);
#6385 = DIRECTION('',(-1.303703516192E-16,1.,-1.447401660961E-32));
#6386 = PCURVE('',#3124,#6387);
#6387 = DEFINITIONAL_REPRESENTATION('',(#6388),#6392);
#6388 = LINE('',#6389,#6390);
#6389 = CARTESIAN_POINT('',(-2.95,1.703183294109));
#6390 = VECTOR('',#6391,1.);
#6391 = DIRECTION('',(-1.303703516192E-16,-1.));
#6392 = ( GEOMETRIC_REPRESENTATION_CONTEXT(2) 
PARAMETRIC_REPRESENTATION_CONTEXT() REPRESENTATION_CONTEXT('2D SPACE',''
  ) );
#6393 = PCURVE('',#6125,#6394);
#6394 = DEFINITIONAL_REPRESENTATION('',(#6395),#6399);
#6395 = LINE('',#6396,#6397);
#6396 = CARTESIAN_POINT('',(0.,-2.8));
#6397 = VECTOR('',#6398,1.);
#6398 = DIRECTION('',(1.,0.));
#6399 = ( GEOMETRIC_REPRESENTATION_CONTEXT(2) 
PARAMETRIC_REPRESENTATION_CONTEXT() REPRESENTATION_CONTEXT('2D SPACE',''
  ) );
#6400 = ORIENTED_EDGE('',*,*,#6401,.T.);
#6401 = EDGE_CURVE('',#6379,#6285,#6402,.T.);
#6402 = SURFACE_CURVE('',#6403,(#6407,#6414),.PCURVE_S1.);
#6403 = LINE('',#6404,#6405);
#6404 = CARTESIAN_POINT('',(42.05,20.203183294109,7.7));
#6405 = VECTOR('',#6406,1.);
#6406 = DIRECTION('',(0.866025403784,0.5,9.614813431918E-17));
#6407 = PCURVE('',#3124,#6408);
#6408 = DEFINITIONAL_REPRESENTATION('',(#6409),#6413);
#6409 = LINE('',#6410,#6411);
#6410 = CARTESIAN_POINT('',(-2.95,-1.703183294109));
#6411 = VECTOR('',#6412,1.);
#6412 = DIRECTION('',(0.866025403784,-0.5));
#6413 = ( GEOMETRIC_REPRESENTATION_CONTEXT(2) 
PARAMETRIC_REPRESENTATION_CONTEXT() REPRESENTATION_CONTEXT('2D SPACE',''
  ) );
#6414 = PCURVE('',#5987,#6415);
#6415 = DEFINITIONAL_REPRESENTATION('',(#6416),#6420);
#6416 = LINE('',#6417,#6418);
#6417 = CARTESIAN_POINT('',(0.,-2.8));
#6418 = VECTOR('',#6419,1.);
#6419 = DIRECTION('',(1.,0.));
#6420 = ( GEOMETRIC_REPRESENTATION_CONTEXT(2) 
PARAMETRIC_REPRESENTATION_CONTEXT() REPRESENTATION_CONTEXT('2D SPACE',''
  ) );
#6421 = FACE_BOUND('',#6422,.F.);
#6422 = EDGE_LOOP('',(#6423));
#6423 = ORIENTED_EDGE('',*,*,#3107,.T.);
#6424 = ADVANCED_FACE('',(#6425),#3263,.T.);
#6425 = FACE_BOUND('',#6426,.T.);
#6426 = EDGE_LOOP('',(#6427,#6447,#6448,#6449,#6469,#6470,#6490,#6491,
    #6492,#6512,#6513,#6514,#6534,#6535,#6536,#6537,#6538,#6539));
#6427 = ORIENTED_EDGE('',*,*,#6428,.T.);
#6428 = EDGE_CURVE('',#3225,#3695,#6429,.T.);
#6429 = SURFACE_CURVE('',#6430,(#6434,#6441),.PCURVE_S1.);
#6430 = LINE('',#6431,#6432);
#6431 = CARTESIAN_POINT('',(39.,-14.5,24.161977298617));
#6432 = VECTOR('',#6433,1.);
#6433 = DIRECTION('',(0.,0.,1.));
#6434 = PCURVE('',#3263,#6435);
#6435 = DEFINITIONAL_REPRESENTATION('',(#6436),#6440);
#6436 = LINE('',#6437,#6438);
#6437 = CARTESIAN_POINT('',(-3.834215670959,13.050134161074));
#6438 = VECTOR('',#6439,1.);
#6439 = DIRECTION('',(1.,0.));
#6440 = ( GEOMETRIC_REPRESENTATION_CONTEXT(2) 
PARAMETRIC_REPRESENTATION_CONTEXT() REPRESENTATION_CONTEXT('2D SPACE',''
  ) );
#6441 = PCURVE('',#3239,#6442);
#6442 = DEFINITIONAL_REPRESENTATION('',(#6443),#6446);
#6443 = B_SPLINE_CURVE_WITH_KNOTS('',1,(#6444,#6445),.UNSPECIFIED.,.F.,
  .F.,(2,2),(-13.66197729861,8.85763054452),.PIECEWISE_BEZIER_KNOTS.);
#6444 = CARTESIAN_POINT('',(8.709615663322,-2.859615663322));
#6445 = CARTESIAN_POINT('',(-13.80999217981,-2.859615663322));
#6446 = ( GEOMETRIC_REPRESENTATION_CONTEXT(2) 
PARAMETRIC_REPRESENTATION_CONTEXT() REPRESENTATION_CONTEXT('2D SPACE',''
  ) );
#6447 = ORIENTED_EDGE('',*,*,#3694,.F.);
#6448 = ORIENTED_EDGE('',*,*,#3952,.T.);
#6449 = ORIENTED_EDGE('',*,*,#6450,.T.);
#6450 = EDGE_CURVE('',#3953,#3501,#6451,.T.);
#6451 = SURFACE_CURVE('',#6452,(#6456,#6463),.PCURVE_S1.);
#6452 = LINE('',#6453,#6454);
#6453 = CARTESIAN_POINT('',(39.,-14.5,24.854807831661));
#6454 = VECTOR('',#6455,1.);
#6455 = DIRECTION('',(0.,-0.,1.));
#6456 = PCURVE('',#3263,#6457);
#6457 = DEFINITIONAL_REPRESENTATION('',(#6458),#6462);
#6458 = LINE('',#6459,#6460);
#6459 = CARTESIAN_POINT('',(-3.141385137915,13.050134161074));
#6460 = VECTOR('',#6461,1.);
#6461 = DIRECTION('',(1.,0.));
#6462 = ( GEOMETRIC_REPRESENTATION_CONTEXT(2) 
PARAMETRIC_REPRESENTATION_CONTEXT() REPRESENTATION_CONTEXT('2D SPACE',''
  ) );
#6463 = PCURVE('',#3239,#6464);
#6464 = DEFINITIONAL_REPRESENTATION('',(#6465),#6468);
#6465 = B_SPLINE_CURVE_WITH_KNOTS('',1,(#6466,#6467),.UNSPECIFIED.,.F.,
  .F.,(2,2),(5.645192168339,8.645192168339),.PIECEWISE_BEZIER_KNOTS.);
#6466 = CARTESIAN_POINT('',(-11.29038433667,-2.859615663322));
#6467 = CARTESIAN_POINT('',(-14.29038433667,-2.859615663322));
#6468 = ( GEOMETRIC_REPRESENTATION_CONTEXT(2) 
PARAMETRIC_REPRESENTATION_CONTEXT() REPRESENTATION_CONTEXT('2D SPACE',''
  ) );
#6469 = ORIENTED_EDGE('',*,*,#3500,.T.);
#6470 = ORIENTED_EDGE('',*,*,#6471,.F.);
#6471 = EDGE_CURVE('',#3878,#3473,#6472,.T.);
#6472 = SURFACE_CURVE('',#6473,(#6477,#6484),.PCURVE_S1.);
#6473 = LINE('',#6474,#6475);
#6474 = CARTESIAN_POINT('',(39.,14.5,24.854807831661));
#6475 = VECTOR('',#6476,1.);
#6476 = DIRECTION('',(0.,-0.,1.));
#6477 = PCURVE('',#3263,#6478);
#6478 = DEFINITIONAL_REPRESENTATION('',(#6479),#6483);
#6479 = LINE('',#6480,#6481);
#6480 = CARTESIAN_POINT('',(-3.141385137915,-15.94986583892));
#6481 = VECTOR('',#6482,1.);
#6482 = DIRECTION('',(1.,0.));
#6483 = ( GEOMETRIC_REPRESENTATION_CONTEXT(2) 
PARAMETRIC_REPRESENTATION_CONTEXT() REPRESENTATION_CONTEXT('2D SPACE',''
  ) );
#6484 = PCURVE('',#3488,#6485);
#6485 = DEFINITIONAL_REPRESENTATION('',(#6486),#6489);
#6486 = B_SPLINE_CURVE_WITH_KNOTS('',1,(#6487,#6488),.UNSPECIFIED.,.F.,
  .F.,(2,2),(5.645192168339,8.645192168339),.PIECEWISE_BEZIER_KNOTS.);
#6487 = CARTESIAN_POINT('',(-11.29038433667,-2.859615663322));
#6488 = CARTESIAN_POINT('',(-14.29038433667,-2.859615663322));
#6489 = ( GEOMETRIC_REPRESENTATION_CONTEXT(2) 
PARAMETRIC_REPRESENTATION_CONTEXT() REPRESENTATION_CONTEXT('2D SPACE',''
  ) );
#6490 = ORIENTED_EDGE('',*,*,#3900,.T.);
#6491 = ORIENTED_EDGE('',*,*,#4158,.F.);
#6492 = ORIENTED_EDGE('',*,*,#6493,.F.);
#6493 = EDGE_CURVE('',#5920,#4139,#6494,.T.);
#6494 = SURFACE_CURVE('',#6495,(#6499,#6506),.PCURVE_S1.);
#6495 = LINE('',#6496,#6497);
#6496 = CARTESIAN_POINT('',(39.,14.5,24.161977298617));
#6497 = VECTOR('',#6498,1.);
#6498 = DIRECTION('',(0.,0.,1.));
#6499 = PCURVE('',#3263,#6500);
#6500 = DEFINITIONAL_REPRESENTATION('',(#6501),#6505);
#6501 = LINE('',#6502,#6503);
#6502 = CARTESIAN_POINT('',(-3.834215670959,-15.94986583892));
#6503 = VECTOR('',#6504,1.);
#6504 = DIRECTION('',(1.,0.));
#6505 = ( GEOMETRIC_REPRESENTATION_CONTEXT(2) 
PARAMETRIC_REPRESENTATION_CONTEXT() REPRESENTATION_CONTEXT('2D SPACE',''
  ) );
#6506 = PCURVE('',#3488,#6507);
#6507 = DEFINITIONAL_REPRESENTATION('',(#6508),#6511);
#6508 = B_SPLINE_CURVE_WITH_KNOTS('',1,(#6509,#6510),.UNSPECIFIED.,.F.,
  .F.,(2,2),(-13.66197729861,8.85763054452),.PIECEWISE_BEZIER_KNOTS.);
#6509 = CARTESIAN_POINT('',(8.709615663322,-2.859615663322));
#6510 = CARTESIAN_POINT('',(-13.80999217981,-2.859615663322));
#6511 = ( GEOMETRIC_REPRESENTATION_CONTEXT(2) 
PARAMETRIC_REPRESENTATION_CONTEXT() REPRESENTATION_CONTEXT('2D SPACE',''
  ) );
#6512 = ORIENTED_EDGE('',*,*,#5919,.T.);
#6513 = ORIENTED_EDGE('',*,*,#4354,.F.);
#6514 = ORIENTED_EDGE('',*,*,#6515,.F.);
#6515 = EDGE_CURVE('',#5222,#4321,#6516,.T.);
#6516 = SURFACE_CURVE('',#6517,(#6521,#6528),.PCURVE_S1.);
#6517 = LINE('',#6518,#6519);
#6518 = CARTESIAN_POINT('',(39.,4.75,37.5));
#6519 = VECTOR('',#6520,1.);
#6520 = DIRECTION('',(0.,1.,0.));
#6521 = PCURVE('',#3263,#6522);
#6522 = DEFINITIONAL_REPRESENTATION('',(#6523),#6527);
#6523 = LINE('',#6524,#6525);
#6524 = CARTESIAN_POINT('',(9.503807030424,-6.199865838926));
#6525 = VECTOR('',#6526,1.);
#6526 = DIRECTION('',(0.,-1.));
#6527 = ( GEOMETRIC_REPRESENTATION_CONTEXT(2) 
PARAMETRIC_REPRESENTATION_CONTEXT() REPRESENTATION_CONTEXT('2D SPACE',''
  ) );
#6528 = PCURVE('',#4340,#6529);
#6529 = DEFINITIONAL_REPRESENTATION('',(#6530),#6533);
#6530 = B_SPLINE_CURVE_WITH_KNOTS('',1,(#6531,#6532),.UNSPECIFIED.,.F.,
  .F.,(2,2),(9.229604631349,17.75),.PIECEWISE_BEZIER_KNOTS.);
#6531 = CARTESIAN_POINT('',(2.,22.979604631349));
#6532 = CARTESIAN_POINT('',(2.,31.5));
#6533 = ( GEOMETRIC_REPRESENTATION_CONTEXT(2) 
PARAMETRIC_REPRESENTATION_CONTEXT() REPRESENTATION_CONTEXT('2D SPACE',''
  ) );
#6534 = ORIENTED_EDGE('',*,*,#5221,.F.);
#6535 = ORIENTED_EDGE('',*,*,#5375,.F.);
#6536 = ORIENTED_EDGE('',*,*,#5483,.F.);
#6537 = ORIENTED_EDGE('',*,*,#5679,.F.);
#6538 = ORIENTED_EDGE('',*,*,#3577,.F.);
#6539 = ORIENTED_EDGE('',*,*,#3250,.T.);
#6540 = ADVANCED_FACE('',(#6541),#3239,.T.);
#6541 = FACE_BOUND('',#6542,.T.);
#6542 = EDGE_LOOP('',(#6543,#6544,#6545,#6566,#6567,#6568,#6569));
#6543 = ORIENTED_EDGE('',*,*,#6450,.F.);
#6544 = ORIENTED_EDGE('',*,*,#3975,.T.);
#6545 = ORIENTED_EDGE('',*,*,#6546,.T.);
#6546 = EDGE_CURVE('',#3976,#3726,#6547,.T.);
#6547 = SURFACE_CURVE('',#6548,(#6552,#6559),.PCURVE_S1.);
#6548 = LINE('',#6549,#6550);
#6549 = CARTESIAN_POINT('',(38.8,-14.5,33.5));
#6550 = VECTOR('',#6551,1.);
#6551 = DIRECTION('',(0.,0.,-1.));
#6552 = PCURVE('',#3239,#6553);
#6553 = DEFINITIONAL_REPRESENTATION('',(#6554),#6558);
#6554 = LINE('',#6555,#6556);
#6555 = CARTESIAN_POINT('',(-14.29038433667,-3.059615663322));
#6556 = VECTOR('',#6557,1.);
#6557 = DIRECTION('',(1.,0.));
#6558 = ( GEOMETRIC_REPRESENTATION_CONTEXT(2) 
PARAMETRIC_REPRESENTATION_CONTEXT() REPRESENTATION_CONTEXT('2D SPACE',''
  ) );
#6559 = PCURVE('',#3807,#6560);
#6560 = DEFINITIONAL_REPRESENTATION('',(#6561),#6565);
#6561 = LINE('',#6562,#6563);
#6562 = CARTESIAN_POINT('',(0.,-0.));
#6563 = VECTOR('',#6564,1.);
#6564 = DIRECTION('',(1.,0.));
#6565 = ( GEOMETRIC_REPRESENTATION_CONTEXT(2) 
PARAMETRIC_REPRESENTATION_CONTEXT() REPRESENTATION_CONTEXT('2D SPACE',''
  ) );
#6566 = ORIENTED_EDGE('',*,*,#3725,.F.);
#6567 = ORIENTED_EDGE('',*,*,#6428,.F.);
#6568 = ORIENTED_EDGE('',*,*,#3224,.T.);
#6569 = ORIENTED_EDGE('',*,*,#3522,.T.);
#6570 = ADVANCED_FACE('',(#6571),#3295,.T.);
#6571 = FACE_BOUND('',#6572,.T.);
#6572 = EDGE_LOOP('',(#6573,#6594,#6595,#6616));
#6573 = ORIENTED_EDGE('',*,*,#6574,.T.);
#6574 = EDGE_CURVE('',#3278,#6235,#6575,.T.);
#6575 = SURFACE_CURVE('',#6576,(#6580,#6587),.PCURVE_S1.);
#6576 = LINE('',#6577,#6578);
#6577 = CARTESIAN_POINT('',(42.05,-16.79681670589,10.5));
#6578 = VECTOR('',#6579,1.);
#6579 = DIRECTION('',(1.110223024625E-16,0.,-1.));
#6580 = PCURVE('',#3295,#6581);
#6581 = DEFINITIONAL_REPRESENTATION('',(#6582),#6586);
#6582 = LINE('',#6583,#6584);
#6583 = CARTESIAN_POINT('',(0.,0.));
#6584 = VECTOR('',#6585,1.);
#6585 = DIRECTION('',(0.,-1.));
#6586 = ( GEOMETRIC_REPRESENTATION_CONTEXT(2) 
PARAMETRIC_REPRESENTATION_CONTEXT() REPRESENTATION_CONTEXT('2D SPACE',''
  ) );
#6587 = PCURVE('',#3433,#6588);
#6588 = DEFINITIONAL_REPRESENTATION('',(#6589),#6593);
#6589 = LINE('',#6590,#6591);
#6590 = CARTESIAN_POINT('',(3.406366588219,0.));
#6591 = VECTOR('',#6592,1.);
#6592 = DIRECTION('',(0.,-1.));
#6593 = ( GEOMETRIC_REPRESENTATION_CONTEXT(2) 
PARAMETRIC_REPRESENTATION_CONTEXT() REPRESENTATION_CONTEXT('2D SPACE',''
  ) );
#6594 = ORIENTED_EDGE('',*,*,#6257,.T.);
#6595 = ORIENTED_EDGE('',*,*,#6596,.F.);
#6596 = EDGE_CURVE('',#3280,#6141,#6597,.T.);
#6597 = SURFACE_CURVE('',#6598,(#6602,#6609),.PCURVE_S1.);
#6598 = LINE('',#6599,#6600);
#6599 = CARTESIAN_POINT('',(45.,-15.09363341178,10.5));
#6600 = VECTOR('',#6601,1.);
#6601 = DIRECTION('',(1.110223024625E-16,0.,-1.));
#6602 = PCURVE('',#3295,#6603);
#6603 = DEFINITIONAL_REPRESENTATION('',(#6604),#6608);
#6604 = LINE('',#6605,#6606);
#6605 = CARTESIAN_POINT('',(3.406366588219,0.));
#6606 = VECTOR('',#6607,1.);
#6607 = DIRECTION('',(0.,-1.));
#6608 = ( GEOMETRIC_REPRESENTATION_CONTEXT(2) 
PARAMETRIC_REPRESENTATION_CONTEXT() REPRESENTATION_CONTEXT('2D SPACE',''
  ) );
#6609 = PCURVE('',#3323,#6610);
#6610 = DEFINITIONAL_REPRESENTATION('',(#6611),#6615);
#6611 = LINE('',#6612,#6613);
#6612 = CARTESIAN_POINT('',(0.,0.));
#6613 = VECTOR('',#6614,1.);
#6614 = DIRECTION('',(0.,-1.));
#6615 = ( GEOMETRIC_REPRESENTATION_CONTEXT(2) 
PARAMETRIC_REPRESENTATION_CONTEXT() REPRESENTATION_CONTEXT('2D SPACE',''
  ) );
#6616 = ORIENTED_EDGE('',*,*,#3277,.F.);
#6617 = ADVANCED_FACE('',(#6618),#3433,.T.);
#6618 = FACE_BOUND('',#6619,.T.);
#6619 = EDGE_LOOP('',(#6620,#6641,#6642,#6643));
#6620 = ORIENTED_EDGE('',*,*,#6621,.T.);
#6621 = EDGE_CURVE('',#3392,#6212,#6622,.T.);
#6622 = SURFACE_CURVE('',#6623,(#6627,#6634),.PCURVE_S1.);
#6623 = LINE('',#6624,#6625);
#6624 = CARTESIAN_POINT('',(42.05,-20.2031832941,10.5));
#6625 = VECTOR('',#6626,1.);
#6626 = DIRECTION('',(1.110223024625E-16,0.,-1.));
#6627 = PCURVE('',#3433,#6628);
#6628 = DEFINITIONAL_REPRESENTATION('',(#6629),#6633);
#6629 = LINE('',#6630,#6631);
#6630 = CARTESIAN_POINT('',(0.,0.));
#6631 = VECTOR('',#6632,1.);
#6632 = DIRECTION('',(0.,-1.));
#6633 = ( GEOMETRIC_REPRESENTATION_CONTEXT(2) 
PARAMETRIC_REPRESENTATION_CONTEXT() REPRESENTATION_CONTEXT('2D SPACE',''
  ) );
#6634 = PCURVE('',#3407,#6635);
#6635 = DEFINITIONAL_REPRESENTATION('',(#6636),#6640);
#6636 = LINE('',#6637,#6638);
#6637 = CARTESIAN_POINT('',(3.406366588219,0.));
#6638 = VECTOR('',#6639,1.);
#6639 = DIRECTION('',(0.,-1.));
#6640 = ( GEOMETRIC_REPRESENTATION_CONTEXT(2) 
PARAMETRIC_REPRESENTATION_CONTEXT() REPRESENTATION_CONTEXT('2D SPACE',''
  ) );
#6641 = ORIENTED_EDGE('',*,*,#6234,.T.);
#6642 = ORIENTED_EDGE('',*,*,#6574,.F.);
#6643 = ORIENTED_EDGE('',*,*,#3419,.F.);
#6644 = ADVANCED_FACE('',(#6645),#3323,.T.);
#6645 = FACE_BOUND('',#6646,.T.);
#6646 = EDGE_LOOP('',(#6647,#6648,#6649,#6670));
#6647 = ORIENTED_EDGE('',*,*,#6596,.T.);
#6648 = ORIENTED_EDGE('',*,*,#6140,.T.);
#6649 = ORIENTED_EDGE('',*,*,#6650,.F.);
#6650 = EDGE_CURVE('',#3308,#6143,#6651,.T.);
#6651 = SURFACE_CURVE('',#6652,(#6656,#6663),.PCURVE_S1.);
#6652 = LINE('',#6653,#6654);
#6653 = CARTESIAN_POINT('',(47.95,-16.79681670589,10.5));
#6654 = VECTOR('',#6655,1.);
#6655 = DIRECTION('',(1.110223024625E-16,0.,-1.));
#6656 = PCURVE('',#3323,#6657);
#6657 = DEFINITIONAL_REPRESENTATION('',(#6658),#6662);
#6658 = LINE('',#6659,#6660);
#6659 = CARTESIAN_POINT('',(3.406366588219,0.));
#6660 = VECTOR('',#6661,1.);
#6661 = DIRECTION('',(0.,-1.));
#6662 = ( GEOMETRIC_REPRESENTATION_CONTEXT(2) 
PARAMETRIC_REPRESENTATION_CONTEXT() REPRESENTATION_CONTEXT('2D SPACE',''
  ) );
#6663 = PCURVE('',#3351,#6664);
#6664 = DEFINITIONAL_REPRESENTATION('',(#6665),#6669);
#6665 = LINE('',#6666,#6667);
#6666 = CARTESIAN_POINT('',(0.,0.));
#6667 = VECTOR('',#6668,1.);
#6668 = DIRECTION('',(0.,-1.));
#6669 = ( GEOMETRIC_REPRESENTATION_CONTEXT(2) 
PARAMETRIC_REPRESENTATION_CONTEXT() REPRESENTATION_CONTEXT('2D SPACE',''
  ) );
#6670 = ORIENTED_EDGE('',*,*,#3307,.F.);
#6671 = ADVANCED_FACE('',(#6672),#3407,.T.);
#6672 = FACE_BOUND('',#6673,.T.);
#6673 = EDGE_LOOP('',(#6674,#6695,#6696,#6697));
#6674 = ORIENTED_EDGE('',*,*,#6675,.T.);
#6675 = EDGE_CURVE('',#3364,#6189,#6676,.T.);
#6676 = SURFACE_CURVE('',#6677,(#6681,#6688),.PCURVE_S1.);
#6677 = LINE('',#6678,#6679);
#6678 = CARTESIAN_POINT('',(45.,-21.90636658821,10.5));
#6679 = VECTOR('',#6680,1.);
#6680 = DIRECTION('',(1.110223024625E-16,0.,-1.));
#6681 = PCURVE('',#3407,#6682);
#6682 = DEFINITIONAL_REPRESENTATION('',(#6683),#6687);
#6683 = LINE('',#6684,#6685);
#6684 = CARTESIAN_POINT('',(0.,0.));
#6685 = VECTOR('',#6686,1.);
#6686 = DIRECTION('',(0.,-1.));
#6687 = ( GEOMETRIC_REPRESENTATION_CONTEXT(2) 
PARAMETRIC_REPRESENTATION_CONTEXT() REPRESENTATION_CONTEXT('2D SPACE',''
  ) );
#6688 = PCURVE('',#3379,#6689);
#6689 = DEFINITIONAL_REPRESENTATION('',(#6690),#6694);
#6690 = LINE('',#6691,#6692);
#6691 = CARTESIAN_POINT('',(3.406366588219,0.));
#6692 = VECTOR('',#6693,1.);
#6693 = DIRECTION('',(0.,-1.));
#6694 = ( GEOMETRIC_REPRESENTATION_CONTEXT(2) 
PARAMETRIC_REPRESENTATION_CONTEXT() REPRESENTATION_CONTEXT('2D SPACE',''
  ) );
#6695 = ORIENTED_EDGE('',*,*,#6211,.T.);
#6696 = ORIENTED_EDGE('',*,*,#6621,.F.);
#6697 = ORIENTED_EDGE('',*,*,#3391,.F.);
#6698 = ADVANCED_FACE('',(#6699),#3351,.T.);
#6699 = FACE_BOUND('',#6700,.T.);
#6700 = EDGE_LOOP('',(#6701,#6702,#6703,#6724));
#6701 = ORIENTED_EDGE('',*,*,#6650,.T.);
#6702 = ORIENTED_EDGE('',*,*,#6165,.T.);
#6703 = ORIENTED_EDGE('',*,*,#6704,.F.);
#6704 = EDGE_CURVE('',#3336,#6166,#6705,.T.);
#6705 = SURFACE_CURVE('',#6706,(#6710,#6717),.PCURVE_S1.);
#6706 = LINE('',#6707,#6708);
#6707 = CARTESIAN_POINT('',(47.95,-20.2031832941,10.5));
#6708 = VECTOR('',#6709,1.);
#6709 = DIRECTION('',(1.110223024625E-16,0.,-1.));
#6710 = PCURVE('',#3351,#6711);
#6711 = DEFINITIONAL_REPRESENTATION('',(#6712),#6716);
#6712 = LINE('',#6713,#6714);
#6713 = CARTESIAN_POINT('',(3.406366588219,0.));
#6714 = VECTOR('',#6715,1.);
#6715 = DIRECTION('',(0.,-1.));
#6716 = ( GEOMETRIC_REPRESENTATION_CONTEXT(2) 
PARAMETRIC_REPRESENTATION_CONTEXT() REPRESENTATION_CONTEXT('2D SPACE',''
  ) );
#6717 = PCURVE('',#3379,#6718);
#6718 = DEFINITIONAL_REPRESENTATION('',(#6719),#6723);
#6719 = LINE('',#6720,#6721);
#6720 = CARTESIAN_POINT('',(0.,0.));
#6721 = VECTOR('',#6722,1.);
#6722 = DIRECTION('',(0.,-1.));
#6723 = ( GEOMETRIC_REPRESENTATION_CONTEXT(2) 
PARAMETRIC_REPRESENTATION_CONTEXT() REPRESENTATION_CONTEXT('2D SPACE',''
  ) );
#6724 = ORIENTED_EDGE('',*,*,#3335,.F.);
#6725 = ADVANCED_FACE('',(#6726),#3379,.T.);
#6726 = FACE_BOUND('',#6727,.T.);
#6727 = EDGE_LOOP('',(#6728,#6729,#6730,#6731));
#6728 = ORIENTED_EDGE('',*,*,#6704,.T.);
#6729 = ORIENTED_EDGE('',*,*,#6188,.T.);
#6730 = ORIENTED_EDGE('',*,*,#6675,.F.);
#6731 = ORIENTED_EDGE('',*,*,#3363,.F.);
#6732 = ADVANCED_FACE('',(#6733),#3488,.F.);
#6733 = FACE_BOUND('',#6734,.F.);
#6734 = EDGE_LOOP('',(#6735,#6736,#6737,#6758,#6759,#6760,#6761));
#6735 = ORIENTED_EDGE('',*,*,#6471,.F.);
#6736 = ORIENTED_EDGE('',*,*,#3877,.T.);
#6737 = ORIENTED_EDGE('',*,*,#6738,.T.);
#6738 = EDGE_CURVE('',#3880,#4074,#6739,.T.);
#6739 = SURFACE_CURVE('',#6740,(#6744,#6751),.PCURVE_S1.);
#6740 = LINE('',#6741,#6742);
#6741 = CARTESIAN_POINT('',(38.8,14.5,33.5));
#6742 = VECTOR('',#6743,1.);
#6743 = DIRECTION('',(0.,0.,-1.));
#6744 = PCURVE('',#3488,#6745);
#6745 = DEFINITIONAL_REPRESENTATION('',(#6746),#6750);
#6746 = LINE('',#6747,#6748);
#6747 = CARTESIAN_POINT('',(-14.29038433667,-3.059615663322));
#6748 = VECTOR('',#6749,1.);
#6749 = DIRECTION('',(1.,0.));
#6750 = ( GEOMETRIC_REPRESENTATION_CONTEXT(2) 
PARAMETRIC_REPRESENTATION_CONTEXT() REPRESENTATION_CONTEXT('2D SPACE',''
  ) );
#6751 = PCURVE('',#3807,#6752);
#6752 = DEFINITIONAL_REPRESENTATION('',(#6753),#6757);
#6753 = LINE('',#6754,#6755);
#6754 = CARTESIAN_POINT('',(0.,-29.));
#6755 = VECTOR('',#6756,1.);
#6756 = DIRECTION('',(1.,0.));
#6757 = ( GEOMETRIC_REPRESENTATION_CONTEXT(2) 
PARAMETRIC_REPRESENTATION_CONTEXT() REPRESENTATION_CONTEXT('2D SPACE',''
  ) );
#6758 = ORIENTED_EDGE('',*,*,#4138,.F.);
#6759 = ORIENTED_EDGE('',*,*,#6493,.F.);
#6760 = ORIENTED_EDGE('',*,*,#5941,.T.);
#6761 = ORIENTED_EDGE('',*,*,#3472,.T.);
#6762 = ADVANCED_FACE('',(#6763),#3807,.T.);
#6763 = FACE_BOUND('',#6764,.T.);
#6764 = EDGE_LOOP('',(#6765,#6766,#6767,#6768,#6769,#6770));
#6765 = ORIENTED_EDGE('',*,*,#6546,.F.);
#6766 = ORIENTED_EDGE('',*,*,#3996,.T.);
#6767 = ORIENTED_EDGE('',*,*,#6738,.T.);
#6768 = ORIENTED_EDGE('',*,*,#4073,.T.);
#6769 = ORIENTED_EDGE('',*,*,#5893,.T.);
#6770 = ORIENTED_EDGE('',*,*,#3745,.T.);
#6771 = ADVANCED_FACE('',(#6772),#4340,.F.);
#6772 = FACE_BOUND('',#6773,.F.);
#6773 = EDGE_LOOP('',(#6774,#6797,#6825,#6853,#6881,#6902,#6903,#6904,
    #6905));
#6774 = ORIENTED_EDGE('',*,*,#6775,.F.);
#6775 = EDGE_CURVE('',#6776,#4972,#6778,.T.);
#6776 = VERTEX_POINT('',#6777);
#6777 = CARTESIAN_POINT('',(37.,-9.,37.5));
#6778 = SURFACE_CURVE('',#6779,(#6783,#6790),.PCURVE_S1.);
#6779 = LINE('',#6780,#6781);
#6780 = CARTESIAN_POINT('',(37.,-9.,37.5));
#6781 = VECTOR('',#6782,1.);
#6782 = DIRECTION('',(-0.,1.,0.));
#6783 = PCURVE('',#4340,#6784);
#6784 = DEFINITIONAL_REPRESENTATION('',(#6785),#6789);
#6785 = LINE('',#6786,#6787);
#6786 = CARTESIAN_POINT('',(0.,0.));
#6787 = VECTOR('',#6788,1.);
#6788 = DIRECTION('',(0.,1.));
#6789 = ( GEOMETRIC_REPRESENTATION_CONTEXT(2) 
PARAMETRIC_REPRESENTATION_CONTEXT() REPRESENTATION_CONTEXT('2D SPACE',''
  ) );
#6790 = PCURVE('',#5021,#6791);
#6791 = DEFINITIONAL_REPRESENTATION('',(#6792),#6796);
#6792 = LINE('',#6793,#6794);
#6793 = CARTESIAN_POINT('',(-13.,9.));
#6794 = VECTOR('',#6795,1.);
#6795 = DIRECTION('',(0.,-1.));
#6796 = ( GEOMETRIC_REPRESENTATION_CONTEXT(2) 
PARAMETRIC_REPRESENTATION_CONTEXT() REPRESENTATION_CONTEXT('2D SPACE',''
  ) );
#6797 = ORIENTED_EDGE('',*,*,#6798,.T.);
#6798 = EDGE_CURVE('',#6776,#6799,#6801,.T.);
#6799 = VERTEX_POINT('',#6800);
#6800 = CARTESIAN_POINT('',(41.,-9.,37.5));
#6801 = SURFACE_CURVE('',#6802,(#6806,#6813),.PCURVE_S1.);
#6802 = LINE('',#6803,#6804);
#6803 = CARTESIAN_POINT('',(37.,-9.,37.5));
#6804 = VECTOR('',#6805,1.);
#6805 = DIRECTION('',(1.,0.,-0.));
#6806 = PCURVE('',#4340,#6807);
#6807 = DEFINITIONAL_REPRESENTATION('',(#6808),#6812);
#6808 = LINE('',#6809,#6810);
#6809 = CARTESIAN_POINT('',(0.,0.));
#6810 = VECTOR('',#6811,1.);
#6811 = DIRECTION('',(1.,0.));
#6812 = ( GEOMETRIC_REPRESENTATION_CONTEXT(2) 
PARAMETRIC_REPRESENTATION_CONTEXT() REPRESENTATION_CONTEXT('2D SPACE',''
  ) );
#6813 = PCURVE('',#6814,#6819);
#6814 = CYLINDRICAL_SURFACE('',#6815,5.);
#6815 = AXIS2_PLACEMENT_3D('',#6816,#6817,#6818);
#6816 = CARTESIAN_POINT('',(37.,-9.,42.5));
#6817 = DIRECTION('',(1.,0.,0.));
#6818 = DIRECTION('',(-0.,0.,1.));
#6819 = DEFINITIONAL_REPRESENTATION('',(#6820),#6824);
#6820 = LINE('',#6821,#6822);
#6821 = CARTESIAN_POINT('',(3.14159265359,0.));
#6822 = VECTOR('',#6823,1.);
#6823 = DIRECTION('',(0.,1.));
#6824 = ( GEOMETRIC_REPRESENTATION_CONTEXT(2) 
PARAMETRIC_REPRESENTATION_CONTEXT() REPRESENTATION_CONTEXT('2D SPACE',''
  ) );
#6825 = ORIENTED_EDGE('',*,*,#6826,.T.);
#6826 = EDGE_CURVE('',#6799,#6827,#6829,.T.);
#6827 = VERTEX_POINT('',#6828);
#6828 = CARTESIAN_POINT('',(41.,22.5,37.5));
#6829 = SURFACE_CURVE('',#6830,(#6834,#6841),.PCURVE_S1.);
#6830 = LINE('',#6831,#6832);
#6831 = CARTESIAN_POINT('',(41.,-9.,37.5));
#6832 = VECTOR('',#6833,1.);
#6833 = DIRECTION('',(-0.,1.,0.));
#6834 = PCURVE('',#4340,#6835);
#6835 = DEFINITIONAL_REPRESENTATION('',(#6836),#6840);
#6836 = LINE('',#6837,#6838);
#6837 = CARTESIAN_POINT('',(4.,0.));
#6838 = VECTOR('',#6839,1.);
#6839 = DIRECTION('',(0.,1.));
#6840 = ( GEOMETRIC_REPRESENTATION_CONTEXT(2) 
PARAMETRIC_REPRESENTATION_CONTEXT() REPRESENTATION_CONTEXT('2D SPACE',''
  ) );
#6841 = PCURVE('',#6842,#6847);
#6842 = PLANE('',#6843);
#6843 = AXIS2_PLACEMENT_3D('',#6844,#6845,#6846);
#6844 = CARTESIAN_POINT('',(41.,6.75,50.5));
#6845 = DIRECTION('',(1.,0.,0.));
#6846 = DIRECTION('',(-0.,0.,1.));
#6847 = DEFINITIONAL_REPRESENTATION('',(#6848),#6852);
#6848 = LINE('',#6849,#6850);
#6849 = CARTESIAN_POINT('',(-13.,15.75));
#6850 = VECTOR('',#6851,1.);
#6851 = DIRECTION('',(0.,-1.));
#6852 = ( GEOMETRIC_REPRESENTATION_CONTEXT(2) 
PARAMETRIC_REPRESENTATION_CONTEXT() REPRESENTATION_CONTEXT('2D SPACE',''
  ) );
#6853 = ORIENTED_EDGE('',*,*,#6854,.F.);
#6854 = EDGE_CURVE('',#6855,#6827,#6857,.T.);
#6855 = VERTEX_POINT('',#6856);
#6856 = CARTESIAN_POINT('',(37.,22.5,37.5));
#6857 = SURFACE_CURVE('',#6858,(#6862,#6869),.PCURVE_S1.);
#6858 = LINE('',#6859,#6860);
#6859 = CARTESIAN_POINT('',(37.,22.5,37.5));
#6860 = VECTOR('',#6861,1.);
#6861 = DIRECTION('',(1.,0.,-0.));
#6862 = PCURVE('',#4340,#6863);
#6863 = DEFINITIONAL_REPRESENTATION('',(#6864),#6868);
#6864 = LINE('',#6865,#6866);
#6865 = CARTESIAN_POINT('',(0.,31.5));
#6866 = VECTOR('',#6867,1.);
#6867 = DIRECTION('',(1.,0.));
#6868 = ( GEOMETRIC_REPRESENTATION_CONTEXT(2) 
PARAMETRIC_REPRESENTATION_CONTEXT() REPRESENTATION_CONTEXT('2D SPACE',''
  ) );
#6869 = PCURVE('',#6870,#6875);
#6870 = CYLINDRICAL_SURFACE('',#6871,5.);
#6871 = AXIS2_PLACEMENT_3D('',#6872,#6873,#6874);
#6872 = CARTESIAN_POINT('',(37.,22.5,42.5));
#6873 = DIRECTION('',(1.,0.,0.));
#6874 = DIRECTION('',(-0.,0.,1.));
#6875 = DEFINITIONAL_REPRESENTATION('',(#6876),#6880);
#6876 = LINE('',#6877,#6878);
#6877 = CARTESIAN_POINT('',(3.14159265359,0.));
#6878 = VECTOR('',#6879,1.);
#6879 = DIRECTION('',(0.,1.));
#6880 = ( GEOMETRIC_REPRESENTATION_CONTEXT(2) 
PARAMETRIC_REPRESENTATION_CONTEXT() REPRESENTATION_CONTEXT('2D SPACE',''
  ) );
#6881 = ORIENTED_EDGE('',*,*,#6882,.F.);
#6882 = EDGE_CURVE('',#4254,#6855,#6883,.T.);
#6883 = SURFACE_CURVE('',#6884,(#6888,#6895),.PCURVE_S1.);
#6884 = LINE('',#6885,#6886);
#6885 = CARTESIAN_POINT('',(37.,-9.,37.5));
#6886 = VECTOR('',#6887,1.);
#6887 = DIRECTION('',(-0.,1.,0.));
#6888 = PCURVE('',#4340,#6889);
#6889 = DEFINITIONAL_REPRESENTATION('',(#6890),#6894);
#6890 = LINE('',#6891,#6892);
#6891 = CARTESIAN_POINT('',(0.,0.));
#6892 = VECTOR('',#6893,1.);
#6893 = DIRECTION('',(0.,1.));
#6894 = ( GEOMETRIC_REPRESENTATION_CONTEXT(2) 
PARAMETRIC_REPRESENTATION_CONTEXT() REPRESENTATION_CONTEXT('2D SPACE',''
  ) );
#6895 = PCURVE('',#4295,#6896);
#6896 = DEFINITIONAL_REPRESENTATION('',(#6897),#6901);
#6897 = LINE('',#6898,#6899);
#6898 = CARTESIAN_POINT('',(13.,15.75));
#6899 = VECTOR('',#6900,1.);
#6900 = DIRECTION('',(0.,-1.));
#6901 = ( GEOMETRIC_REPRESENTATION_CONTEXT(2) 
PARAMETRIC_REPRESENTATION_CONTEXT() REPRESENTATION_CONTEXT('2D SPACE',''
  ) );
#6902 = ORIENTED_EDGE('',*,*,#4320,.F.);
#6903 = ORIENTED_EDGE('',*,*,#6515,.F.);
#6904 = ORIENTED_EDGE('',*,*,#5252,.T.);
#6905 = ORIENTED_EDGE('',*,*,#6906,.F.);
#6906 = EDGE_CURVE('',#4972,#5253,#6907,.T.);
#6907 = SURFACE_CURVE('',#6908,(#6912,#6919),.PCURVE_S1.);
#6908 = LINE('',#6909,#6910);
#6909 = CARTESIAN_POINT('',(37.,-9.,37.5));
#6910 = VECTOR('',#6911,1.);
#6911 = DIRECTION('',(-0.,1.,0.));
#6912 = PCURVE('',#4340,#6913);
#6913 = DEFINITIONAL_REPRESENTATION('',(#6914),#6918);
#6914 = LINE('',#6915,#6916);
#6915 = CARTESIAN_POINT('',(0.,0.));
#6916 = VECTOR('',#6917,1.);
#6917 = DIRECTION('',(0.,1.));
#6918 = ( GEOMETRIC_REPRESENTATION_CONTEXT(2) 
PARAMETRIC_REPRESENTATION_CONTEXT() REPRESENTATION_CONTEXT('2D SPACE',''
  ) );
#6919 = PCURVE('',#4988,#6920);
#6920 = DEFINITIONAL_REPRESENTATION('',(#6921),#6925);
#6921 = LINE('',#6922,#6923);
#6922 = CARTESIAN_POINT('',(13.,15.75));
#6923 = VECTOR('',#6924,1.);
#6924 = DIRECTION('',(0.,-1.));
#6925 = ( GEOMETRIC_REPRESENTATION_CONTEXT(2) 
PARAMETRIC_REPRESENTATION_CONTEXT() REPRESENTATION_CONTEXT('2D SPACE',''
  ) );
#6926 = ADVANCED_FACE('',(#6927,#7079),#4295,.T.);
#6927 = FACE_BOUND('',#6928,.T.);
#6928 = EDGE_LOOP('',(#6929,#6930,#6931,#6932,#6933,#6934,#6935,#6936,
    #6964,#6992,#7025,#7053));
#6929 = ORIENTED_EDGE('',*,*,#6882,.F.);
#6930 = ORIENTED_EDGE('',*,*,#4253,.T.);
#6931 = ORIENTED_EDGE('',*,*,#4530,.T.);
#6932 = ORIENTED_EDGE('',*,*,#4473,.T.);
#6933 = ORIENTED_EDGE('',*,*,#4589,.T.);
#6934 = ORIENTED_EDGE('',*,*,#4653,.T.);
#6935 = ORIENTED_EDGE('',*,*,#4791,.T.);
#6936 = ORIENTED_EDGE('',*,*,#6937,.T.);
#6937 = EDGE_CURVE('',#4766,#6938,#6940,.T.);
#6938 = VERTEX_POINT('',#6939);
#6939 = CARTESIAN_POINT('',(37.,10.161200716452,63.5));
#6940 = SURFACE_CURVE('',#6941,(#6946,#6957),.PCURVE_S1.);
#6941 = CIRCLE('',#6942,16.5);
#6942 = AXIS2_PLACEMENT_3D('',#6943,#6944,#6945);
#6943 = CARTESIAN_POINT('',(37.,0.,50.5));
#6944 = DIRECTION('',(1.,0.,0.));
#6945 = DIRECTION('',(-0.,0.,1.));
#6946 = PCURVE('',#4295,#6947);
#6947 = DEFINITIONAL_REPRESENTATION('',(#6948),#6956);
#6948 = ( BOUNDED_CURVE() B_SPLINE_CURVE(2,(#6949,#6950,#6951,#6952,
#6953,#6954,#6955),.UNSPECIFIED.,.T.,.F.) B_SPLINE_CURVE_WITH_KNOTS((1,2
    ,2,2,2,1),(-2.094395102393,0.,2.094395102393,4.188790204786,
6.28318530718,8.377580409573),.UNSPECIFIED.) CURVE() 
GEOMETRIC_REPRESENTATION_ITEM() RATIONAL_B_SPLINE_CURVE((1.,0.5,1.,0.5,
1.,0.5,1.)) REPRESENTATION_ITEM('') );
#6949 = CARTESIAN_POINT('',(-16.5,6.75));
#6950 = CARTESIAN_POINT('',(-16.5,35.328838324886));
#6951 = CARTESIAN_POINT('',(8.25,21.039419162443));
#6952 = CARTESIAN_POINT('',(33.,6.75));
#6953 = CARTESIAN_POINT('',(8.25,-7.539419162443));
#6954 = CARTESIAN_POINT('',(-16.5,-21.82883832488));
#6955 = CARTESIAN_POINT('',(-16.5,6.75));
#6956 = ( GEOMETRIC_REPRESENTATION_CONTEXT(2) 
PARAMETRIC_REPRESENTATION_CONTEXT() REPRESENTATION_CONTEXT('2D SPACE',''
  ) );
#6957 = PCURVE('',#4780,#6958);
#6958 = DEFINITIONAL_REPRESENTATION('',(#6959),#6963);
#6959 = LINE('',#6960,#6961);
#6960 = CARTESIAN_POINT('',(0.,5.));
#6961 = VECTOR('',#6962,1.);
#6962 = DIRECTION('',(1.,0.));
#6963 = ( GEOMETRIC_REPRESENTATION_CONTEXT(2) 
PARAMETRIC_REPRESENTATION_CONTEXT() REPRESENTATION_CONTEXT('2D SPACE',''
  ) );
#6964 = ORIENTED_EDGE('',*,*,#6965,.T.);
#6965 = EDGE_CURVE('',#6938,#6966,#6968,.T.);
#6966 = VERTEX_POINT('',#6967);
#6967 = CARTESIAN_POINT('',(37.,22.5,63.5));
#6968 = SURFACE_CURVE('',#6969,(#6973,#6980),.PCURVE_S1.);
#6969 = LINE('',#6970,#6971);
#6970 = CARTESIAN_POINT('',(37.,-9.,63.5));
#6971 = VECTOR('',#6972,1.);
#6972 = DIRECTION('',(-0.,1.,0.));
#6973 = PCURVE('',#4295,#6974);
#6974 = DEFINITIONAL_REPRESENTATION('',(#6975),#6979);
#6975 = LINE('',#6976,#6977);
#6976 = CARTESIAN_POINT('',(-13.,15.75));
#6977 = VECTOR('',#6978,1.);
#6978 = DIRECTION('',(0.,-1.));
#6979 = ( GEOMETRIC_REPRESENTATION_CONTEXT(2) 
PARAMETRIC_REPRESENTATION_CONTEXT() REPRESENTATION_CONTEXT('2D SPACE',''
  ) );
#6980 = PCURVE('',#6981,#6986);
#6981 = PLANE('',#6982);
#6982 = AXIS2_PLACEMENT_3D('',#6983,#6984,#6985);
#6983 = CARTESIAN_POINT('',(37.,-9.,63.5));
#6984 = DIRECTION('',(0.,0.,1.));
#6985 = DIRECTION('',(1.,0.,-0.));
#6986 = DEFINITIONAL_REPRESENTATION('',(#6987),#6991);
#6987 = LINE('',#6988,#6989);
#6988 = CARTESIAN_POINT('',(0.,0.));
#6989 = VECTOR('',#6990,1.);
#6990 = DIRECTION('',(0.,1.));
#6991 = ( GEOMETRIC_REPRESENTATION_CONTEXT(2) 
PARAMETRIC_REPRESENTATION_CONTEXT() REPRESENTATION_CONTEXT('2D SPACE',''
  ) );
#6992 = ORIENTED_EDGE('',*,*,#6993,.F.);
#6993 = EDGE_CURVE('',#6994,#6966,#6996,.T.);
#6994 = VERTEX_POINT('',#6995);
#6995 = CARTESIAN_POINT('',(37.,27.5,58.5));
#6996 = SURFACE_CURVE('',#6997,(#7002,#7013),.PCURVE_S1.);
#6997 = CIRCLE('',#6998,5.);
#6998 = AXIS2_PLACEMENT_3D('',#6999,#7000,#7001);
#6999 = CARTESIAN_POINT('',(37.,22.5,58.5));
#7000 = DIRECTION('',(1.,0.,0.));
#7001 = DIRECTION('',(-0.,0.,1.));
#7002 = PCURVE('',#4295,#7003);
#7003 = DEFINITIONAL_REPRESENTATION('',(#7004),#7012);
#7004 = ( BOUNDED_CURVE() B_SPLINE_CURVE(2,(#7005,#7006,#7007,#7008,
#7009,#7010,#7011),.UNSPECIFIED.,.T.,.F.) B_SPLINE_CURVE_WITH_KNOTS((1,2
    ,2,2,2,1),(-2.094395102393,0.,2.094395102393,4.188790204786,
6.28318530718,8.377580409573),.UNSPECIFIED.) CURVE() 
GEOMETRIC_REPRESENTATION_ITEM() RATIONAL_B_SPLINE_CURVE((1.,0.5,1.,0.5,
1.,0.5,1.)) REPRESENTATION_ITEM('') );
#7005 = CARTESIAN_POINT('',(-13.,-15.75));
#7006 = CARTESIAN_POINT('',(-13.,-7.089745962156));
#7007 = CARTESIAN_POINT('',(-5.5,-11.41987298107));
#7008 = CARTESIAN_POINT('',(2.,-15.75));
#7009 = CARTESIAN_POINT('',(-5.5,-20.08012701892));
#7010 = CARTESIAN_POINT('',(-13.,-24.41025403784));
#7011 = CARTESIAN_POINT('',(-13.,-15.75));
#7012 = ( GEOMETRIC_REPRESENTATION_CONTEXT(2) 
PARAMETRIC_REPRESENTATION_CONTEXT() REPRESENTATION_CONTEXT('2D SPACE',''
  ) );
#7013 = PCURVE('',#7014,#7019);
#7014 = CYLINDRICAL_SURFACE('',#7015,5.);
#7015 = AXIS2_PLACEMENT_3D('',#7016,#7017,#7018);
#7016 = CARTESIAN_POINT('',(37.,22.5,58.5));
#7017 = DIRECTION('',(1.,0.,0.));
#7018 = DIRECTION('',(-0.,0.,1.));
#7019 = DEFINITIONAL_REPRESENTATION('',(#7020),#7024);
#7020 = LINE('',#7021,#7022);
#7021 = CARTESIAN_POINT('',(0.,0.));
#7022 = VECTOR('',#7023,1.);
#7023 = DIRECTION('',(1.,0.));
#7024 = ( GEOMETRIC_REPRESENTATION_CONTEXT(2) 
PARAMETRIC_REPRESENTATION_CONTEXT() REPRESENTATION_CONTEXT('2D SPACE',''
  ) );
#7025 = ORIENTED_EDGE('',*,*,#7026,.F.);
#7026 = EDGE_CURVE('',#7027,#6994,#7029,.T.);
#7027 = VERTEX_POINT('',#7028);
#7028 = CARTESIAN_POINT('',(37.,27.5,42.5));
#7029 = SURFACE_CURVE('',#7030,(#7034,#7041),.PCURVE_S1.);
#7030 = LINE('',#7031,#7032);
#7031 = CARTESIAN_POINT('',(37.,27.5,42.5));
#7032 = VECTOR('',#7033,1.);
#7033 = DIRECTION('',(0.,0.,1.));
#7034 = PCURVE('',#4295,#7035);
#7035 = DEFINITIONAL_REPRESENTATION('',(#7036),#7040);
#7036 = LINE('',#7037,#7038);
#7037 = CARTESIAN_POINT('',(8.,-20.75));
#7038 = VECTOR('',#7039,1.);
#7039 = DIRECTION('',(-1.,0.));
#7040 = ( GEOMETRIC_REPRESENTATION_CONTEXT(2) 
PARAMETRIC_REPRESENTATION_CONTEXT() REPRESENTATION_CONTEXT('2D SPACE',''
  ) );
#7041 = PCURVE('',#7042,#7047);
#7042 = PLANE('',#7043);
#7043 = AXIS2_PLACEMENT_3D('',#7044,#7045,#7046);
#7044 = CARTESIAN_POINT('',(37.,27.5,42.5));
#7045 = DIRECTION('',(-0.,1.,0.));
#7046 = DIRECTION('',(0.,0.,1.));
#7047 = DEFINITIONAL_REPRESENTATION('',(#7048),#7052);
#7048 = LINE('',#7049,#7050);
#7049 = CARTESIAN_POINT('',(0.,0.));
#7050 = VECTOR('',#7051,1.);
#7051 = DIRECTION('',(1.,0.));
#7052 = ( GEOMETRIC_REPRESENTATION_CONTEXT(2) 
PARAMETRIC_REPRESENTATION_CONTEXT() REPRESENTATION_CONTEXT('2D SPACE',''
  ) );
#7053 = ORIENTED_EDGE('',*,*,#7054,.F.);
#7054 = EDGE_CURVE('',#6855,#7027,#7055,.T.);
#7055 = SURFACE_CURVE('',#7056,(#7061,#7072),.PCURVE_S1.);
#7056 = CIRCLE('',#7057,5.);
#7057 = AXIS2_PLACEMENT_3D('',#7058,#7059,#7060);
#7058 = CARTESIAN_POINT('',(37.,22.5,42.5));
#7059 = DIRECTION('',(1.,0.,0.));
#7060 = DIRECTION('',(-0.,0.,1.));
#7061 = PCURVE('',#4295,#7062);
#7062 = DEFINITIONAL_REPRESENTATION('',(#7063),#7071);
#7063 = ( BOUNDED_CURVE() B_SPLINE_CURVE(2,(#7064,#7065,#7066,#7067,
#7068,#7069,#7070),.UNSPECIFIED.,.T.,.F.) B_SPLINE_CURVE_WITH_KNOTS((1,2
    ,2,2,2,1),(-2.094395102393,0.,2.094395102393,4.188790204786,
6.28318530718,8.377580409573),.UNSPECIFIED.) CURVE() 
GEOMETRIC_REPRESENTATION_ITEM() RATIONAL_B_SPLINE_CURVE((1.,0.5,1.,0.5,
1.,0.5,1.)) REPRESENTATION_ITEM('') );
#7064 = CARTESIAN_POINT('',(3.,-15.75));
#7065 = CARTESIAN_POINT('',(3.,-7.089745962156));
#7066 = CARTESIAN_POINT('',(10.5,-11.41987298107));
#7067 = CARTESIAN_POINT('',(18.,-15.75));
#7068 = CARTESIAN_POINT('',(10.5,-20.08012701892));
#7069 = CARTESIAN_POINT('',(3.,-24.41025403784));
#7070 = CARTESIAN_POINT('',(3.,-15.75));
#7071 = ( GEOMETRIC_REPRESENTATION_CONTEXT(2) 
PARAMETRIC_REPRESENTATION_CONTEXT() REPRESENTATION_CONTEXT('2D SPACE',''
  ) );
#7072 = PCURVE('',#6870,#7073);
#7073 = DEFINITIONAL_REPRESENTATION('',(#7074),#7078);
#7074 = LINE('',#7075,#7076);
#7075 = CARTESIAN_POINT('',(0.,0.));
#7076 = VECTOR('',#7077,1.);
#7077 = DIRECTION('',(1.,0.));
#7078 = ( GEOMETRIC_REPRESENTATION_CONTEXT(2) 
PARAMETRIC_REPRESENTATION_CONTEXT() REPRESENTATION_CONTEXT('2D SPACE',''
  ) );
#7079 = FACE_BOUND('',#7080,.T.);
#7080 = EDGE_LOOP('',(#7081));
#7081 = ORIENTED_EDGE('',*,*,#7082,.T.);
#7082 = EDGE_CURVE('',#7083,#7083,#7085,.T.);
#7083 = VERTEX_POINT('',#7084);
#7084 = CARTESIAN_POINT('',(37.,22.5,60.4));
#7085 = SURFACE_CURVE('',#7086,(#7091,#7102),.PCURVE_S1.);
#7086 = CIRCLE('',#7087,1.9);
#7087 = AXIS2_PLACEMENT_3D('',#7088,#7089,#7090);
#7088 = CARTESIAN_POINT('',(37.,22.5,58.5));
#7089 = DIRECTION('',(1.,0.,0.));
#7090 = DIRECTION('',(-0.,0.,1.));
#7091 = PCURVE('',#4295,#7092);
#7092 = DEFINITIONAL_REPRESENTATION('',(#7093),#7101);
#7093 = ( BOUNDED_CURVE() B_SPLINE_CURVE(2,(#7094,#7095,#7096,#7097,
#7098,#7099,#7100),.UNSPECIFIED.,.T.,.F.) B_SPLINE_CURVE_WITH_KNOTS((1,2
    ,2,2,2,1),(-2.094395102393,0.,2.094395102393,4.188790204786,
6.28318530718,8.377580409573),.UNSPECIFIED.) CURVE() 
GEOMETRIC_REPRESENTATION_ITEM() RATIONAL_B_SPLINE_CURVE((1.,0.5,1.,0.5,
1.,0.5,1.)) REPRESENTATION_ITEM('') );
#7094 = CARTESIAN_POINT('',(-9.9,-15.75));
#7095 = CARTESIAN_POINT('',(-9.9,-12.45910346561));
#7096 = CARTESIAN_POINT('',(-7.05,-14.10455173281));
#7097 = CARTESIAN_POINT('',(-4.2,-15.75));
#7098 = CARTESIAN_POINT('',(-7.05,-17.39544826719));
#7099 = CARTESIAN_POINT('',(-9.9,-19.04089653438));
#7100 = CARTESIAN_POINT('',(-9.9,-15.75));
#7101 = ( GEOMETRIC_REPRESENTATION_CONTEXT(2) 
PARAMETRIC_REPRESENTATION_CONTEXT() REPRESENTATION_CONTEXT('2D SPACE',''
  ) );
#7102 = PCURVE('',#7103,#7108);
#7103 = CYLINDRICAL_SURFACE('',#7104,1.9);
#7104 = AXIS2_PLACEMENT_3D('',#7105,#7106,#7107);
#7105 = CARTESIAN_POINT('',(31.9,22.5,58.5));
#7106 = DIRECTION('',(1.,0.,0.));
#7107 = DIRECTION('',(-0.,0.,1.));
#7108 = DEFINITIONAL_REPRESENTATION('',(#7109),#7113);
#7109 = LINE('',#7110,#7111);
#7110 = CARTESIAN_POINT('',(0.,5.1));
#7111 = VECTOR('',#7112,1.);
#7112 = DIRECTION('',(1.,0.));
#7113 = ( GEOMETRIC_REPRESENTATION_CONTEXT(2) 
PARAMETRIC_REPRESENTATION_CONTEXT() REPRESENTATION_CONTEXT('2D SPACE',''
  ) );
#7114 = ADVANCED_FACE('',(#7115,#7118),#4460,.F.);
#7115 = FACE_BOUND('',#7116,.F.);
#7116 = EDGE_LOOP('',(#7117));
#7117 = ORIENTED_EDGE('',*,*,#4445,.T.);
#7118 = FACE_BOUND('',#7119,.F.);
#7119 = EDGE_LOOP('',(#7120));
#7120 = ORIENTED_EDGE('',*,*,#7121,.F.);
#7121 = EDGE_CURVE('',#7122,#7122,#7124,.T.);
#7122 = VERTEX_POINT('',#7123);
#7123 = CARTESIAN_POINT('',(39.,22.5,43.6));
#7124 = SURFACE_CURVE('',#7125,(#7130,#7137),.PCURVE_S1.);
#7125 = CIRCLE('',#7126,1.1);
#7126 = AXIS2_PLACEMENT_3D('',#7127,#7128,#7129);
#7127 = CARTESIAN_POINT('',(39.,22.5,42.5));
#7128 = DIRECTION('',(1.,0.,0.));
#7129 = DIRECTION('',(-0.,0.,1.));
#7130 = PCURVE('',#4460,#7131);
#7131 = DEFINITIONAL_REPRESENTATION('',(#7132),#7136);
#7132 = CIRCLE('',#7133,1.1);
#7133 = AXIS2_PLACEMENT_2D('',#7134,#7135);
#7134 = CARTESIAN_POINT('',(0.,0.));
#7135 = DIRECTION('',(1.,0.));
#7136 = ( GEOMETRIC_REPRESENTATION_CONTEXT(2) 
PARAMETRIC_REPRESENTATION_CONTEXT() REPRESENTATION_CONTEXT('2D SPACE',''
  ) );
#7137 = PCURVE('',#7138,#7143);
#7138 = CYLINDRICAL_SURFACE('',#7139,1.1);
#7139 = AXIS2_PLACEMENT_3D('',#7140,#7141,#7142);
#7140 = CARTESIAN_POINT('',(31.9,22.5,42.5));
#7141 = DIRECTION('',(1.,0.,0.));
#7142 = DIRECTION('',(-0.,0.,1.));
#7143 = DEFINITIONAL_REPRESENTATION('',(#7144),#7148);
#7144 = LINE('',#7145,#7146);
#7145 = CARTESIAN_POINT('',(0.,7.1));
#7146 = VECTOR('',#7147,1.);
#7147 = DIRECTION('',(1.,0.));
#7148 = ( GEOMETRIC_REPRESENTATION_CONTEXT(2) 
PARAMETRIC_REPRESENTATION_CONTEXT() REPRESENTATION_CONTEXT('2D SPACE',''
  ) );
#7149 = ADVANCED_FACE('',(#7150),#4780,.T.);
#7150 = FACE_BOUND('',#7151,.T.);
#7151 = EDGE_LOOP('',(#7152,#7180,#7181,#7205,#7238,#7267,#7289,#7290,
    #7291));
#7152 = ORIENTED_EDGE('',*,*,#7153,.T.);
#7153 = EDGE_CURVE('',#7154,#5602,#7156,.T.);
#7154 = VERTEX_POINT('',#7155);
#7155 = CARTESIAN_POINT('',(32.,4.041334437186E-15,67.));
#7156 = SURFACE_CURVE('',#7157,(#7162,#7169),.PCURVE_S1.);
#7157 = CIRCLE('',#7158,16.5);
#7158 = AXIS2_PLACEMENT_3D('',#7159,#7160,#7161);
#7159 = CARTESIAN_POINT('',(32.,0.,50.5));
#7160 = DIRECTION('',(1.,0.,0.));
#7161 = DIRECTION('',(-0.,0.,1.));
#7162 = PCURVE('',#4780,#7163);
#7163 = DEFINITIONAL_REPRESENTATION('',(#7164),#7168);
#7164 = LINE('',#7165,#7166);
#7165 = CARTESIAN_POINT('',(6.28318530718,0.));
#7166 = VECTOR('',#7167,1.);
#7167 = DIRECTION('',(1.,0.));
#7168 = ( GEOMETRIC_REPRESENTATION_CONTEXT(2) 
PARAMETRIC_REPRESENTATION_CONTEXT() REPRESENTATION_CONTEXT('2D SPACE',''
  ) );
#7169 = PCURVE('',#4721,#7170);
#7170 = DEFINITIONAL_REPRESENTATION('',(#7171),#7179);
#7171 = ( BOUNDED_CURVE() B_SPLINE_CURVE(2,(#7172,#7173,#7174,#7175,
#7176,#7177,#7178),.UNSPECIFIED.,.T.,.F.) B_SPLINE_CURVE_WITH_KNOTS((1,2
    ,2,2,2,1),(-2.094395102393,0.,2.094395102393,4.188790204786,
6.28318530718,8.377580409573),.UNSPECIFIED.) CURVE() 
GEOMETRIC_REPRESENTATION_ITEM() RATIONAL_B_SPLINE_CURVE((1.,0.5,1.,0.5,
1.,0.5,1.)) REPRESENTATION_ITEM('') );
#7172 = CARTESIAN_POINT('',(-16.18304712612,8.796554362521E-14));
#7173 = CARTESIAN_POINT('',(-16.18304712612,28.578838324887));
#7174 = CARTESIAN_POINT('',(8.566952873879,14.289419162443));
#7175 = CARTESIAN_POINT('',(33.316952873879,9.20068780624E-14));
#7176 = CARTESIAN_POINT('',(8.566952873879,-14.28941916244));
#7177 = CARTESIAN_POINT('',(-16.18304712612,-28.57883832488));
#7178 = CARTESIAN_POINT('',(-16.18304712612,8.796554362521E-14));
#7179 = ( GEOMETRIC_REPRESENTATION_CONTEXT(2) 
PARAMETRIC_REPRESENTATION_CONTEXT() REPRESENTATION_CONTEXT('2D SPACE',''
  ) );
#7180 = ORIENTED_EDGE('',*,*,#5601,.T.);
#7181 = ORIENTED_EDGE('',*,*,#7182,.F.);
#7182 = EDGE_CURVE('',#7183,#5573,#7185,.T.);
#7183 = VERTEX_POINT('',#7184);
#7184 = CARTESIAN_POINT('',(37.,-13.92775374104,59.346902041323));
#7185 = SURFACE_CURVE('',#7186,(#7191,#7198),.PCURVE_S1.);
#7186 = CIRCLE('',#7187,16.5);
#7187 = AXIS2_PLACEMENT_3D('',#7188,#7189,#7190);
#7188 = CARTESIAN_POINT('',(37.,0.,50.5));
#7189 = DIRECTION('',(1.,0.,0.));
#7190 = DIRECTION('',(-0.,0.,1.));
#7191 = PCURVE('',#4780,#7192);
#7192 = DEFINITIONAL_REPRESENTATION('',(#7193),#7197);
#7193 = LINE('',#7194,#7195);
#7194 = CARTESIAN_POINT('',(6.28318530718,5.));
#7195 = VECTOR('',#7196,1.);
#7196 = DIRECTION('',(1.,0.));
#7197 = ( GEOMETRIC_REPRESENTATION_CONTEXT(2) 
PARAMETRIC_REPRESENTATION_CONTEXT() REPRESENTATION_CONTEXT('2D SPACE',''
  ) );
#7198 = PCURVE('',#5589,#7199);
#7199 = DEFINITIONAL_REPRESENTATION('',(#7200),#7204);
#7200 = CIRCLE('',#7201,16.5);
#7201 = AXIS2_PLACEMENT_2D('',#7202,#7203);
#7202 = CARTESIAN_POINT('',(0.,0.));
#7203 = DIRECTION('',(1.,0.));
#7204 = ( GEOMETRIC_REPRESENTATION_CONTEXT(2) 
PARAMETRIC_REPRESENTATION_CONTEXT() REPRESENTATION_CONTEXT('2D SPACE',''
  ) );
#7205 = ORIENTED_EDGE('',*,*,#7206,.F.);
#7206 = EDGE_CURVE('',#7207,#7183,#7209,.T.);
#7207 = VERTEX_POINT('',#7208);
#7208 = CARTESIAN_POINT('',(37.,-10.41879798309,63.294477269023));
#7209 = SURFACE_CURVE('',#7210,(#7215,#7222),.PCURVE_S1.);
#7210 = CIRCLE('',#7211,16.5);
#7211 = AXIS2_PLACEMENT_3D('',#7212,#7213,#7214);
#7212 = CARTESIAN_POINT('',(37.,0.,50.5));
#7213 = DIRECTION('',(1.,0.,0.));
#7214 = DIRECTION('',(-0.,0.,1.));
#7215 = PCURVE('',#4780,#7216);
#7216 = DEFINITIONAL_REPRESENTATION('',(#7217),#7221);
#7217 = LINE('',#7218,#7219);
#7218 = CARTESIAN_POINT('',(6.28318530718,5.));
#7219 = VECTOR('',#7220,1.);
#7220 = DIRECTION('',(1.,0.));
#7221 = ( GEOMETRIC_REPRESENTATION_CONTEXT(2) 
PARAMETRIC_REPRESENTATION_CONTEXT() REPRESENTATION_CONTEXT('2D SPACE',''
  ) );
#7222 = PCURVE('',#7223,#7228);
#7223 = PLANE('',#7224);
#7224 = AXIS2_PLACEMENT_3D('',#7225,#7226,#7227);
#7225 = CARTESIAN_POINT('',(37.,6.75,50.5));
#7226 = DIRECTION('',(-1.,-0.,-0.));
#7227 = DIRECTION('',(0.,0.,-1.));
#7228 = DEFINITIONAL_REPRESENTATION('',(#7229),#7237);
#7229 = ( BOUNDED_CURVE() B_SPLINE_CURVE(2,(#7230,#7231,#7232,#7233,
#7234,#7235,#7236),.UNSPECIFIED.,.T.,.F.) B_SPLINE_CURVE_WITH_KNOTS((1,2
    ,2,2,2,1),(-2.094395102393,0.,2.094395102393,4.188790204786,
6.28318530718,8.377580409573),.UNSPECIFIED.) CURVE() 
GEOMETRIC_REPRESENTATION_ITEM() RATIONAL_B_SPLINE_CURVE((1.,0.5,1.,0.5,
1.,0.5,1.)) REPRESENTATION_ITEM('') );
#7230 = CARTESIAN_POINT('',(-16.5,6.75));
#7231 = CARTESIAN_POINT('',(-16.5,35.328838324886));
#7232 = CARTESIAN_POINT('',(8.25,21.039419162443));
#7233 = CARTESIAN_POINT('',(33.,6.75));
#7234 = CARTESIAN_POINT('',(8.25,-7.539419162443));
#7235 = CARTESIAN_POINT('',(-16.5,-21.82883832488));
#7236 = CARTESIAN_POINT('',(-16.5,6.75));
#7237 = ( GEOMETRIC_REPRESENTATION_CONTEXT(2) 
PARAMETRIC_REPRESENTATION_CONTEXT() REPRESENTATION_CONTEXT('2D SPACE',''
  ) );
#7238 = ORIENTED_EDGE('',*,*,#7239,.F.);
#7239 = EDGE_CURVE('',#7240,#7207,#7242,.T.);
#7240 = VERTEX_POINT('',#7241);
#7241 = CARTESIAN_POINT('',(37.,4.041334437186E-15,67.));
#7242 = SURFACE_CURVE('',#7243,(#7248,#7255),.PCURVE_S1.);
#7243 = CIRCLE('',#7244,16.5);
#7244 = AXIS2_PLACEMENT_3D('',#7245,#7246,#7247);
#7245 = CARTESIAN_POINT('',(37.,0.,50.5));
#7246 = DIRECTION('',(1.,0.,0.));
#7247 = DIRECTION('',(-0.,0.,1.));
#7248 = PCURVE('',#4780,#7249);
#7249 = DEFINITIONAL_REPRESENTATION('',(#7250),#7254);
#7250 = LINE('',#7251,#7252);
#7251 = CARTESIAN_POINT('',(6.28318530718,5.));
#7252 = VECTOR('',#7253,1.);
#7253 = DIRECTION('',(1.,0.));
#7254 = ( GEOMETRIC_REPRESENTATION_CONTEXT(2) 
PARAMETRIC_REPRESENTATION_CONTEXT() REPRESENTATION_CONTEXT('2D SPACE',''
  ) );
#7255 = PCURVE('',#7256,#7261);
#7256 = PLANE('',#7257);
#7257 = AXIS2_PLACEMENT_3D('',#7258,#7259,#7260);
#7258 = CARTESIAN_POINT('',(37.,0.,50.5));
#7259 = DIRECTION('',(1.,0.,0.));
#7260 = DIRECTION('',(-0.,0.,1.));
#7261 = DEFINITIONAL_REPRESENTATION('',(#7262),#7266);
#7262 = CIRCLE('',#7263,16.5);
#7263 = AXIS2_PLACEMENT_2D('',#7264,#7265);
#7264 = CARTESIAN_POINT('',(0.,0.));
#7265 = DIRECTION('',(1.,0.));
#7266 = ( GEOMETRIC_REPRESENTATION_CONTEXT(2) 
PARAMETRIC_REPRESENTATION_CONTEXT() REPRESENTATION_CONTEXT('2D SPACE',''
  ) );
#7267 = ORIENTED_EDGE('',*,*,#7268,.F.);
#7268 = EDGE_CURVE('',#6938,#7240,#7269,.T.);
#7269 = SURFACE_CURVE('',#7270,(#7275,#7282),.PCURVE_S1.);
#7270 = CIRCLE('',#7271,16.5);
#7271 = AXIS2_PLACEMENT_3D('',#7272,#7273,#7274);
#7272 = CARTESIAN_POINT('',(37.,0.,50.5));
#7273 = DIRECTION('',(1.,0.,0.));
#7274 = DIRECTION('',(-0.,0.,1.));
#7275 = PCURVE('',#4780,#7276);
#7276 = DEFINITIONAL_REPRESENTATION('',(#7277),#7281);
#7277 = LINE('',#7278,#7279);
#7278 = CARTESIAN_POINT('',(0.,5.));
#7279 = VECTOR('',#7280,1.);
#7280 = DIRECTION('',(1.,0.));
#7281 = ( GEOMETRIC_REPRESENTATION_CONTEXT(2) 
PARAMETRIC_REPRESENTATION_CONTEXT() REPRESENTATION_CONTEXT('2D SPACE',''
  ) );
#7282 = PCURVE('',#7256,#7283);
#7283 = DEFINITIONAL_REPRESENTATION('',(#7284),#7288);
#7284 = CIRCLE('',#7285,16.5);
#7285 = AXIS2_PLACEMENT_2D('',#7286,#7287);
#7286 = CARTESIAN_POINT('',(0.,0.));
#7287 = DIRECTION('',(1.,0.));
#7288 = ( GEOMETRIC_REPRESENTATION_CONTEXT(2) 
PARAMETRIC_REPRESENTATION_CONTEXT() REPRESENTATION_CONTEXT('2D SPACE',''
  ) );
#7289 = ORIENTED_EDGE('',*,*,#6937,.F.);
#7290 = ORIENTED_EDGE('',*,*,#4765,.F.);
#7291 = ORIENTED_EDGE('',*,*,#7292,.T.);
#7292 = EDGE_CURVE('',#4738,#7154,#7293,.T.);
#7293 = SURFACE_CURVE('',#7294,(#7299,#7306),.PCURVE_S1.);
#7294 = CIRCLE('',#7295,16.5);
#7295 = AXIS2_PLACEMENT_3D('',#7296,#7297,#7298);
#7296 = CARTESIAN_POINT('',(32.,0.,50.5));
#7297 = DIRECTION('',(1.,0.,0.));
#7298 = DIRECTION('',(-0.,0.,1.));
#7299 = PCURVE('',#4780,#7300);
#7300 = DEFINITIONAL_REPRESENTATION('',(#7301),#7305);
#7301 = LINE('',#7302,#7303);
#7302 = CARTESIAN_POINT('',(0.,0.));
#7303 = VECTOR('',#7304,1.);
#7304 = DIRECTION('',(1.,0.));
#7305 = ( GEOMETRIC_REPRESENTATION_CONTEXT(2) 
PARAMETRIC_REPRESENTATION_CONTEXT() REPRESENTATION_CONTEXT('2D SPACE',''
  ) );
#7306 = PCURVE('',#4721,#7307);
#7307 = DEFINITIONAL_REPRESENTATION('',(#7308),#7316);
#7308 = ( BOUNDED_CURVE() B_SPLINE_CURVE(2,(#7309,#7310,#7311,#7312,
#7313,#7314,#7315),.UNSPECIFIED.,.T.,.F.) B_SPLINE_CURVE_WITH_KNOTS((1,2
    ,2,2,2,1),(-2.094395102393,0.,2.094395102393,4.188790204786,
6.28318530718,8.377580409573),.UNSPECIFIED.) CURVE() 
GEOMETRIC_REPRESENTATION_ITEM() RATIONAL_B_SPLINE_CURVE((1.,0.5,1.,0.5,
1.,0.5,1.)) REPRESENTATION_ITEM('') );
#7309 = CARTESIAN_POINT('',(-16.18304712612,8.796554362521E-14));
#7310 = CARTESIAN_POINT('',(-16.18304712612,28.578838324887));
#7311 = CARTESIAN_POINT('',(8.566952873879,14.289419162443));
#7312 = CARTESIAN_POINT('',(33.316952873879,9.20068780624E-14));
#7313 = CARTESIAN_POINT('',(8.566952873879,-14.28941916244));
#7314 = CARTESIAN_POINT('',(-16.18304712612,-28.57883832488));
#7315 = CARTESIAN_POINT('',(-16.18304712612,8.796554362521E-14));
#7316 = ( GEOMETRIC_REPRESENTATION_CONTEXT(2) 
PARAMETRIC_REPRESENTATION_CONTEXT() REPRESENTATION_CONTEXT('2D SPACE',''
  ) );
#7317 = ADVANCED_FACE('',(#7318,#7327,#7357,#7392),#4721,.T.);
#7318 = FACE_BOUND('',#7319,.T.);
#7319 = EDGE_LOOP('',(#7320,#7321,#7322,#7323,#7324,#7325,#7326));
#7320 = ORIENTED_EDGE('',*,*,#7153,.F.);
#7321 = ORIENTED_EDGE('',*,*,#7292,.F.);
#7322 = ORIENTED_EDGE('',*,*,#4737,.F.);
#7323 = ORIENTED_EDGE('',*,*,#4704,.F.);
#7324 = ORIENTED_EDGE('',*,*,#4914,.F.);
#7325 = ORIENTED_EDGE('',*,*,#5650,.F.);
#7326 = ORIENTED_EDGE('',*,*,#5622,.F.);
#7327 = FACE_BOUND('',#7328,.T.);
#7328 = EDGE_LOOP('',(#7329));
#7329 = ORIENTED_EDGE('',*,*,#7330,.T.);
#7330 = EDGE_CURVE('',#7331,#7331,#7333,.T.);
#7331 = VERTEX_POINT('',#7332);
#7332 = CARTESIAN_POINT('',(32.,18.5,52.2));
#7333 = SURFACE_CURVE('',#7334,(#7339,#7350),.PCURVE_S1.);
#7334 = CIRCLE('',#7335,1.7);
#7335 = AXIS2_PLACEMENT_3D('',#7336,#7337,#7338);
#7336 = CARTESIAN_POINT('',(32.,18.5,50.5));
#7337 = DIRECTION('',(1.,0.,0.));
#7338 = DIRECTION('',(-0.,0.,1.));
#7339 = PCURVE('',#4721,#7340);
#7340 = DEFINITIONAL_REPRESENTATION('',(#7341),#7349);
#7341 = ( BOUNDED_CURVE() B_SPLINE_CURVE(2,(#7342,#7343,#7344,#7345,
#7346,#7347,#7348),.UNSPECIFIED.,.T.,.F.) B_SPLINE_CURVE_WITH_KNOTS((1,2
    ,2,2,2,1),(-2.094395102393,0.,2.094395102393,4.188790204786,
6.28318530718,8.377580409573),.UNSPECIFIED.) CURVE() 
GEOMETRIC_REPRESENTATION_ITEM() RATIONAL_B_SPLINE_CURVE((1.,0.5,1.,0.5,
1.,0.5,1.)) REPRESENTATION_ITEM('') );
#7342 = CARTESIAN_POINT('',(-1.383047126121,-18.5));
#7343 = CARTESIAN_POINT('',(-1.383047126121,-15.55551362713));
#7344 = CARTESIAN_POINT('',(1.166952873879,-17.02775681356));
#7345 = CARTESIAN_POINT('',(3.716952873879,-18.5));
#7346 = CARTESIAN_POINT('',(1.166952873879,-19.97224318643));
#7347 = CARTESIAN_POINT('',(-1.383047126121,-21.44448637286));
#7348 = CARTESIAN_POINT('',(-1.383047126121,-18.5));
#7349 = ( GEOMETRIC_REPRESENTATION_CONTEXT(2) 
PARAMETRIC_REPRESENTATION_CONTEXT() REPRESENTATION_CONTEXT('2D SPACE',''
  ) );
#7350 = PCURVE('',#313,#7351);
#7351 = DEFINITIONAL_REPRESENTATION('',(#7352),#7356);
#7352 = LINE('',#7353,#7354);
#7353 = CARTESIAN_POINT('',(0.,1.));
#7354 = VECTOR('',#7355,1.);
#7355 = DIRECTION('',(1.,0.));
#7356 = ( GEOMETRIC_REPRESENTATION_CONTEXT(2) 
PARAMETRIC_REPRESENTATION_CONTEXT() REPRESENTATION_CONTEXT('2D SPACE',''
  ) );
#7357 = FACE_BOUND('',#7358,.T.);
#7358 = EDGE_LOOP('',(#7359));
#7359 = ORIENTED_EDGE('',*,*,#7360,.T.);
#7360 = EDGE_CURVE('',#7361,#7361,#7363,.T.);
#7361 = VERTEX_POINT('',#7362);
#7362 = CARTESIAN_POINT('',(32.,3.331039293681E-15,64.1));
#7363 = SURFACE_CURVE('',#7364,(#7369,#7380),.PCURVE_S1.);
#7364 = CIRCLE('',#7365,13.6);
#7365 = AXIS2_PLACEMENT_3D('',#7366,#7367,#7368);
#7366 = CARTESIAN_POINT('',(32.,0.,50.5));
#7367 = DIRECTION('',(1.,0.,0.));
#7368 = DIRECTION('',(-0.,0.,1.));
#7369 = PCURVE('',#4721,#7370);
#7370 = DEFINITIONAL_REPRESENTATION('',(#7371),#7379);
#7371 = ( BOUNDED_CURVE() B_SPLINE_CURVE(2,(#7372,#7373,#7374,#7375,
#7376,#7377,#7378),.UNSPECIFIED.,.T.,.F.) B_SPLINE_CURVE_WITH_KNOTS((1,2
    ,2,2,2,1),(-2.094395102393,0.,2.094395102393,4.188790204786,
6.28318530718,8.377580409573),.UNSPECIFIED.) CURVE() 
GEOMETRIC_REPRESENTATION_ITEM() RATIONAL_B_SPLINE_CURVE((1.,0.5,1.,0.5,
1.,0.5,1.)) REPRESENTATION_ITEM('') );
#7372 = CARTESIAN_POINT('',(-13.28304712612,8.796554362521E-14));
#7373 = CARTESIAN_POINT('',(-13.28304712612,23.555890982937));
#7374 = CARTESIAN_POINT('',(7.116952873879,11.777945491468));
#7375 = CARTESIAN_POINT('',(27.516952873879,9.12965829189E-14));
#7376 = CARTESIAN_POINT('',(7.116952873879,-11.77794549146));
#7377 = CARTESIAN_POINT('',(-13.28304712612,-23.55589098293));
#7378 = CARTESIAN_POINT('',(-13.28304712612,8.796554362521E-14));
#7379 = ( GEOMETRIC_REPRESENTATION_CONTEXT(2) 
PARAMETRIC_REPRESENTATION_CONTEXT() REPRESENTATION_CONTEXT('2D SPACE',''
  ) );
#7380 = PCURVE('',#7381,#7386);
#7381 = CYLINDRICAL_SURFACE('',#7382,13.6);
#7382 = AXIS2_PLACEMENT_3D('',#7383,#7384,#7385);
#7383 = CARTESIAN_POINT('',(31.9,0.,50.5));
#7384 = DIRECTION('',(1.,0.,0.));
#7385 = DIRECTION('',(-0.,0.,1.));
#7386 = DEFINITIONAL_REPRESENTATION('',(#7387),#7391);
#7387 = LINE('',#7388,#7389);
#7388 = CARTESIAN_POINT('',(0.,0.1));
#7389 = VECTOR('',#7390,1.);
#7390 = DIRECTION('',(1.,0.));
#7391 = ( GEOMETRIC_REPRESENTATION_CONTEXT(2) 
PARAMETRIC_REPRESENTATION_CONTEXT() REPRESENTATION_CONTEXT('2D SPACE',''
  ) );
#7392 = FACE_BOUND('',#7393,.T.);
#7393 = EDGE_LOOP('',(#7394));
#7394 = ORIENTED_EDGE('',*,*,#7395,.T.);
#7395 = EDGE_CURVE('',#7396,#7396,#7398,.T.);
#7396 = VERTEX_POINT('',#7397);
#7397 = CARTESIAN_POINT('',(32.,-18.5,52.2));
#7398 = SURFACE_CURVE('',#7399,(#7404,#7415),.PCURVE_S1.);
#7399 = CIRCLE('',#7400,1.7);
#7400 = AXIS2_PLACEMENT_3D('',#7401,#7402,#7403);
#7401 = CARTESIAN_POINT('',(32.,-18.5,50.5));
#7402 = DIRECTION('',(1.,0.,0.));
#7403 = DIRECTION('',(-0.,0.,1.));
#7404 = PCURVE('',#4721,#7405);
#7405 = DEFINITIONAL_REPRESENTATION('',(#7406),#7414);
#7406 = ( BOUNDED_CURVE() B_SPLINE_CURVE(2,(#7407,#7408,#7409,#7410,
#7411,#7412,#7413),.UNSPECIFIED.,.T.,.F.) B_SPLINE_CURVE_WITH_KNOTS((1,2
    ,2,2,2,1),(-2.094395102393,0.,2.094395102393,4.188790204786,
6.28318530718,8.377580409573),.UNSPECIFIED.) CURVE() 
GEOMETRIC_REPRESENTATION_ITEM() RATIONAL_B_SPLINE_CURVE((1.,0.5,1.,0.5,
1.,0.5,1.)) REPRESENTATION_ITEM('') );
#7407 = CARTESIAN_POINT('',(-1.383047126121,18.5));
#7408 = CARTESIAN_POINT('',(-1.383047126121,21.444486372867));
#7409 = CARTESIAN_POINT('',(1.166952873879,19.972243186434));
#7410 = CARTESIAN_POINT('',(3.716952873879,18.5));
#7411 = CARTESIAN_POINT('',(1.166952873879,17.027756813567));
#7412 = CARTESIAN_POINT('',(-1.383047126121,15.555513627133));
#7413 = CARTESIAN_POINT('',(-1.383047126121,18.5));
#7414 = ( GEOMETRIC_REPRESENTATION_CONTEXT(2) 
PARAMETRIC_REPRESENTATION_CONTEXT() REPRESENTATION_CONTEXT('2D SPACE',''
  ) );
#7415 = PCURVE('',#7416,#7421);
#7416 = CYLINDRICAL_SURFACE('',#7417,1.7);
#7417 = AXIS2_PLACEMENT_3D('',#7418,#7419,#7420);
#7418 = CARTESIAN_POINT('',(31.,-18.5,50.5));
#7419 = DIRECTION('',(1.,0.,0.));
#7420 = DIRECTION('',(-0.,0.,1.));
#7421 = DEFINITIONAL_REPRESENTATION('',(#7422),#7426);
#7422 = LINE('',#7423,#7424);
#7423 = CARTESIAN_POINT('',(0.,1.));
#7424 = VECTOR('',#7425,1.);
#7425 = DIRECTION('',(1.,0.));
#7426 = ( GEOMETRIC_REPRESENTATION_CONTEXT(2) 
PARAMETRIC_REPRESENTATION_CONTEXT() REPRESENTATION_CONTEXT('2D SPACE',''
  ) );
#7427 = ADVANCED_FACE('',(#7428),#5148,.T.);
#7428 = FACE_BOUND('',#7429,.T.);
#7429 = EDGE_LOOP('',(#7430,#7431,#7432,#7433,#7457));
#7430 = ORIENTED_EDGE('',*,*,#5702,.F.);
#7431 = ORIENTED_EDGE('',*,*,#5425,.F.);
#7432 = ORIENTED_EDGE('',*,*,#5131,.T.);
#7433 = ORIENTED_EDGE('',*,*,#7434,.F.);
#7434 = EDGE_CURVE('',#7435,#5099,#7437,.T.);
#7435 = VERTEX_POINT('',#7436);
#7436 = CARTESIAN_POINT('',(37.,-14.,42.5));
#7437 = SURFACE_CURVE('',#7438,(#7443,#7450),.PCURVE_S1.);
#7438 = CIRCLE('',#7439,5.);
#7439 = AXIS2_PLACEMENT_3D('',#7440,#7441,#7442);
#7440 = CARTESIAN_POINT('',(37.,-9.,42.5));
#7441 = DIRECTION('',(1.,0.,0.));
#7442 = DIRECTION('',(-0.,0.,1.));
#7443 = PCURVE('',#5148,#7444);
#7444 = DEFINITIONAL_REPRESENTATION('',(#7445),#7449);
#7445 = CIRCLE('',#7446,5.);
#7446 = AXIS2_PLACEMENT_2D('',#7447,#7448);
#7447 = CARTESIAN_POINT('',(-8.,9.));
#7448 = DIRECTION('',(1.,0.));
#7449 = ( GEOMETRIC_REPRESENTATION_CONTEXT(2) 
PARAMETRIC_REPRESENTATION_CONTEXT() REPRESENTATION_CONTEXT('2D SPACE',''
  ) );
#7450 = PCURVE('',#6814,#7451);
#7451 = DEFINITIONAL_REPRESENTATION('',(#7452),#7456);
#7452 = LINE('',#7453,#7454);
#7453 = CARTESIAN_POINT('',(0.,0.));
#7454 = VECTOR('',#7455,1.);
#7455 = DIRECTION('',(1.,0.));
#7456 = ( GEOMETRIC_REPRESENTATION_CONTEXT(2) 
PARAMETRIC_REPRESENTATION_CONTEXT() REPRESENTATION_CONTEXT('2D SPACE',''
  ) );
#7457 = ORIENTED_EDGE('',*,*,#7458,.T.);
#7458 = EDGE_CURVE('',#7435,#5703,#7459,.T.);
#7459 = SURFACE_CURVE('',#7460,(#7464,#7471),.PCURVE_S1.);
#7460 = LINE('',#7461,#7462);
#7461 = CARTESIAN_POINT('',(37.,-14.,42.5));
#7462 = VECTOR('',#7463,1.);
#7463 = DIRECTION('',(0.,0.,1.));
#7464 = PCURVE('',#5148,#7465);
#7465 = DEFINITIONAL_REPRESENTATION('',(#7466),#7470);
#7466 = LINE('',#7467,#7468);
#7467 = CARTESIAN_POINT('',(-8.,14.));
#7468 = VECTOR('',#7469,1.);
#7469 = DIRECTION('',(1.,0.));
#7470 = ( GEOMETRIC_REPRESENTATION_CONTEXT(2) 
PARAMETRIC_REPRESENTATION_CONTEXT() REPRESENTATION_CONTEXT('2D SPACE',''
  ) );
#7471 = PCURVE('',#5561,#7472);
#7472 = DEFINITIONAL_REPRESENTATION('',(#7473),#7477);
#7473 = LINE('',#7474,#7475);
#7474 = CARTESIAN_POINT('',(0.,0.));
#7475 = VECTOR('',#7476,1.);
#7476 = DIRECTION('',(1.,0.));
#7477 = ( GEOMETRIC_REPRESENTATION_CONTEXT(2) 
PARAMETRIC_REPRESENTATION_CONTEXT() REPRESENTATION_CONTEXT('2D SPACE',''
  ) );
#7478 = ADVANCED_FACE('',(#7479),#5115,.T.);
#7479 = FACE_BOUND('',#7480,.T.);
#7480 = EDGE_LOOP('',(#7481,#7482));
#7481 = ORIENTED_EDGE('',*,*,#5098,.T.);
#7482 = ORIENTED_EDGE('',*,*,#7483,.F.);
#7483 = EDGE_CURVE('',#5099,#5075,#7484,.T.);
#7484 = SURFACE_CURVE('',#7485,(#7490,#7501),.PCURVE_S1.);
#7485 = CIRCLE('',#7486,5.);
#7486 = AXIS2_PLACEMENT_3D('',#7487,#7488,#7489);
#7487 = CARTESIAN_POINT('',(37.,-9.,42.5));
#7488 = DIRECTION('',(1.,0.,0.));
#7489 = DIRECTION('',(-0.,0.,1.));
#7490 = PCURVE('',#5115,#7491);
#7491 = DEFINITIONAL_REPRESENTATION('',(#7492),#7500);
#7492 = ( BOUNDED_CURVE() B_SPLINE_CURVE(2,(#7493,#7494,#7495,#7496,
#7497,#7498,#7499),.UNSPECIFIED.,.T.,.F.) B_SPLINE_CURVE_WITH_KNOTS((1,2
    ,2,2,2,1),(-2.094395102393,0.,2.094395102393,4.188790204786,
6.28318530718,8.377580409573),.UNSPECIFIED.) CURVE() 
GEOMETRIC_REPRESENTATION_ITEM() RATIONAL_B_SPLINE_CURVE((1.,0.5,1.,0.5,
1.,0.5,1.)) REPRESENTATION_ITEM('') );
#7493 = CARTESIAN_POINT('',(3.,15.75));
#7494 = CARTESIAN_POINT('',(3.,24.410254037844));
#7495 = CARTESIAN_POINT('',(10.5,20.080127018922));
#7496 = CARTESIAN_POINT('',(18.,15.75));
#7497 = CARTESIAN_POINT('',(10.5,11.419872981078));
#7498 = CARTESIAN_POINT('',(3.,7.089745962156));
#7499 = CARTESIAN_POINT('',(3.,15.75));
#7500 = ( GEOMETRIC_REPRESENTATION_CONTEXT(2) 
PARAMETRIC_REPRESENTATION_CONTEXT() REPRESENTATION_CONTEXT('2D SPACE',''
  ) );
#7501 = PCURVE('',#6814,#7502);
#7502 = DEFINITIONAL_REPRESENTATION('',(#7503),#7507);
#7503 = LINE('',#7504,#7505);
#7504 = CARTESIAN_POINT('',(0.,0.));
#7505 = VECTOR('',#7506,1.);
#7506 = DIRECTION('',(1.,0.));
#7507 = ( GEOMETRIC_REPRESENTATION_CONTEXT(2) 
PARAMETRIC_REPRESENTATION_CONTEXT() REPRESENTATION_CONTEXT('2D SPACE',''
  ) );
#7508 = ADVANCED_FACE('',(#7509),#5021,.T.);
#7509 = FACE_BOUND('',#7510,.T.);
#7510 = EDGE_LOOP('',(#7511,#7533,#7534,#7535,#7536));
#7511 = ORIENTED_EDGE('',*,*,#7512,.F.);
#7512 = EDGE_CURVE('',#5075,#6776,#7513,.T.);
#7513 = SURFACE_CURVE('',#7514,(#7519,#7526),.PCURVE_S1.);
#7514 = CIRCLE('',#7515,5.);
#7515 = AXIS2_PLACEMENT_3D('',#7516,#7517,#7518);
#7516 = CARTESIAN_POINT('',(37.,-9.,42.5));
#7517 = DIRECTION('',(1.,0.,0.));
#7518 = DIRECTION('',(-0.,0.,1.));
#7519 = PCURVE('',#5021,#7520);
#7520 = DEFINITIONAL_REPRESENTATION('',(#7521),#7525);
#7521 = CIRCLE('',#7522,5.);
#7522 = AXIS2_PLACEMENT_2D('',#7523,#7524);
#7523 = CARTESIAN_POINT('',(-8.,9.));
#7524 = DIRECTION('',(1.,0.));
#7525 = ( GEOMETRIC_REPRESENTATION_CONTEXT(2) 
PARAMETRIC_REPRESENTATION_CONTEXT() REPRESENTATION_CONTEXT('2D SPACE',''
  ) );
#7526 = PCURVE('',#6814,#7527);
#7527 = DEFINITIONAL_REPRESENTATION('',(#7528),#7532);
#7528 = LINE('',#7529,#7530);
#7529 = CARTESIAN_POINT('',(0.,0.));
#7530 = VECTOR('',#7531,1.);
#7531 = DIRECTION('',(1.,0.));
#7532 = ( GEOMETRIC_REPRESENTATION_CONTEXT(2) 
PARAMETRIC_REPRESENTATION_CONTEXT() REPRESENTATION_CONTEXT('2D SPACE',''
  ) );
#7533 = ORIENTED_EDGE('',*,*,#5074,.T.);
#7534 = ORIENTED_EDGE('',*,*,#5399,.F.);
#7535 = ORIENTED_EDGE('',*,*,#5004,.T.);
#7536 = ORIENTED_EDGE('',*,*,#6775,.F.);
#7537 = ADVANCED_FACE('',(#7538),#4988,.T.);
#7538 = FACE_BOUND('',#7539,.T.);
#7539 = EDGE_LOOP('',(#7540,#7541,#7542));
#7540 = ORIENTED_EDGE('',*,*,#6906,.F.);
#7541 = ORIENTED_EDGE('',*,*,#4971,.T.);
#7542 = ORIENTED_EDGE('',*,*,#5281,.T.);
#7543 = ADVANCED_FACE('',(#7544),#5534,.T.);
#7544 = FACE_BOUND('',#7545,.T.);
#7545 = EDGE_LOOP('',(#7546,#7547,#7548));
#7546 = ORIENTED_EDGE('',*,*,#5515,.T.);
#7547 = ORIENTED_EDGE('',*,*,#5747,.T.);
#7548 = ORIENTED_EDGE('',*,*,#7549,.F.);
#7549 = EDGE_CURVE('',#5516,#5727,#7550,.T.);
#7550 = SURFACE_CURVE('',#7551,(#7555,#7561),.PCURVE_S1.);
#7551 = LINE('',#7552,#7553);
#7552 = CARTESIAN_POINT('',(40.5,-14.,46.5));
#7553 = VECTOR('',#7554,1.);
#7554 = DIRECTION('',(0.,0.,-1.));
#7555 = PCURVE('',#5534,#7556);
#7556 = DEFINITIONAL_REPRESENTATION('',(#7557),#7560);
#7557 = B_SPLINE_CURVE_WITH_KNOTS('',1,(#7558,#7559),.UNSPECIFIED.,.F.,
  .F.,(2,2),(-9.5,1.5),.PIECEWISE_BEZIER_KNOTS.);
#7558 = CARTESIAN_POINT('',(5.5,-4.5));
#7559 = CARTESIAN_POINT('',(-5.5,-4.5));
#7560 = ( GEOMETRIC_REPRESENTATION_CONTEXT(2) 
PARAMETRIC_REPRESENTATION_CONTEXT() REPRESENTATION_CONTEXT('2D SPACE',''
  ) );
#7561 = PCURVE('',#5561,#7562);
#7562 = DEFINITIONAL_REPRESENTATION('',(#7563),#7566);
#7563 = B_SPLINE_CURVE_WITH_KNOTS('',1,(#7564,#7565),.UNSPECIFIED.,.F.,
  .F.,(2,2),(-9.5,1.5),.PIECEWISE_BEZIER_KNOTS.);
#7564 = CARTESIAN_POINT('',(13.5,3.5));
#7565 = CARTESIAN_POINT('',(2.5,3.5));
#7566 = ( GEOMETRIC_REPRESENTATION_CONTEXT(2) 
PARAMETRIC_REPRESENTATION_CONTEXT() REPRESENTATION_CONTEXT('2D SPACE',''
  ) );
#7567 = ADVANCED_FACE('',(#7568),#5561,.F.);
#7568 = FACE_BOUND('',#7569,.F.);
#7569 = EDGE_LOOP('',(#7570,#7593,#7594,#7595,#7596,#7597,#7620,#7648));
#7570 = ORIENTED_EDGE('',*,*,#7571,.F.);
#7571 = EDGE_CURVE('',#7435,#7572,#7574,.T.);
#7572 = VERTEX_POINT('',#7573);
#7573 = CARTESIAN_POINT('',(41.,-14.,42.5));
#7574 = SURFACE_CURVE('',#7575,(#7579,#7586),.PCURVE_S1.);
#7575 = LINE('',#7576,#7577);
#7576 = CARTESIAN_POINT('',(37.,-14.,42.5));
#7577 = VECTOR('',#7578,1.);
#7578 = DIRECTION('',(1.,0.,-0.));
#7579 = PCURVE('',#5561,#7580);
#7580 = DEFINITIONAL_REPRESENTATION('',(#7581),#7585);
#7581 = LINE('',#7582,#7583);
#7582 = CARTESIAN_POINT('',(0.,0.));
#7583 = VECTOR('',#7584,1.);
#7584 = DIRECTION('',(0.,1.));
#7585 = ( GEOMETRIC_REPRESENTATION_CONTEXT(2) 
PARAMETRIC_REPRESENTATION_CONTEXT() REPRESENTATION_CONTEXT('2D SPACE',''
  ) );
#7586 = PCURVE('',#6814,#7587);
#7587 = DEFINITIONAL_REPRESENTATION('',(#7588),#7592);
#7588 = LINE('',#7589,#7590);
#7589 = CARTESIAN_POINT('',(1.570796326795,0.));
#7590 = VECTOR('',#7591,1.);
#7591 = DIRECTION('',(0.,1.));
#7592 = ( GEOMETRIC_REPRESENTATION_CONTEXT(2) 
PARAMETRIC_REPRESENTATION_CONTEXT() REPRESENTATION_CONTEXT('2D SPACE',''
  ) );
#7593 = ORIENTED_EDGE('',*,*,#7458,.T.);
#7594 = ORIENTED_EDGE('',*,*,#5726,.T.);
#7595 = ORIENTED_EDGE('',*,*,#7549,.F.);
#7596 = ORIENTED_EDGE('',*,*,#5546,.F.);
#7597 = ORIENTED_EDGE('',*,*,#7598,.T.);
#7598 = EDGE_CURVE('',#5547,#7599,#7601,.T.);
#7599 = VERTEX_POINT('',#7600);
#7600 = CARTESIAN_POINT('',(37.,-14.,58.5));
#7601 = SURFACE_CURVE('',#7602,(#7606,#7613),.PCURVE_S1.);
#7602 = LINE('',#7603,#7604);
#7603 = CARTESIAN_POINT('',(37.,-14.,42.5));
#7604 = VECTOR('',#7605,1.);
#7605 = DIRECTION('',(0.,0.,1.));
#7606 = PCURVE('',#5561,#7607);
#7607 = DEFINITIONAL_REPRESENTATION('',(#7608),#7612);
#7608 = LINE('',#7609,#7610);
#7609 = CARTESIAN_POINT('',(0.,0.));
#7610 = VECTOR('',#7611,1.);
#7611 = DIRECTION('',(1.,0.));
#7612 = ( GEOMETRIC_REPRESENTATION_CONTEXT(2) 
PARAMETRIC_REPRESENTATION_CONTEXT() REPRESENTATION_CONTEXT('2D SPACE',''
  ) );
#7613 = PCURVE('',#5589,#7614);
#7614 = DEFINITIONAL_REPRESENTATION('',(#7615),#7619);
#7615 = LINE('',#7616,#7617);
#7616 = CARTESIAN_POINT('',(-8.,14.));
#7617 = VECTOR('',#7618,1.);
#7618 = DIRECTION('',(1.,0.));
#7619 = ( GEOMETRIC_REPRESENTATION_CONTEXT(2) 
PARAMETRIC_REPRESENTATION_CONTEXT() REPRESENTATION_CONTEXT('2D SPACE',''
  ) );
#7620 = ORIENTED_EDGE('',*,*,#7621,.T.);
#7621 = EDGE_CURVE('',#7599,#7622,#7624,.T.);
#7622 = VERTEX_POINT('',#7623);
#7623 = CARTESIAN_POINT('',(41.,-14.,58.5));
#7624 = SURFACE_CURVE('',#7625,(#7629,#7636),.PCURVE_S1.);
#7625 = LINE('',#7626,#7627);
#7626 = CARTESIAN_POINT('',(37.,-14.,58.5));
#7627 = VECTOR('',#7628,1.);
#7628 = DIRECTION('',(1.,0.,-0.));
#7629 = PCURVE('',#5561,#7630);
#7630 = DEFINITIONAL_REPRESENTATION('',(#7631),#7635);
#7631 = LINE('',#7632,#7633);
#7632 = CARTESIAN_POINT('',(16.,0.));
#7633 = VECTOR('',#7634,1.);
#7634 = DIRECTION('',(0.,1.));
#7635 = ( GEOMETRIC_REPRESENTATION_CONTEXT(2) 
PARAMETRIC_REPRESENTATION_CONTEXT() REPRESENTATION_CONTEXT('2D SPACE',''
  ) );
#7636 = PCURVE('',#7637,#7642);
#7637 = CYLINDRICAL_SURFACE('',#7638,5.);
#7638 = AXIS2_PLACEMENT_3D('',#7639,#7640,#7641);
#7639 = CARTESIAN_POINT('',(37.,-9.,58.5));
#7640 = DIRECTION('',(1.,0.,0.));
#7641 = DIRECTION('',(-0.,0.,1.));
#7642 = DEFINITIONAL_REPRESENTATION('',(#7643),#7647);
#7643 = LINE('',#7644,#7645);
#7644 = CARTESIAN_POINT('',(1.570796326795,0.));
#7645 = VECTOR('',#7646,1.);
#7646 = DIRECTION('',(0.,1.));
#7647 = ( GEOMETRIC_REPRESENTATION_CONTEXT(2) 
PARAMETRIC_REPRESENTATION_CONTEXT() REPRESENTATION_CONTEXT('2D SPACE',''
  ) );
#7648 = ORIENTED_EDGE('',*,*,#7649,.F.);
#7649 = EDGE_CURVE('',#7572,#7622,#7650,.T.);
#7650 = SURFACE_CURVE('',#7651,(#7655,#7662),.PCURVE_S1.);
#7651 = LINE('',#7652,#7653);
#7652 = CARTESIAN_POINT('',(41.,-14.,42.5));
#7653 = VECTOR('',#7654,1.);
#7654 = DIRECTION('',(0.,0.,1.));
#7655 = PCURVE('',#5561,#7656);
#7656 = DEFINITIONAL_REPRESENTATION('',(#7657),#7661);
#7657 = LINE('',#7658,#7659);
#7658 = CARTESIAN_POINT('',(0.,4.));
#7659 = VECTOR('',#7660,1.);
#7660 = DIRECTION('',(1.,0.));
#7661 = ( GEOMETRIC_REPRESENTATION_CONTEXT(2) 
PARAMETRIC_REPRESENTATION_CONTEXT() REPRESENTATION_CONTEXT('2D SPACE',''
  ) );
#7662 = PCURVE('',#6842,#7663);
#7663 = DEFINITIONAL_REPRESENTATION('',(#7664),#7668);
#7664 = LINE('',#7665,#7666);
#7665 = CARTESIAN_POINT('',(-8.,20.75));
#7666 = VECTOR('',#7667,1.);
#7667 = DIRECTION('',(1.,0.));
#7668 = ( GEOMETRIC_REPRESENTATION_CONTEXT(2) 
PARAMETRIC_REPRESENTATION_CONTEXT() REPRESENTATION_CONTEXT('2D SPACE',''
  ) );
#7669 = ADVANCED_FACE('',(#7670),#5589,.T.);
#7670 = FACE_BOUND('',#7671,.T.);
#7671 = EDGE_LOOP('',(#7672,#7694,#7695,#7696));
#7672 = ORIENTED_EDGE('',*,*,#7673,.F.);
#7673 = EDGE_CURVE('',#7183,#7599,#7674,.T.);
#7674 = SURFACE_CURVE('',#7675,(#7680,#7687),.PCURVE_S1.);
#7675 = CIRCLE('',#7676,5.);
#7676 = AXIS2_PLACEMENT_3D('',#7677,#7678,#7679);
#7677 = CARTESIAN_POINT('',(37.,-9.,58.5));
#7678 = DIRECTION('',(1.,0.,0.));
#7679 = DIRECTION('',(-0.,0.,1.));
#7680 = PCURVE('',#5589,#7681);
#7681 = DEFINITIONAL_REPRESENTATION('',(#7682),#7686);
#7682 = CIRCLE('',#7683,5.);
#7683 = AXIS2_PLACEMENT_2D('',#7684,#7685);
#7684 = CARTESIAN_POINT('',(8.,9.));
#7685 = DIRECTION('',(1.,0.));
#7686 = ( GEOMETRIC_REPRESENTATION_CONTEXT(2) 
PARAMETRIC_REPRESENTATION_CONTEXT() REPRESENTATION_CONTEXT('2D SPACE',''
  ) );
#7687 = PCURVE('',#7637,#7688);
#7688 = DEFINITIONAL_REPRESENTATION('',(#7689),#7693);
#7689 = LINE('',#7690,#7691);
#7690 = CARTESIAN_POINT('',(0.,0.));
#7691 = VECTOR('',#7692,1.);
#7692 = DIRECTION('',(1.,0.));
#7693 = ( GEOMETRIC_REPRESENTATION_CONTEXT(2) 
PARAMETRIC_REPRESENTATION_CONTEXT() REPRESENTATION_CONTEXT('2D SPACE',''
  ) );
#7694 = ORIENTED_EDGE('',*,*,#7182,.T.);
#7695 = ORIENTED_EDGE('',*,*,#5572,.F.);
#7696 = ORIENTED_EDGE('',*,*,#7598,.T.);
#7697 = ADVANCED_FACE('',(#7698),#5987,.T.);
#7698 = FACE_BOUND('',#7699,.T.);
#7699 = EDGE_LOOP('',(#7700,#7721,#7722,#7743));
#7700 = ORIENTED_EDGE('',*,*,#7701,.T.);
#7701 = EDGE_CURVE('',#5970,#6379,#7702,.T.);
#7702 = SURFACE_CURVE('',#7703,(#7707,#7714),.PCURVE_S1.);
#7703 = LINE('',#7704,#7705);
#7704 = CARTESIAN_POINT('',(42.05,20.203183294109,10.5));
#7705 = VECTOR('',#7706,1.);
#7706 = DIRECTION('',(1.110223024625E-16,0.,-1.));
#7707 = PCURVE('',#5987,#7708);
#7708 = DEFINITIONAL_REPRESENTATION('',(#7709),#7713);
#7709 = LINE('',#7710,#7711);
#7710 = CARTESIAN_POINT('',(0.,0.));
#7711 = VECTOR('',#7712,1.);
#7712 = DIRECTION('',(0.,-1.));
#7713 = ( GEOMETRIC_REPRESENTATION_CONTEXT(2) 
PARAMETRIC_REPRESENTATION_CONTEXT() REPRESENTATION_CONTEXT('2D SPACE',''
  ) );
#7714 = PCURVE('',#6125,#7715);
#7715 = DEFINITIONAL_REPRESENTATION('',(#7716),#7720);
#7716 = LINE('',#7717,#7718);
#7717 = CARTESIAN_POINT('',(3.406366588219,0.));
#7718 = VECTOR('',#7719,1.);
#7719 = DIRECTION('',(0.,-1.));
#7720 = ( GEOMETRIC_REPRESENTATION_CONTEXT(2) 
PARAMETRIC_REPRESENTATION_CONTEXT() REPRESENTATION_CONTEXT('2D SPACE',''
  ) );
#7721 = ORIENTED_EDGE('',*,*,#6401,.T.);
#7722 = ORIENTED_EDGE('',*,*,#7723,.F.);
#7723 = EDGE_CURVE('',#5972,#6285,#7724,.T.);
#7724 = SURFACE_CURVE('',#7725,(#7729,#7736),.PCURVE_S1.);
#7725 = LINE('',#7726,#7727);
#7726 = CARTESIAN_POINT('',(45.,21.906366588219,10.5));
#7727 = VECTOR('',#7728,1.);
#7728 = DIRECTION('',(1.110223024625E-16,0.,-1.));
#7729 = PCURVE('',#5987,#7730);
#7730 = DEFINITIONAL_REPRESENTATION('',(#7731),#7735);
#7731 = LINE('',#7732,#7733);
#7732 = CARTESIAN_POINT('',(3.406366588219,0.));
#7733 = VECTOR('',#7734,1.);
#7734 = DIRECTION('',(0.,-1.));
#7735 = ( GEOMETRIC_REPRESENTATION_CONTEXT(2) 
PARAMETRIC_REPRESENTATION_CONTEXT() REPRESENTATION_CONTEXT('2D SPACE',''
  ) );
#7736 = PCURVE('',#6015,#7737);
#7737 = DEFINITIONAL_REPRESENTATION('',(#7738),#7742);
#7738 = LINE('',#7739,#7740);
#7739 = CARTESIAN_POINT('',(0.,0.));
#7740 = VECTOR('',#7741,1.);
#7741 = DIRECTION('',(0.,-1.));
#7742 = ( GEOMETRIC_REPRESENTATION_CONTEXT(2) 
PARAMETRIC_REPRESENTATION_CONTEXT() REPRESENTATION_CONTEXT('2D SPACE',''
  ) );
#7743 = ORIENTED_EDGE('',*,*,#5969,.F.);
#7744 = ADVANCED_FACE('',(#7745),#6125,.T.);
#7745 = FACE_BOUND('',#7746,.T.);
#7746 = EDGE_LOOP('',(#7747,#7768,#7769,#7770));
#7747 = ORIENTED_EDGE('',*,*,#7748,.T.);
#7748 = EDGE_CURVE('',#6084,#6356,#7749,.T.);
#7749 = SURFACE_CURVE('',#7750,(#7754,#7761),.PCURVE_S1.);
#7750 = LINE('',#7751,#7752);
#7751 = CARTESIAN_POINT('',(42.05,16.796816705891,10.5));
#7752 = VECTOR('',#7753,1.);
#7753 = DIRECTION('',(1.110223024625E-16,0.,-1.));
#7754 = PCURVE('',#6125,#7755);
#7755 = DEFINITIONAL_REPRESENTATION('',(#7756),#7760);
#7756 = LINE('',#7757,#7758);
#7757 = CARTESIAN_POINT('',(0.,0.));
#7758 = VECTOR('',#7759,1.);
#7759 = DIRECTION('',(0.,-1.));
#7760 = ( GEOMETRIC_REPRESENTATION_CONTEXT(2) 
PARAMETRIC_REPRESENTATION_CONTEXT() REPRESENTATION_CONTEXT('2D SPACE',''
  ) );
#7761 = PCURVE('',#6099,#7762);
#7762 = DEFINITIONAL_REPRESENTATION('',(#7763),#7767);
#7763 = LINE('',#7764,#7765);
#7764 = CARTESIAN_POINT('',(3.406366588219,0.));
#7765 = VECTOR('',#7766,1.);
#7766 = DIRECTION('',(0.,-1.));
#7767 = ( GEOMETRIC_REPRESENTATION_CONTEXT(2) 
PARAMETRIC_REPRESENTATION_CONTEXT() REPRESENTATION_CONTEXT('2D SPACE',''
  ) );
#7768 = ORIENTED_EDGE('',*,*,#6378,.T.);
#7769 = ORIENTED_EDGE('',*,*,#7701,.F.);
#7770 = ORIENTED_EDGE('',*,*,#6111,.F.);
#7771 = ADVANCED_FACE('',(#7772),#6015,.T.);
#7772 = FACE_BOUND('',#7773,.T.);
#7773 = EDGE_LOOP('',(#7774,#7775,#7776,#7797));
#7774 = ORIENTED_EDGE('',*,*,#7723,.T.);
#7775 = ORIENTED_EDGE('',*,*,#6284,.T.);
#7776 = ORIENTED_EDGE('',*,*,#7777,.F.);
#7777 = EDGE_CURVE('',#6000,#6287,#7778,.T.);
#7778 = SURFACE_CURVE('',#7779,(#7783,#7790),.PCURVE_S1.);
#7779 = LINE('',#7780,#7781);
#7780 = CARTESIAN_POINT('',(47.95,20.203183294109,10.5));
#7781 = VECTOR('',#7782,1.);
#7782 = DIRECTION('',(1.110223024625E-16,0.,-1.));
#7783 = PCURVE('',#6015,#7784);
#7784 = DEFINITIONAL_REPRESENTATION('',(#7785),#7789);
#7785 = LINE('',#7786,#7787);
#7786 = CARTESIAN_POINT('',(3.406366588219,0.));
#7787 = VECTOR('',#7788,1.);
#7788 = DIRECTION('',(0.,-1.));
#7789 = ( GEOMETRIC_REPRESENTATION_CONTEXT(2) 
PARAMETRIC_REPRESENTATION_CONTEXT() REPRESENTATION_CONTEXT('2D SPACE',''
  ) );
#7790 = PCURVE('',#6043,#7791);
#7791 = DEFINITIONAL_REPRESENTATION('',(#7792),#7796);
#7792 = LINE('',#7793,#7794);
#7793 = CARTESIAN_POINT('',(0.,0.));
#7794 = VECTOR('',#7795,1.);
#7795 = DIRECTION('',(0.,-1.));
#7796 = ( GEOMETRIC_REPRESENTATION_CONTEXT(2) 
PARAMETRIC_REPRESENTATION_CONTEXT() REPRESENTATION_CONTEXT('2D SPACE',''
  ) );
#7797 = ORIENTED_EDGE('',*,*,#5999,.F.);
#7798 = ADVANCED_FACE('',(#7799),#6099,.T.);
#7799 = FACE_BOUND('',#7800,.T.);
#7800 = EDGE_LOOP('',(#7801,#7822,#7823,#7824));
#7801 = ORIENTED_EDGE('',*,*,#7802,.T.);
#7802 = EDGE_CURVE('',#6056,#6333,#7803,.T.);
#7803 = SURFACE_CURVE('',#7804,(#7808,#7815),.PCURVE_S1.);
#7804 = LINE('',#7805,#7806);
#7805 = CARTESIAN_POINT('',(45.,15.093633411781,10.5));
#7806 = VECTOR('',#7807,1.);
#7807 = DIRECTION('',(1.110223024625E-16,0.,-1.));
#7808 = PCURVE('',#6099,#7809);
#7809 = DEFINITIONAL_REPRESENTATION('',(#7810),#7814);
#7810 = LINE('',#7811,#7812);
#7811 = CARTESIAN_POINT('',(0.,0.));
#7812 = VECTOR('',#7813,1.);
#7813 = DIRECTION('',(0.,-1.));
#7814 = ( GEOMETRIC_REPRESENTATION_CONTEXT(2) 
PARAMETRIC_REPRESENTATION_CONTEXT() REPRESENTATION_CONTEXT('2D SPACE',''
  ) );
#7815 = PCURVE('',#6071,#7816);
#7816 = DEFINITIONAL_REPRESENTATION('',(#7817),#7821);
#7817 = LINE('',#7818,#7819);
#7818 = CARTESIAN_POINT('',(3.406366588219,0.));
#7819 = VECTOR('',#7820,1.);
#7820 = DIRECTION('',(0.,-1.));
#7821 = ( GEOMETRIC_REPRESENTATION_CONTEXT(2) 
PARAMETRIC_REPRESENTATION_CONTEXT() REPRESENTATION_CONTEXT('2D SPACE',''
  ) );
#7822 = ORIENTED_EDGE('',*,*,#6355,.T.);
#7823 = ORIENTED_EDGE('',*,*,#7748,.F.);
#7824 = ORIENTED_EDGE('',*,*,#6083,.F.);
#7825 = ADVANCED_FACE('',(#7826),#6043,.T.);
#7826 = FACE_BOUND('',#7827,.T.);
#7827 = EDGE_LOOP('',(#7828,#7829,#7830,#7851));
#7828 = ORIENTED_EDGE('',*,*,#7777,.T.);
#7829 = ORIENTED_EDGE('',*,*,#6309,.T.);
#7830 = ORIENTED_EDGE('',*,*,#7831,.F.);
#7831 = EDGE_CURVE('',#6028,#6310,#7832,.T.);
#7832 = SURFACE_CURVE('',#7833,(#7837,#7844),.PCURVE_S1.);
#7833 = LINE('',#7834,#7835);
#7834 = CARTESIAN_POINT('',(47.95,16.796816705891,10.5));
#7835 = VECTOR('',#7836,1.);
#7836 = DIRECTION('',(1.110223024625E-16,0.,-1.));
#7837 = PCURVE('',#6043,#7838);
#7838 = DEFINITIONAL_REPRESENTATION('',(#7839),#7843);
#7839 = LINE('',#7840,#7841);
#7840 = CARTESIAN_POINT('',(3.406366588219,0.));
#7841 = VECTOR('',#7842,1.);
#7842 = DIRECTION('',(0.,-1.));
#7843 = ( GEOMETRIC_REPRESENTATION_CONTEXT(2) 
PARAMETRIC_REPRESENTATION_CONTEXT() REPRESENTATION_CONTEXT('2D SPACE',''
  ) );
#7844 = PCURVE('',#6071,#7845);
#7845 = DEFINITIONAL_REPRESENTATION('',(#7846),#7850);
#7846 = LINE('',#7847,#7848);
#7847 = CARTESIAN_POINT('',(0.,0.));
#7848 = VECTOR('',#7849,1.);
#7849 = DIRECTION('',(0.,-1.));
#7850 = ( GEOMETRIC_REPRESENTATION_CONTEXT(2) 
PARAMETRIC_REPRESENTATION_CONTEXT() REPRESENTATION_CONTEXT('2D SPACE',''
  ) );
#7851 = ORIENTED_EDGE('',*,*,#6027,.F.);
#7852 = ADVANCED_FACE('',(#7853),#6071,.T.);
#7853 = FACE_BOUND('',#7854,.T.);
#7854 = EDGE_LOOP('',(#7855,#7856,#7857,#7858));
#7855 = ORIENTED_EDGE('',*,*,#7831,.T.);
#7856 = ORIENTED_EDGE('',*,*,#6332,.T.);
#7857 = ORIENTED_EDGE('',*,*,#7802,.F.);
#7858 = ORIENTED_EDGE('',*,*,#6055,.F.);
#7859 = ADVANCED_FACE('',(#7860),#6870,.T.);
#7860 = FACE_BOUND('',#7861,.T.);
#7861 = EDGE_LOOP('',(#7862,#7886,#7887,#7888));
#7862 = ORIENTED_EDGE('',*,*,#7863,.F.);
#7863 = EDGE_CURVE('',#6827,#7864,#7866,.T.);
#7864 = VERTEX_POINT('',#7865);
#7865 = CARTESIAN_POINT('',(41.,27.5,42.5));
#7866 = SURFACE_CURVE('',#7867,(#7872,#7879),.PCURVE_S1.);
#7867 = CIRCLE('',#7868,5.);
#7868 = AXIS2_PLACEMENT_3D('',#7869,#7870,#7871);
#7869 = CARTESIAN_POINT('',(41.,22.5,42.5));
#7870 = DIRECTION('',(1.,0.,0.));
#7871 = DIRECTION('',(-0.,0.,1.));
#7872 = PCURVE('',#6870,#7873);
#7873 = DEFINITIONAL_REPRESENTATION('',(#7874),#7878);
#7874 = LINE('',#7875,#7876);
#7875 = CARTESIAN_POINT('',(0.,4.));
#7876 = VECTOR('',#7877,1.);
#7877 = DIRECTION('',(1.,0.));
#7878 = ( GEOMETRIC_REPRESENTATION_CONTEXT(2) 
PARAMETRIC_REPRESENTATION_CONTEXT() REPRESENTATION_CONTEXT('2D SPACE',''
  ) );
#7879 = PCURVE('',#6842,#7880);
#7880 = DEFINITIONAL_REPRESENTATION('',(#7881),#7885);
#7881 = CIRCLE('',#7882,5.);
#7882 = AXIS2_PLACEMENT_2D('',#7883,#7884);
#7883 = CARTESIAN_POINT('',(-8.,-15.75));
#7884 = DIRECTION('',(1.,0.));
#7885 = ( GEOMETRIC_REPRESENTATION_CONTEXT(2) 
PARAMETRIC_REPRESENTATION_CONTEXT() REPRESENTATION_CONTEXT('2D SPACE',''
  ) );
#7886 = ORIENTED_EDGE('',*,*,#6854,.F.);
#7887 = ORIENTED_EDGE('',*,*,#7054,.T.);
#7888 = ORIENTED_EDGE('',*,*,#7889,.T.);
#7889 = EDGE_CURVE('',#7027,#7864,#7890,.T.);
#7890 = SURFACE_CURVE('',#7891,(#7895,#7902),.PCURVE_S1.);
#7891 = LINE('',#7892,#7893);
#7892 = CARTESIAN_POINT('',(37.,27.5,42.5));
#7893 = VECTOR('',#7894,1.);
#7894 = DIRECTION('',(1.,0.,-0.));
#7895 = PCURVE('',#6870,#7896);
#7896 = DEFINITIONAL_REPRESENTATION('',(#7897),#7901);
#7897 = LINE('',#7898,#7899);
#7898 = CARTESIAN_POINT('',(4.712388980385,0.));
#7899 = VECTOR('',#7900,1.);
#7900 = DIRECTION('',(0.,1.));
#7901 = ( GEOMETRIC_REPRESENTATION_CONTEXT(2) 
PARAMETRIC_REPRESENTATION_CONTEXT() REPRESENTATION_CONTEXT('2D SPACE',''
  ) );
#7902 = PCURVE('',#7042,#7903);
#7903 = DEFINITIONAL_REPRESENTATION('',(#7904),#7908);
#7904 = LINE('',#7905,#7906);
#7905 = CARTESIAN_POINT('',(0.,0.));
#7906 = VECTOR('',#7907,1.);
#7907 = DIRECTION('',(0.,1.));
#7908 = ( GEOMETRIC_REPRESENTATION_CONTEXT(2) 
PARAMETRIC_REPRESENTATION_CONTEXT() REPRESENTATION_CONTEXT('2D SPACE',''
  ) );
#7909 = ADVANCED_FACE('',(#7910,#8029,#8055,#8086,#8117,#8148),#6842,.T.
  );
#7910 = FACE_BOUND('',#7911,.T.);
#7911 = EDGE_LOOP('',(#7912,#7913,#7914,#7937,#7961,#7984,#8006,#8007));
#7912 = ORIENTED_EDGE('',*,*,#6826,.T.);
#7913 = ORIENTED_EDGE('',*,*,#7863,.T.);
#7914 = ORIENTED_EDGE('',*,*,#7915,.T.);
#7915 = EDGE_CURVE('',#7864,#7916,#7918,.T.);
#7916 = VERTEX_POINT('',#7917);
#7917 = CARTESIAN_POINT('',(41.,27.5,58.5));
#7918 = SURFACE_CURVE('',#7919,(#7923,#7930),.PCURVE_S1.);
#7919 = LINE('',#7920,#7921);
#7920 = CARTESIAN_POINT('',(41.,27.5,42.5));
#7921 = VECTOR('',#7922,1.);
#7922 = DIRECTION('',(0.,0.,1.));
#7923 = PCURVE('',#6842,#7924);
#7924 = DEFINITIONAL_REPRESENTATION('',(#7925),#7929);
#7925 = LINE('',#7926,#7927);
#7926 = CARTESIAN_POINT('',(-8.,-20.75));
#7927 = VECTOR('',#7928,1.);
#7928 = DIRECTION('',(1.,0.));
#7929 = ( GEOMETRIC_REPRESENTATION_CONTEXT(2) 
PARAMETRIC_REPRESENTATION_CONTEXT() REPRESENTATION_CONTEXT('2D SPACE',''
  ) );
#7930 = PCURVE('',#7042,#7931);
#7931 = DEFINITIONAL_REPRESENTATION('',(#7932),#7936);
#7932 = LINE('',#7933,#7934);
#7933 = CARTESIAN_POINT('',(0.,4.));
#7934 = VECTOR('',#7935,1.);
#7935 = DIRECTION('',(1.,0.));
#7936 = ( GEOMETRIC_REPRESENTATION_CONTEXT(2) 
PARAMETRIC_REPRESENTATION_CONTEXT() REPRESENTATION_CONTEXT('2D SPACE',''
  ) );
#7937 = ORIENTED_EDGE('',*,*,#7938,.T.);
#7938 = EDGE_CURVE('',#7916,#7939,#7941,.T.);
#7939 = VERTEX_POINT('',#7940);
#7940 = CARTESIAN_POINT('',(41.,22.5,63.5));
#7941 = SURFACE_CURVE('',#7942,(#7947,#7954),.PCURVE_S1.);
#7942 = CIRCLE('',#7943,5.);
#7943 = AXIS2_PLACEMENT_3D('',#7944,#7945,#7946);
#7944 = CARTESIAN_POINT('',(41.,22.5,58.5));
#7945 = DIRECTION('',(1.,0.,0.));
#7946 = DIRECTION('',(-0.,0.,1.));
#7947 = PCURVE('',#6842,#7948);
#7948 = DEFINITIONAL_REPRESENTATION('',(#7949),#7953);
#7949 = CIRCLE('',#7950,5.);
#7950 = AXIS2_PLACEMENT_2D('',#7951,#7952);
#7951 = CARTESIAN_POINT('',(8.,-15.75));
#7952 = DIRECTION('',(1.,0.));
#7953 = ( GEOMETRIC_REPRESENTATION_CONTEXT(2) 
PARAMETRIC_REPRESENTATION_CONTEXT() REPRESENTATION_CONTEXT('2D SPACE',''
  ) );
#7954 = PCURVE('',#7014,#7955);
#7955 = DEFINITIONAL_REPRESENTATION('',(#7956),#7960);
#7956 = LINE('',#7957,#7958);
#7957 = CARTESIAN_POINT('',(0.,4.));
#7958 = VECTOR('',#7959,1.);
#7959 = DIRECTION('',(1.,0.));
#7960 = ( GEOMETRIC_REPRESENTATION_CONTEXT(2) 
PARAMETRIC_REPRESENTATION_CONTEXT() REPRESENTATION_CONTEXT('2D SPACE',''
  ) );
#7961 = ORIENTED_EDGE('',*,*,#7962,.F.);
#7962 = EDGE_CURVE('',#7963,#7939,#7965,.T.);
#7963 = VERTEX_POINT('',#7964);
#7964 = CARTESIAN_POINT('',(41.,-9.,63.5));
#7965 = SURFACE_CURVE('',#7966,(#7970,#7977),.PCURVE_S1.);
#7966 = LINE('',#7967,#7968);
#7967 = CARTESIAN_POINT('',(41.,-9.,63.5));
#7968 = VECTOR('',#7969,1.);
#7969 = DIRECTION('',(-0.,1.,0.));
#7970 = PCURVE('',#6842,#7971);
#7971 = DEFINITIONAL_REPRESENTATION('',(#7972),#7976);
#7972 = LINE('',#7973,#7974);
#7973 = CARTESIAN_POINT('',(13.,15.75));
#7974 = VECTOR('',#7975,1.);
#7975 = DIRECTION('',(0.,-1.));
#7976 = ( GEOMETRIC_REPRESENTATION_CONTEXT(2) 
PARAMETRIC_REPRESENTATION_CONTEXT() REPRESENTATION_CONTEXT('2D SPACE',''
  ) );
#7977 = PCURVE('',#6981,#7978);
#7978 = DEFINITIONAL_REPRESENTATION('',(#7979),#7983);
#7979 = LINE('',#7980,#7981);
#7980 = CARTESIAN_POINT('',(4.,0.));
#7981 = VECTOR('',#7982,1.);
#7982 = DIRECTION('',(0.,1.));
#7983 = ( GEOMETRIC_REPRESENTATION_CONTEXT(2) 
PARAMETRIC_REPRESENTATION_CONTEXT() REPRESENTATION_CONTEXT('2D SPACE',''
  ) );
#7984 = ORIENTED_EDGE('',*,*,#7985,.T.);
#7985 = EDGE_CURVE('',#7963,#7622,#7986,.T.);
#7986 = SURFACE_CURVE('',#7987,(#7992,#7999),.PCURVE_S1.);
#7987 = CIRCLE('',#7988,5.);
#7988 = AXIS2_PLACEMENT_3D('',#7989,#7990,#7991);
#7989 = CARTESIAN_POINT('',(41.,-9.,58.5));
#7990 = DIRECTION('',(1.,0.,0.));
#7991 = DIRECTION('',(-0.,0.,1.));
#7992 = PCURVE('',#6842,#7993);
#7993 = DEFINITIONAL_REPRESENTATION('',(#7994),#7998);
#7994 = CIRCLE('',#7995,5.);
#7995 = AXIS2_PLACEMENT_2D('',#7996,#7997);
#7996 = CARTESIAN_POINT('',(8.,15.75));
#7997 = DIRECTION('',(1.,0.));
#7998 = ( GEOMETRIC_REPRESENTATION_CONTEXT(2) 
PARAMETRIC_REPRESENTATION_CONTEXT() REPRESENTATION_CONTEXT('2D SPACE',''
  ) );
#7999 = PCURVE('',#7637,#8000);
#8000 = DEFINITIONAL_REPRESENTATION('',(#8001),#8005);
#8001 = LINE('',#8002,#8003);
#8002 = CARTESIAN_POINT('',(0.,4.));
#8003 = VECTOR('',#8004,1.);
#8004 = DIRECTION('',(1.,0.));
#8005 = ( GEOMETRIC_REPRESENTATION_CONTEXT(2) 
PARAMETRIC_REPRESENTATION_CONTEXT() REPRESENTATION_CONTEXT('2D SPACE',''
  ) );
#8006 = ORIENTED_EDGE('',*,*,#7649,.F.);
#8007 = ORIENTED_EDGE('',*,*,#8008,.T.);
#8008 = EDGE_CURVE('',#7572,#6799,#8009,.T.);
#8009 = SURFACE_CURVE('',#8010,(#8015,#8022),.PCURVE_S1.);
#8010 = CIRCLE('',#8011,5.);
#8011 = AXIS2_PLACEMENT_3D('',#8012,#8013,#8014);
#8012 = CARTESIAN_POINT('',(41.,-9.,42.5));
#8013 = DIRECTION('',(1.,0.,0.));
#8014 = DIRECTION('',(-0.,0.,1.));
#8015 = PCURVE('',#6842,#8016);
#8016 = DEFINITIONAL_REPRESENTATION('',(#8017),#8021);
#8017 = CIRCLE('',#8018,5.);
#8018 = AXIS2_PLACEMENT_2D('',#8019,#8020);
#8019 = CARTESIAN_POINT('',(-8.,15.75));
#8020 = DIRECTION('',(1.,0.));
#8021 = ( GEOMETRIC_REPRESENTATION_CONTEXT(2) 
PARAMETRIC_REPRESENTATION_CONTEXT() REPRESENTATION_CONTEXT('2D SPACE',''
  ) );
#8022 = PCURVE('',#6814,#8023);
#8023 = DEFINITIONAL_REPRESENTATION('',(#8024),#8028);
#8024 = LINE('',#8025,#8026);
#8025 = CARTESIAN_POINT('',(0.,4.));
#8026 = VECTOR('',#8027,1.);
#8027 = DIRECTION('',(1.,0.));
#8028 = ( GEOMETRIC_REPRESENTATION_CONTEXT(2) 
PARAMETRIC_REPRESENTATION_CONTEXT() REPRESENTATION_CONTEXT('2D SPACE',''
  ) );
#8029 = FACE_BOUND('',#8030,.T.);
#8030 = EDGE_LOOP('',(#8031));
#8031 = ORIENTED_EDGE('',*,*,#8032,.F.);
#8032 = EDGE_CURVE('',#8033,#8033,#8035,.T.);
#8033 = VERTEX_POINT('',#8034);
#8034 = CARTESIAN_POINT('',(41.,22.5,43.6));
#8035 = SURFACE_CURVE('',#8036,(#8041,#8048),.PCURVE_S1.);
#8036 = CIRCLE('',#8037,1.1);
#8037 = AXIS2_PLACEMENT_3D('',#8038,#8039,#8040);
#8038 = CARTESIAN_POINT('',(41.,22.5,42.5));
#8039 = DIRECTION('',(1.,0.,0.));
#8040 = DIRECTION('',(-0.,0.,1.));
#8041 = PCURVE('',#6842,#8042);
#8042 = DEFINITIONAL_REPRESENTATION('',(#8043),#8047);
#8043 = CIRCLE('',#8044,1.1);
#8044 = AXIS2_PLACEMENT_2D('',#8045,#8046);
#8045 = CARTESIAN_POINT('',(-8.,-15.75));
#8046 = DIRECTION('',(1.,0.));
#8047 = ( GEOMETRIC_REPRESENTATION_CONTEXT(2) 
PARAMETRIC_REPRESENTATION_CONTEXT() REPRESENTATION_CONTEXT('2D SPACE',''
  ) );
#8048 = PCURVE('',#7138,#8049);
#8049 = DEFINITIONAL_REPRESENTATION('',(#8050),#8054);
#8050 = LINE('',#8051,#8052);
#8051 = CARTESIAN_POINT('',(0.,9.1));
#8052 = VECTOR('',#8053,1.);
#8053 = DIRECTION('',(1.,0.));
#8054 = ( GEOMETRIC_REPRESENTATION_CONTEXT(2) 
PARAMETRIC_REPRESENTATION_CONTEXT() REPRESENTATION_CONTEXT('2D SPACE',''
  ) );
#8055 = FACE_BOUND('',#8056,.T.);
#8056 = EDGE_LOOP('',(#8057));
#8057 = ORIENTED_EDGE('',*,*,#8058,.F.);
#8058 = EDGE_CURVE('',#8059,#8059,#8061,.T.);
#8059 = VERTEX_POINT('',#8060);
#8060 = CARTESIAN_POINT('',(41.,22.5,59.6));
#8061 = SURFACE_CURVE('',#8062,(#8067,#8074),.PCURVE_S1.);
#8062 = CIRCLE('',#8063,1.1);
#8063 = AXIS2_PLACEMENT_3D('',#8064,#8065,#8066);
#8064 = CARTESIAN_POINT('',(41.,22.5,58.5));
#8065 = DIRECTION('',(1.,0.,0.));
#8066 = DIRECTION('',(-0.,0.,1.));
#8067 = PCURVE('',#6842,#8068);
#8068 = DEFINITIONAL_REPRESENTATION('',(#8069),#8073);
#8069 = CIRCLE('',#8070,1.1);
#8070 = AXIS2_PLACEMENT_2D('',#8071,#8072);
#8071 = CARTESIAN_POINT('',(8.,-15.75));
#8072 = DIRECTION('',(1.,0.));
#8073 = ( GEOMETRIC_REPRESENTATION_CONTEXT(2) 
PARAMETRIC_REPRESENTATION_CONTEXT() REPRESENTATION_CONTEXT('2D SPACE',''
  ) );
#8074 = PCURVE('',#8075,#8080);
#8075 = CYLINDRICAL_SURFACE('',#8076,1.1);
#8076 = AXIS2_PLACEMENT_3D('',#8077,#8078,#8079);
#8077 = CARTESIAN_POINT('',(31.9,22.5,58.5));
#8078 = DIRECTION('',(1.,0.,0.));
#8079 = DIRECTION('',(-0.,0.,1.));
#8080 = DEFINITIONAL_REPRESENTATION('',(#8081),#8085);
#8081 = LINE('',#8082,#8083);
#8082 = CARTESIAN_POINT('',(0.,9.1));
#8083 = VECTOR('',#8084,1.);
#8084 = DIRECTION('',(1.,0.));
#8085 = ( GEOMETRIC_REPRESENTATION_CONTEXT(2) 
PARAMETRIC_REPRESENTATION_CONTEXT() REPRESENTATION_CONTEXT('2D SPACE',''
  ) );
#8086 = FACE_BOUND('',#8087,.T.);
#8087 = EDGE_LOOP('',(#8088));
#8088 = ORIENTED_EDGE('',*,*,#8089,.F.);
#8089 = EDGE_CURVE('',#8090,#8090,#8092,.T.);
#8090 = VERTEX_POINT('',#8091);
#8091 = CARTESIAN_POINT('',(41.,2.081899558551E-15,59.));
#8092 = SURFACE_CURVE('',#8093,(#8098,#8105),.PCURVE_S1.);
#8093 = CIRCLE('',#8094,8.5);
#8094 = AXIS2_PLACEMENT_3D('',#8095,#8096,#8097);
#8095 = CARTESIAN_POINT('',(41.,0.,50.5));
#8096 = DIRECTION('',(1.,0.,0.));
#8097 = DIRECTION('',(-0.,0.,1.));
#8098 = PCURVE('',#6842,#8099);
#8099 = DEFINITIONAL_REPRESENTATION('',(#8100),#8104);
#8100 = CIRCLE('',#8101,8.5);
#8101 = AXIS2_PLACEMENT_2D('',#8102,#8103);
#8102 = CARTESIAN_POINT('',(4.509296526991E-16,6.75));
#8103 = DIRECTION('',(1.,0.));
#8104 = ( GEOMETRIC_REPRESENTATION_CONTEXT(2) 
PARAMETRIC_REPRESENTATION_CONTEXT() REPRESENTATION_CONTEXT('2D SPACE',''
  ) );
#8105 = PCURVE('',#8106,#8111);
#8106 = CYLINDRICAL_SURFACE('',#8107,8.5);
#8107 = AXIS2_PLACEMENT_3D('',#8108,#8109,#8110);
#8108 = CARTESIAN_POINT('',(36.9,0.,50.5));
#8109 = DIRECTION('',(1.,0.,0.));
#8110 = DIRECTION('',(-0.,0.,1.));
#8111 = DEFINITIONAL_REPRESENTATION('',(#8112),#8116);
#8112 = LINE('',#8113,#8114);
#8113 = CARTESIAN_POINT('',(0.,4.1));
#8114 = VECTOR('',#8115,1.);
#8115 = DIRECTION('',(1.,0.));
#8116 = ( GEOMETRIC_REPRESENTATION_CONTEXT(2) 
PARAMETRIC_REPRESENTATION_CONTEXT() REPRESENTATION_CONTEXT('2D SPACE',''
  ) );
#8117 = FACE_BOUND('',#8118,.T.);
#8118 = EDGE_LOOP('',(#8119));
#8119 = ORIENTED_EDGE('',*,*,#8120,.F.);
#8120 = EDGE_CURVE('',#8121,#8121,#8123,.T.);
#8121 = VERTEX_POINT('',#8122);
#8122 = CARTESIAN_POINT('',(41.,-7.5,43.6));
#8123 = SURFACE_CURVE('',#8124,(#8129,#8136),.PCURVE_S1.);
#8124 = CIRCLE('',#8125,1.1);
#8125 = AXIS2_PLACEMENT_3D('',#8126,#8127,#8128);
#8126 = CARTESIAN_POINT('',(41.,-7.5,42.5));
#8127 = DIRECTION('',(1.,0.,0.));
#8128 = DIRECTION('',(-0.,0.,1.));
#8129 = PCURVE('',#6842,#8130);
#8130 = DEFINITIONAL_REPRESENTATION('',(#8131),#8135);
#8131 = CIRCLE('',#8132,1.1);
#8132 = AXIS2_PLACEMENT_2D('',#8133,#8134);
#8133 = CARTESIAN_POINT('',(-8.,14.25));
#8134 = DIRECTION('',(1.,0.));
#8135 = ( GEOMETRIC_REPRESENTATION_CONTEXT(2) 
PARAMETRIC_REPRESENTATION_CONTEXT() REPRESENTATION_CONTEXT('2D SPACE',''
  ) );
#8136 = PCURVE('',#8137,#8142);
#8137 = CYLINDRICAL_SURFACE('',#8138,1.1);
#8138 = AXIS2_PLACEMENT_3D('',#8139,#8140,#8141);
#8139 = CARTESIAN_POINT('',(31.9,-7.5,42.5));
#8140 = DIRECTION('',(1.,0.,0.));
#8141 = DIRECTION('',(-0.,0.,1.));
#8142 = DEFINITIONAL_REPRESENTATION('',(#8143),#8147);
#8143 = LINE('',#8144,#8145);
#8144 = CARTESIAN_POINT('',(0.,9.1));
#8145 = VECTOR('',#8146,1.);
#8146 = DIRECTION('',(1.,0.));
#8147 = ( GEOMETRIC_REPRESENTATION_CONTEXT(2) 
PARAMETRIC_REPRESENTATION_CONTEXT() REPRESENTATION_CONTEXT('2D SPACE',''
  ) );
#8148 = FACE_BOUND('',#8149,.T.);
#8149 = EDGE_LOOP('',(#8150));
#8150 = ORIENTED_EDGE('',*,*,#8151,.F.);
#8151 = EDGE_CURVE('',#8152,#8152,#8154,.T.);
#8152 = VERTEX_POINT('',#8153);
#8153 = CARTESIAN_POINT('',(41.,-7.5,59.6));
#8154 = SURFACE_CURVE('',#8155,(#8160,#8167),.PCURVE_S1.);
#8155 = CIRCLE('',#8156,1.1);
#8156 = AXIS2_PLACEMENT_3D('',#8157,#8158,#8159);
#8157 = CARTESIAN_POINT('',(41.,-7.5,58.5));
#8158 = DIRECTION('',(1.,0.,0.));
#8159 = DIRECTION('',(-0.,0.,1.));
#8160 = PCURVE('',#6842,#8161);
#8161 = DEFINITIONAL_REPRESENTATION('',(#8162),#8166);
#8162 = CIRCLE('',#8163,1.1);
#8163 = AXIS2_PLACEMENT_2D('',#8164,#8165);
#8164 = CARTESIAN_POINT('',(8.,14.25));
#8165 = DIRECTION('',(1.,0.));
#8166 = ( GEOMETRIC_REPRESENTATION_CONTEXT(2) 
PARAMETRIC_REPRESENTATION_CONTEXT() REPRESENTATION_CONTEXT('2D SPACE',''
  ) );
#8167 = PCURVE('',#8168,#8173);
#8168 = CYLINDRICAL_SURFACE('',#8169,1.1);
#8169 = AXIS2_PLACEMENT_3D('',#8170,#8171,#8172);
#8170 = CARTESIAN_POINT('',(31.9,-7.5,58.5));
#8171 = DIRECTION('',(1.,0.,0.));
#8172 = DIRECTION('',(-0.,0.,1.));
#8173 = DEFINITIONAL_REPRESENTATION('',(#8174),#8178);
#8174 = LINE('',#8175,#8176);
#8175 = CARTESIAN_POINT('',(0.,9.1));
#8176 = VECTOR('',#8177,1.);
#8177 = DIRECTION('',(1.,0.));
#8178 = ( GEOMETRIC_REPRESENTATION_CONTEXT(2) 
PARAMETRIC_REPRESENTATION_CONTEXT() REPRESENTATION_CONTEXT('2D SPACE',''
  ) );
#8179 = ADVANCED_FACE('',(#8180),#6814,.T.);
#8180 = FACE_BOUND('',#8181,.T.);
#8181 = EDGE_LOOP('',(#8182,#8183,#8184,#8185,#8186,#8187));
#8182 = ORIENTED_EDGE('',*,*,#8008,.F.);
#8183 = ORIENTED_EDGE('',*,*,#7571,.F.);
#8184 = ORIENTED_EDGE('',*,*,#7434,.T.);
#8185 = ORIENTED_EDGE('',*,*,#7483,.T.);
#8186 = ORIENTED_EDGE('',*,*,#7512,.T.);
#8187 = ORIENTED_EDGE('',*,*,#6798,.T.);
#8188 = ADVANCED_FACE('',(#8189),#7042,.T.);
#8189 = FACE_BOUND('',#8190,.T.);
#8190 = EDGE_LOOP('',(#8191,#8192,#8193,#8214));
#8191 = ORIENTED_EDGE('',*,*,#7889,.F.);
#8192 = ORIENTED_EDGE('',*,*,#7026,.T.);
#8193 = ORIENTED_EDGE('',*,*,#8194,.T.);
#8194 = EDGE_CURVE('',#6994,#7916,#8195,.T.);
#8195 = SURFACE_CURVE('',#8196,(#8200,#8207),.PCURVE_S1.);
#8196 = LINE('',#8197,#8198);
#8197 = CARTESIAN_POINT('',(37.,27.5,58.5));
#8198 = VECTOR('',#8199,1.);
#8199 = DIRECTION('',(1.,0.,-0.));
#8200 = PCURVE('',#7042,#8201);
#8201 = DEFINITIONAL_REPRESENTATION('',(#8202),#8206);
#8202 = LINE('',#8203,#8204);
#8203 = CARTESIAN_POINT('',(16.,0.));
#8204 = VECTOR('',#8205,1.);
#8205 = DIRECTION('',(0.,1.));
#8206 = ( GEOMETRIC_REPRESENTATION_CONTEXT(2) 
PARAMETRIC_REPRESENTATION_CONTEXT() REPRESENTATION_CONTEXT('2D SPACE',''
  ) );
#8207 = PCURVE('',#7014,#8208);
#8208 = DEFINITIONAL_REPRESENTATION('',(#8209),#8213);
#8209 = LINE('',#8210,#8211);
#8210 = CARTESIAN_POINT('',(4.712388980385,0.));
#8211 = VECTOR('',#8212,1.);
#8212 = DIRECTION('',(0.,1.));
#8213 = ( GEOMETRIC_REPRESENTATION_CONTEXT(2) 
PARAMETRIC_REPRESENTATION_CONTEXT() REPRESENTATION_CONTEXT('2D SPACE',''
  ) );
#8214 = ORIENTED_EDGE('',*,*,#7915,.F.);
#8215 = ADVANCED_FACE('',(#8216),#7014,.T.);
#8216 = FACE_BOUND('',#8217,.T.);
#8217 = EDGE_LOOP('',(#8218,#8219,#8220,#8221));
#8218 = ORIENTED_EDGE('',*,*,#7938,.F.);
#8219 = ORIENTED_EDGE('',*,*,#8194,.F.);
#8220 = ORIENTED_EDGE('',*,*,#6993,.T.);
#8221 = ORIENTED_EDGE('',*,*,#8222,.T.);
#8222 = EDGE_CURVE('',#6966,#7939,#8223,.T.);
#8223 = SURFACE_CURVE('',#8224,(#8228,#8234),.PCURVE_S1.);
#8224 = LINE('',#8225,#8226);
#8225 = CARTESIAN_POINT('',(37.,22.5,63.5));
#8226 = VECTOR('',#8227,1.);
#8227 = DIRECTION('',(1.,0.,-0.));
#8228 = PCURVE('',#7014,#8229);
#8229 = DEFINITIONAL_REPRESENTATION('',(#8230),#8233);
#8230 = B_SPLINE_CURVE_WITH_KNOTS('',1,(#8231,#8232),.UNSPECIFIED.,.F.,
  .F.,(2,2),(0.,4.),.PIECEWISE_BEZIER_KNOTS.);
#8231 = CARTESIAN_POINT('',(6.28318530718,0.));
#8232 = CARTESIAN_POINT('',(6.28318530718,4.));
#8233 = ( GEOMETRIC_REPRESENTATION_CONTEXT(2) 
PARAMETRIC_REPRESENTATION_CONTEXT() REPRESENTATION_CONTEXT('2D SPACE',''
  ) );
#8234 = PCURVE('',#6981,#8235);
#8235 = DEFINITIONAL_REPRESENTATION('',(#8236),#8240);
#8236 = LINE('',#8237,#8238);
#8237 = CARTESIAN_POINT('',(0.,31.5));
#8238 = VECTOR('',#8239,1.);
#8239 = DIRECTION('',(1.,0.));
#8240 = ( GEOMETRIC_REPRESENTATION_CONTEXT(2) 
PARAMETRIC_REPRESENTATION_CONTEXT() REPRESENTATION_CONTEXT('2D SPACE',''
  ) );
#8241 = ADVANCED_FACE('',(#8242),#6981,.T.);
#8242 = FACE_BOUND('',#8243,.T.);
#8243 = EDGE_LOOP('',(#8244,#8267,#8287,#8288,#8289));
#8244 = ORIENTED_EDGE('',*,*,#8245,.F.);
#8245 = EDGE_CURVE('',#8246,#6938,#8248,.T.);
#8246 = VERTEX_POINT('',#8247);
#8247 = CARTESIAN_POINT('',(37.,-9.,63.5));
#8248 = SURFACE_CURVE('',#8249,(#8253,#8260),.PCURVE_S1.);
#8249 = LINE('',#8250,#8251);
#8250 = CARTESIAN_POINT('',(37.,-9.,63.5));
#8251 = VECTOR('',#8252,1.);
#8252 = DIRECTION('',(-0.,1.,0.));
#8253 = PCURVE('',#6981,#8254);
#8254 = DEFINITIONAL_REPRESENTATION('',(#8255),#8259);
#8255 = LINE('',#8256,#8257);
#8256 = CARTESIAN_POINT('',(0.,0.));
#8257 = VECTOR('',#8258,1.);
#8258 = DIRECTION('',(0.,1.));
#8259 = ( GEOMETRIC_REPRESENTATION_CONTEXT(2) 
PARAMETRIC_REPRESENTATION_CONTEXT() REPRESENTATION_CONTEXT('2D SPACE',''
  ) );
#8260 = PCURVE('',#7256,#8261);
#8261 = DEFINITIONAL_REPRESENTATION('',(#8262),#8266);
#8262 = LINE('',#8263,#8264);
#8263 = CARTESIAN_POINT('',(13.,9.));
#8264 = VECTOR('',#8265,1.);
#8265 = DIRECTION('',(0.,-1.));
#8266 = ( GEOMETRIC_REPRESENTATION_CONTEXT(2) 
PARAMETRIC_REPRESENTATION_CONTEXT() REPRESENTATION_CONTEXT('2D SPACE',''
  ) );
#8267 = ORIENTED_EDGE('',*,*,#8268,.T.);
#8268 = EDGE_CURVE('',#8246,#7963,#8269,.T.);
#8269 = SURFACE_CURVE('',#8270,(#8274,#8281),.PCURVE_S1.);
#8270 = LINE('',#8271,#8272);
#8271 = CARTESIAN_POINT('',(37.,-9.,63.5));
#8272 = VECTOR('',#8273,1.);
#8273 = DIRECTION('',(1.,0.,-0.));
#8274 = PCURVE('',#6981,#8275);
#8275 = DEFINITIONAL_REPRESENTATION('',(#8276),#8280);
#8276 = LINE('',#8277,#8278);
#8277 = CARTESIAN_POINT('',(0.,0.));
#8278 = VECTOR('',#8279,1.);
#8279 = DIRECTION('',(1.,0.));
#8280 = ( GEOMETRIC_REPRESENTATION_CONTEXT(2) 
PARAMETRIC_REPRESENTATION_CONTEXT() REPRESENTATION_CONTEXT('2D SPACE',''
  ) );
#8281 = PCURVE('',#7637,#8282);
#8282 = DEFINITIONAL_REPRESENTATION('',(#8283),#8286);
#8283 = B_SPLINE_CURVE_WITH_KNOTS('',1,(#8284,#8285),.UNSPECIFIED.,.F.,
  .F.,(2,2),(0.,4.),.PIECEWISE_BEZIER_KNOTS.);
#8284 = CARTESIAN_POINT('',(0.,0.));
#8285 = CARTESIAN_POINT('',(0.,4.));
#8286 = ( GEOMETRIC_REPRESENTATION_CONTEXT(2) 
PARAMETRIC_REPRESENTATION_CONTEXT() REPRESENTATION_CONTEXT('2D SPACE',''
  ) );
#8287 = ORIENTED_EDGE('',*,*,#7962,.T.);
#8288 = ORIENTED_EDGE('',*,*,#8222,.F.);
#8289 = ORIENTED_EDGE('',*,*,#6965,.F.);
#8290 = ADVANCED_FACE('',(#8291),#7103,.F.);
#8291 = FACE_BOUND('',#8292,.F.);
#8292 = EDGE_LOOP('',(#8293,#8316,#8343,#8344));
#8293 = ORIENTED_EDGE('',*,*,#8294,.T.);
#8294 = EDGE_CURVE('',#7083,#8295,#8297,.T.);
#8295 = VERTEX_POINT('',#8296);
#8296 = CARTESIAN_POINT('',(39.,22.5,60.4));
#8297 = SEAM_CURVE('',#8298,(#8302,#8309),.PCURVE_S1.);
#8298 = LINE('',#8299,#8300);
#8299 = CARTESIAN_POINT('',(31.9,22.5,60.4));
#8300 = VECTOR('',#8301,1.);
#8301 = DIRECTION('',(1.,0.,0.));
#8302 = PCURVE('',#7103,#8303);
#8303 = DEFINITIONAL_REPRESENTATION('',(#8304),#8308);
#8304 = LINE('',#8305,#8306);
#8305 = CARTESIAN_POINT('',(6.28318530718,-0.));
#8306 = VECTOR('',#8307,1.);
#8307 = DIRECTION('',(0.,1.));
#8308 = ( GEOMETRIC_REPRESENTATION_CONTEXT(2) 
PARAMETRIC_REPRESENTATION_CONTEXT() REPRESENTATION_CONTEXT('2D SPACE',''
  ) );
#8309 = PCURVE('',#7103,#8310);
#8310 = DEFINITIONAL_REPRESENTATION('',(#8311),#8315);
#8311 = LINE('',#8312,#8313);
#8312 = CARTESIAN_POINT('',(0.,-0.));
#8313 = VECTOR('',#8314,1.);
#8314 = DIRECTION('',(0.,1.));
#8315 = ( GEOMETRIC_REPRESENTATION_CONTEXT(2) 
PARAMETRIC_REPRESENTATION_CONTEXT() REPRESENTATION_CONTEXT('2D SPACE',''
  ) );
#8316 = ORIENTED_EDGE('',*,*,#8317,.F.);
#8317 = EDGE_CURVE('',#8295,#8295,#8318,.T.);
#8318 = SURFACE_CURVE('',#8319,(#8324,#8331),.PCURVE_S1.);
#8319 = CIRCLE('',#8320,1.9);
#8320 = AXIS2_PLACEMENT_3D('',#8321,#8322,#8323);
#8321 = CARTESIAN_POINT('',(39.,22.5,58.5));
#8322 = DIRECTION('',(1.,0.,0.));
#8323 = DIRECTION('',(-0.,0.,1.));
#8324 = PCURVE('',#7103,#8325);
#8325 = DEFINITIONAL_REPRESENTATION('',(#8326),#8330);
#8326 = LINE('',#8327,#8328);
#8327 = CARTESIAN_POINT('',(0.,7.1));
#8328 = VECTOR('',#8329,1.);
#8329 = DIRECTION('',(1.,0.));
#8330 = ( GEOMETRIC_REPRESENTATION_CONTEXT(2) 
PARAMETRIC_REPRESENTATION_CONTEXT() REPRESENTATION_CONTEXT('2D SPACE',''
  ) );
#8331 = PCURVE('',#8332,#8337);
#8332 = PLANE('',#8333);
#8333 = AXIS2_PLACEMENT_3D('',#8334,#8335,#8336);
#8334 = CARTESIAN_POINT('',(39.,22.5,58.5));
#8335 = DIRECTION('',(1.,0.,0.));
#8336 = DIRECTION('',(-0.,0.,1.));
#8337 = DEFINITIONAL_REPRESENTATION('',(#8338),#8342);
#8338 = CIRCLE('',#8339,1.9);
#8339 = AXIS2_PLACEMENT_2D('',#8340,#8341);
#8340 = CARTESIAN_POINT('',(0.,0.));
#8341 = DIRECTION('',(1.,0.));
#8342 = ( GEOMETRIC_REPRESENTATION_CONTEXT(2) 
PARAMETRIC_REPRESENTATION_CONTEXT() REPRESENTATION_CONTEXT('2D SPACE',''
  ) );
#8343 = ORIENTED_EDGE('',*,*,#8294,.F.);
#8344 = ORIENTED_EDGE('',*,*,#7082,.T.);
#8345 = ADVANCED_FACE('',(#8346),#7138,.F.);
#8346 = FACE_BOUND('',#8347,.F.);
#8347 = EDGE_LOOP('',(#8348,#8369,#8370,#8371));
#8348 = ORIENTED_EDGE('',*,*,#8349,.T.);
#8349 = EDGE_CURVE('',#7122,#8033,#8350,.T.);
#8350 = SEAM_CURVE('',#8351,(#8355,#8362),.PCURVE_S1.);
#8351 = LINE('',#8352,#8353);
#8352 = CARTESIAN_POINT('',(31.9,22.5,43.6));
#8353 = VECTOR('',#8354,1.);
#8354 = DIRECTION('',(1.,0.,0.));
#8355 = PCURVE('',#7138,#8356);
#8356 = DEFINITIONAL_REPRESENTATION('',(#8357),#8361);
#8357 = LINE('',#8358,#8359);
#8358 = CARTESIAN_POINT('',(6.28318530718,-0.));
#8359 = VECTOR('',#8360,1.);
#8360 = DIRECTION('',(0.,1.));
#8361 = ( GEOMETRIC_REPRESENTATION_CONTEXT(2) 
PARAMETRIC_REPRESENTATION_CONTEXT() REPRESENTATION_CONTEXT('2D SPACE',''
  ) );
#8362 = PCURVE('',#7138,#8363);
#8363 = DEFINITIONAL_REPRESENTATION('',(#8364),#8368);
#8364 = LINE('',#8365,#8366);
#8365 = CARTESIAN_POINT('',(0.,-0.));
#8366 = VECTOR('',#8367,1.);
#8367 = DIRECTION('',(0.,1.));
#8368 = ( GEOMETRIC_REPRESENTATION_CONTEXT(2) 
PARAMETRIC_REPRESENTATION_CONTEXT() REPRESENTATION_CONTEXT('2D SPACE',''
  ) );
#8369 = ORIENTED_EDGE('',*,*,#8032,.F.);
#8370 = ORIENTED_EDGE('',*,*,#8349,.F.);
#8371 = ORIENTED_EDGE('',*,*,#7121,.T.);
#8372 = ADVANCED_FACE('',(#8373),#7223,.T.);
#8373 = FACE_BOUND('',#8374,.T.);
#8374 = EDGE_LOOP('',(#8375,#8401));
#8375 = ORIENTED_EDGE('',*,*,#8376,.F.);
#8376 = EDGE_CURVE('',#7207,#7183,#8377,.T.);
#8377 = SURFACE_CURVE('',#8378,(#8383,#8394),.PCURVE_S1.);
#8378 = CIRCLE('',#8379,5.);
#8379 = AXIS2_PLACEMENT_3D('',#8380,#8381,#8382);
#8380 = CARTESIAN_POINT('',(37.,-9.,58.5));
#8381 = DIRECTION('',(1.,0.,0.));
#8382 = DIRECTION('',(-0.,0.,1.));
#8383 = PCURVE('',#7223,#8384);
#8384 = DEFINITIONAL_REPRESENTATION('',(#8385),#8393);
#8385 = ( BOUNDED_CURVE() B_SPLINE_CURVE(2,(#8386,#8387,#8388,#8389,
#8390,#8391,#8392),.UNSPECIFIED.,.T.,.F.) B_SPLINE_CURVE_WITH_KNOTS((1,2
    ,2,2,2,1),(-2.094395102393,0.,2.094395102393,4.188790204786,
6.28318530718,8.377580409573),.UNSPECIFIED.) CURVE() 
GEOMETRIC_REPRESENTATION_ITEM() RATIONAL_B_SPLINE_CURVE((1.,0.5,1.,0.5,
1.,0.5,1.)) REPRESENTATION_ITEM('') );
#8386 = CARTESIAN_POINT('',(-13.,15.75));
#8387 = CARTESIAN_POINT('',(-13.,24.410254037844));
#8388 = CARTESIAN_POINT('',(-5.5,20.080127018922));
#8389 = CARTESIAN_POINT('',(2.,15.75));
#8390 = CARTESIAN_POINT('',(-5.5,11.419872981078));
#8391 = CARTESIAN_POINT('',(-13.,7.089745962156));
#8392 = CARTESIAN_POINT('',(-13.,15.75));
#8393 = ( GEOMETRIC_REPRESENTATION_CONTEXT(2) 
PARAMETRIC_REPRESENTATION_CONTEXT() REPRESENTATION_CONTEXT('2D SPACE',''
  ) );
#8394 = PCURVE('',#7637,#8395);
#8395 = DEFINITIONAL_REPRESENTATION('',(#8396),#8400);
#8396 = LINE('',#8397,#8398);
#8397 = CARTESIAN_POINT('',(0.,0.));
#8398 = VECTOR('',#8399,1.);
#8399 = DIRECTION('',(1.,0.));
#8400 = ( GEOMETRIC_REPRESENTATION_CONTEXT(2) 
PARAMETRIC_REPRESENTATION_CONTEXT() REPRESENTATION_CONTEXT('2D SPACE',''
  ) );
#8401 = ORIENTED_EDGE('',*,*,#7206,.T.);
#8402 = ADVANCED_FACE('',(#8403),#7256,.T.);
#8403 = FACE_BOUND('',#8404,.T.);
#8404 = EDGE_LOOP('',(#8405,#8406,#8407,#8429));
#8405 = ORIENTED_EDGE('',*,*,#7268,.T.);
#8406 = ORIENTED_EDGE('',*,*,#7239,.T.);
#8407 = ORIENTED_EDGE('',*,*,#8408,.F.);
#8408 = EDGE_CURVE('',#8246,#7207,#8409,.T.);
#8409 = SURFACE_CURVE('',#8410,(#8415,#8422),.PCURVE_S1.);
#8410 = CIRCLE('',#8411,5.);
#8411 = AXIS2_PLACEMENT_3D('',#8412,#8413,#8414);
#8412 = CARTESIAN_POINT('',(37.,-9.,58.5));
#8413 = DIRECTION('',(1.,0.,0.));
#8414 = DIRECTION('',(-0.,0.,1.));
#8415 = PCURVE('',#7256,#8416);
#8416 = DEFINITIONAL_REPRESENTATION('',(#8417),#8421);
#8417 = CIRCLE('',#8418,5.);
#8418 = AXIS2_PLACEMENT_2D('',#8419,#8420);
#8419 = CARTESIAN_POINT('',(8.,9.));
#8420 = DIRECTION('',(1.,0.));
#8421 = ( GEOMETRIC_REPRESENTATION_CONTEXT(2) 
PARAMETRIC_REPRESENTATION_CONTEXT() REPRESENTATION_CONTEXT('2D SPACE',''
  ) );
#8422 = PCURVE('',#7637,#8423);
#8423 = DEFINITIONAL_REPRESENTATION('',(#8424),#8428);
#8424 = LINE('',#8425,#8426);
#8425 = CARTESIAN_POINT('',(0.,0.));
#8426 = VECTOR('',#8427,1.);
#8427 = DIRECTION('',(1.,0.));
#8428 = ( GEOMETRIC_REPRESENTATION_CONTEXT(2) 
PARAMETRIC_REPRESENTATION_CONTEXT() REPRESENTATION_CONTEXT('2D SPACE',''
  ) );
#8429 = ORIENTED_EDGE('',*,*,#8245,.T.);
#8430 = ADVANCED_FACE('',(#8431),#313,.F.);
#8431 = FACE_BOUND('',#8432,.F.);
#8432 = EDGE_LOOP('',(#8433,#8454,#8455,#8456,#8457));
#8433 = ORIENTED_EDGE('',*,*,#8434,.F.);
#8434 = EDGE_CURVE('',#7331,#297,#8435,.T.);
#8435 = SEAM_CURVE('',#8436,(#8440,#8447),.PCURVE_S1.);
#8436 = LINE('',#8437,#8438);
#8437 = CARTESIAN_POINT('',(31.,18.5,52.2));
#8438 = VECTOR('',#8439,1.);
#8439 = DIRECTION('',(1.,0.,0.));
#8440 = PCURVE('',#313,#8441);
#8441 = DEFINITIONAL_REPRESENTATION('',(#8442),#8446);
#8442 = LINE('',#8443,#8444);
#8443 = CARTESIAN_POINT('',(0.,-0.));
#8444 = VECTOR('',#8445,1.);
#8445 = DIRECTION('',(0.,1.));
#8446 = ( GEOMETRIC_REPRESENTATION_CONTEXT(2) 
PARAMETRIC_REPRESENTATION_CONTEXT() REPRESENTATION_CONTEXT('2D SPACE',''
  ) );
#8447 = PCURVE('',#313,#8448);
#8448 = DEFINITIONAL_REPRESENTATION('',(#8449),#8453);
#8449 = LINE('',#8450,#8451);
#8450 = CARTESIAN_POINT('',(6.28318530718,-0.));
#8451 = VECTOR('',#8452,1.);
#8452 = DIRECTION('',(0.,1.));
#8453 = ( GEOMETRIC_REPRESENTATION_CONTEXT(2) 
PARAMETRIC_REPRESENTATION_CONTEXT() REPRESENTATION_CONTEXT('2D SPACE',''
  ) );
#8454 = ORIENTED_EDGE('',*,*,#7330,.T.);
#8455 = ORIENTED_EDGE('',*,*,#8434,.T.);
#8456 = ORIENTED_EDGE('',*,*,#294,.F.);
#8457 = ORIENTED_EDGE('',*,*,#325,.F.);
#8458 = ADVANCED_FACE('',(#8459),#7381,.F.);
#8459 = FACE_BOUND('',#8460,.F.);
#8460 = EDGE_LOOP('',(#8461,#8484,#8511,#8512));
#8461 = ORIENTED_EDGE('',*,*,#8462,.T.);
#8462 = EDGE_CURVE('',#7361,#8463,#8465,.T.);
#8463 = VERTEX_POINT('',#8464);
#8464 = CARTESIAN_POINT('',(36.,3.331039293681E-15,64.1));
#8465 = SEAM_CURVE('',#8466,(#8470,#8477),.PCURVE_S1.);
#8466 = LINE('',#8467,#8468);
#8467 = CARTESIAN_POINT('',(31.9,3.331039293681E-15,64.1));
#8468 = VECTOR('',#8469,1.);
#8469 = DIRECTION('',(1.,0.,0.));
#8470 = PCURVE('',#7381,#8471);
#8471 = DEFINITIONAL_REPRESENTATION('',(#8472),#8476);
#8472 = LINE('',#8473,#8474);
#8473 = CARTESIAN_POINT('',(6.28318530718,-0.));
#8474 = VECTOR('',#8475,1.);
#8475 = DIRECTION('',(0.,1.));
#8476 = ( GEOMETRIC_REPRESENTATION_CONTEXT(2) 
PARAMETRIC_REPRESENTATION_CONTEXT() REPRESENTATION_CONTEXT('2D SPACE',''
  ) );
#8477 = PCURVE('',#7381,#8478);
#8478 = DEFINITIONAL_REPRESENTATION('',(#8479),#8483);
#8479 = LINE('',#8480,#8481);
#8480 = CARTESIAN_POINT('',(0.,-0.));
#8481 = VECTOR('',#8482,1.);
#8482 = DIRECTION('',(0.,1.));
#8483 = ( GEOMETRIC_REPRESENTATION_CONTEXT(2) 
PARAMETRIC_REPRESENTATION_CONTEXT() REPRESENTATION_CONTEXT('2D SPACE',''
  ) );
#8484 = ORIENTED_EDGE('',*,*,#8485,.F.);
#8485 = EDGE_CURVE('',#8463,#8463,#8486,.T.);
#8486 = SURFACE_CURVE('',#8487,(#8492,#8499),.PCURVE_S1.);
#8487 = CIRCLE('',#8488,13.6);
#8488 = AXIS2_PLACEMENT_3D('',#8489,#8490,#8491);
#8489 = CARTESIAN_POINT('',(36.,0.,50.5));
#8490 = DIRECTION('',(1.,0.,0.));
#8491 = DIRECTION('',(-0.,0.,1.));
#8492 = PCURVE('',#7381,#8493);
#8493 = DEFINITIONAL_REPRESENTATION('',(#8494),#8498);
#8494 = LINE('',#8495,#8496);
#8495 = CARTESIAN_POINT('',(0.,4.1));
#8496 = VECTOR('',#8497,1.);
#8497 = DIRECTION('',(1.,0.));
#8498 = ( GEOMETRIC_REPRESENTATION_CONTEXT(2) 
PARAMETRIC_REPRESENTATION_CONTEXT() REPRESENTATION_CONTEXT('2D SPACE',''
  ) );
#8499 = PCURVE('',#8500,#8505);
#8500 = PLANE('',#8501);
#8501 = AXIS2_PLACEMENT_3D('',#8502,#8503,#8504);
#8502 = CARTESIAN_POINT('',(36.,0.,50.5));
#8503 = DIRECTION('',(1.,0.,0.));
#8504 = DIRECTION('',(-0.,0.,1.));
#8505 = DEFINITIONAL_REPRESENTATION('',(#8506),#8510);
#8506 = CIRCLE('',#8507,13.6);
#8507 = AXIS2_PLACEMENT_2D('',#8508,#8509);
#8508 = CARTESIAN_POINT('',(0.,0.));
#8509 = DIRECTION('',(1.,0.));
#8510 = ( GEOMETRIC_REPRESENTATION_CONTEXT(2) 
PARAMETRIC_REPRESENTATION_CONTEXT() REPRESENTATION_CONTEXT('2D SPACE',''
  ) );
#8511 = ORIENTED_EDGE('',*,*,#8462,.F.);
#8512 = ORIENTED_EDGE('',*,*,#7360,.T.);
#8513 = ADVANCED_FACE('',(#8514),#7416,.F.);
#8514 = FACE_BOUND('',#8515,.F.);
#8515 = EDGE_LOOP('',(#8516,#8539,#8540,#8541,#8565));
#8516 = ORIENTED_EDGE('',*,*,#8517,.F.);
#8517 = EDGE_CURVE('',#7396,#8518,#8520,.T.);
#8518 = VERTEX_POINT('',#8519);
#8519 = CARTESIAN_POINT('',(33.3,-18.5,52.2));
#8520 = SEAM_CURVE('',#8521,(#8525,#8532),.PCURVE_S1.);
#8521 = LINE('',#8522,#8523);
#8522 = CARTESIAN_POINT('',(31.,-18.5,52.2));
#8523 = VECTOR('',#8524,1.);
#8524 = DIRECTION('',(1.,0.,0.));
#8525 = PCURVE('',#7416,#8526);
#8526 = DEFINITIONAL_REPRESENTATION('',(#8527),#8531);
#8527 = LINE('',#8528,#8529);
#8528 = CARTESIAN_POINT('',(0.,-0.));
#8529 = VECTOR('',#8530,1.);
#8530 = DIRECTION('',(0.,1.));
#8531 = ( GEOMETRIC_REPRESENTATION_CONTEXT(2) 
PARAMETRIC_REPRESENTATION_CONTEXT() REPRESENTATION_CONTEXT('2D SPACE',''
  ) );
#8532 = PCURVE('',#7416,#8533);
#8533 = DEFINITIONAL_REPRESENTATION('',(#8534),#8538);
#8534 = LINE('',#8535,#8536);
#8535 = CARTESIAN_POINT('',(6.28318530718,-0.));
#8536 = VECTOR('',#8537,1.);
#8537 = DIRECTION('',(0.,1.));
#8538 = ( GEOMETRIC_REPRESENTATION_CONTEXT(2) 
PARAMETRIC_REPRESENTATION_CONTEXT() REPRESENTATION_CONTEXT('2D SPACE',''
  ) );
#8539 = ORIENTED_EDGE('',*,*,#7395,.T.);
#8540 = ORIENTED_EDGE('',*,*,#8517,.T.);
#8541 = ORIENTED_EDGE('',*,*,#8542,.F.);
#8542 = EDGE_CURVE('',#8543,#8518,#8545,.T.);
#8543 = VERTEX_POINT('',#8544);
#8544 = CARTESIAN_POINT('',(33.3,-18.5,48.8));
#8545 = SURFACE_CURVE('',#8546,(#8551,#8558),.PCURVE_S1.);
#8546 = CIRCLE('',#8547,1.7);
#8547 = AXIS2_PLACEMENT_3D('',#8548,#8549,#8550);
#8548 = CARTESIAN_POINT('',(33.3,-18.5,50.5));
#8549 = DIRECTION('',(1.,0.,0.));
#8550 = DIRECTION('',(-0.,0.,1.));
#8551 = PCURVE('',#7416,#8552);
#8552 = DEFINITIONAL_REPRESENTATION('',(#8553),#8557);
#8553 = LINE('',#8554,#8555);
#8554 = CARTESIAN_POINT('',(0.,2.3));
#8555 = VECTOR('',#8556,1.);
#8556 = DIRECTION('',(1.,0.));
#8557 = ( GEOMETRIC_REPRESENTATION_CONTEXT(2) 
PARAMETRIC_REPRESENTATION_CONTEXT() REPRESENTATION_CONTEXT('2D SPACE',''
  ) );
#8558 = PCURVE('',#5790,#8559);
#8559 = DEFINITIONAL_REPRESENTATION('',(#8560),#8564);
#8560 = CIRCLE('',#8561,1.7);
#8561 = AXIS2_PLACEMENT_2D('',#8562,#8563);
#8562 = CARTESIAN_POINT('',(3.456833358872E-17,-1.288875098222));
#8563 = DIRECTION('',(1.,0.));
#8564 = ( GEOMETRIC_REPRESENTATION_CONTEXT(2) 
PARAMETRIC_REPRESENTATION_CONTEXT() REPRESENTATION_CONTEXT('2D SPACE',''
  ) );
#8565 = ORIENTED_EDGE('',*,*,#8566,.F.);
#8566 = EDGE_CURVE('',#8518,#8543,#8567,.T.);
#8567 = SURFACE_CURVE('',#8568,(#8573,#8580),.PCURVE_S1.);
#8568 = CIRCLE('',#8569,1.7);
#8569 = AXIS2_PLACEMENT_3D('',#8570,#8571,#8572);
#8570 = CARTESIAN_POINT('',(33.3,-18.5,50.5));
#8571 = DIRECTION('',(1.,0.,0.));
#8572 = DIRECTION('',(-0.,0.,1.));
#8573 = PCURVE('',#7416,#8574);
#8574 = DEFINITIONAL_REPRESENTATION('',(#8575),#8579);
#8575 = LINE('',#8576,#8577);
#8576 = CARTESIAN_POINT('',(0.,2.3));
#8577 = VECTOR('',#8578,1.);
#8578 = DIRECTION('',(1.,0.));
#8579 = ( GEOMETRIC_REPRESENTATION_CONTEXT(2) 
PARAMETRIC_REPRESENTATION_CONTEXT() REPRESENTATION_CONTEXT('2D SPACE',''
  ) );
#8580 = PCURVE('',#5790,#8581);
#8581 = DEFINITIONAL_REPRESENTATION('',(#8582),#8586);
#8582 = CIRCLE('',#8583,1.7);
#8583 = AXIS2_PLACEMENT_2D('',#8584,#8585);
#8584 = CARTESIAN_POINT('',(3.456833358872E-17,-1.288875098222));
#8585 = DIRECTION('',(1.,0.));
#8586 = ( GEOMETRIC_REPRESENTATION_CONTEXT(2) 
PARAMETRIC_REPRESENTATION_CONTEXT() REPRESENTATION_CONTEXT('2D SPACE',''
  ) );
#8587 = ADVANCED_FACE('',(#8588),#7637,.T.);
#8588 = FACE_BOUND('',#8589,.T.);
#8589 = EDGE_LOOP('',(#8590,#8591,#8592,#8593,#8594,#8595));
#8590 = ORIENTED_EDGE('',*,*,#7985,.F.);
#8591 = ORIENTED_EDGE('',*,*,#8268,.F.);
#8592 = ORIENTED_EDGE('',*,*,#8408,.T.);
#8593 = ORIENTED_EDGE('',*,*,#8376,.T.);
#8594 = ORIENTED_EDGE('',*,*,#7673,.T.);
#8595 = ORIENTED_EDGE('',*,*,#7621,.T.);
#8596 = ADVANCED_FACE('',(#8597),#8075,.F.);
#8597 = FACE_BOUND('',#8598,.F.);
#8598 = EDGE_LOOP('',(#8599,#8622,#8623,#8624));
#8599 = ORIENTED_EDGE('',*,*,#8600,.T.);
#8600 = EDGE_CURVE('',#8601,#8059,#8603,.T.);
#8601 = VERTEX_POINT('',#8602);
#8602 = CARTESIAN_POINT('',(39.,22.5,59.6));
#8603 = SEAM_CURVE('',#8604,(#8608,#8615),.PCURVE_S1.);
#8604 = LINE('',#8605,#8606);
#8605 = CARTESIAN_POINT('',(31.9,22.5,59.6));
#8606 = VECTOR('',#8607,1.);
#8607 = DIRECTION('',(1.,0.,0.));
#8608 = PCURVE('',#8075,#8609);
#8609 = DEFINITIONAL_REPRESENTATION('',(#8610),#8614);
#8610 = LINE('',#8611,#8612);
#8611 = CARTESIAN_POINT('',(6.28318530718,-0.));
#8612 = VECTOR('',#8613,1.);
#8613 = DIRECTION('',(0.,1.));
#8614 = ( GEOMETRIC_REPRESENTATION_CONTEXT(2) 
PARAMETRIC_REPRESENTATION_CONTEXT() REPRESENTATION_CONTEXT('2D SPACE',''
  ) );
#8615 = PCURVE('',#8075,#8616);
#8616 = DEFINITIONAL_REPRESENTATION('',(#8617),#8621);
#8617 = LINE('',#8618,#8619);
#8618 = CARTESIAN_POINT('',(0.,-0.));
#8619 = VECTOR('',#8620,1.);
#8620 = DIRECTION('',(0.,1.));
#8621 = ( GEOMETRIC_REPRESENTATION_CONTEXT(2) 
PARAMETRIC_REPRESENTATION_CONTEXT() REPRESENTATION_CONTEXT('2D SPACE',''
  ) );
#8622 = ORIENTED_EDGE('',*,*,#8058,.F.);
#8623 = ORIENTED_EDGE('',*,*,#8600,.F.);
#8624 = ORIENTED_EDGE('',*,*,#8625,.T.);
#8625 = EDGE_CURVE('',#8601,#8601,#8626,.T.);
#8626 = SURFACE_CURVE('',#8627,(#8632,#8639),.PCURVE_S1.);
#8627 = CIRCLE('',#8628,1.1);
#8628 = AXIS2_PLACEMENT_3D('',#8629,#8630,#8631);
#8629 = CARTESIAN_POINT('',(39.,22.5,58.5));
#8630 = DIRECTION('',(1.,0.,0.));
#8631 = DIRECTION('',(-0.,0.,1.));
#8632 = PCURVE('',#8075,#8633);
#8633 = DEFINITIONAL_REPRESENTATION('',(#8634),#8638);
#8634 = LINE('',#8635,#8636);
#8635 = CARTESIAN_POINT('',(0.,7.1));
#8636 = VECTOR('',#8637,1.);
#8637 = DIRECTION('',(1.,0.));
#8638 = ( GEOMETRIC_REPRESENTATION_CONTEXT(2) 
PARAMETRIC_REPRESENTATION_CONTEXT() REPRESENTATION_CONTEXT('2D SPACE',''
  ) );
#8639 = PCURVE('',#8332,#8640);
#8640 = DEFINITIONAL_REPRESENTATION('',(#8641),#8645);
#8641 = CIRCLE('',#8642,1.1);
#8642 = AXIS2_PLACEMENT_2D('',#8643,#8644);
#8643 = CARTESIAN_POINT('',(0.,0.));
#8644 = DIRECTION('',(1.,0.));
#8645 = ( GEOMETRIC_REPRESENTATION_CONTEXT(2) 
PARAMETRIC_REPRESENTATION_CONTEXT() REPRESENTATION_CONTEXT('2D SPACE',''
  ) );
#8646 = ADVANCED_FACE('',(#8647),#8106,.F.);
#8647 = FACE_BOUND('',#8648,.F.);
#8648 = EDGE_LOOP('',(#8649,#8680,#8701,#8702,#8703,#8727,#8753,#8786,
    #8812,#8841,#8867,#8900));
#8649 = ORIENTED_EDGE('',*,*,#8650,.T.);
#8650 = EDGE_CURVE('',#8651,#8653,#8655,.T.);
#8651 = VERTEX_POINT('',#8652);
#8652 = CARTESIAN_POINT('',(37.05,-4.280281001752,43.156350052866));
#8653 = VERTEX_POINT('',#8654);
#8654 = CARTESIAN_POINT('',(37.05,2.081899558551E-15,59.));
#8655 = SURFACE_CURVE('',#8656,(#8661,#8668),.PCURVE_S1.);
#8656 = CIRCLE('',#8657,8.5);
#8657 = AXIS2_PLACEMENT_3D('',#8658,#8659,#8660);
#8658 = CARTESIAN_POINT('',(37.05,0.,50.5));
#8659 = DIRECTION('',(1.,0.,0.));
#8660 = DIRECTION('',(-0.,0.,1.));
#8661 = PCURVE('',#8106,#8662);
#8662 = DEFINITIONAL_REPRESENTATION('',(#8663),#8667);
#8663 = LINE('',#8664,#8665);
#8664 = CARTESIAN_POINT('',(0.,0.15));
#8665 = VECTOR('',#8666,1.);
#8666 = DIRECTION('',(1.,0.));
#8667 = ( GEOMETRIC_REPRESENTATION_CONTEXT(2) 
PARAMETRIC_REPRESENTATION_CONTEXT() REPRESENTATION_CONTEXT('2D SPACE',''
  ) );
#8668 = PCURVE('',#8669,#8674);
#8669 = PLANE('',#8670);
#8670 = AXIS2_PLACEMENT_3D('',#8671,#8672,#8673);
#8671 = CARTESIAN_POINT('',(37.05,0.,50.5));
#8672 = DIRECTION('',(1.,0.,0.));
#8673 = DIRECTION('',(-0.,0.,1.));
#8674 = DEFINITIONAL_REPRESENTATION('',(#8675),#8679);
#8675 = CIRCLE('',#8676,8.5);
#8676 = AXIS2_PLACEMENT_2D('',#8677,#8678);
#8677 = CARTESIAN_POINT('',(0.,0.));
#8678 = DIRECTION('',(1.,0.));
#8679 = ( GEOMETRIC_REPRESENTATION_CONTEXT(2) 
PARAMETRIC_REPRESENTATION_CONTEXT() REPRESENTATION_CONTEXT('2D SPACE',''
  ) );
#8680 = ORIENTED_EDGE('',*,*,#8681,.T.);
#8681 = EDGE_CURVE('',#8653,#8090,#8682,.T.);
#8682 = SEAM_CURVE('',#8683,(#8687,#8694),.PCURVE_S1.);
#8683 = LINE('',#8684,#8685);
#8684 = CARTESIAN_POINT('',(36.9,2.081899558551E-15,59.));
#8685 = VECTOR('',#8686,1.);
#8686 = DIRECTION('',(1.,0.,0.));
#8687 = PCURVE('',#8106,#8688);
#8688 = DEFINITIONAL_REPRESENTATION('',(#8689),#8693);
#8689 = LINE('',#8690,#8691);
#8690 = CARTESIAN_POINT('',(0.,-0.));
#8691 = VECTOR('',#8692,1.);
#8692 = DIRECTION('',(0.,1.));
#8693 = ( GEOMETRIC_REPRESENTATION_CONTEXT(2) 
PARAMETRIC_REPRESENTATION_CONTEXT() REPRESENTATION_CONTEXT('2D SPACE',''
  ) );
#8694 = PCURVE('',#8106,#8695);
#8695 = DEFINITIONAL_REPRESENTATION('',(#8696),#8700);
#8696 = LINE('',#8697,#8698);
#8697 = CARTESIAN_POINT('',(6.28318530718,-0.));
#8698 = VECTOR('',#8699,1.);
#8699 = DIRECTION('',(0.,1.));
#8700 = ( GEOMETRIC_REPRESENTATION_CONTEXT(2) 
PARAMETRIC_REPRESENTATION_CONTEXT() REPRESENTATION_CONTEXT('2D SPACE',''
  ) );
#8701 = ORIENTED_EDGE('',*,*,#8089,.F.);
#8702 = ORIENTED_EDGE('',*,*,#8681,.F.);
#8703 = ORIENTED_EDGE('',*,*,#8704,.T.);
#8704 = EDGE_CURVE('',#8653,#8705,#8707,.T.);
#8705 = VERTEX_POINT('',#8706);
#8706 = CARTESIAN_POINT('',(37.05,-4.280281001752,57.843649947134));
#8707 = SURFACE_CURVE('',#8708,(#8713,#8720),.PCURVE_S1.);
#8708 = CIRCLE('',#8709,8.5);
#8709 = AXIS2_PLACEMENT_3D('',#8710,#8711,#8712);
#8710 = CARTESIAN_POINT('',(37.05,0.,50.5));
#8711 = DIRECTION('',(1.,0.,0.));
#8712 = DIRECTION('',(-0.,0.,1.));
#8713 = PCURVE('',#8106,#8714);
#8714 = DEFINITIONAL_REPRESENTATION('',(#8715),#8719);
#8715 = LINE('',#8716,#8717);
#8716 = CARTESIAN_POINT('',(0.,0.15));
#8717 = VECTOR('',#8718,1.);
#8718 = DIRECTION('',(1.,0.));
#8719 = ( GEOMETRIC_REPRESENTATION_CONTEXT(2) 
PARAMETRIC_REPRESENTATION_CONTEXT() REPRESENTATION_CONTEXT('2D SPACE',''
  ) );
#8720 = PCURVE('',#8669,#8721);
#8721 = DEFINITIONAL_REPRESENTATION('',(#8722),#8726);
#8722 = CIRCLE('',#8723,8.5);
#8723 = AXIS2_PLACEMENT_2D('',#8724,#8725);
#8724 = CARTESIAN_POINT('',(0.,0.));
#8725 = DIRECTION('',(1.,0.));
#8726 = ( GEOMETRIC_REPRESENTATION_CONTEXT(2) 
PARAMETRIC_REPRESENTATION_CONTEXT() REPRESENTATION_CONTEXT('2D SPACE',''
  ) );
#8727 = ORIENTED_EDGE('',*,*,#8728,.T.);
#8728 = EDGE_CURVE('',#8705,#8729,#8731,.T.);
#8729 = VERTEX_POINT('',#8730);
#8730 = CARTESIAN_POINT('',(39.,-4.280281001752,57.843649947134));
#8731 = SURFACE_CURVE('',#8732,(#8736,#8742),.PCURVE_S1.);
#8732 = LINE('',#8733,#8734);
#8733 = CARTESIAN_POINT('',(36.9,-4.280281001752,57.843649947134));
#8734 = VECTOR('',#8735,1.);
#8735 = DIRECTION('',(1.,0.,0.));
#8736 = PCURVE('',#8106,#8737);
#8737 = DEFINITIONAL_REPRESENTATION('',(#8738),#8741);
#8738 = B_SPLINE_CURVE_WITH_KNOTS('',1,(#8739,#8740),.UNSPECIFIED.,.F.,
  .F.,(2,2),(0.1499994,2.31),.PIECEWISE_BEZIER_KNOTS.);
#8739 = CARTESIAN_POINT('',(0.527717270687,0.1499994));
#8740 = CARTESIAN_POINT('',(0.527717270687,2.31));
#8741 = ( GEOMETRIC_REPRESENTATION_CONTEXT(2) 
PARAMETRIC_REPRESENTATION_CONTEXT() REPRESENTATION_CONTEXT('2D SPACE',''
  ) );
#8742 = PCURVE('',#8743,#8748);
#8743 = PLANE('',#8744);
#8744 = AXIS2_PLACEMENT_3D('',#8745,#8746,#8747);
#8745 = CARTESIAN_POINT('',(36.9,-6.113879312134,59.799488144875));
#8746 = DIRECTION('',(-0.,0.72953720414,0.683941128881));
#8747 = DIRECTION('',(0.,0.683941128881,-0.72953720414));
#8748 = DEFINITIONAL_REPRESENTATION('',(#8749),#8752);
#8749 = B_SPLINE_CURVE_WITH_KNOTS('',1,(#8750,#8751),.UNSPECIFIED.,.F.,
  .F.,(2,2),(0.1499994,2.31),.PIECEWISE_BEZIER_KNOTS.);
#8750 = CARTESIAN_POINT('',(2.680930028847,-0.1499994));
#8751 = CARTESIAN_POINT('',(2.680930028847,-2.31));
#8752 = ( GEOMETRIC_REPRESENTATION_CONTEXT(2) 
PARAMETRIC_REPRESENTATION_CONTEXT() REPRESENTATION_CONTEXT('2D SPACE',''
  ) );
#8753 = ORIENTED_EDGE('',*,*,#8754,.T.);
#8754 = EDGE_CURVE('',#8729,#8755,#8757,.T.);
#8755 = VERTEX_POINT('',#8756);
#8756 = CARTESIAN_POINT('',(39.,-7.052522377484,55.244673657385));
#8757 = SURFACE_CURVE('',#8758,(#8763,#8770),.PCURVE_S1.);
#8758 = CIRCLE('',#8759,8.5);
#8759 = AXIS2_PLACEMENT_3D('',#8760,#8761,#8762);
#8760 = CARTESIAN_POINT('',(39.,0.,50.5));
#8761 = DIRECTION('',(1.,0.,0.));
#8762 = DIRECTION('',(-0.,0.,1.));
#8763 = PCURVE('',#8106,#8764);
#8764 = DEFINITIONAL_REPRESENTATION('',(#8765),#8769);
#8765 = LINE('',#8766,#8767);
#8766 = CARTESIAN_POINT('',(0.,2.1));
#8767 = VECTOR('',#8768,1.);
#8768 = DIRECTION('',(1.,0.));
#8769 = ( GEOMETRIC_REPRESENTATION_CONTEXT(2) 
PARAMETRIC_REPRESENTATION_CONTEXT() REPRESENTATION_CONTEXT('2D SPACE',''
  ) );
#8770 = PCURVE('',#8771,#8776);
#8771 = PLANE('',#8772);
#8772 = AXIS2_PLACEMENT_3D('',#8773,#8774,#8775);
#8773 = CARTESIAN_POINT('',(39.,-7.027807311202,58.012914186686));
#8774 = DIRECTION('',(-1.,7.377672204353E-16,-7.784999590815E-16));
#8775 = DIRECTION('',(7.784999590815E-16,-3.362352674961E-47,-1.));
#8776 = DEFINITIONAL_REPRESENTATION('',(#8777),#8785);
#8777 = ( BOUNDED_CURVE() B_SPLINE_CURVE(2,(#8778,#8779,#8780,#8781,
#8782,#8783,#8784),.UNSPECIFIED.,.T.,.F.) B_SPLINE_CURVE_WITH_KNOTS((1,2
    ,2,2,2,1),(-2.094395102393,0.,2.094395102393,4.188790204786,
6.28318530718,8.377580409573),.UNSPECIFIED.) CURVE() 
GEOMETRIC_REPRESENTATION_ITEM() RATIONAL_B_SPLINE_CURVE((1.,0.5,1.,0.5,
1.,0.5,1.)) REPRESENTATION_ITEM('') );
#8778 = CARTESIAN_POINT('',(-0.987085813314,-7.027807311202));
#8779 = CARTESIAN_POINT('',(-0.987085813314,7.694624553134));
#8780 = CARTESIAN_POINT('',(11.762914186686,0.333408620966));
#8781 = CARTESIAN_POINT('',(24.512914186686,-7.027807311202));
#8782 = CARTESIAN_POINT('',(11.762914186686,-14.38902324336));
#8783 = CARTESIAN_POINT('',(-0.987085813314,-21.75023917553));
#8784 = CARTESIAN_POINT('',(-0.987085813314,-7.027807311202));
#8785 = ( GEOMETRIC_REPRESENTATION_CONTEXT(2) 
PARAMETRIC_REPRESENTATION_CONTEXT() REPRESENTATION_CONTEXT('2D SPACE',''
  ) );
#8786 = ORIENTED_EDGE('',*,*,#8787,.F.);
#8787 = EDGE_CURVE('',#8788,#8755,#8790,.T.);
#8788 = VERTEX_POINT('',#8789);
#8789 = CARTESIAN_POINT('',(37.05,-7.052522377484,55.244673657385));
#8790 = SURFACE_CURVE('',#8791,(#8795,#8801),.PCURVE_S1.);
#8791 = LINE('',#8792,#8793);
#8792 = CARTESIAN_POINT('',(36.9,-7.052522377484,55.244673657385));
#8793 = VECTOR('',#8794,1.);
#8794 = DIRECTION('',(1.,0.,0.));
#8795 = PCURVE('',#8106,#8796);
#8796 = DEFINITIONAL_REPRESENTATION('',(#8797),#8800);
#8797 = B_SPLINE_CURVE_WITH_KNOTS('',1,(#8798,#8799),.UNSPECIFIED.,.F.,
  .F.,(2,2),(0.1499994,2.31),.PIECEWISE_BEZIER_KNOTS.);
#8798 = CARTESIAN_POINT('',(0.978585291238,0.1499994));
#8799 = CARTESIAN_POINT('',(0.978585291238,2.31));
#8800 = ( GEOMETRIC_REPRESENTATION_CONTEXT(2) 
PARAMETRIC_REPRESENTATION_CONTEXT() REPRESENTATION_CONTEXT('2D SPACE',''
  ) );
#8801 = PCURVE('',#8802,#8807);
#8802 = PLANE('',#8803);
#8803 = AXIS2_PLACEMENT_3D('',#8804,#8805,#8806);
#8804 = CARTESIAN_POINT('',(36.9,-1.386120687866,49.200511855125));
#8805 = DIRECTION('',(0.,-0.72953720414,-0.683941128881));
#8806 = DIRECTION('',(0.,-0.683941128881,0.72953720414));
#8807 = DEFINITIONAL_REPRESENTATION('',(#8808),#8811);
#8808 = B_SPLINE_CURVE_WITH_KNOTS('',1,(#8809,#8810),.UNSPECIFIED.,.F.,
  .F.,(2,2),(0.1499994,2.31),.PIECEWISE_BEZIER_KNOTS.);
#8809 = CARTESIAN_POINT('',(8.284926070883,-0.1499994));
#8810 = CARTESIAN_POINT('',(8.284926070883,-2.31));
#8811 = ( GEOMETRIC_REPRESENTATION_CONTEXT(2) 
PARAMETRIC_REPRESENTATION_CONTEXT() REPRESENTATION_CONTEXT('2D SPACE',''
  ) );
#8812 = ORIENTED_EDGE('',*,*,#8813,.T.);
#8813 = EDGE_CURVE('',#8788,#8814,#8816,.T.);
#8814 = VERTEX_POINT('',#8815);
#8815 = CARTESIAN_POINT('',(37.05,-7.052522377484,45.755326342615));
#8816 = SURFACE_CURVE('',#8817,(#8822,#8829),.PCURVE_S1.);
#8817 = CIRCLE('',#8818,8.5);
#8818 = AXIS2_PLACEMENT_3D('',#8819,#8820,#8821);
#8819 = CARTESIAN_POINT('',(37.05,0.,50.5));
#8820 = DIRECTION('',(1.,0.,0.));
#8821 = DIRECTION('',(-0.,0.,1.));
#8822 = PCURVE('',#8106,#8823);
#8823 = DEFINITIONAL_REPRESENTATION('',(#8824),#8828);
#8824 = LINE('',#8825,#8826);
#8825 = CARTESIAN_POINT('',(0.,0.15));
#8826 = VECTOR('',#8827,1.);
#8827 = DIRECTION('',(1.,0.));
#8828 = ( GEOMETRIC_REPRESENTATION_CONTEXT(2) 
PARAMETRIC_REPRESENTATION_CONTEXT() REPRESENTATION_CONTEXT('2D SPACE',''
  ) );
#8829 = PCURVE('',#8830,#8835);
#8830 = PLANE('',#8831);
#8831 = AXIS2_PLACEMENT_3D('',#8832,#8833,#8834);
#8832 = CARTESIAN_POINT('',(37.05,0.,50.5));
#8833 = DIRECTION('',(1.,0.,0.));
#8834 = DIRECTION('',(-0.,0.,1.));
#8835 = DEFINITIONAL_REPRESENTATION('',(#8836),#8840);
#8836 = CIRCLE('',#8837,8.5);
#8837 = AXIS2_PLACEMENT_2D('',#8838,#8839);
#8838 = CARTESIAN_POINT('',(0.,0.));
#8839 = DIRECTION('',(1.,0.));
#8840 = ( GEOMETRIC_REPRESENTATION_CONTEXT(2) 
PARAMETRIC_REPRESENTATION_CONTEXT() REPRESENTATION_CONTEXT('2D SPACE',''
  ) );
#8841 = ORIENTED_EDGE('',*,*,#8842,.T.);
#8842 = EDGE_CURVE('',#8814,#8843,#8845,.T.);
#8843 = VERTEX_POINT('',#8844);
#8844 = CARTESIAN_POINT('',(39.,-7.052522377484,45.755326342615));
#8845 = SURFACE_CURVE('',#8846,(#8850,#8856),.PCURVE_S1.);
#8846 = LINE('',#8847,#8848);
#8847 = CARTESIAN_POINT('',(36.9,-7.052522377484,45.755326342615));
#8848 = VECTOR('',#8849,1.);
#8849 = DIRECTION('',(1.,0.,0.));
#8850 = PCURVE('',#8106,#8851);
#8851 = DEFINITIONAL_REPRESENTATION('',(#8852),#8855);
#8852 = B_SPLINE_CURVE_WITH_KNOTS('',1,(#8853,#8854),.UNSPECIFIED.,.F.,
  .F.,(2,2),(0.1499994,2.31),.PIECEWISE_BEZIER_KNOTS.);
#8853 = CARTESIAN_POINT('',(2.163007362352,0.1499994));
#8854 = CARTESIAN_POINT('',(2.163007362352,2.31));
#8855 = ( GEOMETRIC_REPRESENTATION_CONTEXT(2) 
PARAMETRIC_REPRESENTATION_CONTEXT() REPRESENTATION_CONTEXT('2D SPACE',''
  ) );
#8856 = PCURVE('',#8857,#8862);
#8857 = PLANE('',#8858);
#8858 = AXIS2_PLACEMENT_3D('',#8859,#8860,#8861);
#8859 = CARTESIAN_POINT('',(36.9,-8.886120687866,43.799488144875));
#8860 = DIRECTION('',(0.,-0.72953720414,0.683941128881));
#8861 = DIRECTION('',(0.,0.683941128881,0.72953720414));
#8862 = DEFINITIONAL_REPRESENTATION('',(#8863),#8866);
#8863 = B_SPLINE_CURVE_WITH_KNOTS('',1,(#8864,#8865),.UNSPECIFIED.,.F.,
  .F.,(2,2),(0.1499994,2.31),.PIECEWISE_BEZIER_KNOTS.);
#8864 = CARTESIAN_POINT('',(2.680930028847,-0.1499994));
#8865 = CARTESIAN_POINT('',(2.680930028847,-2.31));
#8866 = ( GEOMETRIC_REPRESENTATION_CONTEXT(2) 
PARAMETRIC_REPRESENTATION_CONTEXT() REPRESENTATION_CONTEXT('2D SPACE',''
  ) );
#8867 = ORIENTED_EDGE('',*,*,#8868,.T.);
#8868 = EDGE_CURVE('',#8843,#8869,#8871,.T.);
#8869 = VERTEX_POINT('',#8870);
#8870 = CARTESIAN_POINT('',(39.,-4.280281001752,43.156350052866));
#8871 = SURFACE_CURVE('',#8872,(#8877,#8884),.PCURVE_S1.);
#8872 = CIRCLE('',#8873,8.5);
#8873 = AXIS2_PLACEMENT_3D('',#8874,#8875,#8876);
#8874 = CARTESIAN_POINT('',(39.,0.,50.5));
#8875 = DIRECTION('',(1.,0.,0.));
#8876 = DIRECTION('',(-0.,0.,1.));
#8877 = PCURVE('',#8106,#8878);
#8878 = DEFINITIONAL_REPRESENTATION('',(#8879),#8883);
#8879 = LINE('',#8880,#8881);
#8880 = CARTESIAN_POINT('',(0.,2.1));
#8881 = VECTOR('',#8882,1.);
#8882 = DIRECTION('',(1.,0.));
#8883 = ( GEOMETRIC_REPRESENTATION_CONTEXT(2) 
PARAMETRIC_REPRESENTATION_CONTEXT() REPRESENTATION_CONTEXT('2D SPACE',''
  ) );
#8884 = PCURVE('',#8885,#8890);
#8885 = PLANE('',#8886);
#8886 = AXIS2_PLACEMENT_3D('',#8887,#8888,#8889);
#8887 = CARTESIAN_POINT('',(39.,-7.008005781035,43.024793833563));
#8888 = DIRECTION('',(-1.,-0.,-0.));
#8889 = DIRECTION('',(0.,0.,-1.));
#8890 = DEFINITIONAL_REPRESENTATION('',(#8891),#8899);
#8891 = ( BOUNDED_CURVE() B_SPLINE_CURVE(2,(#8892,#8893,#8894,#8895,
#8896,#8897,#8898),.UNSPECIFIED.,.T.,.F.) B_SPLINE_CURVE_WITH_KNOTS((1,2
    ,2,2,2,1),(-2.094395102393,0.,2.094395102393,4.188790204786,
6.28318530718,8.377580409573),.UNSPECIFIED.) CURVE() 
GEOMETRIC_REPRESENTATION_ITEM() RATIONAL_B_SPLINE_CURVE((1.,0.5,1.,0.5,
1.,0.5,1.)) REPRESENTATION_ITEM('') );
#8892 = CARTESIAN_POINT('',(-15.97520616643,-7.008005781035));
#8893 = CARTESIAN_POINT('',(-15.97520616643,7.7144260833));
#8894 = CARTESIAN_POINT('',(-3.225206166437,0.353210151133));
#8895 = CARTESIAN_POINT('',(9.524793833563,-7.008005781035));
#8896 = CARTESIAN_POINT('',(-3.225206166437,-14.3692217132));
#8897 = CARTESIAN_POINT('',(-15.97520616643,-21.73043764537));
#8898 = CARTESIAN_POINT('',(-15.97520616643,-7.008005781035));
#8899 = ( GEOMETRIC_REPRESENTATION_CONTEXT(2) 
PARAMETRIC_REPRESENTATION_CONTEXT() REPRESENTATION_CONTEXT('2D SPACE',''
  ) );
#8900 = ORIENTED_EDGE('',*,*,#8901,.F.);
#8901 = EDGE_CURVE('',#8651,#8869,#8902,.T.);
#8902 = SURFACE_CURVE('',#8903,(#8907,#8913),.PCURVE_S1.);
#8903 = LINE('',#8904,#8905);
#8904 = CARTESIAN_POINT('',(36.9,-4.280281001752,43.156350052866));
#8905 = VECTOR('',#8906,1.);
#8906 = DIRECTION('',(1.,0.,0.));
#8907 = PCURVE('',#8106,#8908);
#8908 = DEFINITIONAL_REPRESENTATION('',(#8909),#8912);
#8909 = B_SPLINE_CURVE_WITH_KNOTS('',1,(#8910,#8911),.UNSPECIFIED.,.F.,
  .F.,(2,2),(0.1499994,2.31),.PIECEWISE_BEZIER_KNOTS.);
#8910 = CARTESIAN_POINT('',(2.613875382903,0.1499994));
#8911 = CARTESIAN_POINT('',(2.613875382903,2.31));
#8912 = ( GEOMETRIC_REPRESENTATION_CONTEXT(2) 
PARAMETRIC_REPRESENTATION_CONTEXT() REPRESENTATION_CONTEXT('2D SPACE',''
  ) );
#8913 = PCURVE('',#8914,#8919);
#8914 = PLANE('',#8915);
#8915 = AXIS2_PLACEMENT_3D('',#8916,#8917,#8918);
#8916 = CARTESIAN_POINT('',(36.9,1.386120687866,49.200511855125));
#8917 = DIRECTION('',(0.,0.72953720414,-0.683941128881));
#8918 = DIRECTION('',(0.,-0.683941128881,-0.72953720414));
#8919 = DEFINITIONAL_REPRESENTATION('',(#8920),#8923);
#8920 = B_SPLINE_CURVE_WITH_KNOTS('',1,(#8921,#8922),.UNSPECIFIED.,.F.,
  .F.,(2,2),(0.1499994,2.31),.PIECEWISE_BEZIER_KNOTS.);
#8921 = CARTESIAN_POINT('',(8.284926070883,-0.1499994));
#8922 = CARTESIAN_POINT('',(8.284926070883,-2.31));
#8923 = ( GEOMETRIC_REPRESENTATION_CONTEXT(2) 
PARAMETRIC_REPRESENTATION_CONTEXT() REPRESENTATION_CONTEXT('2D SPACE',''
  ) );
#8924 = ADVANCED_FACE('',(#8925),#8137,.F.);
#8925 = FACE_BOUND('',#8926,.F.);
#8926 = EDGE_LOOP('',(#8927,#8957,#8978,#8979,#8980,#9008));
#8927 = ORIENTED_EDGE('',*,*,#8928,.T.);
#8928 = EDGE_CURVE('',#8929,#8931,#8933,.T.);
#8929 = VERTEX_POINT('',#8930);
#8930 = CARTESIAN_POINT('',(39.,-6.697509075446,41.747664758231));
#8931 = VERTEX_POINT('',#8932);
#8932 = CARTESIAN_POINT('',(39.,-7.5,43.6));
#8933 = SURFACE_CURVE('',#8934,(#8939,#8946),.PCURVE_S1.);
#8934 = CIRCLE('',#8935,1.1);
#8935 = AXIS2_PLACEMENT_3D('',#8936,#8937,#8938);
#8936 = CARTESIAN_POINT('',(39.,-7.5,42.5));
#8937 = DIRECTION('',(1.,0.,0.));
#8938 = DIRECTION('',(-0.,0.,1.));
#8939 = PCURVE('',#8137,#8940);
#8940 = DEFINITIONAL_REPRESENTATION('',(#8941),#8945);
#8941 = LINE('',#8942,#8943);
#8942 = CARTESIAN_POINT('',(0.,7.1));
#8943 = VECTOR('',#8944,1.);
#8944 = DIRECTION('',(1.,0.));
#8945 = ( GEOMETRIC_REPRESENTATION_CONTEXT(2) 
PARAMETRIC_REPRESENTATION_CONTEXT() REPRESENTATION_CONTEXT('2D SPACE',''
  ) );
#8946 = PCURVE('',#8885,#8947);
#8947 = DEFINITIONAL_REPRESENTATION('',(#8948),#8956);
#8948 = ( BOUNDED_CURVE() B_SPLINE_CURVE(2,(#8949,#8950,#8951,#8952,
#8953,#8954,#8955),.UNSPECIFIED.,.T.,.F.) B_SPLINE_CURVE_WITH_KNOTS((1,2
    ,2,2,2,1),(-2.094395102393,0.,2.094395102393,4.188790204786,
6.28318530718,8.377580409573),.UNSPECIFIED.) CURVE() 
GEOMETRIC_REPRESENTATION_ITEM() RATIONAL_B_SPLINE_CURVE((1.,0.5,1.,0.5,
1.,0.5,1.)) REPRESENTATION_ITEM('') );
#8949 = CARTESIAN_POINT('',(-0.575206166437,0.491994218965));
#8950 = CARTESIAN_POINT('',(-0.575206166437,2.397250107291));
#8951 = CARTESIAN_POINT('',(1.074793833563,1.444622163128));
#8952 = CARTESIAN_POINT('',(2.724793833563,0.491994218965));
#8953 = CARTESIAN_POINT('',(1.074793833563,-0.460633725198));
#8954 = CARTESIAN_POINT('',(-0.575206166437,-1.413261669361));
#8955 = CARTESIAN_POINT('',(-0.575206166437,0.491994218965));
#8956 = ( GEOMETRIC_REPRESENTATION_CONTEXT(2) 
PARAMETRIC_REPRESENTATION_CONTEXT() REPRESENTATION_CONTEXT('2D SPACE',''
  ) );
#8957 = ORIENTED_EDGE('',*,*,#8958,.T.);
#8958 = EDGE_CURVE('',#8931,#8121,#8959,.T.);
#8959 = SEAM_CURVE('',#8960,(#8964,#8971),.PCURVE_S1.);
#8960 = LINE('',#8961,#8962);
#8961 = CARTESIAN_POINT('',(31.9,-7.5,43.6));
#8962 = VECTOR('',#8963,1.);
#8963 = DIRECTION('',(1.,0.,0.));
#8964 = PCURVE('',#8137,#8965);
#8965 = DEFINITIONAL_REPRESENTATION('',(#8966),#8970);
#8966 = LINE('',#8967,#8968);
#8967 = CARTESIAN_POINT('',(0.,-0.));
#8968 = VECTOR('',#8969,1.);
#8969 = DIRECTION('',(0.,1.));
#8970 = ( GEOMETRIC_REPRESENTATION_CONTEXT(2) 
PARAMETRIC_REPRESENTATION_CONTEXT() REPRESENTATION_CONTEXT('2D SPACE',''
  ) );
#8971 = PCURVE('',#8137,#8972);
#8972 = DEFINITIONAL_REPRESENTATION('',(#8973),#8977);
#8973 = LINE('',#8974,#8975);
#8974 = CARTESIAN_POINT('',(6.28318530718,-0.));
#8975 = VECTOR('',#8976,1.);
#8976 = DIRECTION('',(0.,1.));
#8977 = ( GEOMETRIC_REPRESENTATION_CONTEXT(2) 
PARAMETRIC_REPRESENTATION_CONTEXT() REPRESENTATION_CONTEXT('2D SPACE',''
  ) );
#8978 = ORIENTED_EDGE('',*,*,#8120,.F.);
#8979 = ORIENTED_EDGE('',*,*,#8958,.F.);
#8980 = ORIENTED_EDGE('',*,*,#8981,.T.);
#8981 = EDGE_CURVE('',#8931,#8982,#8984,.T.);
#8982 = VERTEX_POINT('',#8983);
#8983 = CARTESIAN_POINT('',(39.,-8.302490924554,43.252335241769));
#8984 = SURFACE_CURVE('',#8985,(#8990,#8997),.PCURVE_S1.);
#8985 = CIRCLE('',#8986,1.1);
#8986 = AXIS2_PLACEMENT_3D('',#8987,#8988,#8989);
#8987 = CARTESIAN_POINT('',(39.,-7.5,42.5));
#8988 = DIRECTION('',(1.,0.,0.));
#8989 = DIRECTION('',(-0.,0.,1.));
#8990 = PCURVE('',#8137,#8991);
#8991 = DEFINITIONAL_REPRESENTATION('',(#8992),#8996);
#8992 = LINE('',#8993,#8994);
#8993 = CARTESIAN_POINT('',(0.,7.1));
#8994 = VECTOR('',#8995,1.);
#8995 = DIRECTION('',(1.,0.));
#8996 = ( GEOMETRIC_REPRESENTATION_CONTEXT(2) 
PARAMETRIC_REPRESENTATION_CONTEXT() REPRESENTATION_CONTEXT('2D SPACE',''
  ) );
#8997 = PCURVE('',#8885,#8998);
#8998 = DEFINITIONAL_REPRESENTATION('',(#8999),#9007);
#8999 = ( BOUNDED_CURVE() B_SPLINE_CURVE(2,(#9000,#9001,#9002,#9003,
#9004,#9005,#9006),.UNSPECIFIED.,.T.,.F.) B_SPLINE_CURVE_WITH_KNOTS((1,2
    ,2,2,2,1),(-2.094395102393,0.,2.094395102393,4.188790204786,
6.28318530718,8.377580409573),.UNSPECIFIED.) CURVE() 
GEOMETRIC_REPRESENTATION_ITEM() RATIONAL_B_SPLINE_CURVE((1.,0.5,1.,0.5,
1.,0.5,1.)) REPRESENTATION_ITEM('') );
#9000 = CARTESIAN_POINT('',(-0.575206166437,0.491994218965));
#9001 = CARTESIAN_POINT('',(-0.575206166437,2.397250107291));
#9002 = CARTESIAN_POINT('',(1.074793833563,1.444622163128));
#9003 = CARTESIAN_POINT('',(2.724793833563,0.491994218965));
#9004 = CARTESIAN_POINT('',(1.074793833563,-0.460633725198));
#9005 = CARTESIAN_POINT('',(-0.575206166437,-1.413261669361));
#9006 = CARTESIAN_POINT('',(-0.575206166437,0.491994218965));
#9007 = ( GEOMETRIC_REPRESENTATION_CONTEXT(2) 
PARAMETRIC_REPRESENTATION_CONTEXT() REPRESENTATION_CONTEXT('2D SPACE',''
  ) );
#9008 = ORIENTED_EDGE('',*,*,#9009,.T.);
#9009 = EDGE_CURVE('',#8982,#8929,#9010,.T.);
#9010 = SURFACE_CURVE('',#9011,(#9016,#9023),.PCURVE_S1.);
#9011 = CIRCLE('',#9012,1.1);
#9012 = AXIS2_PLACEMENT_3D('',#9013,#9014,#9015);
#9013 = CARTESIAN_POINT('',(39.,-7.5,42.5));
#9014 = DIRECTION('',(1.,0.,0.));
#9015 = DIRECTION('',(-0.,0.,1.));
#9016 = PCURVE('',#8137,#9017);
#9017 = DEFINITIONAL_REPRESENTATION('',(#9018),#9022);
#9018 = LINE('',#9019,#9020);
#9019 = CARTESIAN_POINT('',(0.,7.1));
#9020 = VECTOR('',#9021,1.);
#9021 = DIRECTION('',(1.,0.));
#9022 = ( GEOMETRIC_REPRESENTATION_CONTEXT(2) 
PARAMETRIC_REPRESENTATION_CONTEXT() REPRESENTATION_CONTEXT('2D SPACE',''
  ) );
#9023 = PCURVE('',#8885,#9024);
#9024 = DEFINITIONAL_REPRESENTATION('',(#9025),#9033);
#9025 = ( BOUNDED_CURVE() B_SPLINE_CURVE(2,(#9026,#9027,#9028,#9029,
#9030,#9031,#9032),.UNSPECIFIED.,.T.,.F.) B_SPLINE_CURVE_WITH_KNOTS((1,2
    ,2,2,2,1),(-2.094395102393,0.,2.094395102393,4.188790204786,
6.28318530718,8.377580409573),.UNSPECIFIED.) CURVE() 
GEOMETRIC_REPRESENTATION_ITEM() RATIONAL_B_SPLINE_CURVE((1.,0.5,1.,0.5,
1.,0.5,1.)) REPRESENTATION_ITEM('') );
#9026 = CARTESIAN_POINT('',(-0.575206166437,0.491994218965));
#9027 = CARTESIAN_POINT('',(-0.575206166437,2.397250107291));
#9028 = CARTESIAN_POINT('',(1.074793833563,1.444622163128));
#9029 = CARTESIAN_POINT('',(2.724793833563,0.491994218965));
#9030 = CARTESIAN_POINT('',(1.074793833563,-0.460633725198));
#9031 = CARTESIAN_POINT('',(-0.575206166437,-1.413261669361));
#9032 = CARTESIAN_POINT('',(-0.575206166437,0.491994218965));
#9033 = ( GEOMETRIC_REPRESENTATION_CONTEXT(2) 
PARAMETRIC_REPRESENTATION_CONTEXT() REPRESENTATION_CONTEXT('2D SPACE',''
  ) );
#9034 = ADVANCED_FACE('',(#9035),#8168,.F.);
#9035 = FACE_BOUND('',#9036,.F.);
#9036 = EDGE_LOOP('',(#9037,#9067,#9088,#9089,#9090,#9118));
#9037 = ORIENTED_EDGE('',*,*,#9038,.T.);
#9038 = EDGE_CURVE('',#9039,#9041,#9043,.T.);
#9039 = VERTEX_POINT('',#9040);
#9040 = CARTESIAN_POINT('',(39.,-6.697509075446,59.252335241769));
#9041 = VERTEX_POINT('',#9042);
#9042 = CARTESIAN_POINT('',(39.,-7.5,59.6));
#9043 = SURFACE_CURVE('',#9044,(#9049,#9056),.PCURVE_S1.);
#9044 = CIRCLE('',#9045,1.1);
#9045 = AXIS2_PLACEMENT_3D('',#9046,#9047,#9048);
#9046 = CARTESIAN_POINT('',(39.,-7.5,58.5));
#9047 = DIRECTION('',(1.,0.,0.));
#9048 = DIRECTION('',(-0.,0.,1.));
#9049 = PCURVE('',#8168,#9050);
#9050 = DEFINITIONAL_REPRESENTATION('',(#9051),#9055);
#9051 = LINE('',#9052,#9053);
#9052 = CARTESIAN_POINT('',(0.,7.1));
#9053 = VECTOR('',#9054,1.);
#9054 = DIRECTION('',(1.,0.));
#9055 = ( GEOMETRIC_REPRESENTATION_CONTEXT(2) 
PARAMETRIC_REPRESENTATION_CONTEXT() REPRESENTATION_CONTEXT('2D SPACE',''
  ) );
#9056 = PCURVE('',#8771,#9057);
#9057 = DEFINITIONAL_REPRESENTATION('',(#9058),#9066);
#9058 = ( BOUNDED_CURVE() B_SPLINE_CURVE(2,(#9059,#9060,#9061,#9062,
#9063,#9064,#9065),.UNSPECIFIED.,.T.,.F.) B_SPLINE_CURVE_WITH_KNOTS((1,2
    ,2,2,2,1),(-2.094395102393,0.,2.094395102393,4.188790204786,
6.28318530718,8.377580409573),.UNSPECIFIED.) CURVE() 
GEOMETRIC_REPRESENTATION_ITEM() RATIONAL_B_SPLINE_CURVE((1.,0.5,1.,0.5,
1.,0.5,1.)) REPRESENTATION_ITEM('') );
#9059 = CARTESIAN_POINT('',(-1.587085813314,0.472192688798));
#9060 = CARTESIAN_POINT('',(-1.587085813314,2.377448577124));
#9061 = CARTESIAN_POINT('',(6.291418668594E-02,1.424820632961));
#9062 = CARTESIAN_POINT('',(1.712914186686,0.472192688798));
#9063 = CARTESIAN_POINT('',(6.291418668594E-02,-0.480435255365));
#9064 = CARTESIAN_POINT('',(-1.587085813314,-1.433063199527));
#9065 = CARTESIAN_POINT('',(-1.587085813314,0.472192688798));
#9066 = ( GEOMETRIC_REPRESENTATION_CONTEXT(2) 
PARAMETRIC_REPRESENTATION_CONTEXT() REPRESENTATION_CONTEXT('2D SPACE',''
  ) );
#9067 = ORIENTED_EDGE('',*,*,#9068,.T.);
#9068 = EDGE_CURVE('',#9041,#8152,#9069,.T.);
#9069 = SEAM_CURVE('',#9070,(#9074,#9081),.PCURVE_S1.);
#9070 = LINE('',#9071,#9072);
#9071 = CARTESIAN_POINT('',(31.9,-7.5,59.6));
#9072 = VECTOR('',#9073,1.);
#9073 = DIRECTION('',(1.,0.,0.));
#9074 = PCURVE('',#8168,#9075);
#9075 = DEFINITIONAL_REPRESENTATION('',(#9076),#9080);
#9076 = LINE('',#9077,#9078);
#9077 = CARTESIAN_POINT('',(0.,-0.));
#9078 = VECTOR('',#9079,1.);
#9079 = DIRECTION('',(0.,1.));
#9080 = ( GEOMETRIC_REPRESENTATION_CONTEXT(2) 
PARAMETRIC_REPRESENTATION_CONTEXT() REPRESENTATION_CONTEXT('2D SPACE',''
  ) );
#9081 = PCURVE('',#8168,#9082);
#9082 = DEFINITIONAL_REPRESENTATION('',(#9083),#9087);
#9083 = LINE('',#9084,#9085);
#9084 = CARTESIAN_POINT('',(6.28318530718,-0.));
#9085 = VECTOR('',#9086,1.);
#9086 = DIRECTION('',(0.,1.));
#9087 = ( GEOMETRIC_REPRESENTATION_CONTEXT(2) 
PARAMETRIC_REPRESENTATION_CONTEXT() REPRESENTATION_CONTEXT('2D SPACE',''
  ) );
#9088 = ORIENTED_EDGE('',*,*,#8151,.F.);
#9089 = ORIENTED_EDGE('',*,*,#9068,.F.);
#9090 = ORIENTED_EDGE('',*,*,#9091,.T.);
#9091 = EDGE_CURVE('',#9041,#9092,#9094,.T.);
#9092 = VERTEX_POINT('',#9093);
#9093 = CARTESIAN_POINT('',(39.,-8.302490924554,57.747664758231));
#9094 = SURFACE_CURVE('',#9095,(#9100,#9107),.PCURVE_S1.);
#9095 = CIRCLE('',#9096,1.1);
#9096 = AXIS2_PLACEMENT_3D('',#9097,#9098,#9099);
#9097 = CARTESIAN_POINT('',(39.,-7.5,58.5));
#9098 = DIRECTION('',(1.,0.,0.));
#9099 = DIRECTION('',(-0.,0.,1.));
#9100 = PCURVE('',#8168,#9101);
#9101 = DEFINITIONAL_REPRESENTATION('',(#9102),#9106);
#9102 = LINE('',#9103,#9104);
#9103 = CARTESIAN_POINT('',(0.,7.1));
#9104 = VECTOR('',#9105,1.);
#9105 = DIRECTION('',(1.,0.));
#9106 = ( GEOMETRIC_REPRESENTATION_CONTEXT(2) 
PARAMETRIC_REPRESENTATION_CONTEXT() REPRESENTATION_CONTEXT('2D SPACE',''
  ) );
#9107 = PCURVE('',#8771,#9108);
#9108 = DEFINITIONAL_REPRESENTATION('',(#9109),#9117);
#9109 = ( BOUNDED_CURVE() B_SPLINE_CURVE(2,(#9110,#9111,#9112,#9113,
#9114,#9115,#9116),.UNSPECIFIED.,.T.,.F.) B_SPLINE_CURVE_WITH_KNOTS((1,2
    ,2,2,2,1),(-2.094395102393,0.,2.094395102393,4.188790204786,
6.28318530718,8.377580409573),.UNSPECIFIED.) CURVE() 
GEOMETRIC_REPRESENTATION_ITEM() RATIONAL_B_SPLINE_CURVE((1.,0.5,1.,0.5,
1.,0.5,1.)) REPRESENTATION_ITEM('') );
#9110 = CARTESIAN_POINT('',(-1.587085813314,0.472192688798));
#9111 = CARTESIAN_POINT('',(-1.587085813314,2.377448577124));
#9112 = CARTESIAN_POINT('',(6.291418668594E-02,1.424820632961));
#9113 = CARTESIAN_POINT('',(1.712914186686,0.472192688798));
#9114 = CARTESIAN_POINT('',(6.291418668594E-02,-0.480435255365));
#9115 = CARTESIAN_POINT('',(-1.587085813314,-1.433063199527));
#9116 = CARTESIAN_POINT('',(-1.587085813314,0.472192688798));
#9117 = ( GEOMETRIC_REPRESENTATION_CONTEXT(2) 
PARAMETRIC_REPRESENTATION_CONTEXT() REPRESENTATION_CONTEXT('2D SPACE',''
  ) );
#9118 = ORIENTED_EDGE('',*,*,#9119,.T.);
#9119 = EDGE_CURVE('',#9092,#9039,#9120,.T.);
#9120 = SURFACE_CURVE('',#9121,(#9126,#9133),.PCURVE_S1.);
#9121 = CIRCLE('',#9122,1.1);
#9122 = AXIS2_PLACEMENT_3D('',#9123,#9124,#9125);
#9123 = CARTESIAN_POINT('',(39.,-7.5,58.5));
#9124 = DIRECTION('',(1.,0.,0.));
#9125 = DIRECTION('',(-0.,0.,1.));
#9126 = PCURVE('',#8168,#9127);
#9127 = DEFINITIONAL_REPRESENTATION('',(#9128),#9132);
#9128 = LINE('',#9129,#9130);
#9129 = CARTESIAN_POINT('',(0.,7.1));
#9130 = VECTOR('',#9131,1.);
#9131 = DIRECTION('',(1.,0.));
#9132 = ( GEOMETRIC_REPRESENTATION_CONTEXT(2) 
PARAMETRIC_REPRESENTATION_CONTEXT() REPRESENTATION_CONTEXT('2D SPACE',''
  ) );
#9133 = PCURVE('',#8771,#9134);
#9134 = DEFINITIONAL_REPRESENTATION('',(#9135),#9143);
#9135 = ( BOUNDED_CURVE() B_SPLINE_CURVE(2,(#9136,#9137,#9138,#9139,
#9140,#9141,#9142),.UNSPECIFIED.,.T.,.F.) B_SPLINE_CURVE_WITH_KNOTS((1,2
    ,2,2,2,1),(-2.094395102393,0.,2.094395102393,4.188790204786,
6.28318530718,8.377580409573),.UNSPECIFIED.) CURVE() 
GEOMETRIC_REPRESENTATION_ITEM() RATIONAL_B_SPLINE_CURVE((1.,0.5,1.,0.5,
1.,0.5,1.)) REPRESENTATION_ITEM('') );
#9136 = CARTESIAN_POINT('',(-1.587085813314,0.472192688798));
#9137 = CARTESIAN_POINT('',(-1.587085813314,2.377448577124));
#9138 = CARTESIAN_POINT('',(6.291418668594E-02,1.424820632961));
#9139 = CARTESIAN_POINT('',(1.712914186686,0.472192688798));
#9140 = CARTESIAN_POINT('',(6.291418668594E-02,-0.480435255365));
#9141 = CARTESIAN_POINT('',(-1.587085813314,-1.433063199527));
#9142 = CARTESIAN_POINT('',(-1.587085813314,0.472192688798));
#9143 = ( GEOMETRIC_REPRESENTATION_CONTEXT(2) 
PARAMETRIC_REPRESENTATION_CONTEXT() REPRESENTATION_CONTEXT('2D SPACE',''
  ) );
#9144 = ADVANCED_FACE('',(#9145,#9148),#8332,.F.);
#9145 = FACE_BOUND('',#9146,.F.);
#9146 = EDGE_LOOP('',(#9147));
#9147 = ORIENTED_EDGE('',*,*,#8317,.T.);
#9148 = FACE_BOUND('',#9149,.F.);
#9149 = EDGE_LOOP('',(#9150));
#9150 = ORIENTED_EDGE('',*,*,#8625,.F.);
#9151 = ADVANCED_FACE('',(#9152,#9155),#8500,.F.);
#9152 = FACE_BOUND('',#9153,.F.);
#9153 = EDGE_LOOP('',(#9154));
#9154 = ORIENTED_EDGE('',*,*,#8485,.T.);
#9155 = FACE_BOUND('',#9156,.F.);
#9156 = EDGE_LOOP('',(#9157,#9188,#9212,#9241,#9270));
#9157 = ORIENTED_EDGE('',*,*,#9158,.F.);
#9158 = EDGE_CURVE('',#9159,#9161,#9163,.T.);
#9159 = VERTEX_POINT('',#9160);
#9160 = CARTESIAN_POINT('',(36.,3.061616997868E-15,63.));
#9161 = VERTEX_POINT('',#9162);
#9162 = CARTESIAN_POINT('',(36.,-7.638021055295,60.394980260661));
#9163 = SURFACE_CURVE('',#9164,(#9169,#9176),.PCURVE_S1.);
#9164 = CIRCLE('',#9165,12.5);
#9165 = AXIS2_PLACEMENT_3D('',#9166,#9167,#9168);
#9166 = CARTESIAN_POINT('',(36.,0.,50.5));
#9167 = DIRECTION('',(1.,0.,0.));
#9168 = DIRECTION('',(-0.,0.,1.));
#9169 = PCURVE('',#8500,#9170);
#9170 = DEFINITIONAL_REPRESENTATION('',(#9171),#9175);
#9171 = CIRCLE('',#9172,12.5);
#9172 = AXIS2_PLACEMENT_2D('',#9173,#9174);
#9173 = CARTESIAN_POINT('',(0.,0.));
#9174 = DIRECTION('',(1.,0.));
#9175 = ( GEOMETRIC_REPRESENTATION_CONTEXT(2) 
PARAMETRIC_REPRESENTATION_CONTEXT() REPRESENTATION_CONTEXT('2D SPACE',''
  ) );
#9176 = PCURVE('',#9177,#9182);
#9177 = CYLINDRICAL_SURFACE('',#9178,12.5);
#9178 = AXIS2_PLACEMENT_3D('',#9179,#9180,#9181);
#9179 = CARTESIAN_POINT('',(35.95,0.,50.5));
#9180 = DIRECTION('',(1.,0.,0.));
#9181 = DIRECTION('',(-0.,0.,1.));
#9182 = DEFINITIONAL_REPRESENTATION('',(#9183),#9187);
#9183 = LINE('',#9184,#9185);
#9184 = CARTESIAN_POINT('',(6.28318530718,5.E-02));
#9185 = VECTOR('',#9186,1.);
#9186 = DIRECTION('',(1.,0.));
#9187 = ( GEOMETRIC_REPRESENTATION_CONTEXT(2) 
PARAMETRIC_REPRESENTATION_CONTEXT() REPRESENTATION_CONTEXT('2D SPACE',''
  ) );
#9188 = ORIENTED_EDGE('',*,*,#9189,.F.);
#9189 = EDGE_CURVE('',#9190,#9159,#9192,.T.);
#9190 = VERTEX_POINT('',#9191);
#9191 = CARTESIAN_POINT('',(36.,-7.638021055295,40.605019739339));
#9192 = SURFACE_CURVE('',#9193,(#9198,#9205),.PCURVE_S1.);
#9193 = CIRCLE('',#9194,12.5);
#9194 = AXIS2_PLACEMENT_3D('',#9195,#9196,#9197);
#9195 = CARTESIAN_POINT('',(36.,0.,50.5));
#9196 = DIRECTION('',(1.,0.,0.));
#9197 = DIRECTION('',(-0.,0.,1.));
#9198 = PCURVE('',#8500,#9199);
#9199 = DEFINITIONAL_REPRESENTATION('',(#9200),#9204);
#9200 = CIRCLE('',#9201,12.5);
#9201 = AXIS2_PLACEMENT_2D('',#9202,#9203);
#9202 = CARTESIAN_POINT('',(0.,0.));
#9203 = DIRECTION('',(1.,0.));
#9204 = ( GEOMETRIC_REPRESENTATION_CONTEXT(2) 
PARAMETRIC_REPRESENTATION_CONTEXT() REPRESENTATION_CONTEXT('2D SPACE',''
  ) );
#9205 = PCURVE('',#9177,#9206);
#9206 = DEFINITIONAL_REPRESENTATION('',(#9207),#9211);
#9207 = LINE('',#9208,#9209);
#9208 = CARTESIAN_POINT('',(0.,5.E-02));
#9209 = VECTOR('',#9210,1.);
#9210 = DIRECTION('',(1.,0.));
#9211 = ( GEOMETRIC_REPRESENTATION_CONTEXT(2) 
PARAMETRIC_REPRESENTATION_CONTEXT() REPRESENTATION_CONTEXT('2D SPACE',''
  ) );
#9212 = ORIENTED_EDGE('',*,*,#9213,.F.);
#9213 = EDGE_CURVE('',#9214,#9190,#9216,.T.);
#9214 = VERTEX_POINT('',#9215);
#9215 = CARTESIAN_POINT('',(36.,-9.382145264872,42.240136185817));
#9216 = SURFACE_CURVE('',#9217,(#9222,#9229),.PCURVE_S1.);
#9217 = CIRCLE('',#9218,1.9);
#9218 = AXIS2_PLACEMENT_3D('',#9219,#9220,#9221);
#9219 = CARTESIAN_POINT('',(36.,-7.5,42.5));
#9220 = DIRECTION('',(1.,0.,0.));
#9221 = DIRECTION('',(-0.,0.,1.));
#9222 = PCURVE('',#8500,#9223);
#9223 = DEFINITIONAL_REPRESENTATION('',(#9224),#9228);
#9224 = CIRCLE('',#9225,1.9);
#9225 = AXIS2_PLACEMENT_2D('',#9226,#9227);
#9226 = CARTESIAN_POINT('',(-8.,7.5));
#9227 = DIRECTION('',(1.,0.));
#9228 = ( GEOMETRIC_REPRESENTATION_CONTEXT(2) 
PARAMETRIC_REPRESENTATION_CONTEXT() REPRESENTATION_CONTEXT('2D SPACE',''
  ) );
#9229 = PCURVE('',#9230,#9235);
#9230 = CYLINDRICAL_SURFACE('',#9231,1.9);
#9231 = AXIS2_PLACEMENT_3D('',#9232,#9233,#9234);
#9232 = CARTESIAN_POINT('',(31.9,-7.5,42.5));
#9233 = DIRECTION('',(1.,0.,0.));
#9234 = DIRECTION('',(-0.,0.,1.));
#9235 = DEFINITIONAL_REPRESENTATION('',(#9236),#9240);
#9236 = LINE('',#9237,#9238);
#9237 = CARTESIAN_POINT('',(0.,4.1));
#9238 = VECTOR('',#9239,1.);
#9239 = DIRECTION('',(1.,0.));
#9240 = ( GEOMETRIC_REPRESENTATION_CONTEXT(2) 
PARAMETRIC_REPRESENTATION_CONTEXT() REPRESENTATION_CONTEXT('2D SPACE',''
  ) );
#9241 = ORIENTED_EDGE('',*,*,#9242,.F.);
#9242 = EDGE_CURVE('',#9243,#9214,#9245,.T.);
#9243 = VERTEX_POINT('',#9244);
#9244 = CARTESIAN_POINT('',(36.,-9.382145264872,58.759863814183));
#9245 = SURFACE_CURVE('',#9246,(#9251,#9258),.PCURVE_S1.);
#9246 = CIRCLE('',#9247,12.5);
#9247 = AXIS2_PLACEMENT_3D('',#9248,#9249,#9250);
#9248 = CARTESIAN_POINT('',(36.,0.,50.5));
#9249 = DIRECTION('',(1.,0.,0.));
#9250 = DIRECTION('',(-0.,0.,1.));
#9251 = PCURVE('',#8500,#9252);
#9252 = DEFINITIONAL_REPRESENTATION('',(#9253),#9257);
#9253 = CIRCLE('',#9254,12.5);
#9254 = AXIS2_PLACEMENT_2D('',#9255,#9256);
#9255 = CARTESIAN_POINT('',(0.,0.));
#9256 = DIRECTION('',(1.,0.));
#9257 = ( GEOMETRIC_REPRESENTATION_CONTEXT(2) 
PARAMETRIC_REPRESENTATION_CONTEXT() REPRESENTATION_CONTEXT('2D SPACE',''
  ) );
#9258 = PCURVE('',#9259,#9264);
#9259 = CYLINDRICAL_SURFACE('',#9260,12.5);
#9260 = AXIS2_PLACEMENT_3D('',#9261,#9262,#9263);
#9261 = CARTESIAN_POINT('',(35.95,0.,50.5));
#9262 = DIRECTION('',(1.,0.,0.));
#9263 = DIRECTION('',(-0.,0.,1.));
#9264 = DEFINITIONAL_REPRESENTATION('',(#9265),#9269);
#9265 = LINE('',#9266,#9267);
#9266 = CARTESIAN_POINT('',(0.,5.E-02));
#9267 = VECTOR('',#9268,1.);
#9268 = DIRECTION('',(1.,0.));
#9269 = ( GEOMETRIC_REPRESENTATION_CONTEXT(2) 
PARAMETRIC_REPRESENTATION_CONTEXT() REPRESENTATION_CONTEXT('2D SPACE',''
  ) );
#9270 = ORIENTED_EDGE('',*,*,#9271,.F.);
#9271 = EDGE_CURVE('',#9161,#9243,#9272,.T.);
#9272 = SURFACE_CURVE('',#9273,(#9278,#9285),.PCURVE_S1.);
#9273 = CIRCLE('',#9274,1.9);
#9274 = AXIS2_PLACEMENT_3D('',#9275,#9276,#9277);
#9275 = CARTESIAN_POINT('',(36.,-7.5,58.5));
#9276 = DIRECTION('',(1.,0.,0.));
#9277 = DIRECTION('',(-0.,0.,1.));
#9278 = PCURVE('',#8500,#9279);
#9279 = DEFINITIONAL_REPRESENTATION('',(#9280),#9284);
#9280 = CIRCLE('',#9281,1.9);
#9281 = AXIS2_PLACEMENT_2D('',#9282,#9283);
#9282 = CARTESIAN_POINT('',(8.,7.5));
#9283 = DIRECTION('',(1.,0.));
#9284 = ( GEOMETRIC_REPRESENTATION_CONTEXT(2) 
PARAMETRIC_REPRESENTATION_CONTEXT() REPRESENTATION_CONTEXT('2D SPACE',''
  ) );
#9285 = PCURVE('',#9286,#9291);
#9286 = CYLINDRICAL_SURFACE('',#9287,1.9);
#9287 = AXIS2_PLACEMENT_3D('',#9288,#9289,#9290);
#9288 = CARTESIAN_POINT('',(31.9,-7.5,58.5));
#9289 = DIRECTION('',(1.,0.,0.));
#9290 = DIRECTION('',(-0.,0.,1.));
#9291 = DEFINITIONAL_REPRESENTATION('',(#9292),#9296);
#9292 = LINE('',#9293,#9294);
#9293 = CARTESIAN_POINT('',(0.,4.1));
#9294 = VECTOR('',#9295,1.);
#9295 = DIRECTION('',(1.,0.));
#9296 = ( GEOMETRIC_REPRESENTATION_CONTEXT(2) 
PARAMETRIC_REPRESENTATION_CONTEXT() REPRESENTATION_CONTEXT('2D SPACE',''
  ) );
#9297 = ADVANCED_FACE('',(#9298),#8669,.F.);
#9298 = FACE_BOUND('',#9299,.F.);
#9299 = EDGE_LOOP('',(#9300,#9326,#9350,#9374,#9398,#9422,#9441,#9442,
    #9443));
#9300 = ORIENTED_EDGE('',*,*,#9301,.F.);
#9301 = EDGE_CURVE('',#9302,#9304,#9306,.T.);
#9302 = VERTEX_POINT('',#9303);
#9303 = CARTESIAN_POINT('',(37.05,-7.638021055295,40.605019739339));
#9304 = VERTEX_POINT('',#9305);
#9305 = CARTESIAN_POINT('',(37.05,-6.113879312134,41.200511855125));
#9306 = SURFACE_CURVE('',#9307,(#9312,#9319),.PCURVE_S1.);
#9307 = CIRCLE('',#9308,1.9);
#9308 = AXIS2_PLACEMENT_3D('',#9309,#9310,#9311);
#9309 = CARTESIAN_POINT('',(37.05,-7.5,42.5));
#9310 = DIRECTION('',(1.,0.,0.));
#9311 = DIRECTION('',(-0.,0.,1.));
#9312 = PCURVE('',#8669,#9313);
#9313 = DEFINITIONAL_REPRESENTATION('',(#9314),#9318);
#9314 = CIRCLE('',#9315,1.9);
#9315 = AXIS2_PLACEMENT_2D('',#9316,#9317);
#9316 = CARTESIAN_POINT('',(-8.,7.5));
#9317 = DIRECTION('',(1.,0.));
#9318 = ( GEOMETRIC_REPRESENTATION_CONTEXT(2) 
PARAMETRIC_REPRESENTATION_CONTEXT() REPRESENTATION_CONTEXT('2D SPACE',''
  ) );
#9319 = PCURVE('',#9230,#9320);
#9320 = DEFINITIONAL_REPRESENTATION('',(#9321),#9325);
#9321 = LINE('',#9322,#9323);
#9322 = CARTESIAN_POINT('',(0.,5.15));
#9323 = VECTOR('',#9324,1.);
#9324 = DIRECTION('',(1.,0.));
#9325 = ( GEOMETRIC_REPRESENTATION_CONTEXT(2) 
PARAMETRIC_REPRESENTATION_CONTEXT() REPRESENTATION_CONTEXT('2D SPACE',''
  ) );
#9326 = ORIENTED_EDGE('',*,*,#9327,.T.);
#9327 = EDGE_CURVE('',#9302,#9328,#9330,.T.);
#9328 = VERTEX_POINT('',#9329);
#9329 = CARTESIAN_POINT('',(37.05,3.061616997868E-15,63.));
#9330 = SURFACE_CURVE('',#9331,(#9336,#9343),.PCURVE_S1.);
#9331 = CIRCLE('',#9332,12.5);
#9332 = AXIS2_PLACEMENT_3D('',#9333,#9334,#9335);
#9333 = CARTESIAN_POINT('',(37.05,0.,50.5));
#9334 = DIRECTION('',(1.,0.,0.));
#9335 = DIRECTION('',(-0.,0.,1.));
#9336 = PCURVE('',#8669,#9337);
#9337 = DEFINITIONAL_REPRESENTATION('',(#9338),#9342);
#9338 = CIRCLE('',#9339,12.5);
#9339 = AXIS2_PLACEMENT_2D('',#9340,#9341);
#9340 = CARTESIAN_POINT('',(0.,0.));
#9341 = DIRECTION('',(1.,0.));
#9342 = ( GEOMETRIC_REPRESENTATION_CONTEXT(2) 
PARAMETRIC_REPRESENTATION_CONTEXT() REPRESENTATION_CONTEXT('2D SPACE',''
  ) );
#9343 = PCURVE('',#9177,#9344);
#9344 = DEFINITIONAL_REPRESENTATION('',(#9345),#9349);
#9345 = LINE('',#9346,#9347);
#9346 = CARTESIAN_POINT('',(0.,1.1));
#9347 = VECTOR('',#9348,1.);
#9348 = DIRECTION('',(1.,0.));
#9349 = ( GEOMETRIC_REPRESENTATION_CONTEXT(2) 
PARAMETRIC_REPRESENTATION_CONTEXT() REPRESENTATION_CONTEXT('2D SPACE',''
  ) );
#9350 = ORIENTED_EDGE('',*,*,#9351,.T.);
#9351 = EDGE_CURVE('',#9328,#9352,#9354,.T.);
#9352 = VERTEX_POINT('',#9353);
#9353 = CARTESIAN_POINT('',(37.05,-7.638021055295,60.394980260661));
#9354 = SURFACE_CURVE('',#9355,(#9360,#9367),.PCURVE_S1.);
#9355 = CIRCLE('',#9356,12.5);
#9356 = AXIS2_PLACEMENT_3D('',#9357,#9358,#9359);
#9357 = CARTESIAN_POINT('',(37.05,0.,50.5));
#9358 = DIRECTION('',(1.,0.,0.));
#9359 = DIRECTION('',(-0.,0.,1.));
#9360 = PCURVE('',#8669,#9361);
#9361 = DEFINITIONAL_REPRESENTATION('',(#9362),#9366);
#9362 = CIRCLE('',#9363,12.5);
#9363 = AXIS2_PLACEMENT_2D('',#9364,#9365);
#9364 = CARTESIAN_POINT('',(0.,0.));
#9365 = DIRECTION('',(1.,0.));
#9366 = ( GEOMETRIC_REPRESENTATION_CONTEXT(2) 
PARAMETRIC_REPRESENTATION_CONTEXT() REPRESENTATION_CONTEXT('2D SPACE',''
  ) );
#9367 = PCURVE('',#9177,#9368);
#9368 = DEFINITIONAL_REPRESENTATION('',(#9369),#9373);
#9369 = LINE('',#9370,#9371);
#9370 = CARTESIAN_POINT('',(6.28318530718,1.1));
#9371 = VECTOR('',#9372,1.);
#9372 = DIRECTION('',(1.,0.));
#9373 = ( GEOMETRIC_REPRESENTATION_CONTEXT(2) 
PARAMETRIC_REPRESENTATION_CONTEXT() REPRESENTATION_CONTEXT('2D SPACE',''
  ) );
#9374 = ORIENTED_EDGE('',*,*,#9375,.F.);
#9375 = EDGE_CURVE('',#9376,#9352,#9378,.T.);
#9376 = VERTEX_POINT('',#9377);
#9377 = CARTESIAN_POINT('',(37.05,-7.5,60.4));
#9378 = SURFACE_CURVE('',#9379,(#9384,#9391),.PCURVE_S1.);
#9379 = CIRCLE('',#9380,1.9);
#9380 = AXIS2_PLACEMENT_3D('',#9381,#9382,#9383);
#9381 = CARTESIAN_POINT('',(37.05,-7.5,58.5));
#9382 = DIRECTION('',(1.,0.,0.));
#9383 = DIRECTION('',(-0.,0.,1.));
#9384 = PCURVE('',#8669,#9385);
#9385 = DEFINITIONAL_REPRESENTATION('',(#9386),#9390);
#9386 = CIRCLE('',#9387,1.9);
#9387 = AXIS2_PLACEMENT_2D('',#9388,#9389);
#9388 = CARTESIAN_POINT('',(8.,7.5));
#9389 = DIRECTION('',(1.,0.));
#9390 = ( GEOMETRIC_REPRESENTATION_CONTEXT(2) 
PARAMETRIC_REPRESENTATION_CONTEXT() REPRESENTATION_CONTEXT('2D SPACE',''
  ) );
#9391 = PCURVE('',#9286,#9392);
#9392 = DEFINITIONAL_REPRESENTATION('',(#9393),#9397);
#9393 = LINE('',#9394,#9395);
#9394 = CARTESIAN_POINT('',(0.,5.15));
#9395 = VECTOR('',#9396,1.);
#9396 = DIRECTION('',(1.,0.));
#9397 = ( GEOMETRIC_REPRESENTATION_CONTEXT(2) 
PARAMETRIC_REPRESENTATION_CONTEXT() REPRESENTATION_CONTEXT('2D SPACE',''
  ) );
#9398 = ORIENTED_EDGE('',*,*,#9399,.F.);
#9399 = EDGE_CURVE('',#9400,#9376,#9402,.T.);
#9400 = VERTEX_POINT('',#9401);
#9401 = CARTESIAN_POINT('',(37.05,-6.113879312134,59.799488144875));
#9402 = SURFACE_CURVE('',#9403,(#9408,#9415),.PCURVE_S1.);
#9403 = CIRCLE('',#9404,1.9);
#9404 = AXIS2_PLACEMENT_3D('',#9405,#9406,#9407);
#9405 = CARTESIAN_POINT('',(37.05,-7.5,58.5));
#9406 = DIRECTION('',(1.,0.,0.));
#9407 = DIRECTION('',(-0.,0.,1.));
#9408 = PCURVE('',#8669,#9409);
#9409 = DEFINITIONAL_REPRESENTATION('',(#9410),#9414);
#9410 = CIRCLE('',#9411,1.9);
#9411 = AXIS2_PLACEMENT_2D('',#9412,#9413);
#9412 = CARTESIAN_POINT('',(8.,7.5));
#9413 = DIRECTION('',(1.,0.));
#9414 = ( GEOMETRIC_REPRESENTATION_CONTEXT(2) 
PARAMETRIC_REPRESENTATION_CONTEXT() REPRESENTATION_CONTEXT('2D SPACE',''
  ) );
#9415 = PCURVE('',#9286,#9416);
#9416 = DEFINITIONAL_REPRESENTATION('',(#9417),#9421);
#9417 = LINE('',#9418,#9419);
#9418 = CARTESIAN_POINT('',(-6.28318530718,5.15));
#9419 = VECTOR('',#9420,1.);
#9420 = DIRECTION('',(1.,0.));
#9421 = ( GEOMETRIC_REPRESENTATION_CONTEXT(2) 
PARAMETRIC_REPRESENTATION_CONTEXT() REPRESENTATION_CONTEXT('2D SPACE',''
  ) );
#9422 = ORIENTED_EDGE('',*,*,#9423,.F.);
#9423 = EDGE_CURVE('',#8705,#9400,#9424,.T.);
#9424 = SURFACE_CURVE('',#9425,(#9429,#9435),.PCURVE_S1.);
#9425 = LINE('',#9426,#9427);
#9426 = CARTESIAN_POINT('',(37.05,-2.363879312134,55.799488144875));
#9427 = VECTOR('',#9428,1.);
#9428 = DIRECTION('',(0.,-0.683941128881,0.72953720414));
#9429 = PCURVE('',#8669,#9430);
#9430 = DEFINITIONAL_REPRESENTATION('',(#9431),#9434);
#9431 = B_SPLINE_CURVE_WITH_KNOTS('',1,(#9432,#9433),.UNSPECIFIED.,.F.,
  .F.,(2,2),(-5.482928049865,5.482928049865),.PIECEWISE_BEZIER_KNOTS.);
#9432 = CARTESIAN_POINT('',(1.299488144875,-1.386120687866));
#9433 = CARTESIAN_POINT('',(9.299488144875,6.113879312134));
#9434 = ( GEOMETRIC_REPRESENTATION_CONTEXT(2) 
PARAMETRIC_REPRESENTATION_CONTEXT() REPRESENTATION_CONTEXT('2D SPACE',''
  ) );
#9435 = PCURVE('',#8743,#9436);
#9436 = DEFINITIONAL_REPRESENTATION('',(#9437),#9440);
#9437 = B_SPLINE_CURVE_WITH_KNOTS('',1,(#9438,#9439),.UNSPECIFIED.,.F.,
  .F.,(2,2),(-5.482928049865,5.482928049865),.PIECEWISE_BEZIER_KNOTS.);
#9438 = CARTESIAN_POINT('',(10.965856099731,-0.15));
#9439 = CARTESIAN_POINT('',(0.,-0.15));
#9440 = ( GEOMETRIC_REPRESENTATION_CONTEXT(2) 
PARAMETRIC_REPRESENTATION_CONTEXT() REPRESENTATION_CONTEXT('2D SPACE',''
  ) );
#9441 = ORIENTED_EDGE('',*,*,#8704,.F.);
#9442 = ORIENTED_EDGE('',*,*,#8650,.F.);
#9443 = ORIENTED_EDGE('',*,*,#9444,.F.);
#9444 = EDGE_CURVE('',#9304,#8651,#9445,.T.);
#9445 = SURFACE_CURVE('',#9446,(#9450,#9456),.PCURVE_S1.);
#9446 = LINE('',#9447,#9448);
#9447 = CARTESIAN_POINT('',(37.05,1.386120687866,49.200511855125));
#9448 = VECTOR('',#9449,1.);
#9449 = DIRECTION('',(-0.,0.683941128881,0.72953720414));
#9450 = PCURVE('',#8669,#9451);
#9451 = DEFINITIONAL_REPRESENTATION('',(#9452),#9455);
#9452 = B_SPLINE_CURVE_WITH_KNOTS('',1,(#9453,#9454),.UNSPECIFIED.,.F.,
  .F.,(2,2),(-10.96585609973,0.),.PIECEWISE_BEZIER_KNOTS.);
#9453 = CARTESIAN_POINT('',(-9.299488144875,6.113879312134));
#9454 = CARTESIAN_POINT('',(-1.299488144875,-1.386120687866));
#9455 = ( GEOMETRIC_REPRESENTATION_CONTEXT(2) 
PARAMETRIC_REPRESENTATION_CONTEXT() REPRESENTATION_CONTEXT('2D SPACE',''
  ) );
#9456 = PCURVE('',#8914,#9457);
#9457 = DEFINITIONAL_REPRESENTATION('',(#9458),#9461);
#9458 = B_SPLINE_CURVE_WITH_KNOTS('',1,(#9459,#9460),.UNSPECIFIED.,.F.,
  .F.,(2,2),(-10.96585609973,0.),.PIECEWISE_BEZIER_KNOTS.);
#9459 = CARTESIAN_POINT('',(10.965856099731,-0.15));
#9460 = CARTESIAN_POINT('',(0.,-0.15));
#9461 = ( GEOMETRIC_REPRESENTATION_CONTEXT(2) 
PARAMETRIC_REPRESENTATION_CONTEXT() REPRESENTATION_CONTEXT('2D SPACE',''
  ) );
#9462 = ADVANCED_FACE('',(#9463),#8914,.F.);
#9463 = FACE_BOUND('',#9464,.F.);
#9464 = EDGE_LOOP('',(#9465,#9466,#9489,#9510));
#9465 = ORIENTED_EDGE('',*,*,#8901,.T.);
#9466 = ORIENTED_EDGE('',*,*,#9467,.T.);
#9467 = EDGE_CURVE('',#8869,#9468,#9470,.T.);
#9468 = VERTEX_POINT('',#9469);
#9469 = CARTESIAN_POINT('',(39.,-6.113879312134,41.200511855125));
#9470 = SURFACE_CURVE('',#9471,(#9475,#9482),.PCURVE_S1.);
#9471 = LINE('',#9472,#9473);
#9472 = CARTESIAN_POINT('',(39.,1.386120687866,49.200511855125));
#9473 = VECTOR('',#9474,1.);
#9474 = DIRECTION('',(0.,-0.683941128881,-0.72953720414));
#9475 = PCURVE('',#8914,#9476);
#9476 = DEFINITIONAL_REPRESENTATION('',(#9477),#9481);
#9477 = LINE('',#9478,#9479);
#9478 = CARTESIAN_POINT('',(0.,-2.1));
#9479 = VECTOR('',#9480,1.);
#9480 = DIRECTION('',(1.,0.));
#9481 = ( GEOMETRIC_REPRESENTATION_CONTEXT(2) 
PARAMETRIC_REPRESENTATION_CONTEXT() REPRESENTATION_CONTEXT('2D SPACE',''
  ) );
#9482 = PCURVE('',#8885,#9483);
#9483 = DEFINITIONAL_REPRESENTATION('',(#9484),#9488);
#9484 = LINE('',#9485,#9486);
#9485 = CARTESIAN_POINT('',(-6.175718021563,-8.394126468901));
#9486 = VECTOR('',#9487,1.);
#9487 = DIRECTION('',(0.72953720414,0.683941128881));
#9488 = ( GEOMETRIC_REPRESENTATION_CONTEXT(2) 
PARAMETRIC_REPRESENTATION_CONTEXT() REPRESENTATION_CONTEXT('2D SPACE',''
  ) );
#9489 = ORIENTED_EDGE('',*,*,#9490,.F.);
#9490 = EDGE_CURVE('',#9304,#9468,#9491,.T.);
#9491 = SURFACE_CURVE('',#9492,(#9496,#9503),.PCURVE_S1.);
#9492 = LINE('',#9493,#9494);
#9493 = CARTESIAN_POINT('',(36.9,-6.113879312134,41.200511855125));
#9494 = VECTOR('',#9495,1.);
#9495 = DIRECTION('',(1.,0.,0.));
#9496 = PCURVE('',#8914,#9497);
#9497 = DEFINITIONAL_REPRESENTATION('',(#9498),#9502);
#9498 = LINE('',#9499,#9500);
#9499 = CARTESIAN_POINT('',(10.965856099731,0.));
#9500 = VECTOR('',#9501,1.);
#9501 = DIRECTION('',(0.,-1.));
#9502 = ( GEOMETRIC_REPRESENTATION_CONTEXT(2) 
PARAMETRIC_REPRESENTATION_CONTEXT() REPRESENTATION_CONTEXT('2D SPACE',''
  ) );
#9503 = PCURVE('',#9230,#9504);
#9504 = DEFINITIONAL_REPRESENTATION('',(#9505),#9509);
#9505 = LINE('',#9506,#9507);
#9506 = CARTESIAN_POINT('',(3.959237699422,5.));
#9507 = VECTOR('',#9508,1.);
#9508 = DIRECTION('',(0.,1.));
#9509 = ( GEOMETRIC_REPRESENTATION_CONTEXT(2) 
PARAMETRIC_REPRESENTATION_CONTEXT() REPRESENTATION_CONTEXT('2D SPACE',''
  ) );
#9510 = ORIENTED_EDGE('',*,*,#9444,.T.);
#9511 = ADVANCED_FACE('',(#9512),#8857,.F.);
#9512 = FACE_BOUND('',#9513,.F.);
#9513 = EDGE_LOOP('',(#9514,#9535,#9558,#9579));
#9514 = ORIENTED_EDGE('',*,*,#9515,.T.);
#9515 = EDGE_CURVE('',#8814,#9516,#9518,.T.);
#9516 = VERTEX_POINT('',#9517);
#9517 = CARTESIAN_POINT('',(37.05,-8.886120687866,43.799488144875));
#9518 = SURFACE_CURVE('',#9519,(#9523,#9529),.PCURVE_S1.);
#9519 = LINE('',#9520,#9521);
#9520 = CARTESIAN_POINT('',(37.05,-5.136120687866,47.799488144875));
#9521 = VECTOR('',#9522,1.);
#9522 = DIRECTION('',(0.,-0.683941128881,-0.72953720414));
#9523 = PCURVE('',#8857,#9524);
#9524 = DEFINITIONAL_REPRESENTATION('',(#9525),#9528);
#9525 = B_SPLINE_CURVE_WITH_KNOTS('',1,(#9526,#9527),.UNSPECIFIED.,.F.,
  .F.,(2,2),(-5.482928049865,5.482928049865),.PIECEWISE_BEZIER_KNOTS.);
#9526 = CARTESIAN_POINT('',(10.965856099731,-0.15));
#9527 = CARTESIAN_POINT('',(0.,-0.15));
#9528 = ( GEOMETRIC_REPRESENTATION_CONTEXT(2) 
PARAMETRIC_REPRESENTATION_CONTEXT() REPRESENTATION_CONTEXT('2D SPACE',''
  ) );
#9529 = PCURVE('',#8830,#9530);
#9530 = DEFINITIONAL_REPRESENTATION('',(#9531),#9534);
#9531 = B_SPLINE_CURVE_WITH_KNOTS('',1,(#9532,#9533),.UNSPECIFIED.,.F.,
  .F.,(2,2),(-5.482928049865,5.482928049865),.PIECEWISE_BEZIER_KNOTS.);
#9532 = CARTESIAN_POINT('',(1.299488144875,1.386120687866));
#9533 = CARTESIAN_POINT('',(-6.700511855125,8.886120687866));
#9534 = ( GEOMETRIC_REPRESENTATION_CONTEXT(2) 
PARAMETRIC_REPRESENTATION_CONTEXT() REPRESENTATION_CONTEXT('2D SPACE',''
  ) );
#9535 = ORIENTED_EDGE('',*,*,#9536,.T.);
#9536 = EDGE_CURVE('',#9516,#9537,#9539,.T.);
#9537 = VERTEX_POINT('',#9538);
#9538 = CARTESIAN_POINT('',(39.,-8.886120687866,43.799488144875));
#9539 = SURFACE_CURVE('',#9540,(#9544,#9551),.PCURVE_S1.);
#9540 = LINE('',#9541,#9542);
#9541 = CARTESIAN_POINT('',(36.9,-8.886120687866,43.799488144875));
#9542 = VECTOR('',#9543,1.);
#9543 = DIRECTION('',(1.,0.,0.));
#9544 = PCURVE('',#8857,#9545);
#9545 = DEFINITIONAL_REPRESENTATION('',(#9546),#9550);
#9546 = LINE('',#9547,#9548);
#9547 = CARTESIAN_POINT('',(0.,0.));
#9548 = VECTOR('',#9549,1.);
#9549 = DIRECTION('',(0.,-1.));
#9550 = ( GEOMETRIC_REPRESENTATION_CONTEXT(2) 
PARAMETRIC_REPRESENTATION_CONTEXT() REPRESENTATION_CONTEXT('2D SPACE',''
  ) );
#9551 = PCURVE('',#9230,#9552);
#9552 = DEFINITIONAL_REPRESENTATION('',(#9553),#9557);
#9553 = LINE('',#9554,#9555);
#9554 = CARTESIAN_POINT('',(0.817645045833,5.));
#9555 = VECTOR('',#9556,1.);
#9556 = DIRECTION('',(0.,1.));
#9557 = ( GEOMETRIC_REPRESENTATION_CONTEXT(2) 
PARAMETRIC_REPRESENTATION_CONTEXT() REPRESENTATION_CONTEXT('2D SPACE',''
  ) );
#9558 = ORIENTED_EDGE('',*,*,#9559,.T.);
#9559 = EDGE_CURVE('',#9537,#8843,#9560,.T.);
#9560 = SURFACE_CURVE('',#9561,(#9565,#9572),.PCURVE_S1.);
#9561 = LINE('',#9562,#9563);
#9562 = CARTESIAN_POINT('',(39.,-8.886120687866,43.799488144875));
#9563 = VECTOR('',#9564,1.);
#9564 = DIRECTION('',(0.,0.683941128881,0.72953720414));
#9565 = PCURVE('',#8857,#9566);
#9566 = DEFINITIONAL_REPRESENTATION('',(#9567),#9571);
#9567 = LINE('',#9568,#9569);
#9568 = CARTESIAN_POINT('',(0.,-2.1));
#9569 = VECTOR('',#9570,1.);
#9570 = DIRECTION('',(1.,0.));
#9571 = ( GEOMETRIC_REPRESENTATION_CONTEXT(2) 
PARAMETRIC_REPRESENTATION_CONTEXT() REPRESENTATION_CONTEXT('2D SPACE',''
  ) );
#9572 = PCURVE('',#8885,#9573);
#9573 = DEFINITIONAL_REPRESENTATION('',(#9574),#9578);
#9574 = LINE('',#9575,#9576);
#9575 = CARTESIAN_POINT('',(-0.774694311312,1.878114906831));
#9576 = VECTOR('',#9577,1.);
#9577 = DIRECTION('',(-0.72953720414,-0.683941128881));
#9578 = ( GEOMETRIC_REPRESENTATION_CONTEXT(2) 
PARAMETRIC_REPRESENTATION_CONTEXT() REPRESENTATION_CONTEXT('2D SPACE',''
  ) );
#9579 = ORIENTED_EDGE('',*,*,#8842,.F.);
#9580 = ADVANCED_FACE('',(#9581),#8830,.F.);
#9581 = FACE_BOUND('',#9582,.F.);
#9582 = EDGE_LOOP('',(#9583,#9584,#9605,#9629,#9653,#9675));
#9583 = ORIENTED_EDGE('',*,*,#8813,.F.);
#9584 = ORIENTED_EDGE('',*,*,#9585,.F.);
#9585 = EDGE_CURVE('',#9586,#8788,#9588,.T.);
#9586 = VERTEX_POINT('',#9587);
#9587 = CARTESIAN_POINT('',(37.05,-8.886120687866,57.200511855126));
#9588 = SURFACE_CURVE('',#9589,(#9593,#9599),.PCURVE_S1.);
#9589 = LINE('',#9590,#9591);
#9590 = CARTESIAN_POINT('',(37.05,-1.386120687866,49.200511855125));
#9591 = VECTOR('',#9592,1.);
#9592 = DIRECTION('',(0.,0.683941128881,-0.72953720414));
#9593 = PCURVE('',#8830,#9594);
#9594 = DEFINITIONAL_REPRESENTATION('',(#9595),#9598);
#9595 = B_SPLINE_CURVE_WITH_KNOTS('',1,(#9596,#9597),.UNSPECIFIED.,.F.,
  .F.,(2,2),(-10.96585609973,-0.),.PIECEWISE_BEZIER_KNOTS.);
#9596 = CARTESIAN_POINT('',(6.700511855125,8.886120687866));
#9597 = CARTESIAN_POINT('',(-1.299488144875,1.386120687866));
#9598 = ( GEOMETRIC_REPRESENTATION_CONTEXT(2) 
PARAMETRIC_REPRESENTATION_CONTEXT() REPRESENTATION_CONTEXT('2D SPACE',''
  ) );
#9599 = PCURVE('',#8802,#9600);
#9600 = DEFINITIONAL_REPRESENTATION('',(#9601),#9604);
#9601 = B_SPLINE_CURVE_WITH_KNOTS('',1,(#9602,#9603),.UNSPECIFIED.,.F.,
  .F.,(2,2),(-10.96585609973,-0.),.PIECEWISE_BEZIER_KNOTS.);
#9602 = CARTESIAN_POINT('',(10.965856099731,-0.15));
#9603 = CARTESIAN_POINT('',(0.,-0.15));
#9604 = ( GEOMETRIC_REPRESENTATION_CONTEXT(2) 
PARAMETRIC_REPRESENTATION_CONTEXT() REPRESENTATION_CONTEXT('2D SPACE',''
  ) );
#9605 = ORIENTED_EDGE('',*,*,#9606,.F.);
#9606 = EDGE_CURVE('',#9607,#9586,#9609,.T.);
#9607 = VERTEX_POINT('',#9608);
#9608 = CARTESIAN_POINT('',(37.05,-9.382145264872,58.759863814183));
#9609 = SURFACE_CURVE('',#9610,(#9615,#9622),.PCURVE_S1.);
#9610 = CIRCLE('',#9611,1.9);
#9611 = AXIS2_PLACEMENT_3D('',#9612,#9613,#9614);
#9612 = CARTESIAN_POINT('',(37.05,-7.5,58.5));
#9613 = DIRECTION('',(1.,0.,0.));
#9614 = DIRECTION('',(-0.,0.,1.));
#9615 = PCURVE('',#8830,#9616);
#9616 = DEFINITIONAL_REPRESENTATION('',(#9617),#9621);
#9617 = CIRCLE('',#9618,1.9);
#9618 = AXIS2_PLACEMENT_2D('',#9619,#9620);
#9619 = CARTESIAN_POINT('',(8.,7.5));
#9620 = DIRECTION('',(1.,0.));
#9621 = ( GEOMETRIC_REPRESENTATION_CONTEXT(2) 
PARAMETRIC_REPRESENTATION_CONTEXT() REPRESENTATION_CONTEXT('2D SPACE',''
  ) );
#9622 = PCURVE('',#9286,#9623);
#9623 = DEFINITIONAL_REPRESENTATION('',(#9624),#9628);
#9624 = LINE('',#9625,#9626);
#9625 = CARTESIAN_POINT('',(0.,5.15));
#9626 = VECTOR('',#9627,1.);
#9627 = DIRECTION('',(1.,0.));
#9628 = ( GEOMETRIC_REPRESENTATION_CONTEXT(2) 
PARAMETRIC_REPRESENTATION_CONTEXT() REPRESENTATION_CONTEXT('2D SPACE',''
  ) );
#9629 = ORIENTED_EDGE('',*,*,#9630,.T.);
#9630 = EDGE_CURVE('',#9607,#9631,#9633,.T.);
#9631 = VERTEX_POINT('',#9632);
#9632 = CARTESIAN_POINT('',(37.05,-9.382145264872,42.240136185817));
#9633 = SURFACE_CURVE('',#9634,(#9639,#9646),.PCURVE_S1.);
#9634 = CIRCLE('',#9635,12.5);
#9635 = AXIS2_PLACEMENT_3D('',#9636,#9637,#9638);
#9636 = CARTESIAN_POINT('',(37.05,0.,50.5));
#9637 = DIRECTION('',(1.,0.,0.));
#9638 = DIRECTION('',(-0.,0.,1.));
#9639 = PCURVE('',#8830,#9640);
#9640 = DEFINITIONAL_REPRESENTATION('',(#9641),#9645);
#9641 = CIRCLE('',#9642,12.5);
#9642 = AXIS2_PLACEMENT_2D('',#9643,#9644);
#9643 = CARTESIAN_POINT('',(0.,0.));
#9644 = DIRECTION('',(1.,0.));
#9645 = ( GEOMETRIC_REPRESENTATION_CONTEXT(2) 
PARAMETRIC_REPRESENTATION_CONTEXT() REPRESENTATION_CONTEXT('2D SPACE',''
  ) );
#9646 = PCURVE('',#9259,#9647);
#9647 = DEFINITIONAL_REPRESENTATION('',(#9648),#9652);
#9648 = LINE('',#9649,#9650);
#9649 = CARTESIAN_POINT('',(0.,1.1));
#9650 = VECTOR('',#9651,1.);
#9651 = DIRECTION('',(1.,0.));
#9652 = ( GEOMETRIC_REPRESENTATION_CONTEXT(2) 
PARAMETRIC_REPRESENTATION_CONTEXT() REPRESENTATION_CONTEXT('2D SPACE',''
  ) );
#9653 = ORIENTED_EDGE('',*,*,#9654,.F.);
#9654 = EDGE_CURVE('',#9516,#9631,#9655,.T.);
#9655 = SURFACE_CURVE('',#9656,(#9661,#9668),.PCURVE_S1.);
#9656 = CIRCLE('',#9657,1.9);
#9657 = AXIS2_PLACEMENT_3D('',#9658,#9659,#9660);
#9658 = CARTESIAN_POINT('',(37.05,-7.5,42.5));
#9659 = DIRECTION('',(1.,0.,0.));
#9660 = DIRECTION('',(-0.,0.,1.));
#9661 = PCURVE('',#8830,#9662);
#9662 = DEFINITIONAL_REPRESENTATION('',(#9663),#9667);
#9663 = CIRCLE('',#9664,1.9);
#9664 = AXIS2_PLACEMENT_2D('',#9665,#9666);
#9665 = CARTESIAN_POINT('',(-8.,7.5));
#9666 = DIRECTION('',(1.,0.));
#9667 = ( GEOMETRIC_REPRESENTATION_CONTEXT(2) 
PARAMETRIC_REPRESENTATION_CONTEXT() REPRESENTATION_CONTEXT('2D SPACE',''
  ) );
#9668 = PCURVE('',#9230,#9669);
#9669 = DEFINITIONAL_REPRESENTATION('',(#9670),#9674);
#9670 = LINE('',#9671,#9672);
#9671 = CARTESIAN_POINT('',(0.,5.15));
#9672 = VECTOR('',#9673,1.);
#9673 = DIRECTION('',(1.,0.));
#9674 = ( GEOMETRIC_REPRESENTATION_CONTEXT(2) 
PARAMETRIC_REPRESENTATION_CONTEXT() REPRESENTATION_CONTEXT('2D SPACE',''
  ) );
#9675 = ORIENTED_EDGE('',*,*,#9515,.F.);
#9676 = ADVANCED_FACE('',(#9677),#8802,.F.);
#9677 = FACE_BOUND('',#9678,.F.);
#9678 = EDGE_LOOP('',(#9679,#9680,#9703,#9724));
#9679 = ORIENTED_EDGE('',*,*,#8787,.T.);
#9680 = ORIENTED_EDGE('',*,*,#9681,.T.);
#9681 = EDGE_CURVE('',#8755,#9682,#9684,.T.);
#9682 = VERTEX_POINT('',#9683);
#9683 = CARTESIAN_POINT('',(39.,-8.886120687866,57.200511855125));
#9684 = SURFACE_CURVE('',#9685,(#9689,#9696),.PCURVE_S1.);
#9685 = LINE('',#9686,#9687);
#9686 = CARTESIAN_POINT('',(39.,-1.386120687866,49.200511855125));
#9687 = VECTOR('',#9688,1.);
#9688 = DIRECTION('',(0.,-0.683941128881,0.72953720414));
#9689 = PCURVE('',#8802,#9690);
#9690 = DEFINITIONAL_REPRESENTATION('',(#9691),#9695);
#9691 = LINE('',#9692,#9693);
#9692 = CARTESIAN_POINT('',(0.,-2.1));
#9693 = VECTOR('',#9694,1.);
#9694 = DIRECTION('',(1.,0.));
#9695 = ( GEOMETRIC_REPRESENTATION_CONTEXT(2) 
PARAMETRIC_REPRESENTATION_CONTEXT() REPRESENTATION_CONTEXT('2D SPACE',''
  ) );
#9696 = PCURVE('',#8771,#9697);
#9697 = DEFINITIONAL_REPRESENTATION('',(#9698),#9702);
#9698 = LINE('',#9699,#9700);
#9699 = CARTESIAN_POINT('',(8.81240233156,-5.641686623335));
#9700 = VECTOR('',#9701,1.);
#9701 = DIRECTION('',(-0.72953720414,0.683941128881));
#9702 = ( GEOMETRIC_REPRESENTATION_CONTEXT(2) 
PARAMETRIC_REPRESENTATION_CONTEXT() REPRESENTATION_CONTEXT('2D SPACE',''
  ) );
#9703 = ORIENTED_EDGE('',*,*,#9704,.F.);
#9704 = EDGE_CURVE('',#9586,#9682,#9705,.T.);
#9705 = SURFACE_CURVE('',#9706,(#9710,#9717),.PCURVE_S1.);
#9706 = LINE('',#9707,#9708);
#9707 = CARTESIAN_POINT('',(36.9,-8.886120687866,57.200511855125));
#9708 = VECTOR('',#9709,1.);
#9709 = DIRECTION('',(1.,0.,0.));
#9710 = PCURVE('',#8802,#9711);
#9711 = DEFINITIONAL_REPRESENTATION('',(#9712),#9716);
#9712 = LINE('',#9713,#9714);
#9713 = CARTESIAN_POINT('',(10.965856099731,0.));
#9714 = VECTOR('',#9715,1.);
#9715 = DIRECTION('',(0.,-1.));
#9716 = ( GEOMETRIC_REPRESENTATION_CONTEXT(2) 
PARAMETRIC_REPRESENTATION_CONTEXT() REPRESENTATION_CONTEXT('2D SPACE',''
  ) );
#9717 = PCURVE('',#9286,#9718);
#9718 = DEFINITIONAL_REPRESENTATION('',(#9719),#9723);
#9719 = LINE('',#9720,#9721);
#9720 = CARTESIAN_POINT('',(2.323947607757,5.));
#9721 = VECTOR('',#9722,1.);
#9722 = DIRECTION('',(0.,1.));
#9723 = ( GEOMETRIC_REPRESENTATION_CONTEXT(2) 
PARAMETRIC_REPRESENTATION_CONTEXT() REPRESENTATION_CONTEXT('2D SPACE',''
  ) );
#9724 = ORIENTED_EDGE('',*,*,#9585,.T.);
#9725 = ADVANCED_FACE('',(#9726),#8743,.F.);
#9726 = FACE_BOUND('',#9727,.F.);
#9727 = EDGE_LOOP('',(#9728,#9729,#9752,#9773));
#9728 = ORIENTED_EDGE('',*,*,#9423,.T.);
#9729 = ORIENTED_EDGE('',*,*,#9730,.T.);
#9730 = EDGE_CURVE('',#9400,#9731,#9733,.T.);
#9731 = VERTEX_POINT('',#9732);
#9732 = CARTESIAN_POINT('',(39.,-6.113879312134,59.799488144875));
#9733 = SURFACE_CURVE('',#9734,(#9738,#9745),.PCURVE_S1.);
#9734 = LINE('',#9735,#9736);
#9735 = CARTESIAN_POINT('',(36.9,-6.113879312134,59.799488144875));
#9736 = VECTOR('',#9737,1.);
#9737 = DIRECTION('',(1.,0.,0.));
#9738 = PCURVE('',#8743,#9739);
#9739 = DEFINITIONAL_REPRESENTATION('',(#9740),#9744);
#9740 = LINE('',#9741,#9742);
#9741 = CARTESIAN_POINT('',(0.,0.));
#9742 = VECTOR('',#9743,1.);
#9743 = DIRECTION('',(0.,-1.));
#9744 = ( GEOMETRIC_REPRESENTATION_CONTEXT(2) 
PARAMETRIC_REPRESENTATION_CONTEXT() REPRESENTATION_CONTEXT('2D SPACE',''
  ) );
#9745 = PCURVE('',#9286,#9746);
#9746 = DEFINITIONAL_REPRESENTATION('',(#9747),#9751);
#9747 = LINE('',#9748,#9749);
#9748 = CARTESIAN_POINT('',(-0.817645045833,5.));
#9749 = VECTOR('',#9750,1.);
#9750 = DIRECTION('',(0.,1.));
#9751 = ( GEOMETRIC_REPRESENTATION_CONTEXT(2) 
PARAMETRIC_REPRESENTATION_CONTEXT() REPRESENTATION_CONTEXT('2D SPACE',''
  ) );
#9752 = ORIENTED_EDGE('',*,*,#9753,.T.);
#9753 = EDGE_CURVE('',#9731,#8729,#9754,.T.);
#9754 = SURFACE_CURVE('',#9755,(#9759,#9766),.PCURVE_S1.);
#9755 = LINE('',#9756,#9757);
#9756 = CARTESIAN_POINT('',(39.,-6.113879312134,59.799488144875));
#9757 = VECTOR('',#9758,1.);
#9758 = DIRECTION('',(0.,0.683941128881,-0.72953720414));
#9759 = PCURVE('',#8743,#9760);
#9760 = DEFINITIONAL_REPRESENTATION('',(#9761),#9765);
#9761 = LINE('',#9762,#9763);
#9762 = CARTESIAN_POINT('',(0.,-2.1));
#9763 = VECTOR('',#9764,1.);
#9764 = DIRECTION('',(1.,0.));
#9765 = ( GEOMETRIC_REPRESENTATION_CONTEXT(2) 
PARAMETRIC_REPRESENTATION_CONTEXT() REPRESENTATION_CONTEXT('2D SPACE',''
  ) );
#9766 = PCURVE('',#8771,#9767);
#9767 = DEFINITIONAL_REPRESENTATION('',(#9768),#9772);
#9768 = LINE('',#9769,#9770);
#9769 = CARTESIAN_POINT('',(-1.786573958189,-0.913927999068));
#9770 = VECTOR('',#9771,1.);
#9771 = DIRECTION('',(0.72953720414,-0.683941128881));
#9772 = ( GEOMETRIC_REPRESENTATION_CONTEXT(2) 
PARAMETRIC_REPRESENTATION_CONTEXT() REPRESENTATION_CONTEXT('2D SPACE',''
  ) );
#9773 = ORIENTED_EDGE('',*,*,#8728,.F.);
#9774 = ADVANCED_FACE('',(#9775),#9259,.F.);
#9775 = FACE_BOUND('',#9776,.F.);
#9776 = EDGE_LOOP('',(#9777,#9796,#9797,#9816));
#9777 = ORIENTED_EDGE('',*,*,#9778,.F.);
#9778 = EDGE_CURVE('',#9243,#9607,#9779,.T.);
#9779 = SURFACE_CURVE('',#9780,(#9784,#9790),.PCURVE_S1.);
#9780 = LINE('',#9781,#9782);
#9781 = CARTESIAN_POINT('',(35.95,-9.382145264872,58.759863814183));
#9782 = VECTOR('',#9783,1.);
#9783 = DIRECTION('',(1.,0.,0.));
#9784 = PCURVE('',#9259,#9785);
#9785 = DEFINITIONAL_REPRESENTATION('',(#9786),#9789);
#9786 = B_SPLINE_CURVE_WITH_KNOTS('',1,(#9787,#9788),.UNSPECIFIED.,.F.,
  .F.,(2,2),(4.99994E-02,1.1000006),.PIECEWISE_BEZIER_KNOTS.);
#9787 = CARTESIAN_POINT('',(0.848926712941,4.99994E-02));
#9788 = CARTESIAN_POINT('',(0.848926712941,1.1000006));
#9789 = ( GEOMETRIC_REPRESENTATION_CONTEXT(2) 
PARAMETRIC_REPRESENTATION_CONTEXT() REPRESENTATION_CONTEXT('2D SPACE',''
  ) );
#9790 = PCURVE('',#9286,#9791);
#9791 = DEFINITIONAL_REPRESENTATION('',(#9792),#9795);
#9792 = B_SPLINE_CURVE_WITH_KNOTS('',1,(#9793,#9794),.UNSPECIFIED.,.F.,
  .F.,(2,2),(4.99994E-02,1.1000006),.PIECEWISE_BEZIER_KNOTS.);
#9793 = CARTESIAN_POINT('',(1.433595860363,4.0999994));
#9794 = CARTESIAN_POINT('',(1.433595860363,5.1500006));
#9795 = ( GEOMETRIC_REPRESENTATION_CONTEXT(2) 
PARAMETRIC_REPRESENTATION_CONTEXT() REPRESENTATION_CONTEXT('2D SPACE',''
  ) );
#9796 = ORIENTED_EDGE('',*,*,#9242,.T.);
#9797 = ORIENTED_EDGE('',*,*,#9798,.T.);
#9798 = EDGE_CURVE('',#9214,#9631,#9799,.T.);
#9799 = SURFACE_CURVE('',#9800,(#9804,#9810),.PCURVE_S1.);
#9800 = LINE('',#9801,#9802);
#9801 = CARTESIAN_POINT('',(35.95,-9.382145264872,42.240136185817));
#9802 = VECTOR('',#9803,1.);
#9803 = DIRECTION('',(1.,0.,0.));
#9804 = PCURVE('',#9259,#9805);
#9805 = DEFINITIONAL_REPRESENTATION('',(#9806),#9809);
#9806 = B_SPLINE_CURVE_WITH_KNOTS('',1,(#9807,#9808),.UNSPECIFIED.,.F.,
  .F.,(2,2),(4.99994E-02,1.1000006),.PIECEWISE_BEZIER_KNOTS.);
#9807 = CARTESIAN_POINT('',(2.292665940649,4.99994E-02));
#9808 = CARTESIAN_POINT('',(2.292665940649,1.1000006));
#9809 = ( GEOMETRIC_REPRESENTATION_CONTEXT(2) 
PARAMETRIC_REPRESENTATION_CONTEXT() REPRESENTATION_CONTEXT('2D SPACE',''
  ) );
#9810 = PCURVE('',#9230,#9811);
#9811 = DEFINITIONAL_REPRESENTATION('',(#9812),#9815);
#9812 = B_SPLINE_CURVE_WITH_KNOTS('',1,(#9813,#9814),.UNSPECIFIED.,.F.,
  .F.,(2,2),(4.99994E-02,1.1000006),.PIECEWISE_BEZIER_KNOTS.);
#9813 = CARTESIAN_POINT('',(1.707996793226,4.0999994));
#9814 = CARTESIAN_POINT('',(1.707996793226,5.1500006));
#9815 = ( GEOMETRIC_REPRESENTATION_CONTEXT(2) 
PARAMETRIC_REPRESENTATION_CONTEXT() REPRESENTATION_CONTEXT('2D SPACE',''
  ) );
#9816 = ORIENTED_EDGE('',*,*,#9630,.F.);
#9817 = ADVANCED_FACE('',(#9818),#9230,.F.);
#9818 = FACE_BOUND('',#9819,.F.);
#9819 = EDGE_LOOP('',(#9820,#9821,#9822,#9848,#9849,#9850,#9851,#9852));
#9820 = ORIENTED_EDGE('',*,*,#9301,.T.);
#9821 = ORIENTED_EDGE('',*,*,#9490,.T.);
#9822 = ORIENTED_EDGE('',*,*,#9823,.F.);
#9823 = EDGE_CURVE('',#9537,#9468,#9824,.T.);
#9824 = SURFACE_CURVE('',#9825,(#9830,#9837),.PCURVE_S1.);
#9825 = CIRCLE('',#9826,1.9);
#9826 = AXIS2_PLACEMENT_3D('',#9827,#9828,#9829);
#9827 = CARTESIAN_POINT('',(39.,-7.5,42.5));
#9828 = DIRECTION('',(1.,0.,0.));
#9829 = DIRECTION('',(-0.,0.,1.));
#9830 = PCURVE('',#9230,#9831);
#9831 = DEFINITIONAL_REPRESENTATION('',(#9832),#9836);
#9832 = LINE('',#9833,#9834);
#9833 = CARTESIAN_POINT('',(0.,7.1));
#9834 = VECTOR('',#9835,1.);
#9835 = DIRECTION('',(1.,0.));
#9836 = ( GEOMETRIC_REPRESENTATION_CONTEXT(2) 
PARAMETRIC_REPRESENTATION_CONTEXT() REPRESENTATION_CONTEXT('2D SPACE',''
  ) );
#9837 = PCURVE('',#8885,#9838);
#9838 = DEFINITIONAL_REPRESENTATION('',(#9839),#9847);
#9839 = ( BOUNDED_CURVE() B_SPLINE_CURVE(2,(#9840,#9841,#9842,#9843,
#9844,#9845,#9846),.UNSPECIFIED.,.T.,.F.) B_SPLINE_CURVE_WITH_KNOTS((1,2
    ,2,2,2,1),(-2.094395102393,0.,2.094395102393,4.188790204786,
6.28318530718,8.377580409573),.UNSPECIFIED.) CURVE() 
GEOMETRIC_REPRESENTATION_ITEM() RATIONAL_B_SPLINE_CURVE((1.,0.5,1.,0.5,
1.,0.5,1.)) REPRESENTATION_ITEM('') );
#9840 = CARTESIAN_POINT('',(-1.375206166437,0.491994218965));
#9841 = CARTESIAN_POINT('',(-1.375206166437,3.782890753346));
#9842 = CARTESIAN_POINT('',(1.474793833563,2.137442486155));
#9843 = CARTESIAN_POINT('',(4.324793833563,0.491994218965));
#9844 = CARTESIAN_POINT('',(1.474793833563,-1.153454048225));
#9845 = CARTESIAN_POINT('',(-1.375206166437,-2.798902315416));
#9846 = CARTESIAN_POINT('',(-1.375206166437,0.491994218965));
#9847 = ( GEOMETRIC_REPRESENTATION_CONTEXT(2) 
PARAMETRIC_REPRESENTATION_CONTEXT() REPRESENTATION_CONTEXT('2D SPACE',''
  ) );
#9848 = ORIENTED_EDGE('',*,*,#9536,.F.);
#9849 = ORIENTED_EDGE('',*,*,#9654,.T.);
#9850 = ORIENTED_EDGE('',*,*,#9798,.F.);
#9851 = ORIENTED_EDGE('',*,*,#9213,.T.);
#9852 = ORIENTED_EDGE('',*,*,#9853,.T.);
#9853 = EDGE_CURVE('',#9190,#9302,#9854,.T.);
#9854 = SURFACE_CURVE('',#9855,(#9859,#9865),.PCURVE_S1.);
#9855 = LINE('',#9856,#9857);
#9856 = CARTESIAN_POINT('',(35.95,-7.638021055295,40.605019739339));
#9857 = VECTOR('',#9858,1.);
#9858 = DIRECTION('',(1.,0.,0.));
#9859 = PCURVE('',#9230,#9860);
#9860 = DEFINITIONAL_REPRESENTATION('',(#9861),#9864);
#9861 = B_SPLINE_CURVE_WITH_KNOTS('',1,(#9862,#9863),.UNSPECIFIED.,.F.,
  .F.,(2,2),(4.99994E-02,1.1000006),.PIECEWISE_BEZIER_KNOTS.);
#9862 = CARTESIAN_POINT('',(3.068885952029,4.0999994));
#9863 = CARTESIAN_POINT('',(3.068885952029,5.1500006));
#9864 = ( GEOMETRIC_REPRESENTATION_CONTEXT(2) 
PARAMETRIC_REPRESENTATION_CONTEXT() REPRESENTATION_CONTEXT('2D SPACE',''
  ) );
#9865 = PCURVE('',#9177,#9866);
#9866 = DEFINITIONAL_REPRESENTATION('',(#9867),#9870);
#9867 = B_SPLINE_CURVE_WITH_KNOTS('',1,(#9868,#9869),.UNSPECIFIED.,.F.,
  .F.,(2,2),(4.99994E-02,1.1000006),.PIECEWISE_BEZIER_KNOTS.);
#9868 = CARTESIAN_POINT('',(2.484216804606,4.99994E-02));
#9869 = CARTESIAN_POINT('',(2.484216804606,1.1000006));
#9870 = ( GEOMETRIC_REPRESENTATION_CONTEXT(2) 
PARAMETRIC_REPRESENTATION_CONTEXT() REPRESENTATION_CONTEXT('2D SPACE',''
  ) );
#9871 = ADVANCED_FACE('',(#9872,#9878),#8885,.T.);
#9872 = FACE_BOUND('',#9873,.T.);
#9873 = EDGE_LOOP('',(#9874,#9875,#9876,#9877));
#9874 = ORIENTED_EDGE('',*,*,#8868,.T.);
#9875 = ORIENTED_EDGE('',*,*,#9467,.T.);
#9876 = ORIENTED_EDGE('',*,*,#9823,.F.);
#9877 = ORIENTED_EDGE('',*,*,#9559,.T.);
#9878 = FACE_BOUND('',#9879,.T.);
#9879 = EDGE_LOOP('',(#9880,#9881,#9882));
#9880 = ORIENTED_EDGE('',*,*,#8928,.T.);
#9881 = ORIENTED_EDGE('',*,*,#8981,.T.);
#9882 = ORIENTED_EDGE('',*,*,#9009,.T.);
#9883 = ADVANCED_FACE('',(#9884,#9943),#8771,.T.);
#9884 = FACE_BOUND('',#9885,.T.);
#9885 = EDGE_LOOP('',(#9886,#9887,#9888,#9916,#9942));
#9886 = ORIENTED_EDGE('',*,*,#8754,.T.);
#9887 = ORIENTED_EDGE('',*,*,#9681,.T.);
#9888 = ORIENTED_EDGE('',*,*,#9889,.F.);
#9889 = EDGE_CURVE('',#9890,#9682,#9892,.T.);
#9890 = VERTEX_POINT('',#9891);
#9891 = CARTESIAN_POINT('',(39.,-7.5,60.4));
#9892 = SURFACE_CURVE('',#9893,(#9898,#9909),.PCURVE_S1.);
#9893 = CIRCLE('',#9894,1.9);
#9894 = AXIS2_PLACEMENT_3D('',#9895,#9896,#9897);
#9895 = CARTESIAN_POINT('',(39.,-7.5,58.5));
#9896 = DIRECTION('',(1.,0.,0.));
#9897 = DIRECTION('',(-0.,0.,1.));
#9898 = PCURVE('',#8771,#9899);
#9899 = DEFINITIONAL_REPRESENTATION('',(#9900),#9908);
#9900 = ( BOUNDED_CURVE() B_SPLINE_CURVE(2,(#9901,#9902,#9903,#9904,
#9905,#9906,#9907),.UNSPECIFIED.,.T.,.F.) B_SPLINE_CURVE_WITH_KNOTS((1,2
    ,2,2,2,1),(-2.094395102393,0.,2.094395102393,4.188790204786,
6.28318530718,8.377580409573),.UNSPECIFIED.) CURVE() 
GEOMETRIC_REPRESENTATION_ITEM() RATIONAL_B_SPLINE_CURVE((1.,0.5,1.,0.5,
1.,0.5,1.)) REPRESENTATION_ITEM('') );
#9901 = CARTESIAN_POINT('',(-2.387085813314,0.472192688798));
#9902 = CARTESIAN_POINT('',(-2.387085813314,3.763089223179));
#9903 = CARTESIAN_POINT('',(0.462914186686,2.117640955989));
#9904 = CARTESIAN_POINT('',(3.312914186686,0.472192688798));
#9905 = CARTESIAN_POINT('',(0.462914186686,-1.173255578392));
#9906 = CARTESIAN_POINT('',(-2.387085813314,-2.818703845582));
#9907 = CARTESIAN_POINT('',(-2.387085813314,0.472192688798));
#9908 = ( GEOMETRIC_REPRESENTATION_CONTEXT(2) 
PARAMETRIC_REPRESENTATION_CONTEXT() REPRESENTATION_CONTEXT('2D SPACE',''
  ) );
#9909 = PCURVE('',#9286,#9910);
#9910 = DEFINITIONAL_REPRESENTATION('',(#9911),#9915);
#9911 = LINE('',#9912,#9913);
#9912 = CARTESIAN_POINT('',(0.,7.1));
#9913 = VECTOR('',#9914,1.);
#9914 = DIRECTION('',(1.,0.));
#9915 = ( GEOMETRIC_REPRESENTATION_CONTEXT(2) 
PARAMETRIC_REPRESENTATION_CONTEXT() REPRESENTATION_CONTEXT('2D SPACE',''
  ) );
#9916 = ORIENTED_EDGE('',*,*,#9917,.F.);
#9917 = EDGE_CURVE('',#9731,#9890,#9918,.T.);
#9918 = SURFACE_CURVE('',#9919,(#9924,#9935),.PCURVE_S1.);
#9919 = CIRCLE('',#9920,1.9);
#9920 = AXIS2_PLACEMENT_3D('',#9921,#9922,#9923);
#9921 = CARTESIAN_POINT('',(39.,-7.5,58.5));
#9922 = DIRECTION('',(1.,0.,0.));
#9923 = DIRECTION('',(-0.,0.,1.));
#9924 = PCURVE('',#8771,#9925);
#9925 = DEFINITIONAL_REPRESENTATION('',(#9926),#9934);
#9926 = ( BOUNDED_CURVE() B_SPLINE_CURVE(2,(#9927,#9928,#9929,#9930,
#9931,#9932,#9933),.UNSPECIFIED.,.T.,.F.) B_SPLINE_CURVE_WITH_KNOTS((1,2
    ,2,2,2,1),(-2.094395102393,0.,2.094395102393,4.188790204786,
6.28318530718,8.377580409573),.UNSPECIFIED.) CURVE() 
GEOMETRIC_REPRESENTATION_ITEM() RATIONAL_B_SPLINE_CURVE((1.,0.5,1.,0.5,
1.,0.5,1.)) REPRESENTATION_ITEM('') );
#9927 = CARTESIAN_POINT('',(-2.387085813314,0.472192688798));
#9928 = CARTESIAN_POINT('',(-2.387085813314,3.763089223179));
#9929 = CARTESIAN_POINT('',(0.462914186686,2.117640955989));
#9930 = CARTESIAN_POINT('',(3.312914186686,0.472192688798));
#9931 = CARTESIAN_POINT('',(0.462914186686,-1.173255578392));
#9932 = CARTESIAN_POINT('',(-2.387085813314,-2.818703845582));
#9933 = CARTESIAN_POINT('',(-2.387085813314,0.472192688798));
#9934 = ( GEOMETRIC_REPRESENTATION_CONTEXT(2) 
PARAMETRIC_REPRESENTATION_CONTEXT() REPRESENTATION_CONTEXT('2D SPACE',''
  ) );
#9935 = PCURVE('',#9286,#9936);
#9936 = DEFINITIONAL_REPRESENTATION('',(#9937),#9941);
#9937 = LINE('',#9938,#9939);
#9938 = CARTESIAN_POINT('',(-6.28318530718,7.1));
#9939 = VECTOR('',#9940,1.);
#9940 = DIRECTION('',(1.,0.));
#9941 = ( GEOMETRIC_REPRESENTATION_CONTEXT(2) 
PARAMETRIC_REPRESENTATION_CONTEXT() REPRESENTATION_CONTEXT('2D SPACE',''
  ) );
#9942 = ORIENTED_EDGE('',*,*,#9753,.T.);
#9943 = FACE_BOUND('',#9944,.T.);
#9944 = EDGE_LOOP('',(#9945,#9946,#9947));
#9945 = ORIENTED_EDGE('',*,*,#9119,.T.);
#9946 = ORIENTED_EDGE('',*,*,#9038,.T.);
#9947 = ORIENTED_EDGE('',*,*,#9091,.T.);
#9948 = ADVANCED_FACE('',(#9949,#10052),#5790,.T.);
#9949 = FACE_BOUND('',#9950,.T.);
#9950 = EDGE_LOOP('',(#9951,#9952,#9975,#10003,#10031));
#9951 = ORIENTED_EDGE('',*,*,#5771,.T.);
#9952 = ORIENTED_EDGE('',*,*,#9953,.T.);
#9953 = EDGE_CURVE('',#5774,#9954,#9956,.T.);
#9954 = VERTEX_POINT('',#9955);
#9955 = CARTESIAN_POINT('',(33.3,-16.79681670589,47.55));
#9956 = SURFACE_CURVE('',#9957,(#9961,#9968),.PCURVE_S1.);
#9957 = LINE('',#9958,#9959);
#9958 = CARTESIAN_POINT('',(33.3,-26.5,47.55));
#9959 = VECTOR('',#9960,1.);
#9960 = DIRECTION('',(-0.,1.,0.));
#9961 = PCURVE('',#5790,#9962);
#9962 = DEFINITIONAL_REPRESENTATION('',(#9963),#9967);
#9963 = LINE('',#9964,#9965);
#9964 = CARTESIAN_POINT('',(-2.95,6.711124901778));
#9965 = VECTOR('',#9966,1.);
#9966 = DIRECTION('',(0.,-1.));
#9967 = ( GEOMETRIC_REPRESENTATION_CONTEXT(2) 
PARAMETRIC_REPRESENTATION_CONTEXT() REPRESENTATION_CONTEXT('2D SPACE',''
  ) );
#9968 = PCURVE('',#5875,#9969);
#9969 = DEFINITIONAL_REPRESENTATION('',(#9970),#9974);
#9970 = LINE('',#9971,#9972);
#9971 = CARTESIAN_POINT('',(-1.4,-6.530627407778));
#9972 = VECTOR('',#9973,1.);
#9973 = DIRECTION('',(0.,1.));
#9974 = ( GEOMETRIC_REPRESENTATION_CONTEXT(2) 
PARAMETRIC_REPRESENTATION_CONTEXT() REPRESENTATION_CONTEXT('2D SPACE',''
  ) );
#9975 = ORIENTED_EDGE('',*,*,#9976,.T.);
#9976 = EDGE_CURVE('',#9954,#9977,#9979,.T.);
#9977 = VERTEX_POINT('',#9978);
#9978 = CARTESIAN_POINT('',(33.3,-15.09363341178,50.5));
#9979 = SURFACE_CURVE('',#9980,(#9984,#9991),.PCURVE_S1.);
#9980 = LINE('',#9981,#9982);
#9981 = CARTESIAN_POINT('',(33.3,-16.79681670589,47.55));
#9982 = VECTOR('',#9983,1.);
#9983 = DIRECTION('',(0.,0.5,0.866025403784));
#9984 = PCURVE('',#5790,#9985);
#9985 = DEFINITIONAL_REPRESENTATION('',(#9986),#9990);
#9986 = LINE('',#9987,#9988);
#9987 = CARTESIAN_POINT('',(-2.95,-2.992058392331));
#9988 = VECTOR('',#9989,1.);
#9989 = DIRECTION('',(0.866025403784,-0.5));
#9990 = ( GEOMETRIC_REPRESENTATION_CONTEXT(2) 
PARAMETRIC_REPRESENTATION_CONTEXT() REPRESENTATION_CONTEXT('2D SPACE',''
  ) );
#9991 = PCURVE('',#9992,#9997);
#9992 = PLANE('',#9993);
#9993 = AXIS2_PLACEMENT_3D('',#9994,#9995,#9996);
#9994 = CARTESIAN_POINT('',(33.3,-16.79681670589,47.55));
#9995 = DIRECTION('',(0.,-0.866025403784,0.5));
#9996 = DIRECTION('',(0.,0.5,0.866025403784));
#9997 = DEFINITIONAL_REPRESENTATION('',(#9998),#10002);
#9998 = LINE('',#9999,#10000);
#9999 = CARTESIAN_POINT('',(0.,0.));
#10000 = VECTOR('',#10001,1.);
#10001 = DIRECTION('',(1.,0.));
#10002 = ( GEOMETRIC_REPRESENTATION_CONTEXT(2) 
PARAMETRIC_REPRESENTATION_CONTEXT() REPRESENTATION_CONTEXT('2D SPACE',''
  ) );
#10003 = ORIENTED_EDGE('',*,*,#10004,.T.);
#10004 = EDGE_CURVE('',#9977,#10005,#10007,.T.);
#10005 = VERTEX_POINT('',#10006);
#10006 = CARTESIAN_POINT('',(33.3,-16.79681670589,53.45));
#10007 = SURFACE_CURVE('',#10008,(#10012,#10019),.PCURVE_S1.);
#10008 = LINE('',#10009,#10010);
#10009 = CARTESIAN_POINT('',(33.3,-15.09363341178,50.5));
#10010 = VECTOR('',#10011,1.);
#10011 = DIRECTION('',(0.,-0.5,0.866025403784));
#10012 = PCURVE('',#5790,#10013);
#10013 = DEFINITIONAL_REPRESENTATION('',(#10014),#10018);
#10014 = LINE('',#10015,#10016);
#10015 = CARTESIAN_POINT('',(3.456833358872E-17,-4.695241686441));
#10016 = VECTOR('',#10017,1.);
#10017 = DIRECTION('',(0.866025403784,0.5));
#10018 = ( GEOMETRIC_REPRESENTATION_CONTEXT(2) 
PARAMETRIC_REPRESENTATION_CONTEXT() REPRESENTATION_CONTEXT('2D SPACE',''
  ) );
#10019 = PCURVE('',#10020,#10025);
#10020 = PLANE('',#10021);
#10021 = AXIS2_PLACEMENT_3D('',#10022,#10023,#10024);
#10022 = CARTESIAN_POINT('',(33.3,-15.09363341178,50.5));
#10023 = DIRECTION('',(0.,-0.866025403784,-0.5));
#10024 = DIRECTION('',(0.,-0.5,0.866025403784));
#10025 = DEFINITIONAL_REPRESENTATION('',(#10026),#10030);
#10026 = LINE('',#10027,#10028);
#10027 = CARTESIAN_POINT('',(0.,0.));
#10028 = VECTOR('',#10029,1.);
#10029 = DIRECTION('',(1.,0.));
#10030 = ( GEOMETRIC_REPRESENTATION_CONTEXT(2) 
PARAMETRIC_REPRESENTATION_CONTEXT() REPRESENTATION_CONTEXT('2D SPACE',''
  ) );
#10031 = ORIENTED_EDGE('',*,*,#10032,.T.);
#10032 = EDGE_CURVE('',#10005,#5772,#10033,.T.);
#10033 = SURFACE_CURVE('',#10034,(#10038,#10045),.PCURVE_S1.);
#10034 = LINE('',#10035,#10036);
#10035 = CARTESIAN_POINT('',(33.3,-16.79681670589,53.45));
#10036 = VECTOR('',#10037,1.);
#10037 = DIRECTION('',(0.,-1.,1.303703516192E-16));
#10038 = PCURVE('',#5790,#10039);
#10039 = DEFINITIONAL_REPRESENTATION('',(#10040),#10044);
#10040 = LINE('',#10041,#10042);
#10041 = CARTESIAN_POINT('',(2.95,-2.992058392331));
#10042 = VECTOR('',#10043,1.);
#10043 = DIRECTION('',(1.303703516192E-16,1.));
#10044 = ( GEOMETRIC_REPRESENTATION_CONTEXT(2) 
PARAMETRIC_REPRESENTATION_CONTEXT() REPRESENTATION_CONTEXT('2D SPACE',''
  ) );
#10045 = PCURVE('',#5817,#10046);
#10046 = DEFINITIONAL_REPRESENTATION('',(#10047),#10051);
#10047 = LINE('',#10048,#10049);
#10048 = CARTESIAN_POINT('',(1.4,3.172555886331));
#10049 = VECTOR('',#10050,1.);
#10050 = DIRECTION('',(0.,-1.));
#10051 = ( GEOMETRIC_REPRESENTATION_CONTEXT(2) 
PARAMETRIC_REPRESENTATION_CONTEXT() REPRESENTATION_CONTEXT('2D SPACE',''
  ) );
#10052 = FACE_BOUND('',#10053,.T.);
#10053 = EDGE_LOOP('',(#10054,#10055));
#10054 = ORIENTED_EDGE('',*,*,#8566,.F.);
#10055 = ORIENTED_EDGE('',*,*,#8542,.F.);
#10056 = ADVANCED_FACE('',(#10057),#9992,.T.);
#10057 = FACE_BOUND('',#10058,.T.);
#10058 = EDGE_LOOP('',(#10059,#10082,#10105,#10126));
#10059 = ORIENTED_EDGE('',*,*,#10060,.T.);
#10060 = EDGE_CURVE('',#9954,#10061,#10063,.T.);
#10061 = VERTEX_POINT('',#10062);
#10062 = CARTESIAN_POINT('',(36.1,-16.79681670589,47.55));
#10063 = SURFACE_CURVE('',#10064,(#10068,#10075),.PCURVE_S1.);
#10064 = LINE('',#10065,#10066);
#10065 = CARTESIAN_POINT('',(33.3,-16.79681670589,47.55));
#10066 = VECTOR('',#10067,1.);
#10067 = DIRECTION('',(1.,0.,0.));
#10068 = PCURVE('',#9992,#10069);
#10069 = DEFINITIONAL_REPRESENTATION('',(#10070),#10074);
#10070 = LINE('',#10071,#10072);
#10071 = CARTESIAN_POINT('',(0.,0.));
#10072 = VECTOR('',#10073,1.);
#10073 = DIRECTION('',(0.,-1.));
#10074 = ( GEOMETRIC_REPRESENTATION_CONTEXT(2) 
PARAMETRIC_REPRESENTATION_CONTEXT() REPRESENTATION_CONTEXT('2D SPACE',''
  ) );
#10075 = PCURVE('',#5875,#10076);
#10076 = DEFINITIONAL_REPRESENTATION('',(#10077),#10081);
#10077 = LINE('',#10078,#10079);
#10078 = CARTESIAN_POINT('',(-1.4,3.172555886331));
#10079 = VECTOR('',#10080,1.);
#10080 = DIRECTION('',(1.,0.));
#10081 = ( GEOMETRIC_REPRESENTATION_CONTEXT(2) 
PARAMETRIC_REPRESENTATION_CONTEXT() REPRESENTATION_CONTEXT('2D SPACE',''
  ) );
#10082 = ORIENTED_EDGE('',*,*,#10083,.T.);
#10083 = EDGE_CURVE('',#10061,#10084,#10086,.T.);
#10084 = VERTEX_POINT('',#10085);
#10085 = CARTESIAN_POINT('',(36.1,-15.09363341178,50.5));
#10086 = SURFACE_CURVE('',#10087,(#10091,#10098),.PCURVE_S1.);
#10087 = LINE('',#10088,#10089);
#10088 = CARTESIAN_POINT('',(36.1,-16.79681670589,47.55));
#10089 = VECTOR('',#10090,1.);
#10090 = DIRECTION('',(0.,0.5,0.866025403784));
#10091 = PCURVE('',#9992,#10092);
#10092 = DEFINITIONAL_REPRESENTATION('',(#10093),#10097);
#10093 = LINE('',#10094,#10095);
#10094 = CARTESIAN_POINT('',(0.,-2.8));
#10095 = VECTOR('',#10096,1.);
#10096 = DIRECTION('',(1.,0.));
#10097 = ( GEOMETRIC_REPRESENTATION_CONTEXT(2) 
PARAMETRIC_REPRESENTATION_CONTEXT() REPRESENTATION_CONTEXT('2D SPACE',''
  ) );
#10098 = PCURVE('',#5846,#10099);
#10099 = DEFINITIONAL_REPRESENTATION('',(#10100),#10104);
#10100 = LINE('',#10101,#10102);
#10101 = CARTESIAN_POINT('',(2.95,-2.992058392331));
#10102 = VECTOR('',#10103,1.);
#10103 = DIRECTION('',(-0.866025403784,-0.5));
#10104 = ( GEOMETRIC_REPRESENTATION_CONTEXT(2) 
PARAMETRIC_REPRESENTATION_CONTEXT() REPRESENTATION_CONTEXT('2D SPACE',''
  ) );
#10105 = ORIENTED_EDGE('',*,*,#10106,.F.);
#10106 = EDGE_CURVE('',#9977,#10084,#10107,.T.);
#10107 = SURFACE_CURVE('',#10108,(#10112,#10119),.PCURVE_S1.);
#10108 = LINE('',#10109,#10110);
#10109 = CARTESIAN_POINT('',(33.3,-15.09363341178,50.5));
#10110 = VECTOR('',#10111,1.);
#10111 = DIRECTION('',(1.,0.,0.));
#10112 = PCURVE('',#9992,#10113);
#10113 = DEFINITIONAL_REPRESENTATION('',(#10114),#10118);
#10114 = LINE('',#10115,#10116);
#10115 = CARTESIAN_POINT('',(3.406366588219,0.));
#10116 = VECTOR('',#10117,1.);
#10117 = DIRECTION('',(0.,-1.));
#10118 = ( GEOMETRIC_REPRESENTATION_CONTEXT(2) 
PARAMETRIC_REPRESENTATION_CONTEXT() REPRESENTATION_CONTEXT('2D SPACE',''
  ) );
#10119 = PCURVE('',#10020,#10120);
#10120 = DEFINITIONAL_REPRESENTATION('',(#10121),#10125);
#10121 = LINE('',#10122,#10123);
#10122 = CARTESIAN_POINT('',(0.,0.));
#10123 = VECTOR('',#10124,1.);
#10124 = DIRECTION('',(0.,-1.));
#10125 = ( GEOMETRIC_REPRESENTATION_CONTEXT(2) 
PARAMETRIC_REPRESENTATION_CONTEXT() REPRESENTATION_CONTEXT('2D SPACE',''
  ) );
#10126 = ORIENTED_EDGE('',*,*,#9976,.F.);
#10127 = ADVANCED_FACE('',(#10128),#10020,.T.);
#10128 = FACE_BOUND('',#10129,.T.);
#10129 = EDGE_LOOP('',(#10130,#10131,#10154,#10175));
#10130 = ORIENTED_EDGE('',*,*,#10106,.T.);
#10131 = ORIENTED_EDGE('',*,*,#10132,.T.);
#10132 = EDGE_CURVE('',#10084,#10133,#10135,.T.);
#10133 = VERTEX_POINT('',#10134);
#10134 = CARTESIAN_POINT('',(36.1,-16.79681670589,53.45));
#10135 = SURFACE_CURVE('',#10136,(#10140,#10147),.PCURVE_S1.);
#10136 = LINE('',#10137,#10138);
#10137 = CARTESIAN_POINT('',(36.1,-15.09363341178,50.5));
#10138 = VECTOR('',#10139,1.);
#10139 = DIRECTION('',(0.,-0.5,0.866025403784));
#10140 = PCURVE('',#10020,#10141);
#10141 = DEFINITIONAL_REPRESENTATION('',(#10142),#10146);
#10142 = LINE('',#10143,#10144);
#10143 = CARTESIAN_POINT('',(0.,-2.8));
#10144 = VECTOR('',#10145,1.);
#10145 = DIRECTION('',(1.,0.));
#10146 = ( GEOMETRIC_REPRESENTATION_CONTEXT(2) 
PARAMETRIC_REPRESENTATION_CONTEXT() REPRESENTATION_CONTEXT('2D SPACE',''
  ) );
#10147 = PCURVE('',#5846,#10148);
#10148 = DEFINITIONAL_REPRESENTATION('',(#10149),#10153);
#10149 = LINE('',#10150,#10151);
#10150 = CARTESIAN_POINT('',(-1.555575011492E-16,-4.695241686441));
#10151 = VECTOR('',#10152,1.);
#10152 = DIRECTION('',(-0.866025403784,0.5));
#10153 = ( GEOMETRIC_REPRESENTATION_CONTEXT(2) 
PARAMETRIC_REPRESENTATION_CONTEXT() REPRESENTATION_CONTEXT('2D SPACE',''
  ) );
#10154 = ORIENTED_EDGE('',*,*,#10155,.F.);
#10155 = EDGE_CURVE('',#10005,#10133,#10156,.T.);
#10156 = SURFACE_CURVE('',#10157,(#10161,#10168),.PCURVE_S1.);
#10157 = LINE('',#10158,#10159);
#10158 = CARTESIAN_POINT('',(33.3,-16.79681670589,53.45));
#10159 = VECTOR('',#10160,1.);
#10160 = DIRECTION('',(1.,0.,0.));
#10161 = PCURVE('',#10020,#10162);
#10162 = DEFINITIONAL_REPRESENTATION('',(#10163),#10167);
#10163 = LINE('',#10164,#10165);
#10164 = CARTESIAN_POINT('',(3.406366588219,0.));
#10165 = VECTOR('',#10166,1.);
#10166 = DIRECTION('',(0.,-1.));
#10167 = ( GEOMETRIC_REPRESENTATION_CONTEXT(2) 
PARAMETRIC_REPRESENTATION_CONTEXT() REPRESENTATION_CONTEXT('2D SPACE',''
  ) );
#10168 = PCURVE('',#5817,#10169);
#10169 = DEFINITIONAL_REPRESENTATION('',(#10170),#10174);
#10170 = LINE('',#10171,#10172);
#10171 = CARTESIAN_POINT('',(1.4,3.172555886331));
#10172 = VECTOR('',#10173,1.);
#10173 = DIRECTION('',(-1.,0.));
#10174 = ( GEOMETRIC_REPRESENTATION_CONTEXT(2) 
PARAMETRIC_REPRESENTATION_CONTEXT() REPRESENTATION_CONTEXT('2D SPACE',''
  ) );
#10175 = ORIENTED_EDGE('',*,*,#10004,.F.);
#10176 = ADVANCED_FACE('',(#10177),#159,.T.);
#10177 = FACE_BOUND('',#10178,.T.);
#10178 = EDGE_LOOP('',(#10179,#10180,#10181,#10202));
#10179 = ORIENTED_EDGE('',*,*,#217,.T.);
#10180 = ORIENTED_EDGE('',*,*,#4870,.T.);
#10181 = ORIENTED_EDGE('',*,*,#10182,.F.);
#10182 = EDGE_CURVE('',#144,#4843,#10183,.T.);
#10183 = SURFACE_CURVE('',#10184,(#10188,#10195),.PCURVE_S1.);
#10184 = LINE('',#10185,#10186);
#10185 = CARTESIAN_POINT('',(36.1,18.5,53.45));
#10186 = VECTOR('',#10187,1.);
#10187 = DIRECTION('',(-0.,1.,0.));
#10188 = PCURVE('',#159,#10189);
#10189 = DEFINITIONAL_REPRESENTATION('',(#10190),#10194);
#10190 = LINE('',#10191,#10192);
#10191 = CARTESIAN_POINT('',(-1.4,-1.469372592222));
#10192 = VECTOR('',#10193,1.);
#10193 = DIRECTION('',(0.,1.));
#10194 = ( GEOMETRIC_REPRESENTATION_CONTEXT(2) 
PARAMETRIC_REPRESENTATION_CONTEXT() REPRESENTATION_CONTEXT('2D SPACE',''
  ) );
#10195 = PCURVE('',#72,#10196);
#10196 = DEFINITIONAL_REPRESENTATION('',(#10197),#10201);
#10197 = LINE('',#10198,#10199);
#10198 = CARTESIAN_POINT('',(-2.95,1.288875098222));
#10199 = VECTOR('',#10200,1.);
#10200 = DIRECTION('',(0.,-1.));
#10201 = ( GEOMETRIC_REPRESENTATION_CONTEXT(2) 
PARAMETRIC_REPRESENTATION_CONTEXT() REPRESENTATION_CONTEXT('2D SPACE',''
  ) );
#10202 = ORIENTED_EDGE('',*,*,#141,.F.);
#10203 = ADVANCED_FACE('',(#10204),#5817,.T.);
#10204 = FACE_BOUND('',#10205,.T.);
#10205 = EDGE_LOOP('',(#10206,#10207,#10208,#10209));
#10206 = ORIENTED_EDGE('',*,*,#5802,.F.);
#10207 = ORIENTED_EDGE('',*,*,#10032,.F.);
#10208 = ORIENTED_EDGE('',*,*,#10155,.T.);
#10209 = ORIENTED_EDGE('',*,*,#10210,.T.);
#10210 = EDGE_CURVE('',#10133,#5803,#10211,.T.);
#10211 = SURFACE_CURVE('',#10212,(#10216,#10223),.PCURVE_S1.);
#10212 = LINE('',#10213,#10214);
#10213 = CARTESIAN_POINT('',(36.1,-16.79681670589,53.45));
#10214 = VECTOR('',#10215,1.);
#10215 = DIRECTION('',(0.,-1.,1.303703516192E-16));
#10216 = PCURVE('',#5817,#10217);
#10217 = DEFINITIONAL_REPRESENTATION('',(#10218),#10222);
#10218 = LINE('',#10219,#10220);
#10219 = CARTESIAN_POINT('',(-1.4,3.172555886331));
#10220 = VECTOR('',#10221,1.);
#10221 = DIRECTION('',(0.,-1.));
#10222 = ( GEOMETRIC_REPRESENTATION_CONTEXT(2) 
PARAMETRIC_REPRESENTATION_CONTEXT() REPRESENTATION_CONTEXT('2D SPACE',''
  ) );
#10223 = PCURVE('',#5846,#10224);
#10224 = DEFINITIONAL_REPRESENTATION('',(#10225),#10229);
#10225 = LINE('',#10226,#10227);
#10226 = CARTESIAN_POINT('',(-2.95,-2.992058392331));
#10227 = VECTOR('',#10228,1.);
#10228 = DIRECTION('',(-1.303703516192E-16,1.));
#10229 = ( GEOMETRIC_REPRESENTATION_CONTEXT(2) 
PARAMETRIC_REPRESENTATION_CONTEXT() REPRESENTATION_CONTEXT('2D SPACE',''
  ) );
#10230 = ADVANCED_FACE('',(#10231,#10258),#72,.T.);
#10231 = FACE_BOUND('',#10232,.T.);
#10232 = EDGE_LOOP('',(#10233,#10234,#10235,#10256,#10257));
#10233 = ORIENTED_EDGE('',*,*,#10182,.T.);
#10234 = ORIENTED_EDGE('',*,*,#4842,.F.);
#10235 = ORIENTED_EDGE('',*,*,#10236,.F.);
#10236 = EDGE_CURVE('',#57,#4821,#10237,.T.);
#10237 = SURFACE_CURVE('',#10238,(#10242,#10249),.PCURVE_S1.);
#10238 = LINE('',#10239,#10240);
#10239 = CARTESIAN_POINT('',(36.1,18.5,47.55));
#10240 = VECTOR('',#10241,1.);
#10241 = DIRECTION('',(-0.,1.,0.));
#10242 = PCURVE('',#72,#10243);
#10243 = DEFINITIONAL_REPRESENTATION('',(#10244),#10248);
#10244 = LINE('',#10245,#10246);
#10245 = CARTESIAN_POINT('',(2.95,1.288875098222));
#10246 = VECTOR('',#10247,1.);
#10247 = DIRECTION('',(0.,-1.));
#10248 = ( GEOMETRIC_REPRESENTATION_CONTEXT(2) 
PARAMETRIC_REPRESENTATION_CONTEXT() REPRESENTATION_CONTEXT('2D SPACE',''
  ) );
#10249 = PCURVE('',#100,#10250);
#10250 = DEFINITIONAL_REPRESENTATION('',(#10251),#10255);
#10251 = LINE('',#10252,#10253);
#10252 = CARTESIAN_POINT('',(1.4,-1.469372592222));
#10253 = VECTOR('',#10254,1.);
#10254 = DIRECTION('',(0.,1.));
#10255 = ( GEOMETRIC_REPRESENTATION_CONTEXT(2) 
PARAMETRIC_REPRESENTATION_CONTEXT() REPRESENTATION_CONTEXT('2D SPACE',''
  ) );
#10256 = ORIENTED_EDGE('',*,*,#56,.F.);
#10257 = ORIENTED_EDGE('',*,*,#171,.F.);
#10258 = FACE_BOUND('',#10259,.T.);
#10259 = EDGE_LOOP('',(#10260,#10295));
#10260 = ORIENTED_EDGE('',*,*,#10261,.T.);
#10261 = EDGE_CURVE('',#10262,#10264,#10266,.T.);
#10262 = VERTEX_POINT('',#10263);
#10263 = CARTESIAN_POINT('',(36.1,18.5,48.8));
#10264 = VERTEX_POINT('',#10265);
#10265 = CARTESIAN_POINT('',(36.1,18.5,52.2));
#10266 = SURFACE_CURVE('',#10267,(#10272,#10283),.PCURVE_S1.);
#10267 = CIRCLE('',#10268,1.7);
#10268 = AXIS2_PLACEMENT_3D('',#10269,#10270,#10271);
#10269 = CARTESIAN_POINT('',(36.1,18.5,50.5));
#10270 = DIRECTION('',(1.,0.,0.));
#10271 = DIRECTION('',(-0.,0.,1.));
#10272 = PCURVE('',#72,#10273);
#10273 = DEFINITIONAL_REPRESENTATION('',(#10274),#10282);
#10274 = ( BOUNDED_CURVE() B_SPLINE_CURVE(2,(#10275,#10276,#10277,#10278
    ,#10279,#10280,#10281),.UNSPECIFIED.,.T.,.F.) 
B_SPLINE_CURVE_WITH_KNOTS((1,2,2,2,2,1),(-2.094395102393,0.,
    2.094395102393,4.188790204786,6.28318530718,8.377580409573),
.UNSPECIFIED.) CURVE() GEOMETRIC_REPRESENTATION_ITEM() 
RATIONAL_B_SPLINE_CURVE((1.,0.5,1.,0.5,1.,0.5,1.)) REPRESENTATION_ITEM(
  '') );
#10275 = CARTESIAN_POINT('',(-1.7,1.288875098222));
#10276 = CARTESIAN_POINT('',(-1.7,4.233361471089));
#10277 = CARTESIAN_POINT('',(0.85,2.761118284656));
#10278 = CARTESIAN_POINT('',(3.4,1.288875098222));
#10279 = CARTESIAN_POINT('',(0.85,-0.183368088212));
#10280 = CARTESIAN_POINT('',(-1.7,-1.655611274645));
#10281 = CARTESIAN_POINT('',(-1.7,1.288875098222));
#10282 = ( GEOMETRIC_REPRESENTATION_CONTEXT(2) 
PARAMETRIC_REPRESENTATION_CONTEXT() REPRESENTATION_CONTEXT('2D SPACE',''
  ) );
#10283 = PCURVE('',#10284,#10289);
#10284 = CYLINDRICAL_SURFACE('',#10285,1.7);
#10285 = AXIS2_PLACEMENT_3D('',#10286,#10287,#10288);
#10286 = CARTESIAN_POINT('',(31.,18.5,50.5));
#10287 = DIRECTION('',(1.,0.,0.));
#10288 = DIRECTION('',(-0.,0.,1.));
#10289 = DEFINITIONAL_REPRESENTATION('',(#10290),#10294);
#10290 = LINE('',#10291,#10292);
#10291 = CARTESIAN_POINT('',(0.,5.1));
#10292 = VECTOR('',#10293,1.);
#10293 = DIRECTION('',(1.,0.));
#10294 = ( GEOMETRIC_REPRESENTATION_CONTEXT(2) 
PARAMETRIC_REPRESENTATION_CONTEXT() REPRESENTATION_CONTEXT('2D SPACE',''
  ) );
#10295 = ORIENTED_EDGE('',*,*,#10296,.T.);
#10296 = EDGE_CURVE('',#10264,#10262,#10297,.T.);
#10297 = SURFACE_CURVE('',#10298,(#10303,#10314),.PCURVE_S1.);
#10298 = CIRCLE('',#10299,1.7);
#10299 = AXIS2_PLACEMENT_3D('',#10300,#10301,#10302);
#10300 = CARTESIAN_POINT('',(36.1,18.5,50.5));
#10301 = DIRECTION('',(1.,0.,0.));
#10302 = DIRECTION('',(-0.,0.,1.));
#10303 = PCURVE('',#72,#10304);
#10304 = DEFINITIONAL_REPRESENTATION('',(#10305),#10313);
#10305 = ( BOUNDED_CURVE() B_SPLINE_CURVE(2,(#10306,#10307,#10308,#10309
    ,#10310,#10311,#10312),.UNSPECIFIED.,.T.,.F.) 
B_SPLINE_CURVE_WITH_KNOTS((1,2,2,2,2,1),(-2.094395102393,0.,
    2.094395102393,4.188790204786,6.28318530718,8.377580409573),
.UNSPECIFIED.) CURVE() GEOMETRIC_REPRESENTATION_ITEM() 
RATIONAL_B_SPLINE_CURVE((1.,0.5,1.,0.5,1.,0.5,1.)) REPRESENTATION_ITEM(
  '') );
#10306 = CARTESIAN_POINT('',(-1.7,1.288875098222));
#10307 = CARTESIAN_POINT('',(-1.7,4.233361471089));
#10308 = CARTESIAN_POINT('',(0.85,2.761118284656));
#10309 = CARTESIAN_POINT('',(3.4,1.288875098222));
#10310 = CARTESIAN_POINT('',(0.85,-0.183368088212));
#10311 = CARTESIAN_POINT('',(-1.7,-1.655611274645));
#10312 = CARTESIAN_POINT('',(-1.7,1.288875098222));
#10313 = ( GEOMETRIC_REPRESENTATION_CONTEXT(2) 
PARAMETRIC_REPRESENTATION_CONTEXT() REPRESENTATION_CONTEXT('2D SPACE',''
  ) );
#10314 = PCURVE('',#10284,#10315);
#10315 = DEFINITIONAL_REPRESENTATION('',(#10316),#10320);
#10316 = LINE('',#10317,#10318);
#10317 = CARTESIAN_POINT('',(0.,5.1));
#10318 = VECTOR('',#10319,1.);
#10319 = DIRECTION('',(1.,0.));
#10320 = ( GEOMETRIC_REPRESENTATION_CONTEXT(2) 
PARAMETRIC_REPRESENTATION_CONTEXT() REPRESENTATION_CONTEXT('2D SPACE',''
  ) );
#10321 = ADVANCED_FACE('',(#10322),#10284,.F.);
#10322 = FACE_BOUND('',#10323,.F.);
#10323 = EDGE_LOOP('',(#10324,#10347,#10348,#10349,#10350));
#10324 = ORIENTED_EDGE('',*,*,#10325,.F.);
#10325 = EDGE_CURVE('',#10264,#10326,#10328,.T.);
#10326 = VERTEX_POINT('',#10327);
#10327 = CARTESIAN_POINT('',(39.,18.5,52.2));
#10328 = SEAM_CURVE('',#10329,(#10333,#10340),.PCURVE_S1.);
#10329 = LINE('',#10330,#10331);
#10330 = CARTESIAN_POINT('',(31.,18.5,52.2));
#10331 = VECTOR('',#10332,1.);
#10332 = DIRECTION('',(1.,0.,0.));
#10333 = PCURVE('',#10284,#10334);
#10334 = DEFINITIONAL_REPRESENTATION('',(#10335),#10339);
#10335 = LINE('',#10336,#10337);
#10336 = CARTESIAN_POINT('',(0.,-0.));
#10337 = VECTOR('',#10338,1.);
#10338 = DIRECTION('',(0.,1.));
#10339 = ( GEOMETRIC_REPRESENTATION_CONTEXT(2) 
PARAMETRIC_REPRESENTATION_CONTEXT() REPRESENTATION_CONTEXT('2D SPACE',''
  ) );
#10340 = PCURVE('',#10284,#10341);
#10341 = DEFINITIONAL_REPRESENTATION('',(#10342),#10346);
#10342 = LINE('',#10343,#10344);
#10343 = CARTESIAN_POINT('',(6.28318530718,-0.));
#10344 = VECTOR('',#10345,1.);
#10345 = DIRECTION('',(0.,1.));
#10346 = ( GEOMETRIC_REPRESENTATION_CONTEXT(2) 
PARAMETRIC_REPRESENTATION_CONTEXT() REPRESENTATION_CONTEXT('2D SPACE',''
  ) );
#10347 = ORIENTED_EDGE('',*,*,#10296,.T.);
#10348 = ORIENTED_EDGE('',*,*,#10261,.T.);
#10349 = ORIENTED_EDGE('',*,*,#10325,.T.);
#10350 = ORIENTED_EDGE('',*,*,#10351,.F.);
#10351 = EDGE_CURVE('',#10326,#10326,#10352,.T.);
#10352 = SURFACE_CURVE('',#10353,(#10358,#10365),.PCURVE_S1.);
#10353 = CIRCLE('',#10354,1.7);
#10354 = AXIS2_PLACEMENT_3D('',#10355,#10356,#10357);
#10355 = CARTESIAN_POINT('',(39.,18.5,50.5));
#10356 = DIRECTION('',(1.,0.,0.));
#10357 = DIRECTION('',(-0.,0.,1.));
#10358 = PCURVE('',#10284,#10359);
#10359 = DEFINITIONAL_REPRESENTATION('',(#10360),#10364);
#10360 = LINE('',#10361,#10362);
#10361 = CARTESIAN_POINT('',(0.,8.));
#10362 = VECTOR('',#10363,1.);
#10363 = DIRECTION('',(1.,0.));
#10364 = ( GEOMETRIC_REPRESENTATION_CONTEXT(2) 
PARAMETRIC_REPRESENTATION_CONTEXT() REPRESENTATION_CONTEXT('2D SPACE',''
  ) );
#10365 = PCURVE('',#10366,#10371);
#10366 = PLANE('',#10367);
#10367 = AXIS2_PLACEMENT_3D('',#10368,#10369,#10370);
#10368 = CARTESIAN_POINT('',(39.,18.5,50.5));
#10369 = DIRECTION('',(1.,0.,0.));
#10370 = DIRECTION('',(-0.,0.,1.));
#10371 = DEFINITIONAL_REPRESENTATION('',(#10372),#10376);
#10372 = CIRCLE('',#10373,1.7);
#10373 = AXIS2_PLACEMENT_2D('',#10374,#10375);
#10374 = CARTESIAN_POINT('',(0.,0.));
#10375 = DIRECTION('',(1.,0.));
#10376 = ( GEOMETRIC_REPRESENTATION_CONTEXT(2) 
PARAMETRIC_REPRESENTATION_CONTEXT() REPRESENTATION_CONTEXT('2D SPACE',''
  ) );
#10377 = ADVANCED_FACE('',(#10378),#10366,.F.);
#10378 = FACE_BOUND('',#10379,.F.);
#10379 = EDGE_LOOP('',(#10380));
#10380 = ORIENTED_EDGE('',*,*,#10351,.T.);
#10381 = ADVANCED_FACE('',(#10382,#10409),#5846,.T.);
#10382 = FACE_BOUND('',#10383,.T.);
#10383 = EDGE_LOOP('',(#10384,#10385,#10386,#10387,#10408));
#10384 = ORIENTED_EDGE('',*,*,#10210,.F.);
#10385 = ORIENTED_EDGE('',*,*,#10132,.F.);
#10386 = ORIENTED_EDGE('',*,*,#10083,.F.);
#10387 = ORIENTED_EDGE('',*,*,#10388,.F.);
#10388 = EDGE_CURVE('',#5830,#10061,#10389,.T.);
#10389 = SURFACE_CURVE('',#10390,(#10394,#10401),.PCURVE_S1.);
#10390 = LINE('',#10391,#10392);
#10391 = CARTESIAN_POINT('',(36.1,-20.2031832941,47.55));
#10392 = VECTOR('',#10393,1.);
#10393 = DIRECTION('',(0.,1.,-1.303703516192E-16));
#10394 = PCURVE('',#5846,#10395);
#10395 = DEFINITIONAL_REPRESENTATION('',(#10396),#10400);
#10396 = LINE('',#10397,#10398);
#10397 = CARTESIAN_POINT('',(2.95,0.414308195887));
#10398 = VECTOR('',#10399,1.);
#10399 = DIRECTION('',(1.303703516192E-16,-1.));
#10400 = ( GEOMETRIC_REPRESENTATION_CONTEXT(2) 
PARAMETRIC_REPRESENTATION_CONTEXT() REPRESENTATION_CONTEXT('2D SPACE',''
  ) );
#10401 = PCURVE('',#5875,#10402);
#10402 = DEFINITIONAL_REPRESENTATION('',(#10403),#10407);
#10403 = LINE('',#10404,#10405);
#10404 = CARTESIAN_POINT('',(1.4,-0.233810701888));
#10405 = VECTOR('',#10406,1.);
#10406 = DIRECTION('',(0.,1.));
#10407 = ( GEOMETRIC_REPRESENTATION_CONTEXT(2) 
PARAMETRIC_REPRESENTATION_CONTEXT() REPRESENTATION_CONTEXT('2D SPACE',''
  ) );
#10408 = ORIENTED_EDGE('',*,*,#5829,.F.);
#10409 = FACE_BOUND('',#10410,.T.);
#10410 = EDGE_LOOP('',(#10411,#10446));
#10411 = ORIENTED_EDGE('',*,*,#10412,.T.);
#10412 = EDGE_CURVE('',#10413,#10415,#10417,.T.);
#10413 = VERTEX_POINT('',#10414);
#10414 = CARTESIAN_POINT('',(36.1,-18.5,52.2));
#10415 = VERTEX_POINT('',#10416);
#10416 = CARTESIAN_POINT('',(36.1,-18.5,48.8));
#10417 = SURFACE_CURVE('',#10418,(#10423,#10434),.PCURVE_S1.);
#10418 = CIRCLE('',#10419,1.7);
#10419 = AXIS2_PLACEMENT_3D('',#10420,#10421,#10422);
#10420 = CARTESIAN_POINT('',(36.1,-18.5,50.5));
#10421 = DIRECTION('',(1.,0.,0.));
#10422 = DIRECTION('',(-0.,0.,1.));
#10423 = PCURVE('',#5846,#10424);
#10424 = DEFINITIONAL_REPRESENTATION('',(#10425),#10433);
#10425 = ( BOUNDED_CURVE() B_SPLINE_CURVE(2,(#10426,#10427,#10428,#10429
    ,#10430,#10431,#10432),.UNSPECIFIED.,.T.,.F.) 
B_SPLINE_CURVE_WITH_KNOTS((1,2,2,2,2,1),(-2.094395102393,0.,
    2.094395102393,4.188790204786,6.28318530718,8.377580409573),
.UNSPECIFIED.) CURVE() GEOMETRIC_REPRESENTATION_ITEM() 
RATIONAL_B_SPLINE_CURVE((1.,0.5,1.,0.5,1.,0.5,1.)) REPRESENTATION_ITEM(
  '') );
#10426 = CARTESIAN_POINT('',(-1.7,-1.288875098222));
#10427 = CARTESIAN_POINT('',(-1.7,1.655611274645));
#10428 = CARTESIAN_POINT('',(0.85,0.183368088212));
#10429 = CARTESIAN_POINT('',(3.4,-1.288875098222));
#10430 = CARTESIAN_POINT('',(0.85,-2.761118284656));
#10431 = CARTESIAN_POINT('',(-1.7,-4.233361471089));
#10432 = CARTESIAN_POINT('',(-1.7,-1.288875098222));
#10433 = ( GEOMETRIC_REPRESENTATION_CONTEXT(2) 
PARAMETRIC_REPRESENTATION_CONTEXT() REPRESENTATION_CONTEXT('2D SPACE',''
  ) );
#10434 = PCURVE('',#10435,#10440);
#10435 = CYLINDRICAL_SURFACE('',#10436,1.7);
#10436 = AXIS2_PLACEMENT_3D('',#10437,#10438,#10439);
#10437 = CARTESIAN_POINT('',(31.,-18.5,50.5));
#10438 = DIRECTION('',(1.,0.,0.));
#10439 = DIRECTION('',(-0.,0.,1.));
#10440 = DEFINITIONAL_REPRESENTATION('',(#10441),#10445);
#10441 = LINE('',#10442,#10443);
#10442 = CARTESIAN_POINT('',(0.,5.1));
#10443 = VECTOR('',#10444,1.);
#10444 = DIRECTION('',(1.,0.));
#10445 = ( GEOMETRIC_REPRESENTATION_CONTEXT(2) 
PARAMETRIC_REPRESENTATION_CONTEXT() REPRESENTATION_CONTEXT('2D SPACE',''
  ) );
#10446 = ORIENTED_EDGE('',*,*,#10447,.T.);
#10447 = EDGE_CURVE('',#10415,#10413,#10448,.T.);
#10448 = SURFACE_CURVE('',#10449,(#10454,#10465),.PCURVE_S1.);
#10449 = CIRCLE('',#10450,1.7);
#10450 = AXIS2_PLACEMENT_3D('',#10451,#10452,#10453);
#10451 = CARTESIAN_POINT('',(36.1,-18.5,50.5));
#10452 = DIRECTION('',(1.,0.,0.));
#10453 = DIRECTION('',(-0.,0.,1.));
#10454 = PCURVE('',#5846,#10455);
#10455 = DEFINITIONAL_REPRESENTATION('',(#10456),#10464);
#10456 = ( BOUNDED_CURVE() B_SPLINE_CURVE(2,(#10457,#10458,#10459,#10460
    ,#10461,#10462,#10463),.UNSPECIFIED.,.T.,.F.) 
B_SPLINE_CURVE_WITH_KNOTS((1,2,2,2,2,1),(-2.094395102393,0.,
    2.094395102393,4.188790204786,6.28318530718,8.377580409573),
.UNSPECIFIED.) CURVE() GEOMETRIC_REPRESENTATION_ITEM() 
RATIONAL_B_SPLINE_CURVE((1.,0.5,1.,0.5,1.,0.5,1.)) REPRESENTATION_ITEM(
  '') );
#10457 = CARTESIAN_POINT('',(-1.7,-1.288875098222));
#10458 = CARTESIAN_POINT('',(-1.7,1.655611274645));
#10459 = CARTESIAN_POINT('',(0.85,0.183368088212));
#10460 = CARTESIAN_POINT('',(3.4,-1.288875098222));
#10461 = CARTESIAN_POINT('',(0.85,-2.761118284656));
#10462 = CARTESIAN_POINT('',(-1.7,-4.233361471089));
#10463 = CARTESIAN_POINT('',(-1.7,-1.288875098222));
#10464 = ( GEOMETRIC_REPRESENTATION_CONTEXT(2) 
PARAMETRIC_REPRESENTATION_CONTEXT() REPRESENTATION_CONTEXT('2D SPACE',''
  ) );
#10465 = PCURVE('',#10435,#10466);
#10466 = DEFINITIONAL_REPRESENTATION('',(#10467),#10471);
#10467 = LINE('',#10468,#10469);
#10468 = CARTESIAN_POINT('',(0.,5.1));
#10469 = VECTOR('',#10470,1.);
#10470 = DIRECTION('',(1.,0.));
#10471 = ( GEOMETRIC_REPRESENTATION_CONTEXT(2) 
PARAMETRIC_REPRESENTATION_CONTEXT() REPRESENTATION_CONTEXT('2D SPACE',''
  ) );
#10472 = ADVANCED_FACE('',(#10473),#10435,.F.);
#10473 = FACE_BOUND('',#10474,.F.);
#10474 = EDGE_LOOP('',(#10475,#10498,#10499,#10500,#10501));
#10475 = ORIENTED_EDGE('',*,*,#10476,.F.);
#10476 = EDGE_CURVE('',#10413,#10477,#10479,.T.);
#10477 = VERTEX_POINT('',#10478);
#10478 = CARTESIAN_POINT('',(39.,-18.5,52.2));
#10479 = SEAM_CURVE('',#10480,(#10484,#10491),.PCURVE_S1.);
#10480 = LINE('',#10481,#10482);
#10481 = CARTESIAN_POINT('',(31.,-18.5,52.2));
#10482 = VECTOR('',#10483,1.);
#10483 = DIRECTION('',(1.,0.,0.));
#10484 = PCURVE('',#10435,#10485);
#10485 = DEFINITIONAL_REPRESENTATION('',(#10486),#10490);
#10486 = LINE('',#10487,#10488);
#10487 = CARTESIAN_POINT('',(0.,-0.));
#10488 = VECTOR('',#10489,1.);
#10489 = DIRECTION('',(0.,1.));
#10490 = ( GEOMETRIC_REPRESENTATION_CONTEXT(2) 
PARAMETRIC_REPRESENTATION_CONTEXT() REPRESENTATION_CONTEXT('2D SPACE',''
  ) );
#10491 = PCURVE('',#10435,#10492);
#10492 = DEFINITIONAL_REPRESENTATION('',(#10493),#10497);
#10493 = LINE('',#10494,#10495);
#10494 = CARTESIAN_POINT('',(6.28318530718,-0.));
#10495 = VECTOR('',#10496,1.);
#10496 = DIRECTION('',(0.,1.));
#10497 = ( GEOMETRIC_REPRESENTATION_CONTEXT(2) 
PARAMETRIC_REPRESENTATION_CONTEXT() REPRESENTATION_CONTEXT('2D SPACE',''
  ) );
#10498 = ORIENTED_EDGE('',*,*,#10412,.T.);
#10499 = ORIENTED_EDGE('',*,*,#10447,.T.);
#10500 = ORIENTED_EDGE('',*,*,#10476,.T.);
#10501 = ORIENTED_EDGE('',*,*,#10502,.F.);
#10502 = EDGE_CURVE('',#10477,#10477,#10503,.T.);
#10503 = SURFACE_CURVE('',#10504,(#10509,#10516),.PCURVE_S1.);
#10504 = CIRCLE('',#10505,1.7);
#10505 = AXIS2_PLACEMENT_3D('',#10506,#10507,#10508);
#10506 = CARTESIAN_POINT('',(39.,-18.5,50.5));
#10507 = DIRECTION('',(1.,0.,0.));
#10508 = DIRECTION('',(-0.,0.,1.));
#10509 = PCURVE('',#10435,#10510);
#10510 = DEFINITIONAL_REPRESENTATION('',(#10511),#10515);
#10511 = LINE('',#10512,#10513);
#10512 = CARTESIAN_POINT('',(0.,8.));
#10513 = VECTOR('',#10514,1.);
#10514 = DIRECTION('',(1.,0.));
#10515 = ( GEOMETRIC_REPRESENTATION_CONTEXT(2) 
PARAMETRIC_REPRESENTATION_CONTEXT() REPRESENTATION_CONTEXT('2D SPACE',''
  ) );
#10516 = PCURVE('',#10517,#10522);
#10517 = PLANE('',#10518);
#10518 = AXIS2_PLACEMENT_3D('',#10519,#10520,#10521);
#10519 = CARTESIAN_POINT('',(39.,-18.5,50.5));
#10520 = DIRECTION('',(1.,0.,0.));
#10521 = DIRECTION('',(-0.,0.,1.));
#10522 = DEFINITIONAL_REPRESENTATION('',(#10523),#10527);
#10523 = CIRCLE('',#10524,1.7);
#10524 = AXIS2_PLACEMENT_2D('',#10525,#10526);
#10525 = CARTESIAN_POINT('',(0.,0.));
#10526 = DIRECTION('',(1.,0.));
#10527 = ( GEOMETRIC_REPRESENTATION_CONTEXT(2) 
PARAMETRIC_REPRESENTATION_CONTEXT() REPRESENTATION_CONTEXT('2D SPACE',''
  ) );
#10528 = ADVANCED_FACE('',(#10529),#10517,.F.);
#10529 = FACE_BOUND('',#10530,.F.);
#10530 = EDGE_LOOP('',(#10531));
#10531 = ORIENTED_EDGE('',*,*,#10502,.T.);
#10532 = ADVANCED_FACE('',(#10533),#100,.T.);
#10533 = FACE_BOUND('',#10534,.T.);
#10534 = EDGE_LOOP('',(#10535,#10536,#10537,#10538));
#10535 = ORIENTED_EDGE('',*,*,#242,.F.);
#10536 = ORIENTED_EDGE('',*,*,#84,.T.);
#10537 = ORIENTED_EDGE('',*,*,#10236,.T.);
#10538 = ORIENTED_EDGE('',*,*,#4820,.F.);
#10539 = ADVANCED_FACE('',(#10540),#5875,.T.);
#10540 = FACE_BOUND('',#10541,.T.);
#10541 = EDGE_LOOP('',(#10542,#10543,#10544,#10545));
#10542 = ORIENTED_EDGE('',*,*,#10388,.T.);
#10543 = ORIENTED_EDGE('',*,*,#10060,.F.);
#10544 = ORIENTED_EDGE('',*,*,#9953,.F.);
#10545 = ORIENTED_EDGE('',*,*,#5862,.T.);
#10546 = ADVANCED_FACE('',(#10547),#9177,.F.);
#10547 = FACE_BOUND('',#10548,.F.);
#10548 = EDGE_LOOP('',(#10549,#10550,#10551,#10552,#10571,#10572));
#10549 = ORIENTED_EDGE('',*,*,#9853,.F.);
#10550 = ORIENTED_EDGE('',*,*,#9189,.T.);
#10551 = ORIENTED_EDGE('',*,*,#9158,.T.);
#10552 = ORIENTED_EDGE('',*,*,#10553,.T.);
#10553 = EDGE_CURVE('',#9161,#9352,#10554,.T.);
#10554 = SURFACE_CURVE('',#10555,(#10559,#10565),.PCURVE_S1.);
#10555 = LINE('',#10556,#10557);
#10556 = CARTESIAN_POINT('',(35.95,-7.638021055295,60.394980260661));
#10557 = VECTOR('',#10558,1.);
#10558 = DIRECTION('',(1.,0.,0.));
#10559 = PCURVE('',#9177,#10560);
#10560 = DEFINITIONAL_REPRESENTATION('',(#10561),#10564);
#10561 = B_SPLINE_CURVE_WITH_KNOTS('',1,(#10562,#10563),.UNSPECIFIED.,
  .F.,.F.,(2,2),(4.99994E-02,1.1000006),.PIECEWISE_BEZIER_KNOTS.);
#10562 = CARTESIAN_POINT('',(6.940561156163,4.99994E-02));
#10563 = CARTESIAN_POINT('',(6.940561156163,1.1000006));
#10564 = ( GEOMETRIC_REPRESENTATION_CONTEXT(2) 
PARAMETRIC_REPRESENTATION_CONTEXT() REPRESENTATION_CONTEXT('2D SPACE',''
  ) );
#10565 = PCURVE('',#9286,#10566);
#10566 = DEFINITIONAL_REPRESENTATION('',(#10567),#10570);
#10567 = B_SPLINE_CURVE_WITH_KNOTS('',1,(#10568,#10569),.UNSPECIFIED.,
  .F.,.F.,(2,2),(4.99994E-02,1.1000006),.PIECEWISE_BEZIER_KNOTS.);
#10568 = CARTESIAN_POINT('',(7.270670156092E-02,4.0999994));
#10569 = CARTESIAN_POINT('',(7.270670156092E-02,5.1500006));
#10570 = ( GEOMETRIC_REPRESENTATION_CONTEXT(2) 
PARAMETRIC_REPRESENTATION_CONTEXT() REPRESENTATION_CONTEXT('2D SPACE',''
  ) );
#10571 = ORIENTED_EDGE('',*,*,#9351,.F.);
#10572 = ORIENTED_EDGE('',*,*,#9327,.F.);
#10573 = ADVANCED_FACE('',(#10574),#9286,.F.);
#10574 = FACE_BOUND('',#10575,.F.);
#10575 = EDGE_LOOP('',(#10576,#10577,#10578,#10579,#10580,#10581,#10582,
    #10583,#10584,#10585));
#10576 = ORIENTED_EDGE('',*,*,#9730,.F.);
#10577 = ORIENTED_EDGE('',*,*,#9399,.T.);
#10578 = ORIENTED_EDGE('',*,*,#9375,.T.);
#10579 = ORIENTED_EDGE('',*,*,#10553,.F.);
#10580 = ORIENTED_EDGE('',*,*,#9271,.T.);
#10581 = ORIENTED_EDGE('',*,*,#9778,.T.);
#10582 = ORIENTED_EDGE('',*,*,#9606,.T.);
#10583 = ORIENTED_EDGE('',*,*,#9704,.T.);
#10584 = ORIENTED_EDGE('',*,*,#9889,.F.);
#10585 = ORIENTED_EDGE('',*,*,#9917,.F.);
#10586 = ( GEOMETRIC_REPRESENTATION_CONTEXT(3) 
GLOBAL_UNCERTAINTY_ASSIGNED_CONTEXT((#10590)) 
GLOBAL_UNIT_ASSIGNED_CONTEXT((#10587,#10588,#10589)) 
REPRESENTATION_CONTEXT('Context #1',
  '3D Context with UNIT and UNCERTAINTY') );
#10587 = ( LENGTH_UNIT() NAMED_UNIT(*) SI_UNIT(.MILLI.,.METRE.) );
#10588 = ( NAMED_UNIT(*) PLANE_ANGLE_UNIT() SI_UNIT($,.RADIAN.) );
#10589 = ( NAMED_UNIT(*) SI_UNIT($,.STERADIAN.) SOLID_ANGLE_UNIT() );
#10590 = UNCERTAINTY_MEASURE_WITH_UNIT(LENGTH_MEASURE(1.E-06),#10587,
  'distance_accuracy_value','confusion accuracy');
#10591 = PRODUCT_RELATED_PRODUCT_CATEGORY('part',$,(#7));
ENDSEC;
END-ISO-10303-21;
