ISO-10303-21;
HEADER;
FILE_DESCRIPTION(('FreeCAD Model'),'2;1');
FILE_NAME('Open CASCADE Shape Model','2026-09-09T12:38:19',('FreeCAD'),(
    'FreeCAD'),'Open CASCADE STEP processor 7.8','FreeCAD','Unknown');
FILE_SCHEMA(('AUTOMOTIVE_DESIGN { 1 0 10303 214 1 1 1 1 }'));
ENDSEC;
DATA;
#1 = APPLICATION_PROTOCOL_DEFINITION('international standard',
  'automotive_design',2000,#2);
#2 = APPLICATION_CONTEXT(
  'core data for automotive mechanical design processes');
#3 = SHAPE_DEFINITION_REPRESENTATION(#4,#10);
#4 = PRODUCT_DEFINITION_SHAPE('','',#5);
#5 = PRODUCT_DEFINITION('design','',#6,#9);
#6 = PRODUCT_DEFINITION_FORMATION('','',#7);
#7 = PRODUCT('Open CASCADE STEP translator 7.8 14',
  'Open CASCADE STEP translator 7.8 14','',(#8));
#8 = PRODUCT_CONTEXT('',#2,'mechanical');
#9 = PRODUCT_DEFINITION_CONTEXT('part definition',#2,'design');
#10 = ADVANCED_BREP_SHAPE_REPRESENTATION('',(#11,#15),#9753);
#11 = AXIS2_PLACEMENT_3D('',#12,#13,#14);
#12 = CARTESIAN_POINT('',(0.,0.,0.));
#13 = DIRECTION('',(0.,0.,1.));
#14 = DIRECTION('',(1.,0.,-0.));
#15 = MANIFOLD_SOLID_BREP('',#16);
#16 = CLOSED_SHELL('',(#17,#137,#213,#346,#754,#1235,#1440,#1639,#1695,
    #2108,#2251,#2524,#2767,#2929,#2953,#3060,#3111,#3231,#3286,#3389,
    #3420,#3451,#3530,#4054,#4106,#4464,#4493,#4542,#4549,#4577,#4611,
    #4617,#4732,#4758,#5053,#5192,#5426,#5633,#5661,#5716,#5790,#6161,
    #6237,#6242,#6269,#6296,#6322,#6348,#6375,#6382,#6431,#6480,#6571,
    #6619,#6647,#6706,#6765,#6836,#6885,#6934,#6983,#7032,#7059,#7066,
    #7096,#7123,#7150,#7176,#7184,#7239,#7385,#7564,#7591,#7641,#7919,
    #8029,#8139,#8151,#8295,#8302,#8370,#8516,#8563,#8590,#8617,#8644,
    #8671,#8678,#8818,#8845,#8890,#8940,#8989,#9038,#9050,#9115,#9223,
    #9294,#9343,#9370,#9397,#9488,#9544,#9548,#9639,#9695,#9699,#9706,
    #9713,#9740));
#17 = ADVANCED_FACE('',(#18),#32,.T.);
#18 = FACE_BOUND('',#19,.T.);
#19 = EDGE_LOOP('',(#20,#55,#83,#111));
#20 = ORIENTED_EDGE('',*,*,#21,.T.);
#21 = EDGE_CURVE('',#22,#24,#26,.T.);
#22 = VERTEX_POINT('',#23);
#23 = CARTESIAN_POINT('',(15.093633411781,-29.3,50.5));
#24 = VERTEX_POINT('',#25);
#25 = CARTESIAN_POINT('',(15.093633411781,-32.1,50.5));
#26 = SURFACE_CURVE('',#27,(#31,#43),.PCURVE_S1.);
#27 = LINE('',#28,#29);
#28 = CARTESIAN_POINT('',(15.093633411781,-29.3,50.5));
#29 = VECTOR('',#30,1.);
#30 = DIRECTION('',(-2.22044604925E-16,-1.,0.));
#31 = PCURVE('',#32,#37);
#32 = PLANE('',#33);
#33 = AXIS2_PLACEMENT_3D('',#34,#35,#36);
#34 = CARTESIAN_POINT('',(15.093633411781,-29.3,50.5));
#35 = DIRECTION('',(0.866025403784,-1.922962686384E-16,0.5));
#36 = DIRECTION('',(0.5,-1.110223024625E-16,-0.866025403784));
#37 = DEFINITIONAL_REPRESENTATION('',(#38),#42);
#38 = LINE('',#39,#40);
#39 = CARTESIAN_POINT('',(0.,0.));
#40 = VECTOR('',#41,1.);
#41 = DIRECTION('',(0.,-1.));
#42 = ( GEOMETRIC_REPRESENTATION_CONTEXT(2) 
PARAMETRIC_REPRESENTATION_CONTEXT() REPRESENTATION_CONTEXT('2D SPACE',''
  ) );
#43 = PCURVE('',#44,#49);
#44 = PLANE('',#45);
#45 = AXIS2_PLACEMENT_3D('',#46,#47,#48);
#46 = CARTESIAN_POINT('',(16.796816705891,-29.3,53.45));
#47 = DIRECTION('',(0.866025403784,-1.922962686384E-16,-0.5));
#48 = DIRECTION('',(-0.5,1.110223024625E-16,-0.866025403784));
#49 = DEFINITIONAL_REPRESENTATION('',(#50),#54);
#50 = LINE('',#51,#52);
#51 = CARTESIAN_POINT('',(3.406366588219,0.));
#52 = VECTOR('',#53,1.);
#53 = DIRECTION('',(0.,-1.));
#54 = ( GEOMETRIC_REPRESENTATION_CONTEXT(2) 
PARAMETRIC_REPRESENTATION_CONTEXT() REPRESENTATION_CONTEXT('2D SPACE',''
  ) );
#55 = ORIENTED_EDGE('',*,*,#56,.T.);
#56 = EDGE_CURVE('',#24,#57,#59,.T.);
#57 = VERTEX_POINT('',#58);
#58 = CARTESIAN_POINT('',(16.796816705891,-32.1,47.55));
#59 = SURFACE_CURVE('',#60,(#64,#71),.PCURVE_S1.);
#60 = LINE('',#61,#62);
#61 = CARTESIAN_POINT('',(15.093633411781,-32.1,50.5));
#62 = VECTOR('',#63,1.);
#63 = DIRECTION('',(0.5,-1.110223024625E-16,-0.866025403784));
#64 = PCURVE('',#32,#65);
#65 = DEFINITIONAL_REPRESENTATION('',(#66),#70);
#66 = LINE('',#67,#68);
#67 = CARTESIAN_POINT('',(0.,-2.8));
#68 = VECTOR('',#69,1.);
#69 = DIRECTION('',(1.,0.));
#70 = ( GEOMETRIC_REPRESENTATION_CONTEXT(2) 
PARAMETRIC_REPRESENTATION_CONTEXT() REPRESENTATION_CONTEXT('2D SPACE',''
  ) );
#71 = PCURVE('',#72,#77);
#72 = PLANE('',#73);
#73 = AXIS2_PLACEMENT_3D('',#74,#75,#76);
#74 = CARTESIAN_POINT('',(19.788875098222,-32.1,50.5));
#75 = DIRECTION('',(2.22044604925E-16,1.,-0.));
#76 = DIRECTION('',(0.,-0.,-1.));
#77 = DEFINITIONAL_REPRESENTATION('',(#78),#82);
#78 = LINE('',#79,#80);
#79 = CARTESIAN_POINT('',(-7.455587629913E-16,4.695241686441));
#80 = VECTOR('',#81,1.);
#81 = DIRECTION('',(0.866025403784,-0.5));
#82 = ( GEOMETRIC_REPRESENTATION_CONTEXT(2) 
PARAMETRIC_REPRESENTATION_CONTEXT() REPRESENTATION_CONTEXT('2D SPACE',''
  ) );
#83 = ORIENTED_EDGE('',*,*,#84,.F.);
#84 = EDGE_CURVE('',#85,#57,#87,.T.);
#85 = VERTEX_POINT('',#86);
#86 = CARTESIAN_POINT('',(16.796816705891,-29.3,47.55));
#87 = SURFACE_CURVE('',#88,(#92,#99),.PCURVE_S1.);
#88 = LINE('',#89,#90);
#89 = CARTESIAN_POINT('',(16.796816705891,-29.3,47.55));
#90 = VECTOR('',#91,1.);
#91 = DIRECTION('',(-2.22044604925E-16,-1.,0.));
#92 = PCURVE('',#32,#93);
#93 = DEFINITIONAL_REPRESENTATION('',(#94),#98);
#94 = LINE('',#95,#96);
#95 = CARTESIAN_POINT('',(3.406366588219,0.));
#96 = VECTOR('',#97,1.);
#97 = DIRECTION('',(0.,-1.));
#98 = ( GEOMETRIC_REPRESENTATION_CONTEXT(2) 
PARAMETRIC_REPRESENTATION_CONTEXT() REPRESENTATION_CONTEXT('2D SPACE',''
  ) );
#99 = PCURVE('',#100,#105);
#100 = PLANE('',#101);
#101 = AXIS2_PLACEMENT_3D('',#102,#103,#104);
#102 = CARTESIAN_POINT('',(19.969372592222,-30.7,47.55));
#103 = DIRECTION('',(0.,0.,1.));
#104 = DIRECTION('',(-2.22044604925E-16,-1.,0.));
#105 = DEFINITIONAL_REPRESENTATION('',(#106),#110);
#106 = LINE('',#107,#108);
#107 = CARTESIAN_POINT('',(-1.4,-3.172555886331));
#108 = VECTOR('',#109,1.);
#109 = DIRECTION('',(1.,0.));
#110 = ( GEOMETRIC_REPRESENTATION_CONTEXT(2) 
PARAMETRIC_REPRESENTATION_CONTEXT() REPRESENTATION_CONTEXT('2D SPACE',''
  ) );
#111 = ORIENTED_EDGE('',*,*,#112,.F.);
#112 = EDGE_CURVE('',#22,#85,#113,.T.);
#113 = SURFACE_CURVE('',#114,(#118,#125),.PCURVE_S1.);
#114 = LINE('',#115,#116);
#115 = CARTESIAN_POINT('',(15.093633411781,-29.3,50.5));
#116 = VECTOR('',#117,1.);
#117 = DIRECTION('',(0.5,-1.110223024625E-16,-0.866025403784));
#118 = PCURVE('',#32,#119);
#119 = DEFINITIONAL_REPRESENTATION('',(#120),#124);
#120 = LINE('',#121,#122);
#121 = CARTESIAN_POINT('',(0.,0.));
#122 = VECTOR('',#123,1.);
#123 = DIRECTION('',(1.,0.));
#124 = ( GEOMETRIC_REPRESENTATION_CONTEXT(2) 
PARAMETRIC_REPRESENTATION_CONTEXT() REPRESENTATION_CONTEXT('2D SPACE',''
  ) );
#125 = PCURVE('',#126,#131);
#126 = PLANE('',#127);
#127 = AXIS2_PLACEMENT_3D('',#128,#129,#130);
#128 = CARTESIAN_POINT('',(19.788875098222,-29.3,50.5));
#129 = DIRECTION('',(-2.22044604925E-16,-1.,0.));
#130 = DIRECTION('',(0.,0.,1.));
#131 = DEFINITIONAL_REPRESENTATION('',(#132),#136);
#132 = LINE('',#133,#134);
#133 = CARTESIAN_POINT('',(7.455587629913E-16,4.695241686441));
#134 = VECTOR('',#135,1.);
#135 = DIRECTION('',(-0.866025403784,-0.5));
#136 = ( GEOMETRIC_REPRESENTATION_CONTEXT(2) 
PARAMETRIC_REPRESENTATION_CONTEXT() REPRESENTATION_CONTEXT('2D SPACE',''
  ) );
#137 = ADVANCED_FACE('',(#138),#44,.T.);
#138 = FACE_BOUND('',#139,.T.);
#139 = EDGE_LOOP('',(#140,#170,#191,#192));
#140 = ORIENTED_EDGE('',*,*,#141,.T.);
#141 = EDGE_CURVE('',#142,#144,#146,.T.);
#142 = VERTEX_POINT('',#143);
#143 = CARTESIAN_POINT('',(16.796816705891,-29.3,53.45));
#144 = VERTEX_POINT('',#145);
#145 = CARTESIAN_POINT('',(16.796816705891,-32.1,53.45));
#146 = SURFACE_CURVE('',#147,(#151,#158),.PCURVE_S1.);
#147 = LINE('',#148,#149);
#148 = CARTESIAN_POINT('',(16.796816705891,-29.3,53.45));
#149 = VECTOR('',#150,1.);
#150 = DIRECTION('',(-2.22044604925E-16,-1.,0.));
#151 = PCURVE('',#44,#152);
#152 = DEFINITIONAL_REPRESENTATION('',(#153),#157);
#153 = LINE('',#154,#155);
#154 = CARTESIAN_POINT('',(0.,0.));
#155 = VECTOR('',#156,1.);
#156 = DIRECTION('',(0.,-1.));
#157 = ( GEOMETRIC_REPRESENTATION_CONTEXT(2) 
PARAMETRIC_REPRESENTATION_CONTEXT() REPRESENTATION_CONTEXT('2D SPACE',''
  ) );
#158 = PCURVE('',#159,#164);
#159 = PLANE('',#160);
#160 = AXIS2_PLACEMENT_3D('',#161,#162,#163);
#161 = CARTESIAN_POINT('',(19.969372592222,-30.7,53.45));
#162 = DIRECTION('',(0.,0.,-1.));
#163 = DIRECTION('',(2.22044604925E-16,1.,0.));
#164 = DEFINITIONAL_REPRESENTATION('',(#165),#169);
#165 = LINE('',#166,#167);
#166 = CARTESIAN_POINT('',(1.4,-3.172555886331));
#167 = VECTOR('',#168,1.);
#168 = DIRECTION('',(-1.,0.));
#169 = ( GEOMETRIC_REPRESENTATION_CONTEXT(2) 
PARAMETRIC_REPRESENTATION_CONTEXT() REPRESENTATION_CONTEXT('2D SPACE',''
  ) );
#170 = ORIENTED_EDGE('',*,*,#171,.T.);
#171 = EDGE_CURVE('',#144,#24,#172,.T.);
#172 = SURFACE_CURVE('',#173,(#177,#184),.PCURVE_S1.);
#173 = LINE('',#174,#175);
#174 = CARTESIAN_POINT('',(16.796816705891,-32.1,53.45));
#175 = VECTOR('',#176,1.);
#176 = DIRECTION('',(-0.5,1.110223024625E-16,-0.866025403784));
#177 = PCURVE('',#44,#178);
#178 = DEFINITIONAL_REPRESENTATION('',(#179),#183);
#179 = LINE('',#180,#181);
#180 = CARTESIAN_POINT('',(0.,-2.8));
#181 = VECTOR('',#182,1.);
#182 = DIRECTION('',(1.,0.));
#183 = ( GEOMETRIC_REPRESENTATION_CONTEXT(2) 
PARAMETRIC_REPRESENTATION_CONTEXT() REPRESENTATION_CONTEXT('2D SPACE',''
  ) );
#184 = PCURVE('',#72,#185);
#185 = DEFINITIONAL_REPRESENTATION('',(#186),#190);
#186 = LINE('',#187,#188);
#187 = CARTESIAN_POINT('',(-2.95,2.992058392331));
#188 = VECTOR('',#189,1.);
#189 = DIRECTION('',(0.866025403784,0.5));
#190 = ( GEOMETRIC_REPRESENTATION_CONTEXT(2) 
PARAMETRIC_REPRESENTATION_CONTEXT() REPRESENTATION_CONTEXT('2D SPACE',''
  ) );
#191 = ORIENTED_EDGE('',*,*,#21,.F.);
#192 = ORIENTED_EDGE('',*,*,#193,.F.);
#193 = EDGE_CURVE('',#142,#22,#194,.T.);
#194 = SURFACE_CURVE('',#195,(#199,#206),.PCURVE_S1.);
#195 = LINE('',#196,#197);
#196 = CARTESIAN_POINT('',(16.796816705891,-29.3,53.45));
#197 = VECTOR('',#198,1.);
#198 = DIRECTION('',(-0.5,1.110223024625E-16,-0.866025403784));
#199 = PCURVE('',#44,#200);
#200 = DEFINITIONAL_REPRESENTATION('',(#201),#205);
#201 = LINE('',#202,#203);
#202 = CARTESIAN_POINT('',(0.,0.));
#203 = VECTOR('',#204,1.);
#204 = DIRECTION('',(1.,0.));
#205 = ( GEOMETRIC_REPRESENTATION_CONTEXT(2) 
PARAMETRIC_REPRESENTATION_CONTEXT() REPRESENTATION_CONTEXT('2D SPACE',''
  ) );
#206 = PCURVE('',#126,#207);
#207 = DEFINITIONAL_REPRESENTATION('',(#208),#212);
#208 = LINE('',#209,#210);
#209 = CARTESIAN_POINT('',(2.95,2.992058392331));
#210 = VECTOR('',#211,1.);
#211 = DIRECTION('',(-0.866025403784,0.5));
#212 = ( GEOMETRIC_REPRESENTATION_CONTEXT(2) 
PARAMETRIC_REPRESENTATION_CONTEXT() REPRESENTATION_CONTEXT('2D SPACE',''
  ) );
#213 = ADVANCED_FACE('',(#214,#291),#126,.T.);
#214 = FACE_BOUND('',#215,.T.);
#215 = EDGE_LOOP('',(#216,#239,#240,#241,#264));
#216 = ORIENTED_EDGE('',*,*,#217,.F.);
#217 = EDGE_CURVE('',#142,#218,#220,.T.);
#218 = VERTEX_POINT('',#219);
#219 = CARTESIAN_POINT('',(23.141928478553,-29.3,53.45));
#220 = SURFACE_CURVE('',#221,(#225,#232),.PCURVE_S1.);
#221 = LINE('',#222,#223);
#222 = CARTESIAN_POINT('',(18.5,-29.3,53.45));
#223 = VECTOR('',#224,1.);
#224 = DIRECTION('',(1.,-2.22044604925E-16,0.));
#225 = PCURVE('',#126,#226);
#226 = DEFINITIONAL_REPRESENTATION('',(#227),#231);
#227 = LINE('',#228,#229);
#228 = CARTESIAN_POINT('',(2.95,1.288875098222));
#229 = VECTOR('',#230,1.);
#230 = DIRECTION('',(0.,-1.));
#231 = ( GEOMETRIC_REPRESENTATION_CONTEXT(2) 
PARAMETRIC_REPRESENTATION_CONTEXT() REPRESENTATION_CONTEXT('2D SPACE',''
  ) );
#232 = PCURVE('',#159,#233);
#233 = DEFINITIONAL_REPRESENTATION('',(#234),#238);
#234 = LINE('',#235,#236);
#235 = CARTESIAN_POINT('',(1.4,-1.469372592222));
#236 = VECTOR('',#237,1.);
#237 = DIRECTION('',(0.,1.));
#238 = ( GEOMETRIC_REPRESENTATION_CONTEXT(2) 
PARAMETRIC_REPRESENTATION_CONTEXT() REPRESENTATION_CONTEXT('2D SPACE',''
  ) );
#239 = ORIENTED_EDGE('',*,*,#193,.T.);
#240 = ORIENTED_EDGE('',*,*,#112,.T.);
#241 = ORIENTED_EDGE('',*,*,#242,.T.);
#242 = EDGE_CURVE('',#85,#243,#245,.T.);
#243 = VERTEX_POINT('',#244);
#244 = CARTESIAN_POINT('',(23.141928478553,-29.3,47.55));
#245 = SURFACE_CURVE('',#246,(#250,#257),.PCURVE_S1.);
#246 = LINE('',#247,#248);
#247 = CARTESIAN_POINT('',(16.796816705891,-29.3,47.55));
#248 = VECTOR('',#249,1.);
#249 = DIRECTION('',(1.,-2.22044604925E-16,-1.303703516192E-16));
#250 = PCURVE('',#126,#251);
#251 = DEFINITIONAL_REPRESENTATION('',(#252),#256);
#252 = LINE('',#253,#254);
#253 = CARTESIAN_POINT('',(-2.95,2.992058392331));
#254 = VECTOR('',#255,1.);
#255 = DIRECTION('',(-1.303703516192E-16,-1.));
#256 = ( GEOMETRIC_REPRESENTATION_CONTEXT(2) 
PARAMETRIC_REPRESENTATION_CONTEXT() REPRESENTATION_CONTEXT('2D SPACE',''
  ) );
#257 = PCURVE('',#100,#258);
#258 = DEFINITIONAL_REPRESENTATION('',(#259),#263);
#259 = LINE('',#260,#261);
#260 = CARTESIAN_POINT('',(-1.4,-3.172555886331));
#261 = VECTOR('',#262,1.);
#262 = DIRECTION('',(0.,1.));
#263 = ( GEOMETRIC_REPRESENTATION_CONTEXT(2) 
PARAMETRIC_REPRESENTATION_CONTEXT() REPRESENTATION_CONTEXT('2D SPACE',''
  ) );
#264 = ORIENTED_EDGE('',*,*,#265,.T.);
#265 = EDGE_CURVE('',#243,#218,#266,.T.);
#266 = SURFACE_CURVE('',#267,(#272,#279),.PCURVE_S1.);
#267 = CIRCLE('',#268,5.5);
#268 = AXIS2_PLACEMENT_3D('',#269,#270,#271);
#269 = CARTESIAN_POINT('',(18.5,-29.3,50.5));
#270 = DIRECTION('',(-2.22044604925E-16,-1.,0.));
#271 = DIRECTION('',(0.,0.,1.));
#272 = PCURVE('',#126,#273);
#273 = DEFINITIONAL_REPRESENTATION('',(#274),#278);
#274 = CIRCLE('',#275,5.5);
#275 = AXIS2_PLACEMENT_2D('',#276,#277);
#276 = CARTESIAN_POINT('',(3.283991690928E-16,1.288875098222));
#277 = DIRECTION('',(1.,0.));
#278 = ( GEOMETRIC_REPRESENTATION_CONTEXT(2) 
PARAMETRIC_REPRESENTATION_CONTEXT() REPRESENTATION_CONTEXT('2D SPACE',''
  ) );
#279 = PCURVE('',#280,#285);
#280 = CYLINDRICAL_SURFACE('',#281,5.5);
#281 = AXIS2_PLACEMENT_3D('',#282,#283,#284);
#282 = CARTESIAN_POINT('',(18.5,-28.,50.5));
#283 = DIRECTION('',(-2.22044604925E-16,-1.,0.));
#284 = DIRECTION('',(0.,0.,1.));
#285 = DEFINITIONAL_REPRESENTATION('',(#286),#290);
#286 = LINE('',#287,#288);
#287 = CARTESIAN_POINT('',(0.,1.3));
#288 = VECTOR('',#289,1.);
#289 = DIRECTION('',(1.,0.));
#290 = ( GEOMETRIC_REPRESENTATION_CONTEXT(2) 
PARAMETRIC_REPRESENTATION_CONTEXT() REPRESENTATION_CONTEXT('2D SPACE',''
  ) );
#291 = FACE_BOUND('',#292,.T.);
#292 = EDGE_LOOP('',(#293,#324));
#293 = ORIENTED_EDGE('',*,*,#294,.F.);
#294 = EDGE_CURVE('',#295,#297,#299,.T.);
#295 = VERTEX_POINT('',#296);
#296 = CARTESIAN_POINT('',(18.5,-29.3,48.8));
#297 = VERTEX_POINT('',#298);
#298 = CARTESIAN_POINT('',(18.5,-29.3,52.2));
#299 = SURFACE_CURVE('',#300,(#305,#312),.PCURVE_S1.);
#300 = CIRCLE('',#301,1.7);
#301 = AXIS2_PLACEMENT_3D('',#302,#303,#304);
#302 = CARTESIAN_POINT('',(18.5,-29.3,50.5));
#303 = DIRECTION('',(-2.22044604925E-16,-1.,0.));
#304 = DIRECTION('',(0.,0.,1.));
#305 = PCURVE('',#126,#306);
#306 = DEFINITIONAL_REPRESENTATION('',(#307),#311);
#307 = CIRCLE('',#308,1.7);
#308 = AXIS2_PLACEMENT_2D('',#309,#310);
#309 = CARTESIAN_POINT('',(3.283991690928E-16,1.288875098222));
#310 = DIRECTION('',(1.,0.));
#311 = ( GEOMETRIC_REPRESENTATION_CONTEXT(2) 
PARAMETRIC_REPRESENTATION_CONTEXT() REPRESENTATION_CONTEXT('2D SPACE',''
  ) );
#312 = PCURVE('',#313,#318);
#313 = CYLINDRICAL_SURFACE('',#314,1.7);
#314 = AXIS2_PLACEMENT_3D('',#315,#316,#317);
#315 = CARTESIAN_POINT('',(18.5,-27.,50.5));
#316 = DIRECTION('',(-2.22044604925E-16,-1.,0.));
#317 = DIRECTION('',(0.,0.,1.));
#318 = DEFINITIONAL_REPRESENTATION('',(#319),#323);
#319 = LINE('',#320,#321);
#320 = CARTESIAN_POINT('',(0.,2.3));
#321 = VECTOR('',#322,1.);
#322 = DIRECTION('',(1.,0.));
#323 = ( GEOMETRIC_REPRESENTATION_CONTEXT(2) 
PARAMETRIC_REPRESENTATION_CONTEXT() REPRESENTATION_CONTEXT('2D SPACE',''
  ) );
#324 = ORIENTED_EDGE('',*,*,#325,.F.);
#325 = EDGE_CURVE('',#297,#295,#326,.T.);
#326 = SURFACE_CURVE('',#327,(#332,#339),.PCURVE_S1.);
#327 = CIRCLE('',#328,1.7);
#328 = AXIS2_PLACEMENT_3D('',#329,#330,#331);
#329 = CARTESIAN_POINT('',(18.5,-29.3,50.5));
#330 = DIRECTION('',(-2.22044604925E-16,-1.,0.));
#331 = DIRECTION('',(0.,0.,1.));
#332 = PCURVE('',#126,#333);
#333 = DEFINITIONAL_REPRESENTATION('',(#334),#338);
#334 = CIRCLE('',#335,1.7);
#335 = AXIS2_PLACEMENT_2D('',#336,#337);
#336 = CARTESIAN_POINT('',(3.283991690928E-16,1.288875098222));
#337 = DIRECTION('',(1.,0.));
#338 = ( GEOMETRIC_REPRESENTATION_CONTEXT(2) 
PARAMETRIC_REPRESENTATION_CONTEXT() REPRESENTATION_CONTEXT('2D SPACE',''
  ) );
#339 = PCURVE('',#313,#340);
#340 = DEFINITIONAL_REPRESENTATION('',(#341),#345);
#341 = LINE('',#342,#343);
#342 = CARTESIAN_POINT('',(0.,2.3));
#343 = VECTOR('',#344,1.);
#344 = DIRECTION('',(1.,0.));
#345 = ( GEOMETRIC_REPRESENTATION_CONTEXT(2) 
PARAMETRIC_REPRESENTATION_CONTEXT() REPRESENTATION_CONTEXT('2D SPACE',''
  ) );
#346 = ADVANCED_FACE('',(#347),#361,.T.);
#347 = FACE_BOUND('',#348,.T.);
#348 = EDGE_LOOP('',(#349,#382,#415,#436,#469,#509,#542,#570,#598,#626,
    #654,#683,#723));
#349 = ORIENTED_EDGE('',*,*,#350,.F.);
#350 = EDGE_CURVE('',#351,#353,#355,.T.);
#351 = VERTEX_POINT('',#352);
#352 = CARTESIAN_POINT('',(-15.79054054054,-28.,45.7136831031));
#353 = VERTEX_POINT('',#354);
#354 = CARTESIAN_POINT('',(-15.79054054054,-29.,45.713683103101));
#355 = SURFACE_CURVE('',#356,(#360,#371),.PCURVE_S1.);
#356 = LINE('',#357,#358);
#357 = CARTESIAN_POINT('',(-15.79054054054,-28.,45.713683103101));
#358 = VECTOR('',#359,1.);
#359 = DIRECTION('',(-2.22044604925E-16,-1.,0.));
#360 = PCURVE('',#361,#366);
#361 = CYLINDRICAL_SURFACE('',#362,16.5);
#362 = AXIS2_PLACEMENT_3D('',#363,#364,#365);
#363 = CARTESIAN_POINT('',(-6.217248937901E-15,-28.,50.5));
#364 = DIRECTION('',(-2.22044604925E-16,-1.,0.));
#365 = DIRECTION('',(0.,0.,1.));
#366 = DEFINITIONAL_REPRESENTATION('',(#367),#370);
#367 = B_SPLINE_CURVE_WITH_KNOTS('',1,(#368,#369),.UNSPECIFIED.,.F.,.F.,
  (2,2),(-5.999999999062E-07,5.0000006),.PIECEWISE_BEZIER_KNOTS.);
#368 = CARTESIAN_POINT('',(1.865106561325,-5.999999999062E-07));
#369 = CARTESIAN_POINT('',(1.865106561325,5.0000006));
#370 = ( GEOMETRIC_REPRESENTATION_CONTEXT(2) 
PARAMETRIC_REPRESENTATION_CONTEXT() REPRESENTATION_CONTEXT('2D SPACE',''
  ) );
#371 = PCURVE('',#372,#377);
#372 = CYLINDRICAL_SURFACE('',#373,5.5);
#373 = AXIS2_PLACEMENT_3D('',#374,#375,#376);
#374 = CARTESIAN_POINT('',(-18.5,-28.,50.5));
#375 = DIRECTION('',(-2.22044604925E-16,-1.,0.));
#376 = DIRECTION('',(0.,0.,1.));
#377 = DEFINITIONAL_REPRESENTATION('',(#378),#381);
#378 = B_SPLINE_CURVE_WITH_KNOTS('',1,(#379,#380),.UNSPECIFIED.,.F.,.F.,
  (2,2),(-5.999999999062E-07,5.0000006),.PIECEWISE_BEZIER_KNOTS.);
#379 = CARTESIAN_POINT('',(3.656700831531,-5.999999999062E-07));
#380 = CARTESIAN_POINT('',(3.656700831531,5.0000006));
#381 = ( GEOMETRIC_REPRESENTATION_CONTEXT(2) 
PARAMETRIC_REPRESENTATION_CONTEXT() REPRESENTATION_CONTEXT('2D SPACE',''
  ) );
#382 = ORIENTED_EDGE('',*,*,#383,.T.);
#383 = EDGE_CURVE('',#351,#384,#386,.T.);
#384 = VERTEX_POINT('',#385);
#385 = CARTESIAN_POINT('',(15.79054054054,-28.,45.713683103101));
#386 = SURFACE_CURVE('',#387,(#392,#399),.PCURVE_S1.);
#387 = CIRCLE('',#388,16.5);
#388 = AXIS2_PLACEMENT_3D('',#389,#390,#391);
#389 = CARTESIAN_POINT('',(-6.217248937901E-15,-28.,50.5));
#390 = DIRECTION('',(-2.22044604925E-16,-1.,0.));
#391 = DIRECTION('',(0.,0.,1.));
#392 = PCURVE('',#361,#393);
#393 = DEFINITIONAL_REPRESENTATION('',(#394),#398);
#394 = LINE('',#395,#396);
#395 = CARTESIAN_POINT('',(0.,0.));
#396 = VECTOR('',#397,1.);
#397 = DIRECTION('',(1.,0.));
#398 = ( GEOMETRIC_REPRESENTATION_CONTEXT(2) 
PARAMETRIC_REPRESENTATION_CONTEXT() REPRESENTATION_CONTEXT('2D SPACE',''
  ) );
#399 = PCURVE('',#400,#405);
#400 = PLANE('',#401);
#401 = AXIS2_PLACEMENT_3D('',#402,#403,#404);
#402 = CARTESIAN_POINT('',(8.174829468731E-14,-28.,50.816952873879));
#403 = DIRECTION('',(2.22044604925E-16,1.,-0.));
#404 = DIRECTION('',(0.,-0.,-1.));
#405 = DEFINITIONAL_REPRESENTATION('',(#406),#414);
#406 = ( BOUNDED_CURVE() B_SPLINE_CURVE(2,(#407,#408,#409,#410,#411,#412
,#413),.UNSPECIFIED.,.T.,.F.) B_SPLINE_CURVE_WITH_KNOTS((1,2,2,2,2,1),(
    -2.094395102393,0.,2.094395102393,4.188790204786,6.28318530718,
8.377580409573),.UNSPECIFIED.) CURVE() GEOMETRIC_REPRESENTATION_ITEM() 
RATIONAL_B_SPLINE_CURVE((1.,0.5,1.,0.5,1.,0.5,1.)) REPRESENTATION_ITEM(
  '') );
#407 = CARTESIAN_POINT('',(-16.18304712612,8.796554362521E-14));
#408 = CARTESIAN_POINT('',(-16.18304712612,28.578838324887));
#409 = CARTESIAN_POINT('',(8.566952873879,14.289419162443));
#410 = CARTESIAN_POINT('',(33.316952873879,9.20068780624E-14));
#411 = CARTESIAN_POINT('',(8.566952873879,-14.28941916244));
#412 = CARTESIAN_POINT('',(-16.18304712612,-28.57883832488));
#413 = CARTESIAN_POINT('',(-16.18304712612,8.796554362521E-14));
#414 = ( GEOMETRIC_REPRESENTATION_CONTEXT(2) 
PARAMETRIC_REPRESENTATION_CONTEXT() REPRESENTATION_CONTEXT('2D SPACE',''
  ) );
#415 = ORIENTED_EDGE('',*,*,#416,.T.);
#416 = EDGE_CURVE('',#384,#417,#419,.T.);
#417 = VERTEX_POINT('',#418);
#418 = CARTESIAN_POINT('',(15.790540540541,-29.,45.713683103101));
#419 = SURFACE_CURVE('',#420,(#424,#430),.PCURVE_S1.);
#420 = LINE('',#421,#422);
#421 = CARTESIAN_POINT('',(15.790540540541,-28.,45.713683103101));
#422 = VECTOR('',#423,1.);
#423 = DIRECTION('',(-2.22044604925E-16,-1.,0.));
#424 = PCURVE('',#361,#425);
#425 = DEFINITIONAL_REPRESENTATION('',(#426),#429);
#426 = B_SPLINE_CURVE_WITH_KNOTS('',1,(#427,#428),.UNSPECIFIED.,.F.,.F.,
  (2,2),(-5.999999999062E-07,5.0000006),.PIECEWISE_BEZIER_KNOTS.);
#427 = CARTESIAN_POINT('',(4.418078745854,-5.999999999062E-07));
#428 = CARTESIAN_POINT('',(4.418078745854,5.0000006));
#429 = ( GEOMETRIC_REPRESENTATION_CONTEXT(2) 
PARAMETRIC_REPRESENTATION_CONTEXT() REPRESENTATION_CONTEXT('2D SPACE',''
  ) );
#430 = PCURVE('',#280,#431);
#431 = DEFINITIONAL_REPRESENTATION('',(#432),#435);
#432 = B_SPLINE_CURVE_WITH_KNOTS('',1,(#433,#434),.UNSPECIFIED.,.F.,.F.,
  (2,2),(-5.999999999062E-07,5.0000006),.PIECEWISE_BEZIER_KNOTS.);
#433 = CARTESIAN_POINT('',(2.626484475649,-5.999999999062E-07));
#434 = CARTESIAN_POINT('',(2.626484475649,5.0000006));
#435 = ( GEOMETRIC_REPRESENTATION_CONTEXT(2) 
PARAMETRIC_REPRESENTATION_CONTEXT() REPRESENTATION_CONTEXT('2D SPACE',''
  ) );
#436 = ORIENTED_EDGE('',*,*,#437,.F.);
#437 = EDGE_CURVE('',#438,#417,#440,.T.);
#438 = VERTEX_POINT('',#439);
#439 = CARTESIAN_POINT('',(14.597976550757,-29.,42.809156052582));
#440 = SURFACE_CURVE('',#441,(#446,#453),.PCURVE_S1.);
#441 = CIRCLE('',#442,16.5);
#442 = AXIS2_PLACEMENT_3D('',#443,#444,#445);
#443 = CARTESIAN_POINT('',(-6.439293542826E-15,-29.,50.5));
#444 = DIRECTION('',(-2.22044604925E-16,-1.,0.));
#445 = DIRECTION('',(0.,0.,1.));
#446 = PCURVE('',#361,#447);
#447 = DEFINITIONAL_REPRESENTATION('',(#448),#452);
#448 = LINE('',#449,#450);
#449 = CARTESIAN_POINT('',(0.,1.));
#450 = VECTOR('',#451,1.);
#451 = DIRECTION('',(1.,0.));
#452 = ( GEOMETRIC_REPRESENTATION_CONTEXT(2) 
PARAMETRIC_REPRESENTATION_CONTEXT() REPRESENTATION_CONTEXT('2D SPACE',''
  ) );
#453 = PCURVE('',#454,#459);
#454 = PLANE('',#455);
#455 = AXIS2_PLACEMENT_3D('',#456,#457,#458);
#456 = CARTESIAN_POINT('',(18.598368453139,-29.,39.550873735996));
#457 = DIRECTION('',(2.22044604925E-16,1.,2.432487470358E-16));
#458 = DIRECTION('',(5.401207193408E-32,2.432487470358E-16,-1.));
#459 = DEFINITIONAL_REPRESENTATION('',(#460),#468);
#460 = ( BOUNDED_CURVE() B_SPLINE_CURVE(2,(#461,#462,#463,#464,#465,#466
,#467),.UNSPECIFIED.,.T.,.F.) B_SPLINE_CURVE_WITH_KNOTS((1,2,2,2,2,1),(
    -2.094395102393,0.,2.094395102393,4.188790204786,6.28318530718,
8.377580409573),.UNSPECIFIED.) CURVE() GEOMETRIC_REPRESENTATION_ITEM() 
RATIONAL_B_SPLINE_CURVE((1.,0.5,1.,0.5,1.,0.5,1.)) REPRESENTATION_ITEM(
  '') );
#461 = CARTESIAN_POINT('',(-27.449126264,18.598368453139));
#462 = CARTESIAN_POINT('',(-27.449126264,47.177206778026));
#463 = CARTESIAN_POINT('',(-2.699126264004,32.887787615582));
#464 = CARTESIAN_POINT('',(22.050873735996,18.598368453139));
#465 = CARTESIAN_POINT('',(-2.699126264004,4.308949290696));
#466 = CARTESIAN_POINT('',(-27.449126264,-9.980469871747));
#467 = CARTESIAN_POINT('',(-27.449126264,18.598368453139));
#468 = ( GEOMETRIC_REPRESENTATION_CONTEXT(2) 
PARAMETRIC_REPRESENTATION_CONTEXT() REPRESENTATION_CONTEXT('2D SPACE',''
  ) );
#469 = ORIENTED_EDGE('',*,*,#470,.F.);
#470 = EDGE_CURVE('',#471,#438,#473,.T.);
#471 = VERTEX_POINT('',#472);
#472 = CARTESIAN_POINT('',(14.597976550757,-33.,42.809156052582));
#473 = SURFACE_CURVE('',#474,(#480,#489),.PCURVE_S1.);
#474 = B_SPLINE_CURVE_WITH_KNOTS('',4,(#475,#476,#477,#478,#479),
  .UNSPECIFIED.,.F.,.F.,(5,5),(0.,1.),.PIECEWISE_BEZIER_KNOTS.);
#475 = CARTESIAN_POINT('',(14.597976550757,-33.0000006,42.809156052582)
  );
#476 = CARTESIAN_POINT('',(14.597976550757,-32.0000003,42.809156052582)
  );
#477 = CARTESIAN_POINT('',(14.597976550757,-31.,42.809156052582));
#478 = CARTESIAN_POINT('',(14.597976550757,-29.9999997,42.809156052582)
  );
#479 = CARTESIAN_POINT('',(14.597976550757,-28.9999994,42.809156052582)
  );
#480 = PCURVE('',#361,#481);
#481 = DEFINITIONAL_REPRESENTATION('',(#482),#488);
#482 = B_SPLINE_CURVE_WITH_KNOTS('',4,(#483,#484,#485,#486,#487),
  .UNSPECIFIED.,.F.,.F.,(5,5),(0.,1.),.PIECEWISE_BEZIER_KNOTS.);
#483 = CARTESIAN_POINT('',(4.22749817561,5.0000006));
#484 = CARTESIAN_POINT('',(4.22749817561,4.0000003));
#485 = CARTESIAN_POINT('',(4.22749817561,3.));
#486 = CARTESIAN_POINT('',(4.22749817561,1.9999997));
#487 = CARTESIAN_POINT('',(4.22749817561,0.9999994));
#488 = ( GEOMETRIC_REPRESENTATION_CONTEXT(2) 
PARAMETRIC_REPRESENTATION_CONTEXT() REPRESENTATION_CONTEXT('2D SPACE',''
  ) );
#489 = PCURVE('',#490,#501);
#490 = SURFACE_OF_LINEAR_EXTRUSION('',#491,#499);
#491 = B_SPLINE_CURVE_WITH_KNOTS('',3,(#492,#493,#494,#495,#496,#497,
    #498),.UNSPECIFIED.,.F.,.F.,(4,1,1,1,4),(0.,2.604323328621,
    5.900533273391,9.196743218161,13.104747824095),.UNSPECIFIED.);
#492 = CARTESIAN_POINT('',(14.,-29.,37.5));
#493 = CARTESIAN_POINT('',(13.981275742229,-29.,38.37444035527));
#494 = CARTESIAN_POINT('',(14.119900512871,-29.,40.335143010996));
#495 = CARTESIAN_POINT('',(14.706839164397,-29.,43.349272453751));
#496 = CARTESIAN_POINT('',(15.333405350036,-29.,46.795304164229));
#497 = CARTESIAN_POINT('',(15.539253302581,-29.,49.185737106203));
#498 = CARTESIAN_POINT('',(15.5,-29.,50.5));
#499 = VECTOR('',#500,1.);
#500 = DIRECTION('',(2.22044604925E-16,1.,-0.));
#501 = DEFINITIONAL_REPRESENTATION('',(#502),#508);
#502 = B_SPLINE_CURVE_WITH_KNOTS('',4,(#503,#504,#505,#506,#507),
  .UNSPECIFIED.,.F.,.F.,(5,5),(0.,1.),.PIECEWISE_BEZIER_KNOTS.);
#503 = CARTESIAN_POINT('',(5.350808510884,-4.0000006));
#504 = CARTESIAN_POINT('',(5.350808510884,-3.0000003));
#505 = CARTESIAN_POINT('',(5.350808510884,-2.));
#506 = CARTESIAN_POINT('',(5.350808510884,-0.9999997));
#507 = CARTESIAN_POINT('',(5.350808510884,5.999999999062E-07));
#508 = ( GEOMETRIC_REPRESENTATION_CONTEXT(2) 
PARAMETRIC_REPRESENTATION_CONTEXT() REPRESENTATION_CONTEXT('2D SPACE',''
  ) );
#509 = ORIENTED_EDGE('',*,*,#510,.F.);
#510 = EDGE_CURVE('',#511,#471,#513,.T.);
#511 = VERTEX_POINT('',#512);
#512 = CARTESIAN_POINT('',(11.832159566199,-33.,39.));
#513 = SURFACE_CURVE('',#514,(#519,#526),.PCURVE_S1.);
#514 = CIRCLE('',#515,16.5);
#515 = AXIS2_PLACEMENT_3D('',#516,#517,#518);
#516 = CARTESIAN_POINT('',(-7.327471962526E-15,-33.,50.5));
#517 = DIRECTION('',(-2.22044604925E-16,-1.,0.));
#518 = DIRECTION('',(0.,0.,1.));
#519 = PCURVE('',#361,#520);
#520 = DEFINITIONAL_REPRESENTATION('',(#521),#525);
#521 = LINE('',#522,#523);
#522 = CARTESIAN_POINT('',(0.,5.));
#523 = VECTOR('',#524,1.);
#524 = DIRECTION('',(1.,0.));
#525 = ( GEOMETRIC_REPRESENTATION_CONTEXT(2) 
PARAMETRIC_REPRESENTATION_CONTEXT() REPRESENTATION_CONTEXT('2D SPACE',''
  ) );
#526 = PCURVE('',#527,#532);
#527 = PLANE('',#528);
#528 = AXIS2_PLACEMENT_3D('',#529,#530,#531);
#529 = CARTESIAN_POINT('',(0.676449937974,-33.,36.156027475319));
#530 = DIRECTION('',(2.22044604925E-16,1.,-0.));
#531 = DIRECTION('',(0.,-0.,-1.));
#532 = DEFINITIONAL_REPRESENTATION('',(#533),#541);
#533 = ( BOUNDED_CURVE() B_SPLINE_CURVE(2,(#534,#535,#536,#537,#538,#539
,#540),.UNSPECIFIED.,.T.,.F.) B_SPLINE_CURVE_WITH_KNOTS((1,2,2,2,2,1),(
    -2.094395102393,0.,2.094395102393,4.188790204786,6.28318530718,
8.377580409573),.UNSPECIFIED.) CURVE() GEOMETRIC_REPRESENTATION_ITEM() 
RATIONAL_B_SPLINE_CURVE((1.,0.5,1.,0.5,1.,0.5,1.)) REPRESENTATION_ITEM(
  '') );
#534 = CARTESIAN_POINT('',(-30.84397252468,0.676449937974));
#535 = CARTESIAN_POINT('',(-30.84397252468,29.25528826286));
#536 = CARTESIAN_POINT('',(-6.093972524681,14.965869100417));
#537 = CARTESIAN_POINT('',(18.656027475319,0.676449937974));
#538 = CARTESIAN_POINT('',(-6.093972524681,-13.61296922446));
#539 = CARTESIAN_POINT('',(-30.84397252468,-27.90238838691));
#540 = CARTESIAN_POINT('',(-30.84397252468,0.676449937974));
#541 = ( GEOMETRIC_REPRESENTATION_CONTEXT(2) 
PARAMETRIC_REPRESENTATION_CONTEXT() REPRESENTATION_CONTEXT('2D SPACE',''
  ) );
#542 = ORIENTED_EDGE('',*,*,#543,.F.);
#543 = EDGE_CURVE('',#544,#511,#546,.T.);
#544 = VERTEX_POINT('',#545);
#545 = CARTESIAN_POINT('',(10.161200716451,-33.,37.5));
#546 = SURFACE_CURVE('',#547,(#552,#559),.PCURVE_S1.);
#547 = CIRCLE('',#548,16.5);
#548 = AXIS2_PLACEMENT_3D('',#549,#550,#551);
#549 = CARTESIAN_POINT('',(-7.327471962526E-15,-33.,50.5));
#550 = DIRECTION('',(-2.22044604925E-16,-1.,0.));
#551 = DIRECTION('',(0.,0.,1.));
#552 = PCURVE('',#361,#553);
#553 = DEFINITIONAL_REPRESENTATION('',(#554),#558);
#554 = LINE('',#555,#556);
#555 = CARTESIAN_POINT('',(0.,5.));
#556 = VECTOR('',#557,1.);
#557 = DIRECTION('',(1.,0.));
#558 = ( GEOMETRIC_REPRESENTATION_CONTEXT(2) 
PARAMETRIC_REPRESENTATION_CONTEXT() REPRESENTATION_CONTEXT('2D SPACE',''
  ) );
#559 = PCURVE('',#527,#560);
#560 = DEFINITIONAL_REPRESENTATION('',(#561),#569);
#561 = ( BOUNDED_CURVE() B_SPLINE_CURVE(2,(#562,#563,#564,#565,#566,#567
,#568),.UNSPECIFIED.,.T.,.F.) B_SPLINE_CURVE_WITH_KNOTS((1,2,2,2,2,1),(
    -2.094395102393,0.,2.094395102393,4.188790204786,6.28318530718,
8.377580409573),.UNSPECIFIED.) CURVE() GEOMETRIC_REPRESENTATION_ITEM() 
RATIONAL_B_SPLINE_CURVE((1.,0.5,1.,0.5,1.,0.5,1.)) REPRESENTATION_ITEM(
  '') );
#562 = CARTESIAN_POINT('',(-30.84397252468,0.676449937974));
#563 = CARTESIAN_POINT('',(-30.84397252468,29.25528826286));
#564 = CARTESIAN_POINT('',(-6.093972524681,14.965869100417));
#565 = CARTESIAN_POINT('',(18.656027475319,0.676449937974));
#566 = CARTESIAN_POINT('',(-6.093972524681,-13.61296922446));
#567 = CARTESIAN_POINT('',(-30.84397252468,-27.90238838691));
#568 = CARTESIAN_POINT('',(-30.84397252468,0.676449937974));
#569 = ( GEOMETRIC_REPRESENTATION_CONTEXT(2) 
PARAMETRIC_REPRESENTATION_CONTEXT() REPRESENTATION_CONTEXT('2D SPACE',''
  ) );
#570 = ORIENTED_EDGE('',*,*,#571,.F.);
#571 = EDGE_CURVE('',#572,#544,#574,.T.);
#572 = VERTEX_POINT('',#573);
#573 = CARTESIAN_POINT('',(-10.41879798309,-33.,37.705522730977));
#574 = SURFACE_CURVE('',#575,(#580,#587),.PCURVE_S1.);
#575 = CIRCLE('',#576,16.5);
#576 = AXIS2_PLACEMENT_3D('',#577,#578,#579);
#577 = CARTESIAN_POINT('',(-7.327471962526E-15,-33.,50.5));
#578 = DIRECTION('',(-2.22044604925E-16,-1.,0.));
#579 = DIRECTION('',(0.,0.,1.));
#580 = PCURVE('',#361,#581);
#581 = DEFINITIONAL_REPRESENTATION('',(#582),#586);
#582 = LINE('',#583,#584);
#583 = CARTESIAN_POINT('',(0.,5.));
#584 = VECTOR('',#585,1.);
#585 = DIRECTION('',(1.,0.));
#586 = ( GEOMETRIC_REPRESENTATION_CONTEXT(2) 
PARAMETRIC_REPRESENTATION_CONTEXT() REPRESENTATION_CONTEXT('2D SPACE',''
  ) );
#587 = PCURVE('',#527,#588);
#588 = DEFINITIONAL_REPRESENTATION('',(#589),#597);
#589 = ( BOUNDED_CURVE() B_SPLINE_CURVE(2,(#590,#591,#592,#593,#594,#595
,#596),.UNSPECIFIED.,.T.,.F.) B_SPLINE_CURVE_WITH_KNOTS((1,2,2,2,2,1),(
    -2.094395102393,0.,2.094395102393,4.188790204786,6.28318530718,
8.377580409573),.UNSPECIFIED.) CURVE() GEOMETRIC_REPRESENTATION_ITEM() 
RATIONAL_B_SPLINE_CURVE((1.,0.5,1.,0.5,1.,0.5,1.)) REPRESENTATION_ITEM(
  '') );
#590 = CARTESIAN_POINT('',(-30.84397252468,0.676449937974));
#591 = CARTESIAN_POINT('',(-30.84397252468,29.25528826286));
#592 = CARTESIAN_POINT('',(-6.093972524681,14.965869100417));
#593 = CARTESIAN_POINT('',(18.656027475319,0.676449937974));
#594 = CARTESIAN_POINT('',(-6.093972524681,-13.61296922446));
#595 = CARTESIAN_POINT('',(-30.84397252468,-27.90238838691));
#596 = CARTESIAN_POINT('',(-30.84397252468,0.676449937974));
#597 = ( GEOMETRIC_REPRESENTATION_CONTEXT(2) 
PARAMETRIC_REPRESENTATION_CONTEXT() REPRESENTATION_CONTEXT('2D SPACE',''
  ) );
#598 = ORIENTED_EDGE('',*,*,#599,.F.);
#599 = EDGE_CURVE('',#600,#572,#602,.T.);
#600 = VERTEX_POINT('',#601);
#601 = CARTESIAN_POINT('',(-11.83215956619,-33.,39.));
#602 = SURFACE_CURVE('',#603,(#608,#615),.PCURVE_S1.);
#603 = CIRCLE('',#604,16.5);
#604 = AXIS2_PLACEMENT_3D('',#605,#606,#607);
#605 = CARTESIAN_POINT('',(-7.327471962526E-15,-33.,50.5));
#606 = DIRECTION('',(-2.22044604925E-16,-1.,0.));
#607 = DIRECTION('',(0.,0.,1.));
#608 = PCURVE('',#361,#609);
#609 = DEFINITIONAL_REPRESENTATION('',(#610),#614);
#610 = LINE('',#611,#612);
#611 = CARTESIAN_POINT('',(0.,5.));
#612 = VECTOR('',#613,1.);
#613 = DIRECTION('',(1.,0.));
#614 = ( GEOMETRIC_REPRESENTATION_CONTEXT(2) 
PARAMETRIC_REPRESENTATION_CONTEXT() REPRESENTATION_CONTEXT('2D SPACE',''
  ) );
#615 = PCURVE('',#527,#616);
#616 = DEFINITIONAL_REPRESENTATION('',(#617),#625);
#617 = ( BOUNDED_CURVE() B_SPLINE_CURVE(2,(#618,#619,#620,#621,#622,#623
,#624),.UNSPECIFIED.,.T.,.F.) B_SPLINE_CURVE_WITH_KNOTS((1,2,2,2,2,1),(
    -2.094395102393,0.,2.094395102393,4.188790204786,6.28318530718,
8.377580409573),.UNSPECIFIED.) CURVE() GEOMETRIC_REPRESENTATION_ITEM() 
RATIONAL_B_SPLINE_CURVE((1.,0.5,1.,0.5,1.,0.5,1.)) REPRESENTATION_ITEM(
  '') );
#618 = CARTESIAN_POINT('',(-30.84397252468,0.676449937974));
#619 = CARTESIAN_POINT('',(-30.84397252468,29.25528826286));
#620 = CARTESIAN_POINT('',(-6.093972524681,14.965869100417));
#621 = CARTESIAN_POINT('',(18.656027475319,0.676449937974));
#622 = CARTESIAN_POINT('',(-6.093972524681,-13.61296922446));
#623 = CARTESIAN_POINT('',(-30.84397252468,-27.90238838691));
#624 = CARTESIAN_POINT('',(-30.84397252468,0.676449937974));
#625 = ( GEOMETRIC_REPRESENTATION_CONTEXT(2) 
PARAMETRIC_REPRESENTATION_CONTEXT() REPRESENTATION_CONTEXT('2D SPACE',''
  ) );
#626 = ORIENTED_EDGE('',*,*,#627,.F.);
#627 = EDGE_CURVE('',#628,#600,#630,.T.);
#628 = VERTEX_POINT('',#629);
#629 = CARTESIAN_POINT('',(-13.92775374104,-33.,41.653097958677));
#630 = SURFACE_CURVE('',#631,(#636,#643),.PCURVE_S1.);
#631 = CIRCLE('',#632,16.5);
#632 = AXIS2_PLACEMENT_3D('',#633,#634,#635);
#633 = CARTESIAN_POINT('',(-7.327471962526E-15,-33.,50.5));
#634 = DIRECTION('',(-2.22044604925E-16,-1.,0.));
#635 = DIRECTION('',(0.,0.,1.));
#636 = PCURVE('',#361,#637);
#637 = DEFINITIONAL_REPRESENTATION('',(#638),#642);
#638 = LINE('',#639,#640);
#639 = CARTESIAN_POINT('',(0.,5.));
#640 = VECTOR('',#641,1.);
#641 = DIRECTION('',(1.,0.));
#642 = ( GEOMETRIC_REPRESENTATION_CONTEXT(2) 
PARAMETRIC_REPRESENTATION_CONTEXT() REPRESENTATION_CONTEXT('2D SPACE',''
  ) );
#643 = PCURVE('',#527,#644);
#644 = DEFINITIONAL_REPRESENTATION('',(#645),#653);
#645 = ( BOUNDED_CURVE() B_SPLINE_CURVE(2,(#646,#647,#648,#649,#650,#651
,#652),.UNSPECIFIED.,.T.,.F.) B_SPLINE_CURVE_WITH_KNOTS((1,2,2,2,2,1),(
    -2.094395102393,0.,2.094395102393,4.188790204786,6.28318530718,
8.377580409573),.UNSPECIFIED.) CURVE() GEOMETRIC_REPRESENTATION_ITEM() 
RATIONAL_B_SPLINE_CURVE((1.,0.5,1.,0.5,1.,0.5,1.)) REPRESENTATION_ITEM(
  '') );
#646 = CARTESIAN_POINT('',(-30.84397252468,0.676449937974));
#647 = CARTESIAN_POINT('',(-30.84397252468,29.25528826286));
#648 = CARTESIAN_POINT('',(-6.093972524681,14.965869100417));
#649 = CARTESIAN_POINT('',(18.656027475319,0.676449937974));
#650 = CARTESIAN_POINT('',(-6.093972524681,-13.61296922446));
#651 = CARTESIAN_POINT('',(-30.84397252468,-27.90238838691));
#652 = CARTESIAN_POINT('',(-30.84397252468,0.676449937974));
#653 = ( GEOMETRIC_REPRESENTATION_CONTEXT(2) 
PARAMETRIC_REPRESENTATION_CONTEXT() REPRESENTATION_CONTEXT('2D SPACE',''
  ) );
#654 = ORIENTED_EDGE('',*,*,#655,.F.);
#655 = EDGE_CURVE('',#656,#628,#658,.T.);
#656 = VERTEX_POINT('',#657);
#657 = CARTESIAN_POINT('',(-14.59797655075,-33.,42.809156052582));
#658 = SURFACE_CURVE('',#659,(#664,#671),.PCURVE_S1.);
#659 = CIRCLE('',#660,16.5);
#660 = AXIS2_PLACEMENT_3D('',#661,#662,#663);
#661 = CARTESIAN_POINT('',(-7.327471962526E-15,-33.,50.5));
#662 = DIRECTION('',(-2.22044604925E-16,-1.,0.));
#663 = DIRECTION('',(0.,0.,1.));
#664 = PCURVE('',#361,#665);
#665 = DEFINITIONAL_REPRESENTATION('',(#666),#670);
#666 = LINE('',#667,#668);
#667 = CARTESIAN_POINT('',(0.,5.));
#668 = VECTOR('',#669,1.);
#669 = DIRECTION('',(1.,0.));
#670 = ( GEOMETRIC_REPRESENTATION_CONTEXT(2) 
PARAMETRIC_REPRESENTATION_CONTEXT() REPRESENTATION_CONTEXT('2D SPACE',''
  ) );
#671 = PCURVE('',#672,#677);
#672 = PLANE('',#673);
#673 = AXIS2_PLACEMENT_3D('',#674,#675,#676);
#674 = CARTESIAN_POINT('',(-7.327471962526E-15,-33.,50.5));
#675 = DIRECTION('',(-2.22044604925E-16,-1.,0.));
#676 = DIRECTION('',(0.,0.,1.));
#677 = DEFINITIONAL_REPRESENTATION('',(#678),#682);
#678 = CIRCLE('',#679,16.5);
#679 = AXIS2_PLACEMENT_2D('',#680,#681);
#680 = CARTESIAN_POINT('',(0.,0.));
#681 = DIRECTION('',(1.,0.));
#682 = ( GEOMETRIC_REPRESENTATION_CONTEXT(2) 
PARAMETRIC_REPRESENTATION_CONTEXT() REPRESENTATION_CONTEXT('2D SPACE',''
  ) );
#683 = ORIENTED_EDGE('',*,*,#684,.T.);
#684 = EDGE_CURVE('',#656,#685,#687,.T.);
#685 = VERTEX_POINT('',#686);
#686 = CARTESIAN_POINT('',(-14.59797655075,-29.,42.809156052582));
#687 = SURFACE_CURVE('',#688,(#694,#703),.PCURVE_S1.);
#688 = B_SPLINE_CURVE_WITH_KNOTS('',4,(#689,#690,#691,#692,#693),
  .UNSPECIFIED.,.F.,.F.,(5,5),(0.,1.),.PIECEWISE_BEZIER_KNOTS.);
#689 = CARTESIAN_POINT('',(-14.59797655075,-33.0000006,42.809156052582)
  );
#690 = CARTESIAN_POINT('',(-14.59797655075,-32.0000003,42.809156052582)
  );
#691 = CARTESIAN_POINT('',(-14.59797655075,-31.,42.809156052582));
#692 = CARTESIAN_POINT('',(-14.59797655075,-29.9999997,42.809156052582)
  );
#693 = CARTESIAN_POINT('',(-14.59797655075,-28.9999994,42.809156052582)
  );
#694 = PCURVE('',#361,#695);
#695 = DEFINITIONAL_REPRESENTATION('',(#696),#702);
#696 = B_SPLINE_CURVE_WITH_KNOTS('',4,(#697,#698,#699,#700,#701),
  .UNSPECIFIED.,.F.,.F.,(5,5),(0.,1.),.PIECEWISE_BEZIER_KNOTS.);
#697 = CARTESIAN_POINT('',(2.05568713157,5.0000006));
#698 = CARTESIAN_POINT('',(2.05568713157,4.0000003));
#699 = CARTESIAN_POINT('',(2.05568713157,3.));
#700 = CARTESIAN_POINT('',(2.05568713157,1.9999997));
#701 = CARTESIAN_POINT('',(2.05568713157,0.9999994));
#702 = ( GEOMETRIC_REPRESENTATION_CONTEXT(2) 
PARAMETRIC_REPRESENTATION_CONTEXT() REPRESENTATION_CONTEXT('2D SPACE',''
  ) );
#703 = PCURVE('',#704,#715);
#704 = SURFACE_OF_LINEAR_EXTRUSION('',#705,#713);
#705 = B_SPLINE_CURVE_WITH_KNOTS('',3,(#706,#707,#708,#709,#710,#711,
    #712),.UNSPECIFIED.,.F.,.F.,(4,1,1,1,4),(0.,3.908004605934,
    7.204214550704,10.500424495474,13.104747824095),.UNSPECIFIED.);
#706 = CARTESIAN_POINT('',(-15.5,-29.,50.5));
#707 = CARTESIAN_POINT('',(-15.53925330258,-29.,49.185737106203));
#708 = CARTESIAN_POINT('',(-15.33340535003,-29.,46.795304164229));
#709 = CARTESIAN_POINT('',(-14.70683916439,-29.,43.349272453751));
#710 = CARTESIAN_POINT('',(-14.11990051287,-29.,40.335143010996));
#711 = CARTESIAN_POINT('',(-13.98127574222,-29.,38.37444035527));
#712 = CARTESIAN_POINT('',(-14.,-29.,37.5));
#713 = VECTOR('',#714,1.);
#714 = DIRECTION('',(2.22044604925E-16,1.,-0.));
#715 = DEFINITIONAL_REPRESENTATION('',(#716),#722);
#716 = B_SPLINE_CURVE_WITH_KNOTS('',4,(#717,#718,#719,#720,#721),
  .UNSPECIFIED.,.F.,.F.,(5,5),(0.,1.),.PIECEWISE_BEZIER_KNOTS.);
#717 = CARTESIAN_POINT('',(7.753939313211,-4.0000006));
#718 = CARTESIAN_POINT('',(7.753939313211,-3.0000003));
#719 = CARTESIAN_POINT('',(7.753939313211,-2.));
#720 = CARTESIAN_POINT('',(7.753939313211,-0.9999997));
#721 = CARTESIAN_POINT('',(7.753939313211,5.999999999062E-07));
#722 = ( GEOMETRIC_REPRESENTATION_CONTEXT(2) 
PARAMETRIC_REPRESENTATION_CONTEXT() REPRESENTATION_CONTEXT('2D SPACE',''
  ) );
#723 = ORIENTED_EDGE('',*,*,#724,.F.);
#724 = EDGE_CURVE('',#353,#685,#725,.T.);
#725 = SURFACE_CURVE('',#726,(#731,#738),.PCURVE_S1.);
#726 = CIRCLE('',#727,16.5);
#727 = AXIS2_PLACEMENT_3D('',#728,#729,#730);
#728 = CARTESIAN_POINT('',(-6.439293542826E-15,-29.,50.5));
#729 = DIRECTION('',(-2.22044604925E-16,-1.,0.));
#730 = DIRECTION('',(0.,0.,1.));
#731 = PCURVE('',#361,#732);
#732 = DEFINITIONAL_REPRESENTATION('',(#733),#737);
#733 = LINE('',#734,#735);
#734 = CARTESIAN_POINT('',(0.,1.));
#735 = VECTOR('',#736,1.);
#736 = DIRECTION('',(1.,0.));
#737 = ( GEOMETRIC_REPRESENTATION_CONTEXT(2) 
PARAMETRIC_REPRESENTATION_CONTEXT() REPRESENTATION_CONTEXT('2D SPACE',''
  ) );
#738 = PCURVE('',#739,#744);
#739 = PLANE('',#740);
#740 = AXIS2_PLACEMENT_3D('',#741,#742,#743);
#741 = CARTESIAN_POINT('',(-18.59836845313,-29.,39.550873735996));
#742 = DIRECTION('',(2.22044604925E-16,1.,-0.));
#743 = DIRECTION('',(0.,-0.,-1.));
#744 = DEFINITIONAL_REPRESENTATION('',(#745),#753);
#745 = ( BOUNDED_CURVE() B_SPLINE_CURVE(2,(#746,#747,#748,#749,#750,#751
,#752),.UNSPECIFIED.,.T.,.F.) B_SPLINE_CURVE_WITH_KNOTS((1,2,2,2,2,1),(
    -2.094395102393,0.,2.094395102393,4.188790204786,6.28318530718,
8.377580409573),.UNSPECIFIED.) CURVE() GEOMETRIC_REPRESENTATION_ITEM() 
RATIONAL_B_SPLINE_CURVE((1.,0.5,1.,0.5,1.,0.5,1.)) REPRESENTATION_ITEM(
  '') );
#746 = CARTESIAN_POINT('',(-27.449126264,-18.59836845313));
#747 = CARTESIAN_POINT('',(-27.449126264,9.980469871747));
#748 = CARTESIAN_POINT('',(-2.699126264004,-4.308949290696));
#749 = CARTESIAN_POINT('',(22.050873735996,-18.59836845313));
#750 = CARTESIAN_POINT('',(-2.699126264004,-32.88778761558));
#751 = CARTESIAN_POINT('',(-27.449126264,-47.17720677802));
#752 = CARTESIAN_POINT('',(-27.449126264,-18.59836845313));
#753 = ( GEOMETRIC_REPRESENTATION_CONTEXT(2) 
PARAMETRIC_REPRESENTATION_CONTEXT() REPRESENTATION_CONTEXT('2D SPACE',''
  ) );
#754 = ADVANCED_FACE('',(#755,#1117),#372,.T.);
#755 = FACE_BOUND('',#756,.T.);
#756 = EDGE_LOOP('',(#757,#788,#814,#843,#869,#897,#923,#924,#952,#992,
    #1021,#1050,#1074,#1095));
#757 = ORIENTED_EDGE('',*,*,#758,.F.);
#758 = EDGE_CURVE('',#759,#761,#763,.T.);
#759 = VERTEX_POINT('',#760);
#760 = CARTESIAN_POINT('',(-14.,-36.5,53.662277660168));
#761 = VERTEX_POINT('',#762);
#762 = CARTESIAN_POINT('',(-18.5,-36.5,56.));
#763 = SURFACE_CURVE('',#764,(#769,#776),.PCURVE_S1.);
#764 = CIRCLE('',#765,5.5);
#765 = AXIS2_PLACEMENT_3D('',#766,#767,#768);
#766 = CARTESIAN_POINT('',(-18.5,-36.5,50.5));
#767 = DIRECTION('',(-2.22044604925E-16,-1.,0.));
#768 = DIRECTION('',(0.,0.,1.));
#769 = PCURVE('',#372,#770);
#770 = DEFINITIONAL_REPRESENTATION('',(#771),#775);
#771 = LINE('',#772,#773);
#772 = CARTESIAN_POINT('',(-6.28318530718,8.5));
#773 = VECTOR('',#774,1.);
#774 = DIRECTION('',(1.,0.));
#775 = ( GEOMETRIC_REPRESENTATION_CONTEXT(2) 
PARAMETRIC_REPRESENTATION_CONTEXT() REPRESENTATION_CONTEXT('2D SPACE',''
  ) );
#776 = PCURVE('',#777,#782);
#777 = PLANE('',#778);
#778 = AXIS2_PLACEMENT_3D('',#779,#780,#781);
#779 = CARTESIAN_POINT('',(-18.5,-36.5,50.5));
#780 = DIRECTION('',(-2.22044604925E-16,-1.,0.));
#781 = DIRECTION('',(0.,0.,1.));
#782 = DEFINITIONAL_REPRESENTATION('',(#783),#787);
#783 = CIRCLE('',#784,5.5);
#784 = AXIS2_PLACEMENT_2D('',#785,#786);
#785 = CARTESIAN_POINT('',(0.,0.));
#786 = DIRECTION('',(1.,0.));
#787 = ( GEOMETRIC_REPRESENTATION_CONTEXT(2) 
PARAMETRIC_REPRESENTATION_CONTEXT() REPRESENTATION_CONTEXT('2D SPACE',''
  ) );
#788 = ORIENTED_EDGE('',*,*,#789,.F.);
#789 = EDGE_CURVE('',#790,#759,#792,.T.);
#790 = VERTEX_POINT('',#791);
#791 = CARTESIAN_POINT('',(-14.,-33.,53.662277660168));
#792 = SURFACE_CURVE('',#793,(#797,#803),.PCURVE_S1.);
#793 = LINE('',#794,#795);
#794 = CARTESIAN_POINT('',(-14.,-28.,53.662277660168));
#795 = VECTOR('',#796,1.);
#796 = DIRECTION('',(-2.22044604925E-16,-1.,0.));
#797 = PCURVE('',#372,#798);
#798 = DEFINITIONAL_REPRESENTATION('',(#799),#802);
#799 = B_SPLINE_CURVE_WITH_KNOTS('',1,(#800,#801),.UNSPECIFIED.,.F.,.F.,
  (2,2),(4.6,8.5000006),.PIECEWISE_BEZIER_KNOTS.);
#800 = CARTESIAN_POINT('',(-0.958241588456,4.6));
#801 = CARTESIAN_POINT('',(-0.958241588456,8.5000006));
#802 = ( GEOMETRIC_REPRESENTATION_CONTEXT(2) 
PARAMETRIC_REPRESENTATION_CONTEXT() REPRESENTATION_CONTEXT('2D SPACE',''
  ) );
#803 = PCURVE('',#804,#809);
#804 = PLANE('',#805);
#805 = AXIS2_PLACEMENT_3D('',#806,#807,#808);
#806 = CARTESIAN_POINT('',(-14.,-33.,42.5));
#807 = DIRECTION('',(1.,-2.22044604925E-16,0.));
#808 = DIRECTION('',(0.,0.,1.));
#809 = DEFINITIONAL_REPRESENTATION('',(#810),#813);
#810 = B_SPLINE_CURVE_WITH_KNOTS('',1,(#811,#812),.UNSPECIFIED.,.F.,.F.,
  (2,2),(4.6,8.5000006),.PIECEWISE_BEZIER_KNOTS.);
#811 = CARTESIAN_POINT('',(11.162277660168,-0.4));
#812 = CARTESIAN_POINT('',(11.162277660168,3.5000006));
#813 = ( GEOMETRIC_REPRESENTATION_CONTEXT(2) 
PARAMETRIC_REPRESENTATION_CONTEXT() REPRESENTATION_CONTEXT('2D SPACE',''
  ) );
#814 = ORIENTED_EDGE('',*,*,#815,.T.);
#815 = EDGE_CURVE('',#790,#816,#818,.T.);
#816 = VERTEX_POINT('',#817);
#817 = CARTESIAN_POINT('',(-15.79054054054,-33.,55.286316896899));
#818 = SURFACE_CURVE('',#819,(#824,#831),.PCURVE_S1.);
#819 = CIRCLE('',#820,5.5);
#820 = AXIS2_PLACEMENT_3D('',#821,#822,#823);
#821 = CARTESIAN_POINT('',(-18.5,-33.,50.5));
#822 = DIRECTION('',(-2.22044604925E-16,-1.,0.));
#823 = DIRECTION('',(0.,0.,1.));
#824 = PCURVE('',#372,#825);
#825 = DEFINITIONAL_REPRESENTATION('',(#826),#830);
#826 = LINE('',#827,#828);
#827 = CARTESIAN_POINT('',(-6.28318530718,5.));
#828 = VECTOR('',#829,1.);
#829 = DIRECTION('',(1.,0.));
#830 = ( GEOMETRIC_REPRESENTATION_CONTEXT(2) 
PARAMETRIC_REPRESENTATION_CONTEXT() REPRESENTATION_CONTEXT('2D SPACE',''
  ) );
#831 = PCURVE('',#832,#837);
#832 = PLANE('',#833);
#833 = AXIS2_PLACEMENT_3D('',#834,#835,#836);
#834 = CARTESIAN_POINT('',(-7.327471962526E-15,-33.,50.5));
#835 = DIRECTION('',(-2.22044604925E-16,-1.,0.));
#836 = DIRECTION('',(0.,0.,1.));
#837 = DEFINITIONAL_REPRESENTATION('',(#838),#842);
#838 = CIRCLE('',#839,5.5);
#839 = AXIS2_PLACEMENT_2D('',#840,#841);
#840 = CARTESIAN_POINT('',(0.,18.5));
#841 = DIRECTION('',(1.,0.));
#842 = ( GEOMETRIC_REPRESENTATION_CONTEXT(2) 
PARAMETRIC_REPRESENTATION_CONTEXT() REPRESENTATION_CONTEXT('2D SPACE',''
  ) );
#843 = ORIENTED_EDGE('',*,*,#844,.F.);
#844 = EDGE_CURVE('',#845,#816,#847,.T.);
#845 = VERTEX_POINT('',#846);
#846 = CARTESIAN_POINT('',(-15.79054054054,-28.,55.2863168969));
#847 = SURFACE_CURVE('',#848,(#852,#858),.PCURVE_S1.);
#848 = LINE('',#849,#850);
#849 = CARTESIAN_POINT('',(-15.79054054054,-28.,55.286316896899));
#850 = VECTOR('',#851,1.);
#851 = DIRECTION('',(-2.22044604925E-16,-1.,0.));
#852 = PCURVE('',#372,#853);
#853 = DEFINITIONAL_REPRESENTATION('',(#854),#857);
#854 = B_SPLINE_CURVE_WITH_KNOTS('',1,(#855,#856),.UNSPECIFIED.,.F.,.F.,
  (2,2),(-5.999999999062E-07,5.0000006),.PIECEWISE_BEZIER_KNOTS.);
#855 = CARTESIAN_POINT('',(-0.515108177941,-5.999999999062E-07));
#856 = CARTESIAN_POINT('',(-0.515108177941,5.0000006));
#857 = ( GEOMETRIC_REPRESENTATION_CONTEXT(2) 
PARAMETRIC_REPRESENTATION_CONTEXT() REPRESENTATION_CONTEXT('2D SPACE',''
  ) );
#858 = PCURVE('',#859,#864);
#859 = CYLINDRICAL_SURFACE('',#860,16.5);
#860 = AXIS2_PLACEMENT_3D('',#861,#862,#863);
#861 = CARTESIAN_POINT('',(-6.217248937901E-15,-28.,50.5));
#862 = DIRECTION('',(-2.22044604925E-16,-1.,0.));
#863 = DIRECTION('',(0.,0.,1.));
#864 = DEFINITIONAL_REPRESENTATION('',(#865),#868);
#865 = B_SPLINE_CURVE_WITH_KNOTS('',1,(#866,#867),.UNSPECIFIED.,.F.,.F.,
  (2,2),(-5.999999999062E-07,5.0000006),.PIECEWISE_BEZIER_KNOTS.);
#866 = CARTESIAN_POINT('',(7.559671399444,-5.999999999062E-07));
#867 = CARTESIAN_POINT('',(7.559671399444,5.0000006));
#868 = ( GEOMETRIC_REPRESENTATION_CONTEXT(2) 
PARAMETRIC_REPRESENTATION_CONTEXT() REPRESENTATION_CONTEXT('2D SPACE',''
  ) );
#869 = ORIENTED_EDGE('',*,*,#870,.T.);
#870 = EDGE_CURVE('',#845,#871,#873,.T.);
#871 = VERTEX_POINT('',#872);
#872 = CARTESIAN_POINT('',(-18.5,-28.,56.));
#873 = SURFACE_CURVE('',#874,(#879,#886),.PCURVE_S1.);
#874 = CIRCLE('',#875,5.5);
#875 = AXIS2_PLACEMENT_3D('',#876,#877,#878);
#876 = CARTESIAN_POINT('',(-18.5,-28.,50.5));
#877 = DIRECTION('',(-2.22044604925E-16,-1.,0.));
#878 = DIRECTION('',(0.,0.,1.));
#879 = PCURVE('',#372,#880);
#880 = DEFINITIONAL_REPRESENTATION('',(#881),#885);
#881 = LINE('',#882,#883);
#882 = CARTESIAN_POINT('',(-6.28318530718,0.));
#883 = VECTOR('',#884,1.);
#884 = DIRECTION('',(1.,0.));
#885 = ( GEOMETRIC_REPRESENTATION_CONTEXT(2) 
PARAMETRIC_REPRESENTATION_CONTEXT() REPRESENTATION_CONTEXT('2D SPACE',''
  ) );
#886 = PCURVE('',#400,#887);
#887 = DEFINITIONAL_REPRESENTATION('',(#888),#896);
#888 = ( BOUNDED_CURVE() B_SPLINE_CURVE(2,(#889,#890,#891,#892,#893,#894
,#895),.UNSPECIFIED.,.T.,.F.) B_SPLINE_CURVE_WITH_KNOTS((1,2,2,2,2,1),(
    -2.094395102393,0.,2.094395102393,4.188790204786,6.28318530718,
8.377580409573),.UNSPECIFIED.) CURVE() GEOMETRIC_REPRESENTATION_ITEM() 
RATIONAL_B_SPLINE_CURVE((1.,0.5,1.,0.5,1.,0.5,1.)) REPRESENTATION_ITEM(
  '') );
#889 = CARTESIAN_POINT('',(-5.183047126121,18.5));
#890 = CARTESIAN_POINT('',(-5.183047126121,28.026279441629));
#891 = CARTESIAN_POINT('',(3.066952873879,23.263139720815));
#892 = CARTESIAN_POINT('',(11.316952873879,18.5));
#893 = CARTESIAN_POINT('',(3.066952873879,13.736860279186));
#894 = CARTESIAN_POINT('',(-5.183047126121,8.973720558371));
#895 = CARTESIAN_POINT('',(-5.183047126121,18.5));
#896 = ( GEOMETRIC_REPRESENTATION_CONTEXT(2) 
PARAMETRIC_REPRESENTATION_CONTEXT() REPRESENTATION_CONTEXT('2D SPACE',''
  ) );
#897 = ORIENTED_EDGE('',*,*,#898,.T.);
#898 = EDGE_CURVE('',#871,#351,#899,.T.);
#899 = SURFACE_CURVE('',#900,(#905,#912),.PCURVE_S1.);
#900 = CIRCLE('',#901,5.5);
#901 = AXIS2_PLACEMENT_3D('',#902,#903,#904);
#902 = CARTESIAN_POINT('',(-18.5,-28.,50.5));
#903 = DIRECTION('',(-2.22044604925E-16,-1.,0.));
#904 = DIRECTION('',(0.,0.,1.));
#905 = PCURVE('',#372,#906);
#906 = DEFINITIONAL_REPRESENTATION('',(#907),#911);
#907 = LINE('',#908,#909);
#908 = CARTESIAN_POINT('',(0.,0.));
#909 = VECTOR('',#910,1.);
#910 = DIRECTION('',(1.,0.));
#911 = ( GEOMETRIC_REPRESENTATION_CONTEXT(2) 
PARAMETRIC_REPRESENTATION_CONTEXT() REPRESENTATION_CONTEXT('2D SPACE',''
  ) );
#912 = PCURVE('',#400,#913);
#913 = DEFINITIONAL_REPRESENTATION('',(#914),#922);
#914 = ( BOUNDED_CURVE() B_SPLINE_CURVE(2,(#915,#916,#917,#918,#919,#920
,#921),.UNSPECIFIED.,.T.,.F.) B_SPLINE_CURVE_WITH_KNOTS((1,2,2,2,2,1),(
    -2.094395102393,0.,2.094395102393,4.188790204786,6.28318530718,
8.377580409573),.UNSPECIFIED.) CURVE() GEOMETRIC_REPRESENTATION_ITEM() 
RATIONAL_B_SPLINE_CURVE((1.,0.5,1.,0.5,1.,0.5,1.)) REPRESENTATION_ITEM(
  '') );
#915 = CARTESIAN_POINT('',(-5.183047126121,18.5));
#916 = CARTESIAN_POINT('',(-5.183047126121,28.026279441629));
#917 = CARTESIAN_POINT('',(3.066952873879,23.263139720815));
#918 = CARTESIAN_POINT('',(11.316952873879,18.5));
#919 = CARTESIAN_POINT('',(3.066952873879,13.736860279186));
#920 = CARTESIAN_POINT('',(-5.183047126121,8.973720558371));
#921 = CARTESIAN_POINT('',(-5.183047126121,18.5));
#922 = ( GEOMETRIC_REPRESENTATION_CONTEXT(2) 
PARAMETRIC_REPRESENTATION_CONTEXT() REPRESENTATION_CONTEXT('2D SPACE',''
  ) );
#923 = ORIENTED_EDGE('',*,*,#350,.T.);
#924 = ORIENTED_EDGE('',*,*,#925,.F.);
#925 = EDGE_CURVE('',#926,#353,#928,.T.);
#926 = VERTEX_POINT('',#927);
#927 = CARTESIAN_POINT('',(-21.81985566225,-29.,46.11496198628));
#928 = SURFACE_CURVE('',#929,(#934,#941),.PCURVE_S1.);
#929 = CIRCLE('',#930,5.5);
#930 = AXIS2_PLACEMENT_3D('',#931,#932,#933);
#931 = CARTESIAN_POINT('',(-18.5,-29.,50.5));
#932 = DIRECTION('',(-2.22044604925E-16,-1.,0.));
#933 = DIRECTION('',(0.,0.,1.));
#934 = PCURVE('',#372,#935);
#935 = DEFINITIONAL_REPRESENTATION('',(#936),#940);
#936 = LINE('',#937,#938);
#937 = CARTESIAN_POINT('',(0.,1.));
#938 = VECTOR('',#939,1.);
#939 = DIRECTION('',(1.,0.));
#940 = ( GEOMETRIC_REPRESENTATION_CONTEXT(2) 
PARAMETRIC_REPRESENTATION_CONTEXT() REPRESENTATION_CONTEXT('2D SPACE',''
  ) );
#941 = PCURVE('',#739,#942);
#942 = DEFINITIONAL_REPRESENTATION('',(#943),#951);
#943 = ( BOUNDED_CURVE() B_SPLINE_CURVE(2,(#944,#945,#946,#947,#948,#949
,#950),.UNSPECIFIED.,.T.,.F.) B_SPLINE_CURVE_WITH_KNOTS((1,2,2,2,2,1),(
    -2.094395102393,0.,2.094395102393,4.188790204786,6.28318530718,
8.377580409573),.UNSPECIFIED.) CURVE() GEOMETRIC_REPRESENTATION_ITEM() 
RATIONAL_B_SPLINE_CURVE((1.,0.5,1.,0.5,1.,0.5,1.)) REPRESENTATION_ITEM(
  '') );
#944 = CARTESIAN_POINT('',(-16.449126264,-9.836845313908E-02));
#945 = CARTESIAN_POINT('',(-16.449126264,9.42791098849));
#946 = CARTESIAN_POINT('',(-8.199126264004,4.664771267675));
#947 = CARTESIAN_POINT('',(5.087373599555E-02,-9.836845313908E-02));
#948 = CARTESIAN_POINT('',(-8.199126264004,-4.861508173953));
#949 = CARTESIAN_POINT('',(-16.449126264,-9.624647894768));
#950 = CARTESIAN_POINT('',(-16.449126264,-9.836845313908E-02));
#951 = ( GEOMETRIC_REPRESENTATION_CONTEXT(2) 
PARAMETRIC_REPRESENTATION_CONTEXT() REPRESENTATION_CONTEXT('2D SPACE',''
  ) );
#952 = ORIENTED_EDGE('',*,*,#953,.F.);
#953 = EDGE_CURVE('',#954,#926,#956,.T.);
#954 = VERTEX_POINT('',#955);
#955 = CARTESIAN_POINT('',(-21.81985566225,-35.,46.11496198628));
#956 = SURFACE_CURVE('',#957,(#963,#972),.PCURVE_S1.);
#957 = B_SPLINE_CURVE_WITH_KNOTS('',4,(#958,#959,#960,#961,#962),
  .UNSPECIFIED.,.F.,.F.,(5,5),(0.,1.),.PIECEWISE_BEZIER_KNOTS.);
#958 = CARTESIAN_POINT('',(-21.81985566225,-35.0000006,46.11496198628));
#959 = CARTESIAN_POINT('',(-21.81985566225,-33.5000003,46.11496198628));
#960 = CARTESIAN_POINT('',(-21.81985566225,-32.,46.11496198628));
#961 = CARTESIAN_POINT('',(-21.81985566225,-30.4999997,46.11496198628));
#962 = CARTESIAN_POINT('',(-21.81985566225,-28.9999994,46.11496198628));
#963 = PCURVE('',#372,#964);
#964 = DEFINITIONAL_REPRESENTATION('',(#965),#971);
#965 = B_SPLINE_CURVE_WITH_KNOTS('',4,(#966,#967,#968,#969,#970),
  .UNSPECIFIED.,.F.,.F.,(5,5),(0.,1.),.PIECEWISE_BEZIER_KNOTS.);
#966 = CARTESIAN_POINT('',(2.493571216389,7.0000006));
#967 = CARTESIAN_POINT('',(2.493571216389,5.5000003));
#968 = CARTESIAN_POINT('',(2.493571216389,4.));
#969 = CARTESIAN_POINT('',(2.493571216389,2.4999997));
#970 = CARTESIAN_POINT('',(2.493571216389,0.9999994));
#971 = ( GEOMETRIC_REPRESENTATION_CONTEXT(2) 
PARAMETRIC_REPRESENTATION_CONTEXT() REPRESENTATION_CONTEXT('2D SPACE',''
  ) );
#972 = PCURVE('',#973,#984);
#973 = SURFACE_OF_LINEAR_EXTRUSION('',#974,#982);
#974 = B_SPLINE_CURVE_WITH_KNOTS('',3,(#975,#976,#977,#978,#979,#980,
    #981),.UNSPECIFIED.,.F.,.F.,(4,1,1,1,4),(0.,2.604323328621,
    5.900533273391,9.196743218161,13.104747824095),.UNSPECIFIED.);
#975 = CARTESIAN_POINT('',(-23.,-29.,37.5));
#976 = CARTESIAN_POINT('',(-23.01872425777,-29.,38.37444035527));
#977 = CARTESIAN_POINT('',(-22.88009948712,-29.,40.335143010996));
#978 = CARTESIAN_POINT('',(-22.2931608356,-29.,43.349272453751));
#979 = CARTESIAN_POINT('',(-21.66659464996,-29.,46.795304164229));
#980 = CARTESIAN_POINT('',(-21.46074669741,-29.,49.185737106203));
#981 = CARTESIAN_POINT('',(-21.5,-29.,50.5));
#982 = VECTOR('',#983,1.);
#983 = DIRECTION('',(2.22044604925E-16,1.,-0.));
#984 = DEFINITIONAL_REPRESENTATION('',(#985),#991);
#985 = B_SPLINE_CURVE_WITH_KNOTS('',4,(#986,#987,#988,#989,#990),
  .UNSPECIFIED.,.F.,.F.,(5,5),(0.,1.),.PIECEWISE_BEZIER_KNOTS.);
#986 = CARTESIAN_POINT('',(8.706218110226,-6.0000006));
#987 = CARTESIAN_POINT('',(8.706218110226,-4.5000003));
#988 = CARTESIAN_POINT('',(8.706218110226,-3.));
#989 = CARTESIAN_POINT('',(8.706218110226,-1.4999997));
#990 = CARTESIAN_POINT('',(8.706218110226,5.999999999062E-07));
#991 = ( GEOMETRIC_REPRESENTATION_CONTEXT(2) 
PARAMETRIC_REPRESENTATION_CONTEXT() REPRESENTATION_CONTEXT('2D SPACE',''
  ) );
#992 = ORIENTED_EDGE('',*,*,#993,.T.);
#993 = EDGE_CURVE('',#954,#994,#996,.T.);
#994 = VERTEX_POINT('',#995);
#995 = CARTESIAN_POINT('',(-15.18014433774,-35.,46.11496198628));
#996 = SURFACE_CURVE('',#997,(#1002,#1009),.PCURVE_S1.);
#997 = CIRCLE('',#998,5.5);
#998 = AXIS2_PLACEMENT_3D('',#999,#1000,#1001);
#999 = CARTESIAN_POINT('',(-18.5,-35.,50.5));
#1000 = DIRECTION('',(-2.22044604925E-16,-1.,0.));
#1001 = DIRECTION('',(0.,0.,1.));
#1002 = PCURVE('',#372,#1003);
#1003 = DEFINITIONAL_REPRESENTATION('',(#1004),#1008);
#1004 = LINE('',#1005,#1006);
#1005 = CARTESIAN_POINT('',(0.,7.));
#1006 = VECTOR('',#1007,1.);
#1007 = DIRECTION('',(1.,0.));
#1008 = ( GEOMETRIC_REPRESENTATION_CONTEXT(2) 
PARAMETRIC_REPRESENTATION_CONTEXT() REPRESENTATION_CONTEXT('2D SPACE',''
  ) );
#1009 = PCURVE('',#1010,#1015);
#1010 = PLANE('',#1011);
#1011 = AXIS2_PLACEMENT_3D('',#1012,#1013,#1014);
#1012 = CARTESIAN_POINT('',(-18.5,-35.,43.524809009318));
#1013 = DIRECTION('',(-2.22044604925E-16,-1.,0.));
#1014 = DIRECTION('',(0.,0.,1.));
#1015 = DEFINITIONAL_REPRESENTATION('',(#1016),#1020);
#1016 = CIRCLE('',#1017,5.5);
#1017 = AXIS2_PLACEMENT_2D('',#1018,#1019);
#1018 = CARTESIAN_POINT('',(6.975190990682,0.));
#1019 = DIRECTION('',(1.,0.));
#1020 = ( GEOMETRIC_REPRESENTATION_CONTEXT(2) 
PARAMETRIC_REPRESENTATION_CONTEXT() REPRESENTATION_CONTEXT('2D SPACE',''
  ) );
#1021 = ORIENTED_EDGE('',*,*,#1022,.T.);
#1022 = EDGE_CURVE('',#994,#1023,#1025,.T.);
#1023 = VERTEX_POINT('',#1024);
#1024 = CARTESIAN_POINT('',(-15.18014433774,-33.,46.11496198628));
#1025 = SURFACE_CURVE('',#1026,(#1032,#1041),.PCURVE_S1.);
#1026 = B_SPLINE_CURVE_WITH_KNOTS('',4,(#1027,#1028,#1029,#1030,#1031),
  .UNSPECIFIED.,.F.,.F.,(5,5),(0.,1.),.PIECEWISE_BEZIER_KNOTS.);
#1027 = CARTESIAN_POINT('',(-15.18014433774,-35.0000006,46.11496198628)
  );
#1028 = CARTESIAN_POINT('',(-15.18014433774,-33.5000003,46.11496198628)
  );
#1029 = CARTESIAN_POINT('',(-15.18014433774,-32.,46.11496198628));
#1030 = CARTESIAN_POINT('',(-15.18014433774,-30.4999997,46.11496198628)
  );
#1031 = CARTESIAN_POINT('',(-15.18014433774,-28.9999994,46.11496198628)
  );
#1032 = PCURVE('',#372,#1033);
#1033 = DEFINITIONAL_REPRESENTATION('',(#1034),#1040);
#1034 = B_SPLINE_CURVE_WITH_KNOTS('',4,(#1035,#1036,#1037,#1038,#1039),
  .UNSPECIFIED.,.F.,.F.,(5,5),(0.,1.),.PIECEWISE_BEZIER_KNOTS.);
#1035 = CARTESIAN_POINT('',(3.789614090791,7.0000006));
#1036 = CARTESIAN_POINT('',(3.789614090791,5.5000003));
#1037 = CARTESIAN_POINT('',(3.789614090791,4.));
#1038 = CARTESIAN_POINT('',(3.789614090791,2.4999997));
#1039 = CARTESIAN_POINT('',(3.789614090791,0.9999994));
#1040 = ( GEOMETRIC_REPRESENTATION_CONTEXT(2) 
PARAMETRIC_REPRESENTATION_CONTEXT() REPRESENTATION_CONTEXT('2D SPACE',''
  ) );
#1041 = PCURVE('',#704,#1042);
#1042 = DEFINITIONAL_REPRESENTATION('',(#1043),#1049);
#1043 = B_SPLINE_CURVE_WITH_KNOTS('',4,(#1044,#1045,#1046,#1047,#1048),
  .UNSPECIFIED.,.F.,.F.,(5,5),(0.,1.),.PIECEWISE_BEZIER_KNOTS.);
#1044 = CARTESIAN_POINT('',(4.398529713869,-6.0000006));
#1045 = CARTESIAN_POINT('',(4.398529713869,-4.5000003));
#1046 = CARTESIAN_POINT('',(4.398529713869,-3.));
#1047 = CARTESIAN_POINT('',(4.398529713869,-1.4999997));
#1048 = CARTESIAN_POINT('',(4.398529713869,5.999999999062E-07));
#1049 = ( GEOMETRIC_REPRESENTATION_CONTEXT(2) 
PARAMETRIC_REPRESENTATION_CONTEXT() REPRESENTATION_CONTEXT('2D SPACE',''
  ) );
#1050 = ORIENTED_EDGE('',*,*,#1051,.T.);
#1051 = EDGE_CURVE('',#1023,#1052,#1054,.T.);
#1052 = VERTEX_POINT('',#1053);
#1053 = CARTESIAN_POINT('',(-14.,-33.,47.337722339832));
#1054 = SURFACE_CURVE('',#1055,(#1060,#1067),.PCURVE_S1.);
#1055 = CIRCLE('',#1056,5.5);
#1056 = AXIS2_PLACEMENT_3D('',#1057,#1058,#1059);
#1057 = CARTESIAN_POINT('',(-18.5,-33.,50.5));
#1058 = DIRECTION('',(-2.22044604925E-16,-1.,0.));
#1059 = DIRECTION('',(0.,0.,1.));
#1060 = PCURVE('',#372,#1061);
#1061 = DEFINITIONAL_REPRESENTATION('',(#1062),#1066);
#1062 = LINE('',#1063,#1064);
#1063 = CARTESIAN_POINT('',(0.,5.));
#1064 = VECTOR('',#1065,1.);
#1065 = DIRECTION('',(1.,0.));
#1066 = ( GEOMETRIC_REPRESENTATION_CONTEXT(2) 
PARAMETRIC_REPRESENTATION_CONTEXT() REPRESENTATION_CONTEXT('2D SPACE',''
  ) );
#1067 = PCURVE('',#672,#1068);
#1068 = DEFINITIONAL_REPRESENTATION('',(#1069),#1073);
#1069 = CIRCLE('',#1070,5.5);
#1070 = AXIS2_PLACEMENT_2D('',#1071,#1072);
#1071 = CARTESIAN_POINT('',(0.,18.5));
#1072 = DIRECTION('',(1.,0.));
#1073 = ( GEOMETRIC_REPRESENTATION_CONTEXT(2) 
PARAMETRIC_REPRESENTATION_CONTEXT() REPRESENTATION_CONTEXT('2D SPACE',''
  ) );
#1074 = ORIENTED_EDGE('',*,*,#1075,.T.);
#1075 = EDGE_CURVE('',#1052,#1076,#1078,.T.);
#1076 = VERTEX_POINT('',#1077);
#1077 = CARTESIAN_POINT('',(-14.,-36.5,47.337722339832));
#1078 = SURFACE_CURVE('',#1079,(#1083,#1089),.PCURVE_S1.);
#1079 = LINE('',#1080,#1081);
#1080 = CARTESIAN_POINT('',(-14.,-28.,47.337722339832));
#1081 = VECTOR('',#1082,1.);
#1082 = DIRECTION('',(-2.22044604925E-16,-1.,0.));
#1083 = PCURVE('',#372,#1084);
#1084 = DEFINITIONAL_REPRESENTATION('',(#1085),#1088);
#1085 = B_SPLINE_CURVE_WITH_KNOTS('',1,(#1086,#1087),.UNSPECIFIED.,.F.,
  .F.,(2,2),(4.6,8.5000006),.PIECEWISE_BEZIER_KNOTS.);
#1086 = CARTESIAN_POINT('',(4.099834242045,4.6));
#1087 = CARTESIAN_POINT('',(4.099834242045,8.5000006));
#1088 = ( GEOMETRIC_REPRESENTATION_CONTEXT(2) 
PARAMETRIC_REPRESENTATION_CONTEXT() REPRESENTATION_CONTEXT('2D SPACE',''
  ) );
#1089 = PCURVE('',#804,#1090);
#1090 = DEFINITIONAL_REPRESENTATION('',(#1091),#1094);
#1091 = B_SPLINE_CURVE_WITH_KNOTS('',1,(#1092,#1093),.UNSPECIFIED.,.F.,
  .F.,(2,2),(4.6,8.5000006),.PIECEWISE_BEZIER_KNOTS.);
#1092 = CARTESIAN_POINT('',(4.837722339832,-0.4));
#1093 = CARTESIAN_POINT('',(4.837722339832,3.5000006));
#1094 = ( GEOMETRIC_REPRESENTATION_CONTEXT(2) 
PARAMETRIC_REPRESENTATION_CONTEXT() REPRESENTATION_CONTEXT('2D SPACE',''
  ) );
#1095 = ORIENTED_EDGE('',*,*,#1096,.F.);
#1096 = EDGE_CURVE('',#761,#1076,#1097,.T.);
#1097 = SURFACE_CURVE('',#1098,(#1103,#1110),.PCURVE_S1.);
#1098 = CIRCLE('',#1099,5.5);
#1099 = AXIS2_PLACEMENT_3D('',#1100,#1101,#1102);
#1100 = CARTESIAN_POINT('',(-18.5,-36.5,50.5));
#1101 = DIRECTION('',(-2.22044604925E-16,-1.,0.));
#1102 = DIRECTION('',(0.,0.,1.));
#1103 = PCURVE('',#372,#1104);
#1104 = DEFINITIONAL_REPRESENTATION('',(#1105),#1109);
#1105 = LINE('',#1106,#1107);
#1106 = CARTESIAN_POINT('',(0.,8.5));
#1107 = VECTOR('',#1108,1.);
#1108 = DIRECTION('',(1.,0.));
#1109 = ( GEOMETRIC_REPRESENTATION_CONTEXT(2) 
PARAMETRIC_REPRESENTATION_CONTEXT() REPRESENTATION_CONTEXT('2D SPACE',''
  ) );
#1110 = PCURVE('',#777,#1111);
#1111 = DEFINITIONAL_REPRESENTATION('',(#1112),#1116);
#1112 = CIRCLE('',#1113,5.5);
#1113 = AXIS2_PLACEMENT_2D('',#1114,#1115);
#1114 = CARTESIAN_POINT('',(0.,0.));
#1115 = DIRECTION('',(1.,0.));
#1116 = ( GEOMETRIC_REPRESENTATION_CONTEXT(2) 
PARAMETRIC_REPRESENTATION_CONTEXT() REPRESENTATION_CONTEXT('2D SPACE',''
  ) );
#1117 = FACE_BOUND('',#1118,.T.);
#1118 = EDGE_LOOP('',(#1119,#1150,#1177,#1210));
#1119 = ORIENTED_EDGE('',*,*,#1120,.F.);
#1120 = EDGE_CURVE('',#1121,#1123,#1125,.T.);
#1121 = VERTEX_POINT('',#1122);
#1122 = CARTESIAN_POINT('',(-23.14192847855,-29.3,53.45));
#1123 = VERTEX_POINT('',#1124);
#1124 = CARTESIAN_POINT('',(-23.14192847855,-29.3,47.55));
#1125 = SURFACE_CURVE('',#1126,(#1131,#1138),.PCURVE_S1.);
#1126 = CIRCLE('',#1127,5.5);
#1127 = AXIS2_PLACEMENT_3D('',#1128,#1129,#1130);
#1128 = CARTESIAN_POINT('',(-18.5,-29.3,50.5));
#1129 = DIRECTION('',(-2.22044604925E-16,-1.,0.));
#1130 = DIRECTION('',(0.,0.,1.));
#1131 = PCURVE('',#372,#1132);
#1132 = DEFINITIONAL_REPRESENTATION('',(#1133),#1137);
#1133 = LINE('',#1134,#1135);
#1134 = CARTESIAN_POINT('',(0.,1.3));
#1135 = VECTOR('',#1136,1.);
#1136 = DIRECTION('',(1.,0.));
#1137 = ( GEOMETRIC_REPRESENTATION_CONTEXT(2) 
PARAMETRIC_REPRESENTATION_CONTEXT() REPRESENTATION_CONTEXT('2D SPACE',''
  ) );
#1138 = PCURVE('',#1139,#1144);
#1139 = PLANE('',#1140);
#1140 = AXIS2_PLACEMENT_3D('',#1141,#1142,#1143);
#1141 = CARTESIAN_POINT('',(-19.78887509822,-29.3,50.5));
#1142 = DIRECTION('',(-2.22044604925E-16,-1.,0.));
#1143 = DIRECTION('',(0.,0.,1.));
#1144 = DEFINITIONAL_REPRESENTATION('',(#1145),#1149);
#1145 = CIRCLE('',#1146,5.5);
#1146 = AXIS2_PLACEMENT_2D('',#1147,#1148);
#1147 = CARTESIAN_POINT('',(3.456833358872E-17,-1.288875098222));
#1148 = DIRECTION('',(1.,0.));
#1149 = ( GEOMETRIC_REPRESENTATION_CONTEXT(2) 
PARAMETRIC_REPRESENTATION_CONTEXT() REPRESENTATION_CONTEXT('2D SPACE',''
  ) );
#1150 = ORIENTED_EDGE('',*,*,#1151,.T.);
#1151 = EDGE_CURVE('',#1121,#1152,#1154,.T.);
#1152 = VERTEX_POINT('',#1153);
#1153 = CARTESIAN_POINT('',(-23.14192847855,-32.1,53.45));
#1154 = SURFACE_CURVE('',#1155,(#1159,#1165),.PCURVE_S1.);
#1155 = LINE('',#1156,#1157);
#1156 = CARTESIAN_POINT('',(-23.14192847855,-28.,53.45));
#1157 = VECTOR('',#1158,1.);
#1158 = DIRECTION('',(-2.22044604925E-16,-1.,0.));
#1159 = PCURVE('',#372,#1160);
#1160 = DEFINITIONAL_REPRESENTATION('',(#1161),#1164);
#1161 = B_SPLINE_CURVE_WITH_KNOTS('',1,(#1162,#1163),.UNSPECIFIED.,.F.,
  .F.,(2,2),(1.02,4.38),.PIECEWISE_BEZIER_KNOTS.);
#1162 = CARTESIAN_POINT('',(1.004673699825,1.02));
#1163 = CARTESIAN_POINT('',(1.004673699825,4.38));
#1164 = ( GEOMETRIC_REPRESENTATION_CONTEXT(2) 
PARAMETRIC_REPRESENTATION_CONTEXT() REPRESENTATION_CONTEXT('2D SPACE',''
  ) );
#1165 = PCURVE('',#1166,#1171);
#1166 = PLANE('',#1167);
#1167 = AXIS2_PLACEMENT_3D('',#1168,#1169,#1170);
#1168 = CARTESIAN_POINT('',(-19.96937259222,-30.7,53.45));
#1169 = DIRECTION('',(0.,0.,-1.));
#1170 = DIRECTION('',(2.22044604925E-16,1.,0.));
#1171 = DEFINITIONAL_REPRESENTATION('',(#1172),#1176);
#1172 = LINE('',#1173,#1174);
#1173 = CARTESIAN_POINT('',(2.7,-3.172555886331));
#1174 = VECTOR('',#1175,1.);
#1175 = DIRECTION('',(-1.,0.));
#1176 = ( GEOMETRIC_REPRESENTATION_CONTEXT(2) 
PARAMETRIC_REPRESENTATION_CONTEXT() REPRESENTATION_CONTEXT('2D SPACE',''
  ) );
#1177 = ORIENTED_EDGE('',*,*,#1178,.T.);
#1178 = EDGE_CURVE('',#1152,#1179,#1181,.T.);
#1179 = VERTEX_POINT('',#1180);
#1180 = CARTESIAN_POINT('',(-23.14192847855,-32.1,47.55));
#1181 = SURFACE_CURVE('',#1182,(#1187,#1194),.PCURVE_S1.);
#1182 = CIRCLE('',#1183,5.5);
#1183 = AXIS2_PLACEMENT_3D('',#1184,#1185,#1186);
#1184 = CARTESIAN_POINT('',(-18.5,-32.1,50.5));
#1185 = DIRECTION('',(-2.22044604925E-16,-1.,0.));
#1186 = DIRECTION('',(0.,0.,1.));
#1187 = PCURVE('',#372,#1188);
#1188 = DEFINITIONAL_REPRESENTATION('',(#1189),#1193);
#1189 = LINE('',#1190,#1191);
#1190 = CARTESIAN_POINT('',(0.,4.1));
#1191 = VECTOR('',#1192,1.);
#1192 = DIRECTION('',(1.,0.));
#1193 = ( GEOMETRIC_REPRESENTATION_CONTEXT(2) 
PARAMETRIC_REPRESENTATION_CONTEXT() REPRESENTATION_CONTEXT('2D SPACE',''
  ) );
#1194 = PCURVE('',#1195,#1200);
#1195 = PLANE('',#1196);
#1196 = AXIS2_PLACEMENT_3D('',#1197,#1198,#1199);
#1197 = CARTESIAN_POINT('',(-19.78887509822,-32.1,50.5));
#1198 = DIRECTION('',(2.22044604925E-16,1.,-0.));
#1199 = DIRECTION('',(0.,-0.,-1.));
#1200 = DEFINITIONAL_REPRESENTATION('',(#1201),#1209);
#1201 = ( BOUNDED_CURVE() B_SPLINE_CURVE(2,(#1202,#1203,#1204,#1205,
#1206,#1207,#1208),.UNSPECIFIED.,.T.,.F.) B_SPLINE_CURVE_WITH_KNOTS((1,2
    ,2,2,2,1),(-2.094395102393,0.,2.094395102393,4.188790204786,
6.28318530718,8.377580409573),.UNSPECIFIED.) CURVE() 
GEOMETRIC_REPRESENTATION_ITEM() RATIONAL_B_SPLINE_CURVE((1.,0.5,1.,0.5,
1.,0.5,1.)) REPRESENTATION_ITEM('') );
#1202 = CARTESIAN_POINT('',(-5.5,-1.288875098222));
#1203 = CARTESIAN_POINT('',(-5.5,8.237404343407));
#1204 = CARTESIAN_POINT('',(2.75,3.474264622592));
#1205 = CARTESIAN_POINT('',(11.,-1.288875098222));
#1206 = CARTESIAN_POINT('',(2.75,-6.052014819036));
#1207 = CARTESIAN_POINT('',(-5.5,-10.81515453985));
#1208 = CARTESIAN_POINT('',(-5.5,-1.288875098222));
#1209 = ( GEOMETRIC_REPRESENTATION_CONTEXT(2) 
PARAMETRIC_REPRESENTATION_CONTEXT() REPRESENTATION_CONTEXT('2D SPACE',''
  ) );
#1210 = ORIENTED_EDGE('',*,*,#1211,.F.);
#1211 = EDGE_CURVE('',#1123,#1179,#1212,.T.);
#1212 = SURFACE_CURVE('',#1213,(#1217,#1223),.PCURVE_S1.);
#1213 = LINE('',#1214,#1215);
#1214 = CARTESIAN_POINT('',(-23.14192847855,-28.,47.55));
#1215 = VECTOR('',#1216,1.);
#1216 = DIRECTION('',(-2.22044604925E-16,-1.,0.));
#1217 = PCURVE('',#372,#1218);
#1218 = DEFINITIONAL_REPRESENTATION('',(#1219),#1222);
#1219 = B_SPLINE_CURVE_WITH_KNOTS('',1,(#1220,#1221),.UNSPECIFIED.,.F.,
  .F.,(2,2),(1.02,4.38),.PIECEWISE_BEZIER_KNOTS.);
#1220 = CARTESIAN_POINT('',(2.136918953765,1.02));
#1221 = CARTESIAN_POINT('',(2.136918953765,4.38));
#1222 = ( GEOMETRIC_REPRESENTATION_CONTEXT(2) 
PARAMETRIC_REPRESENTATION_CONTEXT() REPRESENTATION_CONTEXT('2D SPACE',''
  ) );
#1223 = PCURVE('',#1224,#1229);
#1224 = PLANE('',#1225);
#1225 = AXIS2_PLACEMENT_3D('',#1226,#1227,#1228);
#1226 = CARTESIAN_POINT('',(-19.96937259222,-30.7,47.55));
#1227 = DIRECTION('',(0.,0.,1.));
#1228 = DIRECTION('',(-2.22044604925E-16,-1.,0.));
#1229 = DEFINITIONAL_REPRESENTATION('',(#1230),#1234);
#1230 = LINE('',#1231,#1232);
#1231 = CARTESIAN_POINT('',(-2.7,-3.172555886331));
#1232 = VECTOR('',#1233,1.);
#1233 = DIRECTION('',(1.,0.));
#1234 = ( GEOMETRIC_REPRESENTATION_CONTEXT(2) 
PARAMETRIC_REPRESENTATION_CONTEXT() REPRESENTATION_CONTEXT('2D SPACE',''
  ) );
#1235 = ADVANCED_FACE('',(#1236),#739,.T.);
#1236 = FACE_BOUND('',#1237,.T.);
#1237 = EDGE_LOOP('',(#1238,#1268,#1297,#1298,#1299,#1330,#1358,#1386,
    #1414));
#1238 = ORIENTED_EDGE('',*,*,#1239,.T.);
#1239 = EDGE_CURVE('',#1240,#1242,#1244,.T.);
#1240 = VERTEX_POINT('',#1241);
#1241 = CARTESIAN_POINT('',(-21.5,-29.,37.5));
#1242 = VERTEX_POINT('',#1243);
#1243 = CARTESIAN_POINT('',(-23.,-29.,37.5));
#1244 = SURFACE_CURVE('',#1245,(#1249,#1256),.PCURVE_S1.);
#1245 = LINE('',#1246,#1247);
#1246 = CARTESIAN_POINT('',(-14.,-29.,37.5));
#1247 = VECTOR('',#1248,1.);
#1248 = DIRECTION('',(-1.,2.22044604925E-16,0.));
#1249 = PCURVE('',#739,#1250);
#1250 = DEFINITIONAL_REPRESENTATION('',(#1251),#1255);
#1251 = LINE('',#1252,#1253);
#1252 = CARTESIAN_POINT('',(2.050873735996,-4.598368453139));
#1253 = VECTOR('',#1254,1.);
#1254 = DIRECTION('',(0.,1.));
#1255 = ( GEOMETRIC_REPRESENTATION_CONTEXT(2) 
PARAMETRIC_REPRESENTATION_CONTEXT() REPRESENTATION_CONTEXT('2D SPACE',''
  ) );
#1256 = PCURVE('',#1257,#1262);
#1257 = PLANE('',#1258);
#1258 = AXIS2_PLACEMENT_3D('',#1259,#1260,#1261);
#1259 = CARTESIAN_POINT('',(-18.5,-32.,37.5));
#1260 = DIRECTION('',(0.,0.,-1.));
#1261 = DIRECTION('',(2.22044604925E-16,1.,0.));
#1262 = DEFINITIONAL_REPRESENTATION('',(#1263),#1267);
#1263 = LINE('',#1264,#1265);
#1264 = CARTESIAN_POINT('',(3.,4.5));
#1265 = VECTOR('',#1266,1.);
#1266 = DIRECTION('',(0.,-1.));
#1267 = ( GEOMETRIC_REPRESENTATION_CONTEXT(2) 
PARAMETRIC_REPRESENTATION_CONTEXT() REPRESENTATION_CONTEXT('2D SPACE',''
  ) );
#1268 = ORIENTED_EDGE('',*,*,#1269,.T.);
#1269 = EDGE_CURVE('',#1242,#926,#1270,.T.);
#1270 = SURFACE_CURVE('',#1271,(#1279,#1290),.PCURVE_S1.);
#1271 = B_SPLINE_CURVE_WITH_KNOTS('',3,(#1272,#1273,#1274,#1275,#1276,
    #1277,#1278),.UNSPECIFIED.,.F.,.F.,(4,1,1,1,4),(0.,2.604323328621,
    5.900533273391,9.196743218161,13.104747824095),.UNSPECIFIED.);
#1272 = CARTESIAN_POINT('',(-23.,-29.,37.5));
#1273 = CARTESIAN_POINT('',(-23.01872425777,-29.,38.37444035527));
#1274 = CARTESIAN_POINT('',(-22.88009948712,-29.,40.335143010996));
#1275 = CARTESIAN_POINT('',(-22.2931608356,-29.,43.349272453751));
#1276 = CARTESIAN_POINT('',(-21.66659464996,-29.,46.795304164229));
#1277 = CARTESIAN_POINT('',(-21.46074669741,-29.,49.185737106203));
#1278 = CARTESIAN_POINT('',(-21.5,-29.,50.5));
#1279 = PCURVE('',#739,#1280);
#1280 = DEFINITIONAL_REPRESENTATION('',(#1281),#1289);
#1281 = B_SPLINE_CURVE_WITH_KNOTS('',3,(#1282,#1283,#1284,#1285,#1286,
    #1287,#1288),.UNSPECIFIED.,.F.,.F.,(4,1,1,1,4),(0.,2.604323328621,
    5.900533273391,9.196743218161,13.104747824095),.UNSPECIFIED.);
#1282 = CARTESIAN_POINT('',(2.050873735996,4.401631546861));
#1283 = CARTESIAN_POINT('',(1.176433380726,4.420355804632));
#1284 = CARTESIAN_POINT('',(-0.784269275,4.28173103399));
#1285 = CARTESIAN_POINT('',(-3.798398717755,3.694792382464));
#1286 = CARTESIAN_POINT('',(-7.244430428233,3.068226196825));
#1287 = CARTESIAN_POINT('',(-9.634863370208,2.86237824428));
#1288 = CARTESIAN_POINT('',(-10.949126264,2.901631546861));
#1289 = ( GEOMETRIC_REPRESENTATION_CONTEXT(2) 
PARAMETRIC_REPRESENTATION_CONTEXT() REPRESENTATION_CONTEXT('2D SPACE',''
  ) );
#1290 = PCURVE('',#973,#1291);
#1291 = DEFINITIONAL_REPRESENTATION('',(#1292),#1296);
#1292 = LINE('',#1293,#1294);
#1293 = CARTESIAN_POINT('',(0.,0.));
#1294 = VECTOR('',#1295,1.);
#1295 = DIRECTION('',(1.,0.));
#1296 = ( GEOMETRIC_REPRESENTATION_CONTEXT(2) 
PARAMETRIC_REPRESENTATION_CONTEXT() REPRESENTATION_CONTEXT('2D SPACE',''
  ) );
#1297 = ORIENTED_EDGE('',*,*,#925,.T.);
#1298 = ORIENTED_EDGE('',*,*,#724,.T.);
#1299 = ORIENTED_EDGE('',*,*,#1300,.T.);
#1300 = EDGE_CURVE('',#685,#1301,#1303,.T.);
#1301 = VERTEX_POINT('',#1302);
#1302 = CARTESIAN_POINT('',(-14.,-29.,37.5));
#1303 = SURFACE_CURVE('',#1304,(#1312,#1323),.PCURVE_S1.);
#1304 = B_SPLINE_CURVE_WITH_KNOTS('',3,(#1305,#1306,#1307,#1308,#1309,
    #1310,#1311),.UNSPECIFIED.,.F.,.F.,(4,1,1,1,4),(0.,3.908004605934,
    7.204214550704,10.500424495474,13.104747824095),.UNSPECIFIED.);
#1305 = CARTESIAN_POINT('',(-15.5,-29.,50.5));
#1306 = CARTESIAN_POINT('',(-15.53925330258,-29.,49.185737106203));
#1307 = CARTESIAN_POINT('',(-15.33340535003,-29.,46.795304164229));
#1308 = CARTESIAN_POINT('',(-14.70683916439,-29.,43.349272453751));
#1309 = CARTESIAN_POINT('',(-14.11990051287,-29.,40.335143010996));
#1310 = CARTESIAN_POINT('',(-13.98127574222,-29.,38.37444035527));
#1311 = CARTESIAN_POINT('',(-14.,-29.,37.5));
#1312 = PCURVE('',#739,#1313);
#1313 = DEFINITIONAL_REPRESENTATION('',(#1314),#1322);
#1314 = B_SPLINE_CURVE_WITH_KNOTS('',3,(#1315,#1316,#1317,#1318,#1319,
    #1320,#1321),.UNSPECIFIED.,.F.,.F.,(4,1,1,1,4),(0.,3.908004605934,
    7.204214550704,10.500424495474,13.104747824095),.UNSPECIFIED.);
#1315 = CARTESIAN_POINT('',(-10.949126264,-3.098368453139));
#1316 = CARTESIAN_POINT('',(-9.634863370208,-3.059115150558));
#1317 = CARTESIAN_POINT('',(-7.244430428233,-3.264963103103));
#1318 = CARTESIAN_POINT('',(-3.798398717755,-3.891529288742));
#1319 = CARTESIAN_POINT('',(-0.784269275,-4.478467940268));
#1320 = CARTESIAN_POINT('',(1.176433380726,-4.61709271091));
#1321 = CARTESIAN_POINT('',(2.050873735996,-4.598368453139));
#1322 = ( GEOMETRIC_REPRESENTATION_CONTEXT(2) 
PARAMETRIC_REPRESENTATION_CONTEXT() REPRESENTATION_CONTEXT('2D SPACE',''
  ) );
#1323 = PCURVE('',#704,#1324);
#1324 = DEFINITIONAL_REPRESENTATION('',(#1325),#1329);
#1325 = LINE('',#1326,#1327);
#1326 = CARTESIAN_POINT('',(0.,0.));
#1327 = VECTOR('',#1328,1.);
#1328 = DIRECTION('',(1.,0.));
#1329 = ( GEOMETRIC_REPRESENTATION_CONTEXT(2) 
PARAMETRIC_REPRESENTATION_CONTEXT() REPRESENTATION_CONTEXT('2D SPACE',''
  ) );
#1330 = ORIENTED_EDGE('',*,*,#1331,.T.);
#1331 = EDGE_CURVE('',#1301,#1332,#1334,.T.);
#1332 = VERTEX_POINT('',#1333);
#1333 = CARTESIAN_POINT('',(-15.5,-29.,37.5));
#1334 = SURFACE_CURVE('',#1335,(#1339,#1346),.PCURVE_S1.);
#1335 = LINE('',#1336,#1337);
#1336 = CARTESIAN_POINT('',(-14.,-29.,37.5));
#1337 = VECTOR('',#1338,1.);
#1338 = DIRECTION('',(-1.,2.22044604925E-16,0.));
#1339 = PCURVE('',#739,#1340);
#1340 = DEFINITIONAL_REPRESENTATION('',(#1341),#1345);
#1341 = LINE('',#1342,#1343);
#1342 = CARTESIAN_POINT('',(2.050873735996,-4.598368453139));
#1343 = VECTOR('',#1344,1.);
#1344 = DIRECTION('',(0.,1.));
#1345 = ( GEOMETRIC_REPRESENTATION_CONTEXT(2) 
PARAMETRIC_REPRESENTATION_CONTEXT() REPRESENTATION_CONTEXT('2D SPACE',''
  ) );
#1346 = PCURVE('',#1347,#1352);
#1347 = PLANE('',#1348);
#1348 = AXIS2_PLACEMENT_3D('',#1349,#1350,#1351);
#1349 = CARTESIAN_POINT('',(-18.5,-32.,37.5));
#1350 = DIRECTION('',(0.,0.,-1.));
#1351 = DIRECTION('',(2.22044604925E-16,1.,0.));
#1352 = DEFINITIONAL_REPRESENTATION('',(#1353),#1357);
#1353 = LINE('',#1354,#1355);
#1354 = CARTESIAN_POINT('',(3.,4.5));
#1355 = VECTOR('',#1356,1.);
#1356 = DIRECTION('',(0.,-1.));
#1357 = ( GEOMETRIC_REPRESENTATION_CONTEXT(2) 
PARAMETRIC_REPRESENTATION_CONTEXT() REPRESENTATION_CONTEXT('2D SPACE',''
  ) );
#1358 = ORIENTED_EDGE('',*,*,#1359,.F.);
#1359 = EDGE_CURVE('',#1360,#1332,#1362,.T.);
#1360 = VERTEX_POINT('',#1361);
#1361 = CARTESIAN_POINT('',(-15.5,-29.,33.5));
#1362 = SURFACE_CURVE('',#1363,(#1367,#1374),.PCURVE_S1.);
#1363 = LINE('',#1364,#1365);
#1364 = CARTESIAN_POINT('',(-15.5,-29.,33.5));
#1365 = VECTOR('',#1366,1.);
#1366 = DIRECTION('',(0.,0.,1.));
#1367 = PCURVE('',#739,#1368);
#1368 = DEFINITIONAL_REPRESENTATION('',(#1369),#1373);
#1369 = LINE('',#1370,#1371);
#1370 = CARTESIAN_POINT('',(6.050873735996,-3.098368453139));
#1371 = VECTOR('',#1372,1.);
#1372 = DIRECTION('',(-1.,0.));
#1373 = ( GEOMETRIC_REPRESENTATION_CONTEXT(2) 
PARAMETRIC_REPRESENTATION_CONTEXT() REPRESENTATION_CONTEXT('2D SPACE',''
  ) );
#1374 = PCURVE('',#1375,#1380);
#1375 = CYLINDRICAL_SURFACE('',#1376,3.);
#1376 = AXIS2_PLACEMENT_3D('',#1377,#1378,#1379);
#1377 = CARTESIAN_POINT('',(-15.5,-32.,33.5));
#1378 = DIRECTION('',(0.,0.,1.));
#1379 = DIRECTION('',(-2.22044604925E-16,-1.,0.));
#1380 = DEFINITIONAL_REPRESENTATION('',(#1381),#1385);
#1381 = LINE('',#1382,#1383);
#1382 = CARTESIAN_POINT('',(3.14159265359,0.));
#1383 = VECTOR('',#1384,1.);
#1384 = DIRECTION('',(0.,1.));
#1385 = ( GEOMETRIC_REPRESENTATION_CONTEXT(2) 
PARAMETRIC_REPRESENTATION_CONTEXT() REPRESENTATION_CONTEXT('2D SPACE',''
  ) );
#1386 = ORIENTED_EDGE('',*,*,#1387,.F.);
#1387 = EDGE_CURVE('',#1388,#1360,#1390,.T.);
#1388 = VERTEX_POINT('',#1389);
#1389 = CARTESIAN_POINT('',(-21.5,-29.,33.5));
#1390 = SURFACE_CURVE('',#1391,(#1395,#1402),.PCURVE_S1.);
#1391 = LINE('',#1392,#1393);
#1392 = CARTESIAN_POINT('',(-21.5,-29.,33.5));
#1393 = VECTOR('',#1394,1.);
#1394 = DIRECTION('',(1.,-2.22044604925E-16,0.));
#1395 = PCURVE('',#739,#1396);
#1396 = DEFINITIONAL_REPRESENTATION('',(#1397),#1401);
#1397 = LINE('',#1398,#1399);
#1398 = CARTESIAN_POINT('',(6.050873735996,2.901631546861));
#1399 = VECTOR('',#1400,1.);
#1400 = DIRECTION('',(0.,-1.));
#1401 = ( GEOMETRIC_REPRESENTATION_CONTEXT(2) 
PARAMETRIC_REPRESENTATION_CONTEXT() REPRESENTATION_CONTEXT('2D SPACE',''
  ) );
#1402 = PCURVE('',#1403,#1408);
#1403 = PLANE('',#1404);
#1404 = AXIS2_PLACEMENT_3D('',#1405,#1406,#1407);
#1405 = CARTESIAN_POINT('',(-8.252743371786E-15,-37.16705197396,33.5));
#1406 = DIRECTION('',(0.,0.,-1.));
#1407 = DIRECTION('',(2.22044604925E-16,1.,0.));
#1408 = DEFINITIONAL_REPRESENTATION('',(#1409),#1413);
#1409 = LINE('',#1410,#1411);
#1410 = CARTESIAN_POINT('',(8.167051973961,-21.5));
#1411 = VECTOR('',#1412,1.);
#1412 = DIRECTION('',(0.,1.));
#1413 = ( GEOMETRIC_REPRESENTATION_CONTEXT(2) 
PARAMETRIC_REPRESENTATION_CONTEXT() REPRESENTATION_CONTEXT('2D SPACE',''
  ) );
#1414 = ORIENTED_EDGE('',*,*,#1415,.T.);
#1415 = EDGE_CURVE('',#1388,#1240,#1416,.T.);
#1416 = SURFACE_CURVE('',#1417,(#1421,#1428),.PCURVE_S1.);
#1417 = LINE('',#1418,#1419);
#1418 = CARTESIAN_POINT('',(-21.5,-29.,33.5));
#1419 = VECTOR('',#1420,1.);
#1420 = DIRECTION('',(0.,0.,1.));
#1421 = PCURVE('',#739,#1422);
#1422 = DEFINITIONAL_REPRESENTATION('',(#1423),#1427);
#1423 = LINE('',#1424,#1425);
#1424 = CARTESIAN_POINT('',(6.050873735996,2.901631546861));
#1425 = VECTOR('',#1426,1.);
#1426 = DIRECTION('',(-1.,0.));
#1427 = ( GEOMETRIC_REPRESENTATION_CONTEXT(2) 
PARAMETRIC_REPRESENTATION_CONTEXT() REPRESENTATION_CONTEXT('2D SPACE',''
  ) );
#1428 = PCURVE('',#1429,#1434);
#1429 = CYLINDRICAL_SURFACE('',#1430,3.);
#1430 = AXIS2_PLACEMENT_3D('',#1431,#1432,#1433);
#1431 = CARTESIAN_POINT('',(-21.5,-32.,33.5));
#1432 = DIRECTION('',(0.,0.,1.));
#1433 = DIRECTION('',(-2.22044604925E-16,-1.,0.));
#1434 = DEFINITIONAL_REPRESENTATION('',(#1435),#1439);
#1435 = LINE('',#1436,#1437);
#1436 = CARTESIAN_POINT('',(3.14159265359,0.));
#1437 = VECTOR('',#1438,1.);
#1438 = DIRECTION('',(0.,1.));
#1439 = ( GEOMETRIC_REPRESENTATION_CONTEXT(2) 
PARAMETRIC_REPRESENTATION_CONTEXT() REPRESENTATION_CONTEXT('2D SPACE',''
  ) );
#1440 = ADVANCED_FACE('',(#1441),#704,.T.);
#1441 = FACE_BOUND('',#1442,.T.);
#1442 = EDGE_LOOP('',(#1443,#1444,#1445,#1517,#1518,#1549,#1586,#1618));
#1443 = ORIENTED_EDGE('',*,*,#1300,.F.);
#1444 = ORIENTED_EDGE('',*,*,#684,.F.);
#1445 = ORIENTED_EDGE('',*,*,#1446,.T.);
#1446 = EDGE_CURVE('',#656,#1023,#1447,.T.);
#1447 = SURFACE_CURVE('',#1448,(#1469,#1493),.PCURVE_S1.);
#1448 = B_SPLINE_CURVE_WITH_KNOTS('',4,(#1449,#1450,#1451,#1452,#1453,
    #1454,#1455,#1456,#1457,#1458,#1459,#1460,#1461,#1462,#1463,#1464,
    #1465,#1466,#1467,#1468),.UNSPECIFIED.,.F.,.F.,(5,3,3,3,3,3,5),(0.,
    0.17102900538,0.29842085107,0.488438987118,0.743072026797,
    0.870331929771,1.),.UNSPECIFIED.);
#1449 = CARTESIAN_POINT('',(-14.38664477094,-33.,41.653097958677));
#1450 = CARTESIAN_POINT('',(-14.42892941108,-33.,41.895988258171));
#1451 = CARTESIAN_POINT('',(-14.47279715564,-33.,42.138650874231));
#1452 = CARTESIAN_POINT('',(-14.51770593371,-33.,42.381156652547));
#1453 = CARTESIAN_POINT('',(-14.59694287543,-33.,42.804161698191));
#1454 = CARTESIAN_POINT('',(-14.63104705496,-33.,42.984694544047));
#1455 = CARTESIAN_POINT('',(-14.66520782376,-33.,43.165218288615));
#1456 = CARTESIAN_POINT('',(-14.74991010059,-33.,43.615072752638));
#1457 = CARTESIAN_POINT('',(-14.80024569402,-33.,43.884433561552));
#1458 = CARTESIAN_POINT('',(-14.8498449056,-33.,44.153904894969));
#1459 = CARTESIAN_POINT('',(-14.96332867975,-33.,44.784859681015));
#1460 = CARTESIAN_POINT('',(-15.02633558086,-33.,45.146471504072));
#1461 = CARTESIAN_POINT('',(-15.08647991678,-33.,45.508499187018));
#1462 = CARTESIAN_POINT('',(-15.17105350278,-33.,46.052225795806));
#1463 = CARTESIAN_POINT('',(-15.19829877606,-33.,46.233541621145));
#1464 = CARTESIAN_POINT('',(-15.22449524309,-33.,46.414996415936));
#1465 = CARTESIAN_POINT('',(-15.27504107115,-33.,46.781637918408));
#1466 = CARTESIAN_POINT('',(-15.2993463975,-33.,46.966830165982));
#1467 = CARTESIAN_POINT('',(-15.3222972662,-33.,47.152188930567));
#1468 = CARTESIAN_POINT('',(-15.343743507,-33.,47.337722339832));
#1469 = PCURVE('',#704,#1470);
#1470 = DEFINITIONAL_REPRESENTATION('',(#1471),#1492);
#1471 = B_SPLINE_CURVE_WITH_KNOTS('',4,(#1472,#1473,#1474,#1475,#1476,
    #1477,#1478,#1479,#1480,#1481,#1482,#1483,#1484,#1485,#1486,#1487,
    #1488,#1489,#1490,#1491),.UNSPECIFIED.,.F.,.F.,(5,3,3,3,3,3,5),(0.,
    0.17102900538,0.29842085107,0.488438987118,0.743072026797,
    0.870331929771,1.),.UNSPECIFIED.);
#1472 = CARTESIAN_POINT('',(8.928203139522,-4.));
#1473 = CARTESIAN_POINT('',(8.681727754662,-4.));
#1474 = CARTESIAN_POINT('',(8.435300134539,-4.));
#1475 = CARTESIAN_POINT('',(8.188910318393,-4.));
#1476 = CARTESIAN_POINT('',(7.759026263119,-4.));
#1477 = CARTESIAN_POINT('',(7.575524448291,-4.));
#1478 = CARTESIAN_POINT('',(7.392024352522,-4.));
#1479 = CARTESIAN_POINT('',(6.934797937722,-4.));
#1480 = CARTESIAN_POINT('',(6.661063444581,-4.));
#1481 = CARTESIAN_POINT('',(6.387301275582,-4.));
#1482 = CARTESIAN_POINT('',(5.746601326959,-4.));
#1483 = CARTESIAN_POINT('',(5.379635701083,-4.));
#1484 = CARTESIAN_POINT('',(5.012585697746,-4.));
#1485 = CARTESIAN_POINT('',(4.461982127154,-4.));
#1486 = CARTESIAN_POINT('',(4.278483813005,-4.));
#1487 = CARTESIAN_POINT('',(4.094968854142,-4.));
#1488 = CARTESIAN_POINT('',(3.724441656892,-4.));
#1489 = CARTESIAN_POINT('',(3.537428976443,-4.));
#1490 = CARTESIAN_POINT('',(3.350407947141,-4.));
#1491 = CARTESIAN_POINT('',(3.163387578101,-4.));
#1492 = ( GEOMETRIC_REPRESENTATION_CONTEXT(2) 
PARAMETRIC_REPRESENTATION_CONTEXT() REPRESENTATION_CONTEXT('2D SPACE',''
  ) );
#1493 = PCURVE('',#672,#1494);
#1494 = DEFINITIONAL_REPRESENTATION('',(#1495),#1516);
#1495 = B_SPLINE_CURVE_WITH_KNOTS('',4,(#1496,#1497,#1498,#1499,#1500,
    #1501,#1502,#1503,#1504,#1505,#1506,#1507,#1508,#1509,#1510,#1511,
    #1512,#1513,#1514,#1515),.UNSPECIFIED.,.F.,.F.,(5,3,3,3,3,3,5),(0.,
    0.17102900538,0.29842085107,0.488438987118,0.743072026797,
    0.870331929771,1.),.UNSPECIFIED.);
#1496 = CARTESIAN_POINT('',(-8.846902041323,14.386644770942));
#1497 = CARTESIAN_POINT('',(-8.604011741829,14.42892941108));
#1498 = CARTESIAN_POINT('',(-8.361349125769,14.472797155644));
#1499 = CARTESIAN_POINT('',(-8.118843347453,14.517705933718));
#1500 = CARTESIAN_POINT('',(-7.695838301809,14.596942875437));
#1501 = CARTESIAN_POINT('',(-7.515305455953,14.631047054969));
#1502 = CARTESIAN_POINT('',(-7.334781711385,14.665207823766));
#1503 = CARTESIAN_POINT('',(-6.884927247362,14.749910100591));
#1504 = CARTESIAN_POINT('',(-6.615566438448,14.800245694027));
#1505 = CARTESIAN_POINT('',(-6.346095105031,14.8498449056));
#1506 = CARTESIAN_POINT('',(-5.715140318985,14.963328679759));
#1507 = CARTESIAN_POINT('',(-5.353528495928,15.026335580868));
#1508 = CARTESIAN_POINT('',(-4.991500812982,15.086479916783));
#1509 = CARTESIAN_POINT('',(-4.447774204194,15.171053502784));
#1510 = CARTESIAN_POINT('',(-4.266458378855,15.198298776066));
#1511 = CARTESIAN_POINT('',(-4.085003584064,15.224495243096));
#1512 = CARTESIAN_POINT('',(-3.718362081592,15.275041071155));
#1513 = CARTESIAN_POINT('',(-3.533169834018,15.299346397508));
#1514 = CARTESIAN_POINT('',(-3.347811069433,15.322297266204));
#1515 = CARTESIAN_POINT('',(-3.162277660168,15.343743507004));
#1516 = ( GEOMETRIC_REPRESENTATION_CONTEXT(2) 
PARAMETRIC_REPRESENTATION_CONTEXT() REPRESENTATION_CONTEXT('2D SPACE',''
  ) );
#1517 = ORIENTED_EDGE('',*,*,#1022,.F.);
#1518 = ORIENTED_EDGE('',*,*,#1519,.T.);
#1519 = EDGE_CURVE('',#994,#1520,#1522,.T.);
#1520 = VERTEX_POINT('',#1521);
#1521 = CARTESIAN_POINT('',(-14.04056974727,-35.,39.));
#1522 = SURFACE_CURVE('',#1523,(#1531,#1538),.PCURVE_S1.);
#1523 = B_SPLINE_CURVE_WITH_KNOTS('',3,(#1524,#1525,#1526,#1527,#1528,
    #1529,#1530),.UNSPECIFIED.,.F.,.F.,(4,1,1,1,4),(0.,3.908004605934,
    7.204214550704,10.500424495474,13.104747824095),.UNSPECIFIED.);
#1524 = CARTESIAN_POINT('',(-15.5,-35.,50.5));
#1525 = CARTESIAN_POINT('',(-15.53925330258,-35.,49.185737106203));
#1526 = CARTESIAN_POINT('',(-15.33340535003,-35.,46.795304164229));
#1527 = CARTESIAN_POINT('',(-14.70683916439,-35.,43.349272453751));
#1528 = CARTESIAN_POINT('',(-14.11990051287,-35.,40.335143010996));
#1529 = CARTESIAN_POINT('',(-13.98127574222,-35.,38.37444035527));
#1530 = CARTESIAN_POINT('',(-14.,-35.,37.5));
#1531 = PCURVE('',#704,#1532);
#1532 = DEFINITIONAL_REPRESENTATION('',(#1533),#1537);
#1533 = LINE('',#1534,#1535);
#1534 = CARTESIAN_POINT('',(0.,-6.));
#1535 = VECTOR('',#1536,1.);
#1536 = DIRECTION('',(1.,0.));
#1537 = ( GEOMETRIC_REPRESENTATION_CONTEXT(2) 
PARAMETRIC_REPRESENTATION_CONTEXT() REPRESENTATION_CONTEXT('2D SPACE',''
  ) );
#1538 = PCURVE('',#1010,#1539);
#1539 = DEFINITIONAL_REPRESENTATION('',(#1540),#1548);
#1540 = B_SPLINE_CURVE_WITH_KNOTS('',3,(#1541,#1542,#1543,#1544,#1545,
    #1546,#1547),.UNSPECIFIED.,.F.,.F.,(4,1,1,1,4),(0.,3.908004605934,
    7.204214550704,10.500424495474,13.104747824095),.UNSPECIFIED.);
#1541 = CARTESIAN_POINT('',(6.975190990682,-3.));
#1542 = CARTESIAN_POINT('',(5.660928096885,-2.960746697419));
#1543 = CARTESIAN_POINT('',(3.27049515491,-3.166594649964));
#1544 = CARTESIAN_POINT('',(-0.175536555568,-3.793160835603));
#1545 = CARTESIAN_POINT('',(-3.189665998323,-4.380099487129));
#1546 = CARTESIAN_POINT('',(-5.150368654048,-4.518724257771));
#1547 = CARTESIAN_POINT('',(-6.024809009318,-4.5));
#1548 = ( GEOMETRIC_REPRESENTATION_CONTEXT(2) 
PARAMETRIC_REPRESENTATION_CONTEXT() REPRESENTATION_CONTEXT('2D SPACE',''
  ) );
#1549 = ORIENTED_EDGE('',*,*,#1550,.T.);
#1550 = EDGE_CURVE('',#1520,#1551,#1553,.T.);
#1551 = VERTEX_POINT('',#1552);
#1552 = CARTESIAN_POINT('',(-14.04056974727,-29.37891943324,39.));
#1553 = SURFACE_CURVE('',#1554,(#1561,#1571),.PCURVE_S1.);
#1554 = B_SPLINE_CURVE_WITH_KNOTS('',5,(#1555,#1556,#1557,#1558,#1559,
    #1560),.UNSPECIFIED.,.F.,.F.,(6,6),(0.,1.),
  .PIECEWISE_BEZIER_KNOTS.);
#1555 = CARTESIAN_POINT('',(-14.04056974727,-35.0000006,39.));
#1556 = CARTESIAN_POINT('',(-14.04056974727,-33.82202923166,39.));
#1557 = CARTESIAN_POINT('',(-14.04056974727,-32.65906796202,39.));
#1558 = CARTESIAN_POINT('',(-14.04056974727,-31.43229083529,39.));
#1559 = CARTESIAN_POINT('',(-14.04056974727,-30.16845993231,39.));
#1560 = CARTESIAN_POINT('',(-14.04056974727,-29.,39.));
#1561 = PCURVE('',#704,#1562);
#1562 = DEFINITIONAL_REPRESENTATION('',(#1563),#1570);
#1563 = B_SPLINE_CURVE_WITH_KNOTS('',5,(#1564,#1565,#1566,#1567,#1568,
    #1569),.UNSPECIFIED.,.F.,.F.,(6,6),(0.,1.),
  .PIECEWISE_BEZIER_KNOTS.);
#1564 = CARTESIAN_POINT('',(11.607426294174,-6.0000006));
#1565 = CARTESIAN_POINT('',(11.607426294174,-4.822029231665));
#1566 = CARTESIAN_POINT('',(11.607426294174,-3.659067962884));
#1567 = CARTESIAN_POINT('',(11.607426294174,-2.432290833775));
#1568 = CARTESIAN_POINT('',(11.607426294174,-1.168459932917));
#1569 = CARTESIAN_POINT('',(11.607426294174,-5.999440944038E-10));
#1570 = ( GEOMETRIC_REPRESENTATION_CONTEXT(2) 
PARAMETRIC_REPRESENTATION_CONTEXT() REPRESENTATION_CONTEXT('2D SPACE',''
  ) );
#1571 = PCURVE('',#1572,#1577);
#1572 = PLANE('',#1573);
#1573 = AXIS2_PLACEMENT_3D('',#1574,#1575,#1576);
#1574 = CARTESIAN_POINT('',(-8.605032162957E-15,-37.16705197396,39.));
#1575 = DIRECTION('',(0.,0.,1.));
#1576 = DIRECTION('',(-2.22044604925E-16,-1.,0.));
#1577 = DEFINITIONAL_REPRESENTATION('',(#1578),#1585);
#1578 = B_SPLINE_CURVE_WITH_KNOTS('',5,(#1579,#1580,#1581,#1582,#1583,
    #1584),.UNSPECIFIED.,.F.,.F.,(6,6),(0.,1.),
  .PIECEWISE_BEZIER_KNOTS.);
#1579 = CARTESIAN_POINT('',(-2.167051373961,-14.04056974727));
#1580 = CARTESIAN_POINT('',(-3.345022742297,-14.04056974727));
#1581 = CARTESIAN_POINT('',(-4.507984011933,-14.04056974727));
#1582 = CARTESIAN_POINT('',(-5.734761138669,-14.04056974727));
#1583 = CARTESIAN_POINT('',(-6.998592041644,-14.04056974727));
#1584 = CARTESIAN_POINT('',(-8.167051973961,-14.04056974727));
#1585 = ( GEOMETRIC_REPRESENTATION_CONTEXT(2) 
PARAMETRIC_REPRESENTATION_CONTEXT() REPRESENTATION_CONTEXT('2D SPACE',''
  ) );
#1586 = ORIENTED_EDGE('',*,*,#1587,.F.);
#1587 = EDGE_CURVE('',#1588,#1551,#1590,.T.);
#1588 = VERTEX_POINT('',#1589);
#1589 = CARTESIAN_POINT('',(-14.,-29.40192378864,37.5));
#1590 = SURFACE_CURVE('',#1591,(#1598,#1608),.PCURVE_S1.);
#1591 = B_SPLINE_CURVE_WITH_KNOTS('',5,(#1592,#1593,#1594,#1595,#1596,
    #1597),.UNSPECIFIED.,.F.,.F.,(6,6),(0.,1.),
  .PIECEWISE_BEZIER_KNOTS.);
#1592 = CARTESIAN_POINT('',(-14.,-29.40192378864,37.5));
#1593 = CARTESIAN_POINT('',(-13.99356257006,-29.40564044055,
    37.800634000564));
#1594 = CARTESIAN_POINT('',(-13.99498124824,-29.40484823039,
    38.101077389129));
#1595 = CARTESIAN_POINT('',(-14.00370232936,-29.39973524263,
    38.401172392109));
#1596 = CARTESIAN_POINT('',(-14.01910938551,-29.39086866531,
    38.700825256462));
#1597 = CARTESIAN_POINT('',(-14.04056979031,-29.37891940927,39.0000006)
  );
#1598 = PCURVE('',#704,#1599);
#1599 = DEFINITIONAL_REPRESENTATION('',(#1600),#1607);
#1600 = B_SPLINE_CURVE_WITH_KNOTS('',5,(#1601,#1602,#1603,#1604,#1605,
    #1606),.UNSPECIFIED.,.F.,.F.,(6,6),(0.,1.),
  .PIECEWISE_BEZIER_KNOTS.);
#1601 = CARTESIAN_POINT('',(13.104747824095,-0.401923788647));
#1602 = CARTESIAN_POINT('',(12.806290974398,-0.405640440554));
#1603 = CARTESIAN_POINT('',(12.507139029422,-0.404848230394));
#1604 = CARTESIAN_POINT('',(12.207511579387,-0.399735242632));
#1605 = CARTESIAN_POINT('',(11.907571572607,-0.390868665318));
#1606 = CARTESIAN_POINT('',(11.607425692228,-0.378919409278));
#1607 = ( GEOMETRIC_REPRESENTATION_CONTEXT(2) 
PARAMETRIC_REPRESENTATION_CONTEXT() REPRESENTATION_CONTEXT('2D SPACE',''
  ) );
#1608 = PCURVE('',#1375,#1609);
#1609 = DEFINITIONAL_REPRESENTATION('',(#1610),#1617);
#1610 = B_SPLINE_CURVE_WITH_KNOTS('',5,(#1611,#1612,#1613,#1614,#1615,
    #1616),.UNSPECIFIED.,.F.,.F.,(6,6),(0.,1.),
  .PIECEWISE_BEZIER_KNOTS.);
#1611 = CARTESIAN_POINT('',(2.617993877991,4.));
#1612 = CARTESIAN_POINT('',(2.615516110053,4.300634000564));
#1613 = CARTESIAN_POINT('',(2.616057626046,4.601077389129));
#1614 = CARTESIAN_POINT('',(2.619427591356,4.901172392109));
#1615 = CARTESIAN_POINT('',(2.625352439797,5.200825256462));
#1616 = CARTESIAN_POINT('',(2.633540057101,5.5000006));
#1617 = ( GEOMETRIC_REPRESENTATION_CONTEXT(2) 
PARAMETRIC_REPRESENTATION_CONTEXT() REPRESENTATION_CONTEXT('2D SPACE',''
  ) );
#1618 = ORIENTED_EDGE('',*,*,#1619,.F.);
#1619 = EDGE_CURVE('',#1301,#1588,#1620,.T.);
#1620 = SURFACE_CURVE('',#1621,(#1625,#1632),.PCURVE_S1.);
#1621 = LINE('',#1622,#1623);
#1622 = CARTESIAN_POINT('',(-14.,-29.,37.5));
#1623 = VECTOR('',#1624,1.);
#1624 = DIRECTION('',(-2.22044604925E-16,-1.,0.));
#1625 = PCURVE('',#704,#1626);
#1626 = DEFINITIONAL_REPRESENTATION('',(#1627),#1631);
#1627 = LINE('',#1628,#1629);
#1628 = CARTESIAN_POINT('',(13.104747824095,0.));
#1629 = VECTOR('',#1630,1.);
#1630 = DIRECTION('',(0.,-1.));
#1631 = ( GEOMETRIC_REPRESENTATION_CONTEXT(2) 
PARAMETRIC_REPRESENTATION_CONTEXT() REPRESENTATION_CONTEXT('2D SPACE',''
  ) );
#1632 = PCURVE('',#1347,#1633);
#1633 = DEFINITIONAL_REPRESENTATION('',(#1634),#1638);
#1634 = LINE('',#1635,#1636);
#1635 = CARTESIAN_POINT('',(3.,4.5));
#1636 = VECTOR('',#1637,1.);
#1637 = DIRECTION('',(-1.,0.));
#1638 = ( GEOMETRIC_REPRESENTATION_CONTEXT(2) 
PARAMETRIC_REPRESENTATION_CONTEXT() REPRESENTATION_CONTEXT('2D SPACE',''
  ) );
#1639 = ADVANCED_FACE('',(#1640),#672,.T.);
#1640 = FACE_BOUND('',#1641,.T.);
#1641 = EDGE_LOOP('',(#1642,#1643,#1644,#1645,#1674));
#1642 = ORIENTED_EDGE('',*,*,#1051,.F.);
#1643 = ORIENTED_EDGE('',*,*,#1446,.F.);
#1644 = ORIENTED_EDGE('',*,*,#655,.T.);
#1645 = ORIENTED_EDGE('',*,*,#1646,.F.);
#1646 = EDGE_CURVE('',#1647,#628,#1649,.T.);
#1647 = VERTEX_POINT('',#1648);
#1648 = CARTESIAN_POINT('',(-14.,-33.,42.5));
#1649 = SURFACE_CURVE('',#1650,(#1655,#1662),.PCURVE_S1.);
#1650 = CIRCLE('',#1651,5.);
#1651 = AXIS2_PLACEMENT_3D('',#1652,#1653,#1654);
#1652 = CARTESIAN_POINT('',(-9.,-33.,42.5));
#1653 = DIRECTION('',(-2.22044604925E-16,-1.,0.));
#1654 = DIRECTION('',(0.,0.,1.));
#1655 = PCURVE('',#672,#1656);
#1656 = DEFINITIONAL_REPRESENTATION('',(#1657),#1661);
#1657 = CIRCLE('',#1658,5.);
#1658 = AXIS2_PLACEMENT_2D('',#1659,#1660);
#1659 = CARTESIAN_POINT('',(-8.,9.));
#1660 = DIRECTION('',(1.,0.));
#1661 = ( GEOMETRIC_REPRESENTATION_CONTEXT(2) 
PARAMETRIC_REPRESENTATION_CONTEXT() REPRESENTATION_CONTEXT('2D SPACE',''
  ) );
#1662 = PCURVE('',#1663,#1668);
#1663 = CYLINDRICAL_SURFACE('',#1664,5.);
#1664 = AXIS2_PLACEMENT_3D('',#1665,#1666,#1667);
#1665 = CARTESIAN_POINT('',(-9.,-33.,42.5));
#1666 = DIRECTION('',(-2.22044604925E-16,-1.,0.));
#1667 = DIRECTION('',(0.,0.,1.));
#1668 = DEFINITIONAL_REPRESENTATION('',(#1669),#1673);
#1669 = LINE('',#1670,#1671);
#1670 = CARTESIAN_POINT('',(0.,0.));
#1671 = VECTOR('',#1672,1.);
#1672 = DIRECTION('',(1.,0.));
#1673 = ( GEOMETRIC_REPRESENTATION_CONTEXT(2) 
PARAMETRIC_REPRESENTATION_CONTEXT() REPRESENTATION_CONTEXT('2D SPACE',''
  ) );
#1674 = ORIENTED_EDGE('',*,*,#1675,.T.);
#1675 = EDGE_CURVE('',#1647,#1052,#1676,.T.);
#1676 = SURFACE_CURVE('',#1677,(#1681,#1688),.PCURVE_S1.);
#1677 = LINE('',#1678,#1679);
#1678 = CARTESIAN_POINT('',(-14.,-33.,42.5));
#1679 = VECTOR('',#1680,1.);
#1680 = DIRECTION('',(0.,0.,1.));
#1681 = PCURVE('',#672,#1682);
#1682 = DEFINITIONAL_REPRESENTATION('',(#1683),#1687);
#1683 = LINE('',#1684,#1685);
#1684 = CARTESIAN_POINT('',(-8.,14.));
#1685 = VECTOR('',#1686,1.);
#1686 = DIRECTION('',(1.,0.));
#1687 = ( GEOMETRIC_REPRESENTATION_CONTEXT(2) 
PARAMETRIC_REPRESENTATION_CONTEXT() REPRESENTATION_CONTEXT('2D SPACE',''
  ) );
#1688 = PCURVE('',#804,#1689);
#1689 = DEFINITIONAL_REPRESENTATION('',(#1690),#1694);
#1690 = LINE('',#1691,#1692);
#1691 = CARTESIAN_POINT('',(0.,0.));
#1692 = VECTOR('',#1693,1.);
#1693 = DIRECTION('',(1.,0.));
#1694 = ( GEOMETRIC_REPRESENTATION_CONTEXT(2) 
PARAMETRIC_REPRESENTATION_CONTEXT() REPRESENTATION_CONTEXT('2D SPACE',''
  ) );
#1695 = ADVANCED_FACE('',(#1696),#527,.T.);
#1696 = FACE_BOUND('',#1697,.T.);
#1697 = EDGE_LOOP('',(#1698,#1728,#1751,#1779,#1801,#1827,#1828,#1829,
    #1830,#1831,#1832,#2083));
#1698 = ORIENTED_EDGE('',*,*,#1699,.T.);
#1699 = EDGE_CURVE('',#1700,#1702,#1704,.T.);
#1700 = VERTEX_POINT('',#1701);
#1701 = CARTESIAN_POINT('',(12.5,-33.,39.));
#1702 = VERTEX_POINT('',#1703);
#1703 = CARTESIAN_POINT('',(12.5,-33.,33.5));
#1704 = SURFACE_CURVE('',#1705,(#1709,#1716),.PCURVE_S1.);
#1705 = LINE('',#1706,#1707);
#1706 = CARTESIAN_POINT('',(12.5,-33.,33.5));
#1707 = VECTOR('',#1708,1.);
#1708 = DIRECTION('',(0.,0.,-1.));
#1709 = PCURVE('',#527,#1710);
#1710 = DEFINITIONAL_REPRESENTATION('',(#1711),#1715);
#1711 = LINE('',#1712,#1713);
#1712 = CARTESIAN_POINT('',(2.656027475319,-11.82355006202));
#1713 = VECTOR('',#1714,1.);
#1714 = DIRECTION('',(1.,0.));
#1715 = ( GEOMETRIC_REPRESENTATION_CONTEXT(2) 
PARAMETRIC_REPRESENTATION_CONTEXT() REPRESENTATION_CONTEXT('2D SPACE',''
  ) );
#1716 = PCURVE('',#1717,#1722);
#1717 = PLANE('',#1718);
#1718 = AXIS2_PLACEMENT_3D('',#1719,#1720,#1721);
#1719 = CARTESIAN_POINT('',(12.5,-32.,33.5));
#1720 = DIRECTION('',(1.,-2.22044604925E-16,0.));
#1721 = DIRECTION('',(0.,0.,1.));
#1722 = DEFINITIONAL_REPRESENTATION('',(#1723),#1727);
#1723 = LINE('',#1724,#1725);
#1724 = CARTESIAN_POINT('',(0.,1.));
#1725 = VECTOR('',#1726,1.);
#1726 = DIRECTION('',(-1.,0.));
#1727 = ( GEOMETRIC_REPRESENTATION_CONTEXT(2) 
PARAMETRIC_REPRESENTATION_CONTEXT() REPRESENTATION_CONTEXT('2D SPACE',''
  ) );
#1728 = ORIENTED_EDGE('',*,*,#1729,.F.);
#1729 = EDGE_CURVE('',#1730,#1702,#1732,.T.);
#1730 = VERTEX_POINT('',#1731);
#1731 = CARTESIAN_POINT('',(-12.5,-33.,33.5));
#1732 = SURFACE_CURVE('',#1733,(#1737,#1744),.PCURVE_S1.);
#1733 = LINE('',#1734,#1735);
#1734 = CARTESIAN_POINT('',(-18.5,-33.,33.5));
#1735 = VECTOR('',#1736,1.);
#1736 = DIRECTION('',(1.,-2.22044604925E-16,0.));
#1737 = PCURVE('',#527,#1738);
#1738 = DEFINITIONAL_REPRESENTATION('',(#1739),#1743);
#1739 = LINE('',#1740,#1741);
#1740 = CARTESIAN_POINT('',(2.656027475319,19.176449937974));
#1741 = VECTOR('',#1742,1.);
#1742 = DIRECTION('',(0.,-1.));
#1743 = ( GEOMETRIC_REPRESENTATION_CONTEXT(2) 
PARAMETRIC_REPRESENTATION_CONTEXT() REPRESENTATION_CONTEXT('2D SPACE',''
  ) );
#1744 = PCURVE('',#1403,#1745);
#1745 = DEFINITIONAL_REPRESENTATION('',(#1746),#1750);
#1746 = LINE('',#1747,#1748);
#1747 = CARTESIAN_POINT('',(4.167051973961,-18.5));
#1748 = VECTOR('',#1749,1.);
#1749 = DIRECTION('',(0.,1.));
#1750 = ( GEOMETRIC_REPRESENTATION_CONTEXT(2) 
PARAMETRIC_REPRESENTATION_CONTEXT() REPRESENTATION_CONTEXT('2D SPACE',''
  ) );
#1751 = ORIENTED_EDGE('',*,*,#1752,.F.);
#1752 = EDGE_CURVE('',#1753,#1730,#1755,.T.);
#1753 = VERTEX_POINT('',#1754);
#1754 = CARTESIAN_POINT('',(-12.5,-33.,39.));
#1755 = SURFACE_CURVE('',#1756,(#1760,#1767),.PCURVE_S1.);
#1756 = LINE('',#1757,#1758);
#1757 = CARTESIAN_POINT('',(-12.5,-33.,33.5));
#1758 = VECTOR('',#1759,1.);
#1759 = DIRECTION('',(0.,0.,-1.));
#1760 = PCURVE('',#527,#1761);
#1761 = DEFINITIONAL_REPRESENTATION('',(#1762),#1766);
#1762 = LINE('',#1763,#1764);
#1763 = CARTESIAN_POINT('',(2.656027475319,13.176449937974));
#1764 = VECTOR('',#1765,1.);
#1765 = DIRECTION('',(1.,0.));
#1766 = ( GEOMETRIC_REPRESENTATION_CONTEXT(2) 
PARAMETRIC_REPRESENTATION_CONTEXT() REPRESENTATION_CONTEXT('2D SPACE',''
  ) );
#1767 = PCURVE('',#1768,#1773);
#1768 = PLANE('',#1769);
#1769 = AXIS2_PLACEMENT_3D('',#1770,#1771,#1772);
#1770 = CARTESIAN_POINT('',(-12.5,-32.,33.5));
#1771 = DIRECTION('',(1.,-2.22044604925E-16,0.));
#1772 = DIRECTION('',(0.,0.,1.));
#1773 = DEFINITIONAL_REPRESENTATION('',(#1774),#1778);
#1774 = LINE('',#1775,#1776);
#1775 = CARTESIAN_POINT('',(0.,1.));
#1776 = VECTOR('',#1777,1.);
#1777 = DIRECTION('',(-1.,0.));
#1778 = ( GEOMETRIC_REPRESENTATION_CONTEXT(2) 
PARAMETRIC_REPRESENTATION_CONTEXT() REPRESENTATION_CONTEXT('2D SPACE',''
  ) );
#1779 = ORIENTED_EDGE('',*,*,#1780,.F.);
#1780 = EDGE_CURVE('',#1781,#1753,#1783,.T.);
#1781 = VERTEX_POINT('',#1782);
#1782 = CARTESIAN_POINT('',(-12.57071421427,-33.,39.));
#1783 = SURFACE_CURVE('',#1784,(#1788,#1795),.PCURVE_S1.);
#1784 = LINE('',#1785,#1786);
#1785 = CARTESIAN_POINT('',(3.375,-33.,39.));
#1786 = VECTOR('',#1787,1.);
#1787 = DIRECTION('',(1.,-2.22044604925E-16,0.));
#1788 = PCURVE('',#527,#1789);
#1789 = DEFINITIONAL_REPRESENTATION('',(#1790),#1794);
#1790 = LINE('',#1791,#1792);
#1791 = CARTESIAN_POINT('',(-2.843972524681,-2.698550062026));
#1792 = VECTOR('',#1793,1.);
#1793 = DIRECTION('',(0.,-1.));
#1794 = ( GEOMETRIC_REPRESENTATION_CONTEXT(2) 
PARAMETRIC_REPRESENTATION_CONTEXT() REPRESENTATION_CONTEXT('2D SPACE',''
  ) );
#1795 = PCURVE('',#1572,#1796);
#1796 = DEFINITIONAL_REPRESENTATION('',(#1797),#1800);
#1797 = B_SPLINE_CURVE_WITH_KNOTS('',1,(#1798,#1799),.UNSPECIFIED.,.F.,
  .F.,(2,2),(-17.30275374104,-13.79379798309),.PIECEWISE_BEZIER_KNOTS.);
#1798 = CARTESIAN_POINT('',(-4.167051973961,-13.92775374104));
#1799 = CARTESIAN_POINT('',(-4.167051973961,-10.41879798309));
#1800 = ( GEOMETRIC_REPRESENTATION_CONTEXT(2) 
PARAMETRIC_REPRESENTATION_CONTEXT() REPRESENTATION_CONTEXT('2D SPACE',''
  ) );
#1801 = ORIENTED_EDGE('',*,*,#1802,.F.);
#1802 = EDGE_CURVE('',#628,#1781,#1803,.T.);
#1803 = SURFACE_CURVE('',#1804,(#1809,#1820),.PCURVE_S1.);
#1804 = CIRCLE('',#1805,5.);
#1805 = AXIS2_PLACEMENT_3D('',#1806,#1807,#1808);
#1806 = CARTESIAN_POINT('',(-9.,-33.,42.5));
#1807 = DIRECTION('',(-2.22044604925E-16,-1.,0.));
#1808 = DIRECTION('',(0.,0.,1.));
#1809 = PCURVE('',#527,#1810);
#1810 = DEFINITIONAL_REPRESENTATION('',(#1811),#1819);
#1811 = ( BOUNDED_CURVE() B_SPLINE_CURVE(2,(#1812,#1813,#1814,#1815,
#1816,#1817,#1818),.UNSPECIFIED.,.T.,.F.) B_SPLINE_CURVE_WITH_KNOTS((1,2
    ,2,2,2,1),(-2.094395102393,0.,2.094395102393,4.188790204786,
6.28318530718,8.377580409573),.UNSPECIFIED.) CURVE() 
GEOMETRIC_REPRESENTATION_ITEM() RATIONAL_B_SPLINE_CURVE((1.,0.5,1.,0.5,
1.,0.5,1.)) REPRESENTATION_ITEM('') );
#1812 = CARTESIAN_POINT('',(-11.34397252468,9.676449937974));
#1813 = CARTESIAN_POINT('',(-11.34397252468,18.336703975818));
#1814 = CARTESIAN_POINT('',(-3.843972524681,14.006576956896));
#1815 = CARTESIAN_POINT('',(3.656027475319,9.676449937974));
#1816 = CARTESIAN_POINT('',(-3.843972524681,5.346322919052));
#1817 = CARTESIAN_POINT('',(-11.34397252468,1.01619590013));
#1818 = CARTESIAN_POINT('',(-11.34397252468,9.676449937974));
#1819 = ( GEOMETRIC_REPRESENTATION_CONTEXT(2) 
PARAMETRIC_REPRESENTATION_CONTEXT() REPRESENTATION_CONTEXT('2D SPACE',''
  ) );
#1820 = PCURVE('',#1663,#1821);
#1821 = DEFINITIONAL_REPRESENTATION('',(#1822),#1826);
#1822 = LINE('',#1823,#1824);
#1823 = CARTESIAN_POINT('',(0.,0.));
#1824 = VECTOR('',#1825,1.);
#1825 = DIRECTION('',(1.,0.));
#1826 = ( GEOMETRIC_REPRESENTATION_CONTEXT(2) 
PARAMETRIC_REPRESENTATION_CONTEXT() REPRESENTATION_CONTEXT('2D SPACE',''
  ) );
#1827 = ORIENTED_EDGE('',*,*,#627,.T.);
#1828 = ORIENTED_EDGE('',*,*,#599,.T.);
#1829 = ORIENTED_EDGE('',*,*,#571,.T.);
#1830 = ORIENTED_EDGE('',*,*,#543,.T.);
#1831 = ORIENTED_EDGE('',*,*,#510,.T.);
#1832 = ORIENTED_EDGE('',*,*,#1833,.T.);
#1833 = EDGE_CURVE('',#471,#1834,#1836,.T.);
#1834 = VERTEX_POINT('',#1835);
#1835 = CARTESIAN_POINT('',(14.040569747276,-33.,39.));
#1836 = SURFACE_CURVE('',#1837,(#1917,#2000),.PCURVE_S1.);
#1837 = B_SPLINE_CURVE_WITH_KNOTS('',8,(#1838,#1839,#1840,#1841,#1842,
    #1843,#1844,#1845,#1846,#1847,#1848,#1849,#1850,#1851,#1852,#1853,
    #1854,#1855,#1856,#1857,#1858,#1859,#1860,#1861,#1862,#1863,#1864,
    #1865,#1866,#1867,#1868,#1869,#1870,#1871,#1872,#1873,#1874,#1875,
    #1876,#1877,#1878,#1879,#1880,#1881,#1882,#1883,#1884,#1885,#1886,
    #1887,#1888,#1889,#1890,#1891,#1892,#1893,#1894,#1895,#1896,#1897,
    #1898,#1899,#1900,#1901,#1902,#1903,#1904,#1905,#1906,#1907,#1908,
    #1909,#1910,#1911,#1912,#1913,#1914,#1915,#1916),.UNSPECIFIED.,.F.,
  .F.,(9,7,7,7,7,7,7,7,7,7,7,9),(0.,0.181238317139,0.272329500628,
    0.363452025168,0.506425773276,0.574825180248,0.621458589616,
    0.760251793759,0.820287549199,0.910340671022,0.954882130053,1.),
  .UNSPECIFIED.);
#1838 = CARTESIAN_POINT('',(15.500000017099,-33.,49.422592109268));
#1839 = CARTESIAN_POINT('',(15.49250877485,-33.,49.159172374136));
#1840 = CARTESIAN_POINT('',(15.481053290097,-33.,48.896039840774));
#1841 = CARTESIAN_POINT('',(15.465862392919,-33.,48.633212002315));
#1842 = CARTESIAN_POINT('',(15.447169377847,-33.,48.370699764686));
#1843 = CARTESIAN_POINT('',(15.425210803199,-33.,48.108507557958));
#1844 = CARTESIAN_POINT('',(15.400225290407,-33.,47.846633447696));
#1845 = CARTESIAN_POINT('',(15.372452323356,-33.,47.585069246307));
#1846 = CARTESIAN_POINT('',(15.32689143984,-33.,47.192485854122));
#1847 = CARTESIAN_POINT('',(15.311008499602,-33.,47.061246018044));
#1848 = CARTESIAN_POINT('',(15.294509790417,-33.,46.930079659638));
#1849 = CARTESIAN_POINT('',(15.277436591432,-33.,46.798983535123));
#1850 = CARTESIAN_POINT('',(15.259794009061,-33.,46.667958309049));
#1851 = CARTESIAN_POINT('',(15.241650707692,-33.,46.536996926989));
#1852 = CARTESIAN_POINT('',(15.22300308748,-33.,46.406100778972));
#1853 = CARTESIAN_POINT('',(15.184756663158,-33.,46.144387427463));
#1854 = CARTESIAN_POINT('',(15.16515650125,-33.,46.013570461196));
#1855 = CARTESIAN_POINT('',(15.145106603451,-33.,45.882813531486));
#1856 = CARTESIAN_POINT('',(15.124630862605,-33.,45.752114306577));
#1857 = CARTESIAN_POINT('',(15.103753139766,-33.,45.621470303437));
#1858 = CARTESIAN_POINT('',(15.0824972642,-33.,45.490878887764));
#1859 = CARTESIAN_POINT('',(15.06088703338,-33.,45.360337273983));
#1860 = CARTESIAN_POINT('',(15.004520462134,-33.,45.025092674107));
#1861 = CARTESIAN_POINT('',(14.969280881221,-33.,44.820458433388));
#1862 = CARTESIAN_POINT('',(14.933319208238,-33.,44.615928305736));
#1863 = CARTESIAN_POINT('',(14.89672700086,-33.,44.411490303537));
#1864 = CARTESIAN_POINT('',(14.859595636447,-33.,44.207131948912));
#1865 = CARTESIAN_POINT('',(14.822016312047,-33.,44.002840273727));
#1866 = CARTESIAN_POINT('',(14.784080044396,-33.,43.798601819582));
#1867 = CARTESIAN_POINT('',(14.727601449326,-33.,43.496712655415));
#1868 = CARTESIAN_POINT('',(14.709262680361,-33.,43.399031959174));
#1869 = CARTESIAN_POINT('',(14.690884162917,-33.,43.301357150728));
#1870 = CARTESIAN_POINT('',(14.672433035041,-33.,43.203693032335));
#1871 = CARTESIAN_POINT('',(14.653987440154,-33.,43.106028019));
#1872 = CARTESIAN_POINT('',(14.635530609341,-33.,43.008364547776));
#1873 = CARTESIAN_POINT('',(14.617097592665,-33.,42.910697376238));
#1874 = CARTESIAN_POINT('',(14.58616509753,-33.,42.746432177177));
#1875 = CARTESIAN_POINT('',(14.573644233366,-33.,42.679837444669));
#1876 = CARTESIAN_POINT('',(14.561148672128,-33.,42.613238856097));
#1877 = CARTESIAN_POINT('',(14.548684791068,-33.,42.546635460749));
#1878 = CARTESIAN_POINT('',(14.536258970631,-33.,42.480026315299));
#1879 = CARTESIAN_POINT('',(14.523877594453,-33.,42.413410483807));
#1880 = CARTESIAN_POINT('',(14.511547049366,-33.,42.346787037721));
#1881 = CARTESIAN_POINT('',(14.462745108181,-33.,42.081840877601));
#1882 = CARTESIAN_POINT('',(14.426723462879,-33.,41.883451792513));
#1883 = CARTESIAN_POINT('',(14.391377152187,-33.,41.684962633993));
#1884 = CARTESIAN_POINT('',(14.356875077344,-33.,41.486350001126));
#1885 = CARTESIAN_POINT('',(14.323386678122,-33.,41.28759225871));
#1886 = CARTESIAN_POINT('',(14.291081932831,-33.,41.088669537244));
#1887 = CARTESIAN_POINT('',(14.260131358316,-33.,40.889563732938));
#1888 = CARTESIAN_POINT('',(14.217977915461,-33.,40.60404794838));
#1889 = CARTESIAN_POINT('',(14.205535029483,-33.,40.517800223572));
#1890 = CARTESIAN_POINT('',(14.193391885035,-33.,40.431514016421));
#1891 = CARTESIAN_POINT('',(14.181561511883,-33.,40.345188274251));
#1892 = CARTESIAN_POINT('',(14.170057601383,-33.,40.258821979087));
#1893 = CARTESIAN_POINT('',(14.158894907091,-33.,40.17241410717));
#1894 = CARTESIAN_POINT('',(14.148087881124,-33.,40.085963777495));
#1895 = CARTESIAN_POINT('',(14.121987132978,-33.,39.869731543827));
#1896 = CARTESIAN_POINT('',(14.107151614847,-33.,39.739896182693));
#1897 = CARTESIAN_POINT('',(14.093180459774,-33.,39.609962912934));
#1898 = CARTESIAN_POINT('',(14.080112995903,-33.,39.47993075004));
#1899 = CARTESIAN_POINT('',(14.067988411652,-33.,39.349799318009));
#1900 = CARTESIAN_POINT('',(14.056845755709,-33.,39.219568849349));
#1901 = CARTESIAN_POINT('',(14.046723937038,-33.,39.089240185074));
#1902 = CARTESIAN_POINT('',(14.033179435494,-33.,38.894304650521));
#1903 = CARTESIAN_POINT('',(14.028956352599,-33.,38.829770873932));
#1904 = CARTESIAN_POINT('',(14.024997156665,-33.,38.765213628759));
#1905 = CARTESIAN_POINT('',(14.021306506354,-33.,38.700633141753));
#1906 = CARTESIAN_POINT('',(14.017889038515,-33.,38.636029682598));
#1907 = CARTESIAN_POINT('',(14.014749368187,-33.,38.571403563913));
#1908 = CARTESIAN_POINT('',(14.011892088592,-33.,38.506755141251));
#1909 = CARTESIAN_POINT('',(14.006718191219,-33.,38.376577586384));
#1910 = CARTESIAN_POINT('',(14.004409045482,-33.,38.311047795209));
#1911 = CARTESIAN_POINT('',(14.002399081608,-33.,38.245496326082));
#1912 = CARTESIAN_POINT('',(14.000693011715,-33.,38.179922694079));
#1913 = CARTESIAN_POINT('',(13.999295523768,-33.,38.114328130857));
#1914 = CARTESIAN_POINT('',(13.998211269178,-33.,38.0487136348));
#1915 = CARTESIAN_POINT('',(13.997444851848,-33.,37.983078433028));
#1916 = CARTESIAN_POINT('',(13.997000843998,-33.,37.917424305044));
#1917 = PCURVE('',#527,#1918);
#1918 = DEFINITIONAL_REPRESENTATION('',(#1919),#1999);
#1919 = B_SPLINE_CURVE_WITH_KNOTS('',8,(#1920,#1921,#1922,#1923,#1924,
    #1925,#1926,#1927,#1928,#1929,#1930,#1931,#1932,#1933,#1934,#1935,
    #1936,#1937,#1938,#1939,#1940,#1941,#1942,#1943,#1944,#1945,#1946,
    #1947,#1948,#1949,#1950,#1951,#1952,#1953,#1954,#1955,#1956,#1957,
    #1958,#1959,#1960,#1961,#1962,#1963,#1964,#1965,#1966,#1967,#1968,
    #1969,#1970,#1971,#1972,#1973,#1974,#1975,#1976,#1977,#1978,#1979,
    #1980,#1981,#1982,#1983,#1984,#1985,#1986,#1987,#1988,#1989,#1990,
    #1991,#1992,#1993,#1994,#1995,#1996,#1997,#1998),.UNSPECIFIED.,.F.,
  .F.,(9,7,7,7,7,7,7,7,7,7,7,9),(0.,0.181238317139,0.272329500628,
    0.363452025168,0.506425773276,0.574825180248,0.621458589616,
    0.760251793759,0.820287549199,0.910340671022,0.954882130053,1.),
  .UNSPECIFIED.);
#1920 = CARTESIAN_POINT('',(-13.26656463394,-14.82355007912));
#1921 = CARTESIAN_POINT('',(-13.00314489881,-14.81605883687));
#1922 = CARTESIAN_POINT('',(-12.74001236545,-14.80460335212));
#1923 = CARTESIAN_POINT('',(-12.47718452699,-14.78941245494));
#1924 = CARTESIAN_POINT('',(-12.21467228936,-14.77071943987));
#1925 = CARTESIAN_POINT('',(-11.95248008263,-14.74876086522));
#1926 = CARTESIAN_POINT('',(-11.69060597237,-14.72377535243));
#1927 = CARTESIAN_POINT('',(-11.42904177098,-14.69600238538));
#1928 = CARTESIAN_POINT('',(-11.0364583788,-14.65044150186));
#1929 = CARTESIAN_POINT('',(-10.90521854272,-14.63455856162));
#1930 = CARTESIAN_POINT('',(-10.77405218431,-14.61805985244));
#1931 = CARTESIAN_POINT('',(-10.6429560598,-14.60098665345));
#1932 = CARTESIAN_POINT('',(-10.51193083373,-14.58334407108));
#1933 = CARTESIAN_POINT('',(-10.38096945167,-14.56520076971));
#1934 = CARTESIAN_POINT('',(-10.25007330365,-14.5465531495));
#1935 = CARTESIAN_POINT('',(-9.988359952144,-14.50830672518));
#1936 = CARTESIAN_POINT('',(-9.857542985877,-14.48870656327));
#1937 = CARTESIAN_POINT('',(-9.726786056168,-14.46865666547));
#1938 = CARTESIAN_POINT('',(-9.596086831258,-14.44818092463));
#1939 = CARTESIAN_POINT('',(-9.465442828119,-14.42730320179));
#1940 = CARTESIAN_POINT('',(-9.334851412445,-14.40604732622));
#1941 = CARTESIAN_POINT('',(-9.204309798665,-14.3844370954));
#1942 = CARTESIAN_POINT('',(-8.869065198789,-14.32807052416));
#1943 = CARTESIAN_POINT('',(-8.664430958069,-14.29283094324));
#1944 = CARTESIAN_POINT('',(-8.459900830418,-14.25686927026));
#1945 = CARTESIAN_POINT('',(-8.255462828218,-14.22027706288));
#1946 = CARTESIAN_POINT('',(-8.051104473594,-14.18314569847));
#1947 = CARTESIAN_POINT('',(-7.846812798408,-14.14556637407));
#1948 = CARTESIAN_POINT('',(-7.642574344263,-14.10763010642));
#1949 = CARTESIAN_POINT('',(-7.340685180096,-14.05115151135));
#1950 = CARTESIAN_POINT('',(-7.243004483855,-14.03281274238));
#1951 = CARTESIAN_POINT('',(-7.145329675409,-14.01443422494));
#1952 = CARTESIAN_POINT('',(-7.047665557016,-13.99598309706));
#1953 = CARTESIAN_POINT('',(-6.950000543681,-13.97753750218));
#1954 = CARTESIAN_POINT('',(-6.852337072457,-13.95908067136));
#1955 = CARTESIAN_POINT('',(-6.75466990092,-13.94064765469));
#1956 = CARTESIAN_POINT('',(-6.590404701858,-13.90971515955));
#1957 = CARTESIAN_POINT('',(-6.52380996935,-13.89719429539));
#1958 = CARTESIAN_POINT('',(-6.457211380778,-13.88469873415));
#1959 = CARTESIAN_POINT('',(-6.39060798543,-13.87223485309));
#1960 = CARTESIAN_POINT('',(-6.32399883998,-13.85980903265));
#1961 = CARTESIAN_POINT('',(-6.257383008488,-13.84742765647));
#1962 = CARTESIAN_POINT('',(-6.190759562402,-13.83509711139));
#1963 = CARTESIAN_POINT('',(-5.925813402282,-13.7862951702));
#1964 = CARTESIAN_POINT('',(-5.727424317194,-13.7502735249));
#1965 = CARTESIAN_POINT('',(-5.528935158674,-13.71492721421));
#1966 = CARTESIAN_POINT('',(-5.330322525808,-13.68042513937));
#1967 = CARTESIAN_POINT('',(-5.131564783391,-13.64693674014));
#1968 = CARTESIAN_POINT('',(-4.932642061925,-13.61463199485));
#1969 = CARTESIAN_POINT('',(-4.733536257619,-13.58368142034));
#1970 = CARTESIAN_POINT('',(-4.448020473062,-13.54152797748));
#1971 = CARTESIAN_POINT('',(-4.361772748253,-13.5290850915));
#1972 = CARTESIAN_POINT('',(-4.275486541102,-13.51694194706));
#1973 = CARTESIAN_POINT('',(-4.189160798933,-13.5051115739));
#1974 = CARTESIAN_POINT('',(-4.102794503768,-13.4936076634));
#1975 = CARTESIAN_POINT('',(-4.016386631851,-13.48244496911));
#1976 = CARTESIAN_POINT('',(-3.929936302176,-13.47163794315));
#1977 = CARTESIAN_POINT('',(-3.713704068508,-13.445537195));
#1978 = CARTESIAN_POINT('',(-3.583868707374,-13.43070167687));
#1979 = CARTESIAN_POINT('',(-3.453935437615,-13.4167305218));
#1980 = CARTESIAN_POINT('',(-3.323903274721,-13.40366305793));
#1981 = CARTESIAN_POINT('',(-3.19377184269,-13.39153847367));
#1982 = CARTESIAN_POINT('',(-3.06354137403,-13.38039581773));
#1983 = CARTESIAN_POINT('',(-2.933212709756,-13.37027399906));
#1984 = CARTESIAN_POINT('',(-2.738277175202,-13.35672949752));
#1985 = CARTESIAN_POINT('',(-2.673743398613,-13.35250641462));
#1986 = CARTESIAN_POINT('',(-2.609186153441,-13.34854721869));
#1987 = CARTESIAN_POINT('',(-2.544605666434,-13.34485656838));
#1988 = CARTESIAN_POINT('',(-2.480002207279,-13.34143910054));
#1989 = CARTESIAN_POINT('',(-2.415376088594,-13.33829943021));
#1990 = CARTESIAN_POINT('',(-2.350727665932,-13.33544215061));
#1991 = CARTESIAN_POINT('',(-2.220550111065,-13.33026825324));
#1992 = CARTESIAN_POINT('',(-2.15502031989,-13.3279591075));
#1993 = CARTESIAN_POINT('',(-2.089468850763,-13.32594914363));
#1994 = CARTESIAN_POINT('',(-2.02389521876,-13.32424307374));
#1995 = CARTESIAN_POINT('',(-1.958300655538,-13.32284558579));
#1996 = CARTESIAN_POINT('',(-1.892686159481,-13.3217613312));
#1997 = CARTESIAN_POINT('',(-1.827050957709,-13.32099491387));
#1998 = CARTESIAN_POINT('',(-1.761396829725,-13.32055090602));
#1999 = ( GEOMETRIC_REPRESENTATION_CONTEXT(2) 
PARAMETRIC_REPRESENTATION_CONTEXT() REPRESENTATION_CONTEXT('2D SPACE',''
  ) );
#2000 = PCURVE('',#490,#2001);
#2001 = DEFINITIONAL_REPRESENTATION('',(#2002),#2082);
#2002 = B_SPLINE_CURVE_WITH_KNOTS('',8,(#2003,#2004,#2005,#2006,#2007,
    #2008,#2009,#2010,#2011,#2012,#2013,#2014,#2015,#2016,#2017,#2018,
    #2019,#2020,#2021,#2022,#2023,#2024,#2025,#2026,#2027,#2028,#2029,
    #2030,#2031,#2032,#2033,#2034,#2035,#2036,#2037,#2038,#2039,#2040,
    #2041,#2042,#2043,#2044,#2045,#2046,#2047,#2048,#2049,#2050,#2051,
    #2052,#2053,#2054,#2055,#2056,#2057,#2058,#2059,#2060,#2061,#2062,
    #2063,#2064,#2065,#2066,#2067,#2068,#2069,#2070,#2071,#2072,#2073,
    #2074,#2075,#2076,#2077,#2078,#2079,#2080,#2081),.UNSPECIFIED.,.F.,
  .F.,(9,7,7,7,7,7,7,7,7,7,7,9),(0.,0.181238317139,0.272329500628,
    0.363452025168,0.506425773276,0.574825180248,0.621458589616,
    0.760251793759,0.820287549199,0.910340671022,0.954882130053,1.),
  .UNSPECIFIED.);
#2003 = CARTESIAN_POINT('',(12.033123175796,-4.));
#2004 = CARTESIAN_POINT('',(11.770250799572,-4.));
#2005 = CARTESIAN_POINT('',(11.50720539132,-4.));
#2006 = CARTESIAN_POINT('',(11.244030726331,-4.));
#2007 = CARTESIAN_POINT('',(10.980764544219,-4.));
#2008 = CARTESIAN_POINT('',(10.717438520924,-4.));
#2009 = CARTESIAN_POINT('',(10.454078240698,-4.));
#2010 = CARTESIAN_POINT('',(10.190703168109,-4.));
#2011 = CARTESIAN_POINT('',(9.794952396709,-4.));
#2012 = CARTESIAN_POINT('',(9.662578109442,-4.));
#2013 = CARTESIAN_POINT('',(9.53020551403,-4.));
#2014 = CARTESIAN_POINT('',(9.397836039872,-4.));
#2015 = CARTESIAN_POINT('',(9.265471176896,-4.));
#2016 = CARTESIAN_POINT('',(9.133111461183,-4.));
#2017 = CARTESIAN_POINT('',(9.000758183007,-4.));
#2018 = CARTESIAN_POINT('',(8.736019842697,-4.));
#2019 = CARTESIAN_POINT('',(8.603634869608,-4.));
#2020 = CARTESIAN_POINT('',(8.471257512037,-4.));
#2021 = CARTESIAN_POINT('',(8.338888266555,-4.));
#2022 = CARTESIAN_POINT('',(8.206527475566,-4.));
#2023 = CARTESIAN_POINT('',(8.074175327308,-4.));
#2024 = CARTESIAN_POINT('',(7.94183185585,-4.));
#2025 = CARTESIAN_POINT('',(7.601859818831,-4.));
#2026 = CARTESIAN_POINT('',(7.39424400007,-4.));
#2027 = CARTESIAN_POINT('',(7.186648861272,-4.));
#2028 = CARTESIAN_POINT('',(6.979073270328,-4.));
#2029 = CARTESIAN_POINT('',(6.771515586555,-4.));
#2030 = CARTESIAN_POINT('',(6.563973660696,-4.));
#2031 = CARTESIAN_POINT('',(6.356444834923,-4.));
#2032 = CARTESIAN_POINT('',(6.049647793224,-4.));
#2033 = CARTESIAN_POINT('',(5.950372039685,-4.));
#2034 = CARTESIAN_POINT('',(5.851097833658,-4.));
#2035 = CARTESIAN_POINT('',(5.751826597772,-4.));
#2036 = CARTESIAN_POINT('',(5.652555192422,-4.));
#2037 = CARTESIAN_POINT('',(5.553284389295,-4.));
#2038 = CARTESIAN_POINT('',(5.454012800842,-4.));
#2039 = CARTESIAN_POINT('',(5.287057386211,-4.));
#2040 = CARTESIAN_POINT('',(5.219374309689,-4.));
#2041 = CARTESIAN_POINT('',(5.151690342942,-4.));
#2042 = CARTESIAN_POINT('',(5.084005252958,-4.));
#2043 = CARTESIAN_POINT('',(5.016318814438,-4.));
#2044 = CARTESIAN_POINT('',(4.948630809791,-4.));
#2045 = CARTESIAN_POINT('',(4.88094102914,-4.));
#2046 = CARTESIAN_POINT('',(4.611780919017,-4.));
#2047 = CARTESIAN_POINT('',(4.410295756664,-4.));
#2048 = CARTESIAN_POINT('',(4.208787565008,-4.));
#2049 = CARTESIAN_POINT('',(4.007251943462,-4.));
#2050 = CARTESIAN_POINT('',(3.805686309098,-4.));
#2051 = CARTESIAN_POINT('',(3.604089896652,-4.));
#2052 = CARTESIAN_POINT('',(3.402463758521,-4.));
#2053 = CARTESIAN_POINT('',(3.113584665387,-4.));
#2054 = CARTESIAN_POINT('',(3.026353669791,-4.));
#2055 = CARTESIAN_POINT('',(2.939118088574,-4.));
#2056 = CARTESIAN_POINT('',(2.851878336207,-4.));
#2057 = CARTESIAN_POINT('',(2.764634931805,-4.));
#2058 = CARTESIAN_POINT('',(2.67738850123,-4.));
#2059 = CARTESIAN_POINT('',(2.590139780507,-4.));
#2060 = CARTESIAN_POINT('',(2.372015123781,-4.));
#2061 = CARTESIAN_POINT('',(2.241137486804,-4.));
#2062 = CARTESIAN_POINT('',(2.110259582739,-4.));
#2063 = CARTESIAN_POINT('',(1.979384874542,-4.));
#2064 = CARTESIAN_POINT('',(1.848517415019,-4.));
#2065 = CARTESIAN_POINT('',(1.717661846823,-4.));
#2066 = CARTESIAN_POINT('',(1.586823402456,-4.));
#2067 = CARTESIAN_POINT('',(1.391304837514,-4.));
#2068 = CARTESIAN_POINT('',(1.326607398035,-4.));
#2069 = CARTESIAN_POINT('',(1.261916297527,-4.));
#2070 = CARTESIAN_POINT('',(1.197232287953,-4.));
#2071 = CARTESIAN_POINT('',(1.132556161547,-4.));
#2072 = CARTESIAN_POINT('',(1.067888750811,-4.));
#2073 = CARTESIAN_POINT('',(1.003230928518,-4.));
#2074 = CARTESIAN_POINT('',(0.873099686082,-4.));
#2075 = CARTESIAN_POINT('',(0.807626633703,-4.));
#2076 = CARTESIAN_POINT('',(0.742164922172,-4.));
#2077 = CARTESIAN_POINT('',(0.676716503512,-4.));
#2078 = CARTESIAN_POINT('',(0.611281691056,-4.));
#2079 = CARTESIAN_POINT('',(0.545861126228,-4.));
#2080 = CARTESIAN_POINT('',(0.480457331025,-4.));
#2081 = CARTESIAN_POINT('',(0.415070346029,-4.));
#2082 = ( GEOMETRIC_REPRESENTATION_CONTEXT(2) 
PARAMETRIC_REPRESENTATION_CONTEXT() REPRESENTATION_CONTEXT('2D SPACE',''
  ) );
#2083 = ORIENTED_EDGE('',*,*,#2084,.F.);
#2084 = EDGE_CURVE('',#1700,#1834,#2085,.T.);
#2085 = SURFACE_CURVE('',#2086,(#2090,#2097),.PCURVE_S1.);
#2086 = LINE('',#2087,#2088);
#2087 = CARTESIAN_POINT('',(3.375,-33.,39.));
#2088 = VECTOR('',#2089,1.);
#2089 = DIRECTION('',(1.,-2.22044604925E-16,0.));
#2090 = PCURVE('',#527,#2091);
#2091 = DEFINITIONAL_REPRESENTATION('',(#2092),#2096);
#2092 = LINE('',#2093,#2094);
#2093 = CARTESIAN_POINT('',(-2.843972524681,-2.698550062026));
#2094 = VECTOR('',#2095,1.);
#2095 = DIRECTION('',(0.,-1.));
#2096 = ( GEOMETRIC_REPRESENTATION_CONTEXT(2) 
PARAMETRIC_REPRESENTATION_CONTEXT() REPRESENTATION_CONTEXT('2D SPACE',''
  ) );
#2097 = PCURVE('',#2098,#2103);
#2098 = PLANE('',#2099);
#2099 = AXIS2_PLACEMENT_3D('',#2100,#2101,#2102);
#2100 = CARTESIAN_POINT('',(-8.605032162957E-15,-37.16705197396,39.));
#2101 = DIRECTION('',(0.,0.,1.));
#2102 = DIRECTION('',(-2.22044604925E-16,-1.,0.));
#2103 = DEFINITIONAL_REPRESENTATION('',(#2104),#2107);
#2104 = B_SPLINE_CURVE_WITH_KNOTS('',1,(#2105,#2106),.UNSPECIFIED.,.F.,
  .F.,(2,2),(6.786200716451,21.125),.PIECEWISE_BEZIER_KNOTS.);
#2105 = CARTESIAN_POINT('',(-4.167051973961,10.161200716451));
#2106 = CARTESIAN_POINT('',(-4.167051973961,24.5));
#2107 = ( GEOMETRIC_REPRESENTATION_CONTEXT(2) 
PARAMETRIC_REPRESENTATION_CONTEXT() REPRESENTATION_CONTEXT('2D SPACE',''
  ) );
#2108 = ADVANCED_FACE('',(#2109),#490,.T.);
#2109 = FACE_BOUND('',#2110,.T.);
#2110 = EDGE_LOOP('',(#2111,#2142,#2170,#2219,#2249,#2250));
#2111 = ORIENTED_EDGE('',*,*,#2112,.F.);
#2112 = EDGE_CURVE('',#2113,#438,#2115,.T.);
#2113 = VERTEX_POINT('',#2114);
#2114 = CARTESIAN_POINT('',(14.,-29.,37.5));
#2115 = SURFACE_CURVE('',#2116,(#2124,#2131),.PCURVE_S1.);
#2116 = B_SPLINE_CURVE_WITH_KNOTS('',3,(#2117,#2118,#2119,#2120,#2121,
    #2122,#2123),.UNSPECIFIED.,.F.,.F.,(4,1,1,1,4),(0.,2.604323328621,
    5.900533273391,9.196743218161,13.104747824095),.UNSPECIFIED.);
#2117 = CARTESIAN_POINT('',(14.,-29.,37.5));
#2118 = CARTESIAN_POINT('',(13.981275742229,-29.,38.37444035527));
#2119 = CARTESIAN_POINT('',(14.119900512871,-29.,40.335143010996));
#2120 = CARTESIAN_POINT('',(14.706839164397,-29.,43.349272453751));
#2121 = CARTESIAN_POINT('',(15.333405350036,-29.,46.795304164229));
#2122 = CARTESIAN_POINT('',(15.539253302581,-29.,49.185737106203));
#2123 = CARTESIAN_POINT('',(15.5,-29.,50.5));
#2124 = PCURVE('',#490,#2125);
#2125 = DEFINITIONAL_REPRESENTATION('',(#2126),#2130);
#2126 = LINE('',#2127,#2128);
#2127 = CARTESIAN_POINT('',(0.,0.));
#2128 = VECTOR('',#2129,1.);
#2129 = DIRECTION('',(1.,0.));
#2130 = ( GEOMETRIC_REPRESENTATION_CONTEXT(2) 
PARAMETRIC_REPRESENTATION_CONTEXT() REPRESENTATION_CONTEXT('2D SPACE',''
  ) );
#2131 = PCURVE('',#454,#2132);
#2132 = DEFINITIONAL_REPRESENTATION('',(#2133),#2141);
#2133 = B_SPLINE_CURVE_WITH_KNOTS('',3,(#2134,#2135,#2136,#2137,#2138,
    #2139,#2140),.UNSPECIFIED.,.F.,.F.,(4,1,1,1,4),(0.,2.604323328621,
    5.900533273391,9.196743218161,13.104747824095),.UNSPECIFIED.);
#2134 = CARTESIAN_POINT('',(2.050873735996,4.598368453139));
#2135 = CARTESIAN_POINT('',(1.176433380726,4.61709271091));
#2136 = CARTESIAN_POINT('',(-0.784269275,4.478467940268));
#2137 = CARTESIAN_POINT('',(-3.798398717755,3.891529288742));
#2138 = CARTESIAN_POINT('',(-7.244430428233,3.264963103103));
#2139 = CARTESIAN_POINT('',(-9.634863370208,3.059115150558));
#2140 = CARTESIAN_POINT('',(-10.949126264,3.098368453139));
#2141 = ( GEOMETRIC_REPRESENTATION_CONTEXT(2) 
PARAMETRIC_REPRESENTATION_CONTEXT() REPRESENTATION_CONTEXT('2D SPACE',''
  ) );
#2142 = ORIENTED_EDGE('',*,*,#2143,.T.);
#2143 = EDGE_CURVE('',#2113,#2144,#2146,.T.);
#2144 = VERTEX_POINT('',#2145);
#2145 = CARTESIAN_POINT('',(14.,-29.40192378864,37.5));
#2146 = SURFACE_CURVE('',#2147,(#2151,#2158),.PCURVE_S1.);
#2147 = LINE('',#2148,#2149);
#2148 = CARTESIAN_POINT('',(14.,-29.,37.5));
#2149 = VECTOR('',#2150,1.);
#2150 = DIRECTION('',(-2.22044604925E-16,-1.,0.));
#2151 = PCURVE('',#490,#2152);
#2152 = DEFINITIONAL_REPRESENTATION('',(#2153),#2157);
#2153 = LINE('',#2154,#2155);
#2154 = CARTESIAN_POINT('',(0.,0.));
#2155 = VECTOR('',#2156,1.);
#2156 = DIRECTION('',(0.,-1.));
#2157 = ( GEOMETRIC_REPRESENTATION_CONTEXT(2) 
PARAMETRIC_REPRESENTATION_CONTEXT() REPRESENTATION_CONTEXT('2D SPACE',''
  ) );
#2158 = PCURVE('',#2159,#2164);
#2159 = PLANE('',#2160);
#2160 = AXIS2_PLACEMENT_3D('',#2161,#2162,#2163);
#2161 = CARTESIAN_POINT('',(18.5,-32.,37.5));
#2162 = DIRECTION('',(0.,0.,-1.));
#2163 = DIRECTION('',(2.22044604925E-16,1.,0.));
#2164 = DEFINITIONAL_REPRESENTATION('',(#2165),#2169);
#2165 = LINE('',#2166,#2167);
#2166 = CARTESIAN_POINT('',(3.,-4.5));
#2167 = VECTOR('',#2168,1.);
#2168 = DIRECTION('',(-1.,0.));
#2169 = ( GEOMETRIC_REPRESENTATION_CONTEXT(2) 
PARAMETRIC_REPRESENTATION_CONTEXT() REPRESENTATION_CONTEXT('2D SPACE',''
  ) );
#2170 = ORIENTED_EDGE('',*,*,#2171,.F.);
#2171 = EDGE_CURVE('',#2172,#2144,#2174,.T.);
#2172 = VERTEX_POINT('',#2173);
#2173 = CARTESIAN_POINT('',(14.040569747276,-29.37891943324,39.));
#2174 = SURFACE_CURVE('',#2175,(#2186,#2200),.PCURVE_S1.);
#2175 = B_SPLINE_CURVE_WITH_KNOTS('',5,(#2176,#2177,#2178,#2179,#2180,
    #2181,#2182,#2183,#2184,#2185),.UNSPECIFIED.,.F.,.F.,(6,4,6),(0.,
    5.647107122602E-02,1.),.UNSPECIFIED.);
#2176 = CARTESIAN_POINT('',(14.040569790315,-29.37891940927,39.0000006)
  );
#2177 = CARTESIAN_POINT('',(14.039357897722,-29.37959419686,
    38.983105840493));
#2178 = CARTESIAN_POINT('',(14.038165310087,-29.38025915294,
    38.966209574229));
#2179 = CARTESIAN_POINT('',(14.036992140152,-29.38091415742,
    38.949311790527));
#2180 = CARTESIAN_POINT('',(14.035838501566,-29.38155909072,
    38.932412494312));
#2181 = CARTESIAN_POINT('',(14.015757552858,-29.39279923676,
    38.63313026309));
#2182 = CARTESIAN_POINT('',(14.002294845442,-29.40056011638,
    38.350329146645));
#2183 = CARTESIAN_POINT('',(13.994846058238,-29.40492330218,
    38.067144035145));
#2184 = CARTESIAN_POINT('',(13.993926098234,-29.40543055746,
    37.783656894852));
#2185 = CARTESIAN_POINT('',(14.,-29.40192378864,37.5));
#2186 = PCURVE('',#490,#2187);
#2187 = DEFINITIONAL_REPRESENTATION('',(#2188),#2199);
#2188 = B_SPLINE_CURVE_WITH_KNOTS('',5,(#2189,#2190,#2191,#2192,#2193,
    #2194,#2195,#2196,#2197,#2198),.UNSPECIFIED.,.F.,.F.,(6,4,6),(0.,
    5.647107122602E-02,1.),.UNSPECIFIED.);
#2189 = CARTESIAN_POINT('',(1.497322149679,-0.378919328678));
#2190 = CARTESIAN_POINT('',(1.480372582891,-0.37959411626));
#2191 = CARTESIAN_POINT('',(1.463423664691,-0.38025918102));
#2192 = CARTESIAN_POINT('',(1.446475438094,-0.380914217741));
#2193 = CARTESIAN_POINT('',(1.429527924402,-0.381559090729));
#2194 = CARTESIAN_POINT('',(1.129430886665,-0.392799236764));
#2195 = CARTESIAN_POINT('',(0.84648010395,-0.400560116384));
#2196 = CARTESIAN_POINT('',(0.563824122093,-0.404923302183));
#2197 = CARTESIAN_POINT('',(0.281602689894,-0.405430557466));
#2198 = CARTESIAN_POINT('',(0.,-0.401923788647));
#2199 = ( GEOMETRIC_REPRESENTATION_CONTEXT(2) 
PARAMETRIC_REPRESENTATION_CONTEXT() REPRESENTATION_CONTEXT('2D SPACE',''
  ) );
#2200 = PCURVE('',#2201,#2206);
#2201 = CYLINDRICAL_SURFACE('',#2202,3.);
#2202 = AXIS2_PLACEMENT_3D('',#2203,#2204,#2205);
#2203 = CARTESIAN_POINT('',(15.5,-32.,33.5));
#2204 = DIRECTION('',(0.,0.,1.));
#2205 = DIRECTION('',(-2.22044604925E-16,-1.,0.));
#2206 = DEFINITIONAL_REPRESENTATION('',(#2207),#2218);
#2207 = B_SPLINE_CURVE_WITH_KNOTS('',5,(#2208,#2209,#2210,#2211,#2212,
    #2213,#2214,#2215,#2216,#2217),.UNSPECIFIED.,.F.,.F.,(6,4,6),(0.,
    5.647107122602E-02,1.),.UNSPECIFIED.);
#2208 = CARTESIAN_POINT('',(3.649645250078,5.5000006));
#2209 = CARTESIAN_POINT('',(3.650107613805,5.483105840493));
#2210 = CARTESIAN_POINT('',(3.650562761061,5.466209574229));
#2211 = CARTESIAN_POINT('',(3.651010639741,5.449311790527));
#2212 = CARTESIAN_POINT('',(3.651451197526,5.432412494312));
#2213 = CARTESIAN_POINT('',(3.659122104932,5.13313026309));
#2214 = CARTESIAN_POINT('',(3.664301551666,4.850329146645));
#2215 = CARTESIAN_POINT('',(3.667179204587,4.567144035145));
#2216 = CARTESIAN_POINT('',(3.667529275068,4.283656894852));
#2217 = CARTESIAN_POINT('',(3.665191429188,4.));
#2218 = ( GEOMETRIC_REPRESENTATION_CONTEXT(2) 
PARAMETRIC_REPRESENTATION_CONTEXT() REPRESENTATION_CONTEXT('2D SPACE',''
  ) );
#2219 = ORIENTED_EDGE('',*,*,#2220,.F.);
#2220 = EDGE_CURVE('',#1834,#2172,#2221,.T.);
#2221 = SURFACE_CURVE('',#2222,(#2229,#2239),.PCURVE_S1.);
#2222 = B_SPLINE_CURVE_WITH_KNOTS('',5,(#2223,#2224,#2225,#2226,#2227,
    #2228),.UNSPECIFIED.,.F.,.F.,(6,6),(0.,1.),
  .PIECEWISE_BEZIER_KNOTS.);
#2223 = CARTESIAN_POINT('',(14.040569747276,-33.,39.));
#2224 = CARTESIAN_POINT('',(14.040569747276,-32.21485115304,39.));
#2225 = CARTESIAN_POINT('',(14.040569747276,-31.41285253867,39.));
#2226 = CARTESIAN_POINT('',(14.040569747276,-30.5884873114,39.));
#2227 = CARTESIAN_POINT('',(14.040569747276,-29.76604824714,39.));
#2228 = CARTESIAN_POINT('',(14.040569747276,-29.,39.));
#2229 = PCURVE('',#490,#2230);
#2230 = DEFINITIONAL_REPRESENTATION('',(#2231),#2238);
#2231 = B_SPLINE_CURVE_WITH_KNOTS('',5,(#2232,#2233,#2234,#2235,#2236,
    #2237),.UNSPECIFIED.,.F.,.F.,(6,6),(0.,1.),
  .PIECEWISE_BEZIER_KNOTS.);
#2232 = CARTESIAN_POINT('',(1.49732152992,-4.));
#2233 = CARTESIAN_POINT('',(1.49732152992,-3.214851153042));
#2234 = CARTESIAN_POINT('',(1.49732152992,-2.412852539538));
#2235 = CARTESIAN_POINT('',(1.49732152992,-1.588487309887));
#2236 = CARTESIAN_POINT('',(1.49732152992,-0.76604824774));
#2237 = CARTESIAN_POINT('',(1.49732152992,-5.999396535117E-10));
#2238 = ( GEOMETRIC_REPRESENTATION_CONTEXT(2) 
PARAMETRIC_REPRESENTATION_CONTEXT() REPRESENTATION_CONTEXT('2D SPACE',''
  ) );
#2239 = PCURVE('',#2098,#2240);
#2240 = DEFINITIONAL_REPRESENTATION('',(#2241),#2248);
#2241 = B_SPLINE_CURVE_WITH_KNOTS('',5,(#2242,#2243,#2244,#2245,#2246,
    #2247),.UNSPECIFIED.,.F.,.F.,(6,6),(0.,1.),
  .PIECEWISE_BEZIER_KNOTS.);
#2242 = CARTESIAN_POINT('',(-4.167051973961,14.040569747276));
#2243 = CARTESIAN_POINT('',(-4.952200820919,14.040569747276));
#2244 = CARTESIAN_POINT('',(-5.754199435288,14.040569747276));
#2245 = CARTESIAN_POINT('',(-6.578564662554,14.040569747276));
#2246 = CARTESIAN_POINT('',(-7.401003726821,14.040569747276));
#2247 = CARTESIAN_POINT('',(-8.167051973961,14.040569747276));
#2248 = ( GEOMETRIC_REPRESENTATION_CONTEXT(2) 
PARAMETRIC_REPRESENTATION_CONTEXT() REPRESENTATION_CONTEXT('2D SPACE',''
  ) );
#2249 = ORIENTED_EDGE('',*,*,#1833,.F.);
#2250 = ORIENTED_EDGE('',*,*,#470,.T.);
#2251 = ADVANCED_FACE('',(#2252),#454,.T.);
#2252 = FACE_BOUND('',#2253,.T.);
#2253 = EDGE_LOOP('',(#2254,#2279,#2302,#2323,#2324,#2325,#2353,#2395,
    #2428,#2470,#2498));
#2254 = ORIENTED_EDGE('',*,*,#2255,.F.);
#2255 = EDGE_CURVE('',#2256,#2258,#2260,.T.);
#2256 = VERTEX_POINT('',#2257);
#2257 = CARTESIAN_POINT('',(15.5,-29.,33.5));
#2258 = VERTEX_POINT('',#2259);
#2259 = CARTESIAN_POINT('',(21.5,-29.,33.5));
#2260 = SURFACE_CURVE('',#2261,(#2265,#2272),.PCURVE_S1.);
#2261 = LINE('',#2262,#2263);
#2262 = CARTESIAN_POINT('',(15.5,-29.,33.5));
#2263 = VECTOR('',#2264,1.);
#2264 = DIRECTION('',(1.,-2.22044604925E-16,0.));
#2265 = PCURVE('',#454,#2266);
#2266 = DEFINITIONAL_REPRESENTATION('',(#2267),#2271);
#2267 = LINE('',#2268,#2269);
#2268 = CARTESIAN_POINT('',(6.050873735996,3.098368453139));
#2269 = VECTOR('',#2270,1.);
#2270 = DIRECTION('',(0.,-1.));
#2271 = ( GEOMETRIC_REPRESENTATION_CONTEXT(2) 
PARAMETRIC_REPRESENTATION_CONTEXT() REPRESENTATION_CONTEXT('2D SPACE',''
  ) );
#2272 = PCURVE('',#1403,#2273);
#2273 = DEFINITIONAL_REPRESENTATION('',(#2274),#2278);
#2274 = LINE('',#2275,#2276);
#2275 = CARTESIAN_POINT('',(8.167051973961,15.5));
#2276 = VECTOR('',#2277,1.);
#2277 = DIRECTION('',(0.,1.));
#2278 = ( GEOMETRIC_REPRESENTATION_CONTEXT(2) 
PARAMETRIC_REPRESENTATION_CONTEXT() REPRESENTATION_CONTEXT('2D SPACE',''
  ) );
#2279 = ORIENTED_EDGE('',*,*,#2280,.T.);
#2280 = EDGE_CURVE('',#2256,#2281,#2283,.T.);
#2281 = VERTEX_POINT('',#2282);
#2282 = CARTESIAN_POINT('',(15.5,-29.,37.5));
#2283 = SURFACE_CURVE('',#2284,(#2288,#2295),.PCURVE_S1.);
#2284 = LINE('',#2285,#2286);
#2285 = CARTESIAN_POINT('',(15.5,-29.,33.5));
#2286 = VECTOR('',#2287,1.);
#2287 = DIRECTION('',(0.,0.,1.));
#2288 = PCURVE('',#454,#2289);
#2289 = DEFINITIONAL_REPRESENTATION('',(#2290),#2294);
#2290 = LINE('',#2291,#2292);
#2291 = CARTESIAN_POINT('',(6.050873735996,3.098368453139));
#2292 = VECTOR('',#2293,1.);
#2293 = DIRECTION('',(-1.,0.));
#2294 = ( GEOMETRIC_REPRESENTATION_CONTEXT(2) 
PARAMETRIC_REPRESENTATION_CONTEXT() REPRESENTATION_CONTEXT('2D SPACE',''
  ) );
#2295 = PCURVE('',#2201,#2296);
#2296 = DEFINITIONAL_REPRESENTATION('',(#2297),#2301);
#2297 = LINE('',#2298,#2299);
#2298 = CARTESIAN_POINT('',(3.14159265359,0.));
#2299 = VECTOR('',#2300,1.);
#2300 = DIRECTION('',(0.,1.));
#2301 = ( GEOMETRIC_REPRESENTATION_CONTEXT(2) 
PARAMETRIC_REPRESENTATION_CONTEXT() REPRESENTATION_CONTEXT('2D SPACE',''
  ) );
#2302 = ORIENTED_EDGE('',*,*,#2303,.T.);
#2303 = EDGE_CURVE('',#2281,#2113,#2304,.T.);
#2304 = SURFACE_CURVE('',#2305,(#2309,#2316),.PCURVE_S1.);
#2305 = LINE('',#2306,#2307);
#2306 = CARTESIAN_POINT('',(23.,-29.,37.5));
#2307 = VECTOR('',#2308,1.);
#2308 = DIRECTION('',(-1.,2.22044604925E-16,0.));
#2309 = PCURVE('',#454,#2310);
#2310 = DEFINITIONAL_REPRESENTATION('',(#2311),#2315);
#2311 = LINE('',#2312,#2313);
#2312 = CARTESIAN_POINT('',(2.050873735996,-4.401631546861));
#2313 = VECTOR('',#2314,1.);
#2314 = DIRECTION('',(-0.,1.));
#2315 = ( GEOMETRIC_REPRESENTATION_CONTEXT(2) 
PARAMETRIC_REPRESENTATION_CONTEXT() REPRESENTATION_CONTEXT('2D SPACE',''
  ) );
#2316 = PCURVE('',#2159,#2317);
#2317 = DEFINITIONAL_REPRESENTATION('',(#2318),#2322);
#2318 = LINE('',#2319,#2320);
#2319 = CARTESIAN_POINT('',(3.,4.5));
#2320 = VECTOR('',#2321,1.);
#2321 = DIRECTION('',(0.,-1.));
#2322 = ( GEOMETRIC_REPRESENTATION_CONTEXT(2) 
PARAMETRIC_REPRESENTATION_CONTEXT() REPRESENTATION_CONTEXT('2D SPACE',''
  ) );
#2323 = ORIENTED_EDGE('',*,*,#2112,.T.);
#2324 = ORIENTED_EDGE('',*,*,#437,.T.);
#2325 = ORIENTED_EDGE('',*,*,#2326,.T.);
#2326 = EDGE_CURVE('',#417,#2327,#2329,.T.);
#2327 = VERTEX_POINT('',#2328);
#2328 = CARTESIAN_POINT('',(21.819855662259,-29.,46.11496198628));
#2329 = SURFACE_CURVE('',#2330,(#2335,#2346),.PCURVE_S1.);
#2330 = CIRCLE('',#2331,5.5);
#2331 = AXIS2_PLACEMENT_3D('',#2332,#2333,#2334);
#2332 = CARTESIAN_POINT('',(18.5,-29.,50.5));
#2333 = DIRECTION('',(-2.22044604925E-16,-1.,0.));
#2334 = DIRECTION('',(0.,0.,1.));
#2335 = PCURVE('',#454,#2336);
#2336 = DEFINITIONAL_REPRESENTATION('',(#2337),#2345);
#2337 = ( BOUNDED_CURVE() B_SPLINE_CURVE(2,(#2338,#2339,#2340,#2341,
#2342,#2343,#2344),.UNSPECIFIED.,.T.,.F.) B_SPLINE_CURVE_WITH_KNOTS((1,2
    ,2,2,2,1),(-2.094395102393,0.,2.094395102393,4.188790204786,
6.28318530718,8.377580409573),.UNSPECIFIED.) CURVE() 
GEOMETRIC_REPRESENTATION_ITEM() RATIONAL_B_SPLINE_CURVE((1.,0.5,1.,0.5,
1.,0.5,1.)) REPRESENTATION_ITEM('') );
#2338 = CARTESIAN_POINT('',(-16.449126264,9.836845313906E-02));
#2339 = CARTESIAN_POINT('',(-16.449126264,9.624647894768));
#2340 = CARTESIAN_POINT('',(-8.199126264004,4.861508173953));
#2341 = CARTESIAN_POINT('',(5.087373599559E-02,9.836845313906E-02));
#2342 = CARTESIAN_POINT('',(-8.199126264004,-4.664771267675));
#2343 = CARTESIAN_POINT('',(-16.449126264,-9.42791098849));
#2344 = CARTESIAN_POINT('',(-16.449126264,9.836845313906E-02));
#2345 = ( GEOMETRIC_REPRESENTATION_CONTEXT(2) 
PARAMETRIC_REPRESENTATION_CONTEXT() REPRESENTATION_CONTEXT('2D SPACE',''
  ) );
#2346 = PCURVE('',#280,#2347);
#2347 = DEFINITIONAL_REPRESENTATION('',(#2348),#2352);
#2348 = LINE('',#2349,#2350);
#2349 = CARTESIAN_POINT('',(-8.881784197001E-16,1.));
#2350 = VECTOR('',#2351,1.);
#2351 = DIRECTION('',(1.,0.));
#2352 = ( GEOMETRIC_REPRESENTATION_CONTEXT(2) 
PARAMETRIC_REPRESENTATION_CONTEXT() REPRESENTATION_CONTEXT('2D SPACE',''
  ) );
#2353 = ORIENTED_EDGE('',*,*,#2354,.T.);
#2354 = EDGE_CURVE('',#2327,#2355,#2357,.T.);
#2355 = VERTEX_POINT('',#2356);
#2356 = CARTESIAN_POINT('',(22.113076511356,-29.,44.360185532127));
#2357 = SURFACE_CURVE('',#2358,(#2366,#2377),.PCURVE_S1.);
#2358 = B_SPLINE_CURVE_WITH_KNOTS('',3,(#2359,#2360,#2361,#2362,#2363,
    #2364,#2365),.UNSPECIFIED.,.F.,.F.,(4,1,1,1,4),(0.,3.908004605934,
    7.204214550704,10.500424495474,13.104747824095),.UNSPECIFIED.);
#2359 = CARTESIAN_POINT('',(21.5,-29.,50.5));
#2360 = CARTESIAN_POINT('',(21.460746697419,-29.,49.185737106203));
#2361 = CARTESIAN_POINT('',(21.666594649964,-29.,46.795304164229));
#2362 = CARTESIAN_POINT('',(22.293160835603,-29.,43.349272453751));
#2363 = CARTESIAN_POINT('',(22.880099487129,-29.,40.335143010996));
#2364 = CARTESIAN_POINT('',(23.018724257771,-29.,38.37444035527));
#2365 = CARTESIAN_POINT('',(23.,-29.,37.5));
#2366 = PCURVE('',#454,#2367);
#2367 = DEFINITIONAL_REPRESENTATION('',(#2368),#2376);
#2368 = B_SPLINE_CURVE_WITH_KNOTS('',3,(#2369,#2370,#2371,#2372,#2373,
    #2374,#2375),.UNSPECIFIED.,.F.,.F.,(4,1,1,1,4),(0.,3.908004605934,
    7.204214550704,10.500424495474,13.104747824095),.UNSPECIFIED.);
#2369 = CARTESIAN_POINT('',(-10.949126264,-2.901631546861));
#2370 = CARTESIAN_POINT('',(-9.634863370208,-2.86237824428));
#2371 = CARTESIAN_POINT('',(-7.244430428233,-3.068226196825));
#2372 = CARTESIAN_POINT('',(-3.798398717755,-3.694792382464));
#2373 = CARTESIAN_POINT('',(-0.784269275,-4.28173103399));
#2374 = CARTESIAN_POINT('',(1.176433380726,-4.420355804632));
#2375 = CARTESIAN_POINT('',(2.050873735996,-4.401631546861));
#2376 = ( GEOMETRIC_REPRESENTATION_CONTEXT(2) 
PARAMETRIC_REPRESENTATION_CONTEXT() REPRESENTATION_CONTEXT('2D SPACE',''
  ) );
#2377 = PCURVE('',#2378,#2389);
#2378 = SURFACE_OF_LINEAR_EXTRUSION('',#2379,#2387);
#2379 = B_SPLINE_CURVE_WITH_KNOTS('',3,(#2380,#2381,#2382,#2383,#2384,
    #2385,#2386),.UNSPECIFIED.,.F.,.F.,(4,1,1,1,4),(0.,3.908004605934,
    7.204214550704,10.500424495474,13.104747824095),.UNSPECIFIED.);
#2380 = CARTESIAN_POINT('',(21.5,-29.,50.5));
#2381 = CARTESIAN_POINT('',(21.460746697419,-29.,49.185737106203));
#2382 = CARTESIAN_POINT('',(21.666594649964,-29.,46.795304164229));
#2383 = CARTESIAN_POINT('',(22.293160835603,-29.,43.349272453751));
#2384 = CARTESIAN_POINT('',(22.880099487129,-29.,40.335143010996));
#2385 = CARTESIAN_POINT('',(23.018724257771,-29.,38.37444035527));
#2386 = CARTESIAN_POINT('',(23.,-29.,37.5));
#2387 = VECTOR('',#2388,1.);
#2388 = DIRECTION('',(2.22044604925E-16,1.,-0.));
#2389 = DEFINITIONAL_REPRESENTATION('',(#2390),#2394);
#2390 = LINE('',#2391,#2392);
#2391 = CARTESIAN_POINT('',(0.,0.));
#2392 = VECTOR('',#2393,1.);
#2393 = DIRECTION('',(1.,0.));
#2394 = ( GEOMETRIC_REPRESENTATION_CONTEXT(2) 
PARAMETRIC_REPRESENTATION_CONTEXT() REPRESENTATION_CONTEXT('2D SPACE',''
  ) );
#2395 = ORIENTED_EDGE('',*,*,#2396,.T.);
#2396 = EDGE_CURVE('',#2355,#2397,#2399,.T.);
#2397 = VERTEX_POINT('',#2398);
#2398 = CARTESIAN_POINT('',(22.779484589876,-29.,40.620668107007));
#2399 = SURFACE_CURVE('',#2400,(#2405,#2416),.PCURVE_S1.);
#2400 = CIRCLE('',#2401,1.9);
#2401 = AXIS2_PLACEMENT_3D('',#2402,#2403,#2404);
#2402 = CARTESIAN_POINT('',(22.5,-29.,42.5));
#2403 = DIRECTION('',(-2.22044604925E-16,-1.,0.));
#2404 = DIRECTION('',(0.,0.,1.));
#2405 = PCURVE('',#454,#2406);
#2406 = DEFINITIONAL_REPRESENTATION('',(#2407),#2415);
#2407 = ( BOUNDED_CURVE() B_SPLINE_CURVE(2,(#2408,#2409,#2410,#2411,
#2412,#2413,#2414),.UNSPECIFIED.,.T.,.F.) B_SPLINE_CURVE_WITH_KNOTS((1,2
    ,2,2,2,1),(-2.094395102393,0.,2.094395102393,4.188790204786,
6.28318530718,8.377580409573),.UNSPECIFIED.) CURVE() 
GEOMETRIC_REPRESENTATION_ITEM() RATIONAL_B_SPLINE_CURVE((1.,0.5,1.,0.5,
1.,0.5,1.)) REPRESENTATION_ITEM('') );
#2408 = CARTESIAN_POINT('',(-4.849126264004,-3.901631546861));
#2409 = CARTESIAN_POINT('',(-4.849126264004,-0.61073501248));
#2410 = CARTESIAN_POINT('',(-1.999126264004,-2.256183279671));
#2411 = CARTESIAN_POINT('',(0.850873735996,-3.901631546861));
#2412 = CARTESIAN_POINT('',(-1.999126264004,-5.547079814051));
#2413 = CARTESIAN_POINT('',(-4.849126264004,-7.192528081242));
#2414 = CARTESIAN_POINT('',(-4.849126264004,-3.901631546861));
#2415 = ( GEOMETRIC_REPRESENTATION_CONTEXT(2) 
PARAMETRIC_REPRESENTATION_CONTEXT() REPRESENTATION_CONTEXT('2D SPACE',''
  ) );
#2416 = PCURVE('',#2417,#2422);
#2417 = CYLINDRICAL_SURFACE('',#2418,1.9);
#2418 = AXIS2_PLACEMENT_3D('',#2419,#2420,#2421);
#2419 = CARTESIAN_POINT('',(22.5,-27.9,42.5));
#2420 = DIRECTION('',(-2.22044604925E-16,-1.,0.));
#2421 = DIRECTION('',(0.,0.,1.));
#2422 = DEFINITIONAL_REPRESENTATION('',(#2423),#2427);
#2423 = LINE('',#2424,#2425);
#2424 = CARTESIAN_POINT('',(0.,1.1));
#2425 = VECTOR('',#2426,1.);
#2426 = DIRECTION('',(1.,0.));
#2427 = ( GEOMETRIC_REPRESENTATION_CONTEXT(2) 
PARAMETRIC_REPRESENTATION_CONTEXT() REPRESENTATION_CONTEXT('2D SPACE',''
  ) );
#2428 = ORIENTED_EDGE('',*,*,#2429,.T.);
#2429 = EDGE_CURVE('',#2397,#2430,#2432,.T.);
#2430 = VERTEX_POINT('',#2431);
#2431 = CARTESIAN_POINT('',(23.,-29.,37.5));
#2432 = SURFACE_CURVE('',#2433,(#2441,#2452),.PCURVE_S1.);
#2433 = B_SPLINE_CURVE_WITH_KNOTS('',3,(#2434,#2435,#2436,#2437,#2438,
    #2439,#2440),.UNSPECIFIED.,.F.,.F.,(4,1,1,1,4),(0.,3.908004605934,
    7.204214550704,10.500424495474,13.104747824095),.UNSPECIFIED.);
#2434 = CARTESIAN_POINT('',(21.5,-29.,50.5));
#2435 = CARTESIAN_POINT('',(21.460746697419,-29.,49.185737106203));
#2436 = CARTESIAN_POINT('',(21.666594649964,-29.,46.795304164229));
#2437 = CARTESIAN_POINT('',(22.293160835603,-29.,43.349272453751));
#2438 = CARTESIAN_POINT('',(22.880099487129,-29.,40.335143010996));
#2439 = CARTESIAN_POINT('',(23.018724257771,-29.,38.37444035527));
#2440 = CARTESIAN_POINT('',(23.,-29.,37.5));
#2441 = PCURVE('',#454,#2442);
#2442 = DEFINITIONAL_REPRESENTATION('',(#2443),#2451);
#2443 = B_SPLINE_CURVE_WITH_KNOTS('',3,(#2444,#2445,#2446,#2447,#2448,
    #2449,#2450),.UNSPECIFIED.,.F.,.F.,(4,1,1,1,4),(0.,3.908004605934,
    7.204214550704,10.500424495474,13.104747824095),.UNSPECIFIED.);
#2444 = CARTESIAN_POINT('',(-10.949126264,-2.901631546861));
#2445 = CARTESIAN_POINT('',(-9.634863370208,-2.86237824428));
#2446 = CARTESIAN_POINT('',(-7.244430428233,-3.068226196825));
#2447 = CARTESIAN_POINT('',(-3.798398717755,-3.694792382464));
#2448 = CARTESIAN_POINT('',(-0.784269275,-4.28173103399));
#2449 = CARTESIAN_POINT('',(1.176433380726,-4.420355804632));
#2450 = CARTESIAN_POINT('',(2.050873735996,-4.401631546861));
#2451 = ( GEOMETRIC_REPRESENTATION_CONTEXT(2) 
PARAMETRIC_REPRESENTATION_CONTEXT() REPRESENTATION_CONTEXT('2D SPACE',''
  ) );
#2452 = PCURVE('',#2453,#2464);
#2453 = SURFACE_OF_LINEAR_EXTRUSION('',#2454,#2462);
#2454 = B_SPLINE_CURVE_WITH_KNOTS('',3,(#2455,#2456,#2457,#2458,#2459,
    #2460,#2461),.UNSPECIFIED.,.F.,.F.,(4,1,1,1,4),(0.,3.908004605934,
    7.204214550704,10.500424495474,13.104747824095),.UNSPECIFIED.);
#2455 = CARTESIAN_POINT('',(21.5,-29.,50.5));
#2456 = CARTESIAN_POINT('',(21.460746697419,-29.,49.185737106203));
#2457 = CARTESIAN_POINT('',(21.666594649964,-29.,46.795304164229));
#2458 = CARTESIAN_POINT('',(22.293160835603,-29.,43.349272453751));
#2459 = CARTESIAN_POINT('',(22.880099487129,-29.,40.335143010996));
#2460 = CARTESIAN_POINT('',(23.018724257771,-29.,38.37444035527));
#2461 = CARTESIAN_POINT('',(23.,-29.,37.5));
#2462 = VECTOR('',#2463,1.);
#2463 = DIRECTION('',(2.22044604925E-16,1.,-0.));
#2464 = DEFINITIONAL_REPRESENTATION('',(#2465),#2469);
#2465 = LINE('',#2466,#2467);
#2466 = CARTESIAN_POINT('',(0.,0.));
#2467 = VECTOR('',#2468,1.);
#2468 = DIRECTION('',(1.,0.));
#2469 = ( GEOMETRIC_REPRESENTATION_CONTEXT(2) 
PARAMETRIC_REPRESENTATION_CONTEXT() REPRESENTATION_CONTEXT('2D SPACE',''
  ) );
#2470 = ORIENTED_EDGE('',*,*,#2471,.T.);
#2471 = EDGE_CURVE('',#2430,#2472,#2474,.T.);
#2472 = VERTEX_POINT('',#2473);
#2473 = CARTESIAN_POINT('',(21.5,-29.,37.5));
#2474 = SURFACE_CURVE('',#2475,(#2479,#2486),.PCURVE_S1.);
#2475 = LINE('',#2476,#2477);
#2476 = CARTESIAN_POINT('',(23.,-29.,37.5));
#2477 = VECTOR('',#2478,1.);
#2478 = DIRECTION('',(-1.,2.22044604925E-16,0.));
#2479 = PCURVE('',#454,#2480);
#2480 = DEFINITIONAL_REPRESENTATION('',(#2481),#2485);
#2481 = LINE('',#2482,#2483);
#2482 = CARTESIAN_POINT('',(2.050873735996,-4.401631546861));
#2483 = VECTOR('',#2484,1.);
#2484 = DIRECTION('',(-0.,1.));
#2485 = ( GEOMETRIC_REPRESENTATION_CONTEXT(2) 
PARAMETRIC_REPRESENTATION_CONTEXT() REPRESENTATION_CONTEXT('2D SPACE',''
  ) );
#2486 = PCURVE('',#2487,#2492);
#2487 = PLANE('',#2488);
#2488 = AXIS2_PLACEMENT_3D('',#2489,#2490,#2491);
#2489 = CARTESIAN_POINT('',(18.5,-32.,37.5));
#2490 = DIRECTION('',(0.,0.,-1.));
#2491 = DIRECTION('',(2.22044604925E-16,1.,0.));
#2492 = DEFINITIONAL_REPRESENTATION('',(#2493),#2497);
#2493 = LINE('',#2494,#2495);
#2494 = CARTESIAN_POINT('',(3.,4.5));
#2495 = VECTOR('',#2496,1.);
#2496 = DIRECTION('',(0.,-1.));
#2497 = ( GEOMETRIC_REPRESENTATION_CONTEXT(2) 
PARAMETRIC_REPRESENTATION_CONTEXT() REPRESENTATION_CONTEXT('2D SPACE',''
  ) );
#2498 = ORIENTED_EDGE('',*,*,#2499,.F.);
#2499 = EDGE_CURVE('',#2258,#2472,#2500,.T.);
#2500 = SURFACE_CURVE('',#2501,(#2505,#2512),.PCURVE_S1.);
#2501 = LINE('',#2502,#2503);
#2502 = CARTESIAN_POINT('',(21.5,-29.,33.5));
#2503 = VECTOR('',#2504,1.);
#2504 = DIRECTION('',(0.,0.,1.));
#2505 = PCURVE('',#454,#2506);
#2506 = DEFINITIONAL_REPRESENTATION('',(#2507),#2511);
#2507 = LINE('',#2508,#2509);
#2508 = CARTESIAN_POINT('',(6.050873735996,-2.901631546861));
#2509 = VECTOR('',#2510,1.);
#2510 = DIRECTION('',(-1.,0.));
#2511 = ( GEOMETRIC_REPRESENTATION_CONTEXT(2) 
PARAMETRIC_REPRESENTATION_CONTEXT() REPRESENTATION_CONTEXT('2D SPACE',''
  ) );
#2512 = PCURVE('',#2513,#2518);
#2513 = CYLINDRICAL_SURFACE('',#2514,3.);
#2514 = AXIS2_PLACEMENT_3D('',#2515,#2516,#2517);
#2515 = CARTESIAN_POINT('',(21.5,-32.,33.5));
#2516 = DIRECTION('',(0.,0.,1.));
#2517 = DIRECTION('',(-2.22044604925E-16,-1.,0.));
#2518 = DEFINITIONAL_REPRESENTATION('',(#2519),#2523);
#2519 = LINE('',#2520,#2521);
#2520 = CARTESIAN_POINT('',(3.14159265359,0.));
#2521 = VECTOR('',#2522,1.);
#2522 = DIRECTION('',(0.,1.));
#2523 = ( GEOMETRIC_REPRESENTATION_CONTEXT(2) 
PARAMETRIC_REPRESENTATION_CONTEXT() REPRESENTATION_CONTEXT('2D SPACE',''
  ) );
#2524 = ADVANCED_FACE('',(#2525,#2694),#280,.T.);
#2525 = FACE_BOUND('',#2526,.T.);
#2526 = EDGE_LOOP('',(#2527,#2562,#2589,#2590,#2591,#2619,#2647,#2668));
#2527 = ORIENTED_EDGE('',*,*,#2528,.F.);
#2528 = EDGE_CURVE('',#2529,#2531,#2533,.T.);
#2529 = VERTEX_POINT('',#2530);
#2530 = CARTESIAN_POINT('',(21.819855662259,-33.,46.11496198628));
#2531 = VERTEX_POINT('',#2532);
#2532 = CARTESIAN_POINT('',(18.5,-33.,56.));
#2533 = SURFACE_CURVE('',#2534,(#2539,#2546),.PCURVE_S1.);
#2534 = CIRCLE('',#2535,5.5);
#2535 = AXIS2_PLACEMENT_3D('',#2536,#2537,#2538);
#2536 = CARTESIAN_POINT('',(18.5,-33.,50.5));
#2537 = DIRECTION('',(-2.22044604925E-16,-1.,0.));
#2538 = DIRECTION('',(0.,0.,1.));
#2539 = PCURVE('',#280,#2540);
#2540 = DEFINITIONAL_REPRESENTATION('',(#2541),#2545);
#2541 = LINE('',#2542,#2543);
#2542 = CARTESIAN_POINT('',(0.,5.));
#2543 = VECTOR('',#2544,1.);
#2544 = DIRECTION('',(1.,0.));
#2545 = ( GEOMETRIC_REPRESENTATION_CONTEXT(2) 
PARAMETRIC_REPRESENTATION_CONTEXT() REPRESENTATION_CONTEXT('2D SPACE',''
  ) );
#2546 = PCURVE('',#2547,#2552);
#2547 = PLANE('',#2548);
#2548 = AXIS2_PLACEMENT_3D('',#2549,#2550,#2551);
#2549 = CARTESIAN_POINT('',(6.75,-33.,50.5));
#2550 = DIRECTION('',(2.22044604925E-16,1.,-0.));
#2551 = DIRECTION('',(0.,-0.,-1.));
#2552 = DEFINITIONAL_REPRESENTATION('',(#2553),#2561);
#2553 = ( BOUNDED_CURVE() B_SPLINE_CURVE(2,(#2554,#2555,#2556,#2557,
#2558,#2559,#2560),.UNSPECIFIED.,.T.,.F.) B_SPLINE_CURVE_WITH_KNOTS((1,2
    ,2,2,2,1),(-2.094395102393,0.,2.094395102393,4.188790204786,
6.28318530718,8.377580409573),.UNSPECIFIED.) CURVE() 
GEOMETRIC_REPRESENTATION_ITEM() RATIONAL_B_SPLINE_CURVE((1.,0.5,1.,0.5,
1.,0.5,1.)) REPRESENTATION_ITEM('') );
#2554 = CARTESIAN_POINT('',(-5.5,-11.75));
#2555 = CARTESIAN_POINT('',(-5.5,-2.223720558371));
#2556 = CARTESIAN_POINT('',(2.75,-6.986860279186));
#2557 = CARTESIAN_POINT('',(11.,-11.75));
#2558 = CARTESIAN_POINT('',(2.75,-16.51313972081));
#2559 = CARTESIAN_POINT('',(-5.5,-21.27627944162));
#2560 = CARTESIAN_POINT('',(-5.5,-11.75));
#2561 = ( GEOMETRIC_REPRESENTATION_CONTEXT(2) 
PARAMETRIC_REPRESENTATION_CONTEXT() REPRESENTATION_CONTEXT('2D SPACE',''
  ) );
#2562 = ORIENTED_EDGE('',*,*,#2563,.T.);
#2563 = EDGE_CURVE('',#2529,#2327,#2564,.T.);
#2564 = SURFACE_CURVE('',#2565,(#2571,#2580),.PCURVE_S1.);
#2565 = B_SPLINE_CURVE_WITH_KNOTS('',4,(#2566,#2567,#2568,#2569,#2570),
  .UNSPECIFIED.,.F.,.F.,(5,5),(0.,1.),.PIECEWISE_BEZIER_KNOTS.);
#2566 = CARTESIAN_POINT('',(21.819855662259,-33.0000006,46.11496198628)
  );
#2567 = CARTESIAN_POINT('',(21.819855662259,-32.0000003,46.11496198628)
  );
#2568 = CARTESIAN_POINT('',(21.819855662259,-31.,46.11496198628));
#2569 = CARTESIAN_POINT('',(21.819855662259,-29.9999997,46.11496198628)
  );
#2570 = CARTESIAN_POINT('',(21.819855662259,-28.9999994,46.11496198628)
  );
#2571 = PCURVE('',#280,#2572);
#2572 = DEFINITIONAL_REPRESENTATION('',(#2573),#2579);
#2573 = B_SPLINE_CURVE_WITH_KNOTS('',4,(#2574,#2575,#2576,#2577,#2578),
  .UNSPECIFIED.,.F.,.F.,(5,5),(0.,1.),.PIECEWISE_BEZIER_KNOTS.);
#2574 = CARTESIAN_POINT('',(3.789614090791,5.0000006));
#2575 = CARTESIAN_POINT('',(3.789614090791,4.0000003));
#2576 = CARTESIAN_POINT('',(3.789614090791,3.));
#2577 = CARTESIAN_POINT('',(3.789614090791,1.9999997));
#2578 = CARTESIAN_POINT('',(3.789614090791,0.9999994));
#2579 = ( GEOMETRIC_REPRESENTATION_CONTEXT(2) 
PARAMETRIC_REPRESENTATION_CONTEXT() REPRESENTATION_CONTEXT('2D SPACE',''
  ) );
#2580 = PCURVE('',#2378,#2581);
#2581 = DEFINITIONAL_REPRESENTATION('',(#2582),#2588);
#2582 = B_SPLINE_CURVE_WITH_KNOTS('',4,(#2583,#2584,#2585,#2586,#2587),
  .UNSPECIFIED.,.F.,.F.,(5,5),(0.,1.),.PIECEWISE_BEZIER_KNOTS.);
#2583 = CARTESIAN_POINT('',(4.398529713869,-4.0000006));
#2584 = CARTESIAN_POINT('',(4.398529713869,-3.0000003));
#2585 = CARTESIAN_POINT('',(4.398529713869,-2.));
#2586 = CARTESIAN_POINT('',(4.398529713869,-0.9999997));
#2587 = CARTESIAN_POINT('',(4.398529713869,5.999999999062E-07));
#2588 = ( GEOMETRIC_REPRESENTATION_CONTEXT(2) 
PARAMETRIC_REPRESENTATION_CONTEXT() REPRESENTATION_CONTEXT('2D SPACE',''
  ) );
#2589 = ORIENTED_EDGE('',*,*,#2326,.F.);
#2590 = ORIENTED_EDGE('',*,*,#416,.F.);
#2591 = ORIENTED_EDGE('',*,*,#2592,.T.);
#2592 = EDGE_CURVE('',#384,#2593,#2595,.T.);
#2593 = VERTEX_POINT('',#2594);
#2594 = CARTESIAN_POINT('',(18.5,-28.,56.));
#2595 = SURFACE_CURVE('',#2596,(#2601,#2608),.PCURVE_S1.);
#2596 = CIRCLE('',#2597,5.5);
#2597 = AXIS2_PLACEMENT_3D('',#2598,#2599,#2600);
#2598 = CARTESIAN_POINT('',(18.5,-28.,50.5));
#2599 = DIRECTION('',(-2.22044604925E-16,-1.,0.));
#2600 = DIRECTION('',(0.,0.,1.));
#2601 = PCURVE('',#280,#2602);
#2602 = DEFINITIONAL_REPRESENTATION('',(#2603),#2607);
#2603 = LINE('',#2604,#2605);
#2604 = CARTESIAN_POINT('',(0.,0.));
#2605 = VECTOR('',#2606,1.);
#2606 = DIRECTION('',(1.,0.));
#2607 = ( GEOMETRIC_REPRESENTATION_CONTEXT(2) 
PARAMETRIC_REPRESENTATION_CONTEXT() REPRESENTATION_CONTEXT('2D SPACE',''
  ) );
#2608 = PCURVE('',#400,#2609);
#2609 = DEFINITIONAL_REPRESENTATION('',(#2610),#2618);
#2610 = ( BOUNDED_CURVE() B_SPLINE_CURVE(2,(#2611,#2612,#2613,#2614,
#2615,#2616,#2617),.UNSPECIFIED.,.T.,.F.) B_SPLINE_CURVE_WITH_KNOTS((1,2
    ,2,2,2,1),(-2.094395102393,0.,2.094395102393,4.188790204786,
6.28318530718,8.377580409573),.UNSPECIFIED.) CURVE() 
GEOMETRIC_REPRESENTATION_ITEM() RATIONAL_B_SPLINE_CURVE((1.,0.5,1.,0.5,
1.,0.5,1.)) REPRESENTATION_ITEM('') );
#2611 = CARTESIAN_POINT('',(-5.183047126121,-18.5));
#2612 = CARTESIAN_POINT('',(-5.183047126121,-8.973720558371));
#2613 = CARTESIAN_POINT('',(3.066952873879,-13.73686027918));
#2614 = CARTESIAN_POINT('',(11.316952873879,-18.5));
#2615 = CARTESIAN_POINT('',(3.066952873879,-23.26313972081));
#2616 = CARTESIAN_POINT('',(-5.183047126121,-28.02627944162));
#2617 = CARTESIAN_POINT('',(-5.183047126121,-18.5));
#2618 = ( GEOMETRIC_REPRESENTATION_CONTEXT(2) 
PARAMETRIC_REPRESENTATION_CONTEXT() REPRESENTATION_CONTEXT('2D SPACE',''
  ) );
#2619 = ORIENTED_EDGE('',*,*,#2620,.T.);
#2620 = EDGE_CURVE('',#2593,#2621,#2623,.T.);
#2621 = VERTEX_POINT('',#2622);
#2622 = CARTESIAN_POINT('',(15.79054054054,-28.,55.286316896899));
#2623 = SURFACE_CURVE('',#2624,(#2629,#2636),.PCURVE_S1.);
#2624 = CIRCLE('',#2625,5.5);
#2625 = AXIS2_PLACEMENT_3D('',#2626,#2627,#2628);
#2626 = CARTESIAN_POINT('',(18.5,-28.,50.5));
#2627 = DIRECTION('',(-2.22044604925E-16,-1.,0.));
#2628 = DIRECTION('',(0.,0.,1.));
#2629 = PCURVE('',#280,#2630);
#2630 = DEFINITIONAL_REPRESENTATION('',(#2631),#2635);
#2631 = LINE('',#2632,#2633);
#2632 = CARTESIAN_POINT('',(6.28318530718,0.));
#2633 = VECTOR('',#2634,1.);
#2634 = DIRECTION('',(1.,0.));
#2635 = ( GEOMETRIC_REPRESENTATION_CONTEXT(2) 
PARAMETRIC_REPRESENTATION_CONTEXT() REPRESENTATION_CONTEXT('2D SPACE',''
  ) );
#2636 = PCURVE('',#400,#2637);
#2637 = DEFINITIONAL_REPRESENTATION('',(#2638),#2646);
#2638 = ( BOUNDED_CURVE() B_SPLINE_CURVE(2,(#2639,#2640,#2641,#2642,
#2643,#2644,#2645),.UNSPECIFIED.,.T.,.F.) B_SPLINE_CURVE_WITH_KNOTS((1,2
    ,2,2,2,1),(-2.094395102393,0.,2.094395102393,4.188790204786,
6.28318530718,8.377580409573),.UNSPECIFIED.) CURVE() 
GEOMETRIC_REPRESENTATION_ITEM() RATIONAL_B_SPLINE_CURVE((1.,0.5,1.,0.5,
1.,0.5,1.)) REPRESENTATION_ITEM('') );
#2639 = CARTESIAN_POINT('',(-5.183047126121,-18.5));
#2640 = CARTESIAN_POINT('',(-5.183047126121,-8.973720558371));
#2641 = CARTESIAN_POINT('',(3.066952873879,-13.73686027918));
#2642 = CARTESIAN_POINT('',(11.316952873879,-18.5));
#2643 = CARTESIAN_POINT('',(3.066952873879,-23.26313972081));
#2644 = CARTESIAN_POINT('',(-5.183047126121,-28.02627944162));
#2645 = CARTESIAN_POINT('',(-5.183047126121,-18.5));
#2646 = ( GEOMETRIC_REPRESENTATION_CONTEXT(2) 
PARAMETRIC_REPRESENTATION_CONTEXT() REPRESENTATION_CONTEXT('2D SPACE',''
  ) );
#2647 = ORIENTED_EDGE('',*,*,#2648,.T.);
#2648 = EDGE_CURVE('',#2621,#2649,#2651,.T.);
#2649 = VERTEX_POINT('',#2650);
#2650 = CARTESIAN_POINT('',(15.790540540541,-33.,55.286316896899));
#2651 = SURFACE_CURVE('',#2652,(#2656,#2662),.PCURVE_S1.);
#2652 = LINE('',#2653,#2654);
#2653 = CARTESIAN_POINT('',(15.790540540541,-28.,55.286316896899));
#2654 = VECTOR('',#2655,1.);
#2655 = DIRECTION('',(-2.22044604925E-16,-1.,0.));
#2656 = PCURVE('',#280,#2657);
#2657 = DEFINITIONAL_REPRESENTATION('',(#2658),#2661);
#2658 = B_SPLINE_CURVE_WITH_KNOTS('',1,(#2659,#2660),.UNSPECIFIED.,.F.,
  .F.,(2,2),(-5.999999999062E-07,5.0000006),.PIECEWISE_BEZIER_KNOTS.);
#2659 = CARTESIAN_POINT('',(6.798293485121,-5.999999999062E-07));
#2660 = CARTESIAN_POINT('',(6.798293485121,5.0000006));
#2661 = ( GEOMETRIC_REPRESENTATION_CONTEXT(2) 
PARAMETRIC_REPRESENTATION_CONTEXT() REPRESENTATION_CONTEXT('2D SPACE',''
  ) );
#2662 = PCURVE('',#859,#2663);
#2663 = DEFINITIONAL_REPRESENTATION('',(#2664),#2667);
#2664 = B_SPLINE_CURVE_WITH_KNOTS('',1,(#2665,#2666),.UNSPECIFIED.,.F.,
  .F.,(2,2),(-5.999999999062E-07,5.0000006),.PIECEWISE_BEZIER_KNOTS.);
#2665 = CARTESIAN_POINT('',(5.006699214915,-5.999999999062E-07));
#2666 = CARTESIAN_POINT('',(5.006699214915,5.0000006));
#2667 = ( GEOMETRIC_REPRESENTATION_CONTEXT(2) 
PARAMETRIC_REPRESENTATION_CONTEXT() REPRESENTATION_CONTEXT('2D SPACE',''
  ) );
#2668 = ORIENTED_EDGE('',*,*,#2669,.F.);
#2669 = EDGE_CURVE('',#2531,#2649,#2670,.T.);
#2670 = SURFACE_CURVE('',#2671,(#2676,#2683),.PCURVE_S1.);
#2671 = CIRCLE('',#2672,5.5);
#2672 = AXIS2_PLACEMENT_3D('',#2673,#2674,#2675);
#2673 = CARTESIAN_POINT('',(18.5,-33.,50.5));
#2674 = DIRECTION('',(-2.22044604925E-16,-1.,0.));
#2675 = DIRECTION('',(0.,0.,1.));
#2676 = PCURVE('',#280,#2677);
#2677 = DEFINITIONAL_REPRESENTATION('',(#2678),#2682);
#2678 = LINE('',#2679,#2680);
#2679 = CARTESIAN_POINT('',(6.28318530718,5.));
#2680 = VECTOR('',#2681,1.);
#2681 = DIRECTION('',(1.,0.));
#2682 = ( GEOMETRIC_REPRESENTATION_CONTEXT(2) 
PARAMETRIC_REPRESENTATION_CONTEXT() REPRESENTATION_CONTEXT('2D SPACE',''
  ) );
#2683 = PCURVE('',#2547,#2684);
#2684 = DEFINITIONAL_REPRESENTATION('',(#2685),#2693);
#2685 = ( BOUNDED_CURVE() B_SPLINE_CURVE(2,(#2686,#2687,#2688,#2689,
#2690,#2691,#2692),.UNSPECIFIED.,.T.,.F.) B_SPLINE_CURVE_WITH_KNOTS((1,2
    ,2,2,2,1),(-2.094395102393,0.,2.094395102393,4.188790204786,
6.28318530718,8.377580409573),.UNSPECIFIED.) CURVE() 
GEOMETRIC_REPRESENTATION_ITEM() RATIONAL_B_SPLINE_CURVE((1.,0.5,1.,0.5,
1.,0.5,1.)) REPRESENTATION_ITEM('') );
#2686 = CARTESIAN_POINT('',(-5.5,-11.75));
#2687 = CARTESIAN_POINT('',(-5.5,-2.223720558371));
#2688 = CARTESIAN_POINT('',(2.75,-6.986860279186));
#2689 = CARTESIAN_POINT('',(11.,-11.75));
#2690 = CARTESIAN_POINT('',(2.75,-16.51313972081));
#2691 = CARTESIAN_POINT('',(-5.5,-21.27627944162));
#2692 = CARTESIAN_POINT('',(-5.5,-11.75));
#2693 = ( GEOMETRIC_REPRESENTATION_CONTEXT(2) 
PARAMETRIC_REPRESENTATION_CONTEXT() REPRESENTATION_CONTEXT('2D SPACE',''
  ) );
#2694 = FACE_BOUND('',#2695,.T.);
#2695 = EDGE_LOOP('',(#2696,#2697,#2719,#2747));
#2696 = ORIENTED_EDGE('',*,*,#265,.F.);
#2697 = ORIENTED_EDGE('',*,*,#2698,.T.);
#2698 = EDGE_CURVE('',#243,#2699,#2701,.T.);
#2699 = VERTEX_POINT('',#2700);
#2700 = CARTESIAN_POINT('',(23.141928478553,-32.1,47.55));
#2701 = SURFACE_CURVE('',#2702,(#2706,#2712),.PCURVE_S1.);
#2702 = LINE('',#2703,#2704);
#2703 = CARTESIAN_POINT('',(23.141928478553,-28.,47.55));
#2704 = VECTOR('',#2705,1.);
#2705 = DIRECTION('',(-2.22044604925E-16,-1.,0.));
#2706 = PCURVE('',#280,#2707);
#2707 = DEFINITIONAL_REPRESENTATION('',(#2708),#2711);
#2708 = B_SPLINE_CURVE_WITH_KNOTS('',1,(#2709,#2710),.UNSPECIFIED.,.F.,
  .F.,(2,2),(1.02,4.38),.PIECEWISE_BEZIER_KNOTS.);
#2709 = CARTESIAN_POINT('',(4.146266353415,1.02));
#2710 = CARTESIAN_POINT('',(4.146266353415,4.38));
#2711 = ( GEOMETRIC_REPRESENTATION_CONTEXT(2) 
PARAMETRIC_REPRESENTATION_CONTEXT() REPRESENTATION_CONTEXT('2D SPACE',''
  ) );
#2712 = PCURVE('',#100,#2713);
#2713 = DEFINITIONAL_REPRESENTATION('',(#2714),#2718);
#2714 = LINE('',#2715,#2716);
#2715 = CARTESIAN_POINT('',(-2.7,3.172555886331));
#2716 = VECTOR('',#2717,1.);
#2717 = DIRECTION('',(1.,0.));
#2718 = ( GEOMETRIC_REPRESENTATION_CONTEXT(2) 
PARAMETRIC_REPRESENTATION_CONTEXT() REPRESENTATION_CONTEXT('2D SPACE',''
  ) );
#2719 = ORIENTED_EDGE('',*,*,#2720,.T.);
#2720 = EDGE_CURVE('',#2699,#2721,#2723,.T.);
#2721 = VERTEX_POINT('',#2722);
#2722 = CARTESIAN_POINT('',(23.141928478553,-32.1,53.45));
#2723 = SURFACE_CURVE('',#2724,(#2729,#2736),.PCURVE_S1.);
#2724 = CIRCLE('',#2725,5.5);
#2725 = AXIS2_PLACEMENT_3D('',#2726,#2727,#2728);
#2726 = CARTESIAN_POINT('',(18.5,-32.1,50.5));
#2727 = DIRECTION('',(-2.22044604925E-16,-1.,0.));
#2728 = DIRECTION('',(0.,0.,1.));
#2729 = PCURVE('',#280,#2730);
#2730 = DEFINITIONAL_REPRESENTATION('',(#2731),#2735);
#2731 = LINE('',#2732,#2733);
#2732 = CARTESIAN_POINT('',(0.,4.1));
#2733 = VECTOR('',#2734,1.);
#2734 = DIRECTION('',(1.,0.));
#2735 = ( GEOMETRIC_REPRESENTATION_CONTEXT(2) 
PARAMETRIC_REPRESENTATION_CONTEXT() REPRESENTATION_CONTEXT('2D SPACE',''
  ) );
#2736 = PCURVE('',#72,#2737);
#2737 = DEFINITIONAL_REPRESENTATION('',(#2738),#2746);
#2738 = ( BOUNDED_CURVE() B_SPLINE_CURVE(2,(#2739,#2740,#2741,#2742,
#2743,#2744,#2745),.UNSPECIFIED.,.T.,.F.) B_SPLINE_CURVE_WITH_KNOTS((1,2
    ,2,2,2,1),(-2.094395102393,0.,2.094395102393,4.188790204786,
6.28318530718,8.377580409573),.UNSPECIFIED.) CURVE() 
GEOMETRIC_REPRESENTATION_ITEM() RATIONAL_B_SPLINE_CURVE((1.,0.5,1.,0.5,
1.,0.5,1.)) REPRESENTATION_ITEM('') );
#2739 = CARTESIAN_POINT('',(-5.5,1.288875098222));
#2740 = CARTESIAN_POINT('',(-5.5,10.815154539851));
#2741 = CARTESIAN_POINT('',(2.75,6.052014819036));
#2742 = CARTESIAN_POINT('',(11.,1.288875098222));
#2743 = CARTESIAN_POINT('',(2.75,-3.474264622592));
#2744 = CARTESIAN_POINT('',(-5.5,-8.237404343407));
#2745 = CARTESIAN_POINT('',(-5.5,1.288875098222));
#2746 = ( GEOMETRIC_REPRESENTATION_CONTEXT(2) 
PARAMETRIC_REPRESENTATION_CONTEXT() REPRESENTATION_CONTEXT('2D SPACE',''
  ) );
#2747 = ORIENTED_EDGE('',*,*,#2748,.F.);
#2748 = EDGE_CURVE('',#218,#2721,#2749,.T.);
#2749 = SURFACE_CURVE('',#2750,(#2754,#2760),.PCURVE_S1.);
#2750 = LINE('',#2751,#2752);
#2751 = CARTESIAN_POINT('',(23.141928478553,-28.,53.45));
#2752 = VECTOR('',#2753,1.);
#2753 = DIRECTION('',(-2.22044604925E-16,-1.,0.));
#2754 = PCURVE('',#280,#2755);
#2755 = DEFINITIONAL_REPRESENTATION('',(#2756),#2759);
#2756 = B_SPLINE_CURVE_WITH_KNOTS('',1,(#2757,#2758),.UNSPECIFIED.,.F.,
  .F.,(2,2),(1.02,4.38),.PIECEWISE_BEZIER_KNOTS.);
#2757 = CARTESIAN_POINT('',(5.278511607355,1.02));
#2758 = CARTESIAN_POINT('',(5.278511607355,4.38));
#2759 = ( GEOMETRIC_REPRESENTATION_CONTEXT(2) 
PARAMETRIC_REPRESENTATION_CONTEXT() REPRESENTATION_CONTEXT('2D SPACE',''
  ) );
#2760 = PCURVE('',#159,#2761);
#2761 = DEFINITIONAL_REPRESENTATION('',(#2762),#2766);
#2762 = LINE('',#2763,#2764);
#2763 = CARTESIAN_POINT('',(2.7,3.172555886331));
#2764 = VECTOR('',#2765,1.);
#2765 = DIRECTION('',(-1.,0.));
#2766 = ( GEOMETRIC_REPRESENTATION_CONTEXT(2) 
PARAMETRIC_REPRESENTATION_CONTEXT() REPRESENTATION_CONTEXT('2D SPACE',''
  ) );
#2767 = ADVANCED_FACE('',(#2768,#2829,#2859,#2894),#400,.T.);
#2768 = FACE_BOUND('',#2769,.T.);
#2769 = EDGE_LOOP('',(#2770,#2798,#2824,#2825,#2826,#2827,#2828));
#2770 = ORIENTED_EDGE('',*,*,#2771,.F.);
#2771 = EDGE_CURVE('',#2772,#845,#2774,.T.);
#2772 = VERTEX_POINT('',#2773);
#2773 = CARTESIAN_POINT('',(-2.175914500715E-15,-28.,67.));
#2774 = SURFACE_CURVE('',#2775,(#2780,#2791),.PCURVE_S1.);
#2775 = CIRCLE('',#2776,16.5);
#2776 = AXIS2_PLACEMENT_3D('',#2777,#2778,#2779);
#2777 = CARTESIAN_POINT('',(-6.217248937901E-15,-28.,50.5));
#2778 = DIRECTION('',(-2.22044604925E-16,-1.,0.));
#2779 = DIRECTION('',(0.,0.,1.));
#2780 = PCURVE('',#400,#2781);
#2781 = DEFINITIONAL_REPRESENTATION('',(#2782),#2790);
#2782 = ( BOUNDED_CURVE() B_SPLINE_CURVE(2,(#2783,#2784,#2785,#2786,
#2787,#2788,#2789),.UNSPECIFIED.,.T.,.F.) B_SPLINE_CURVE_WITH_KNOTS((1,2
    ,2,2,2,1),(-2.094395102393,0.,2.094395102393,4.188790204786,
6.28318530718,8.377580409573),.UNSPECIFIED.) CURVE() 
GEOMETRIC_REPRESENTATION_ITEM() RATIONAL_B_SPLINE_CURVE((1.,0.5,1.,0.5,
1.,0.5,1.)) REPRESENTATION_ITEM('') );
#2783 = CARTESIAN_POINT('',(-16.18304712612,8.796554362521E-14));
#2784 = CARTESIAN_POINT('',(-16.18304712612,28.578838324887));
#2785 = CARTESIAN_POINT('',(8.566952873879,14.289419162443));
#2786 = CARTESIAN_POINT('',(33.316952873879,9.20068780624E-14));
#2787 = CARTESIAN_POINT('',(8.566952873879,-14.28941916244));
#2788 = CARTESIAN_POINT('',(-16.18304712612,-28.57883832488));
#2789 = CARTESIAN_POINT('',(-16.18304712612,8.796554362521E-14));
#2790 = ( GEOMETRIC_REPRESENTATION_CONTEXT(2) 
PARAMETRIC_REPRESENTATION_CONTEXT() REPRESENTATION_CONTEXT('2D SPACE',''
  ) );
#2791 = PCURVE('',#859,#2792);
#2792 = DEFINITIONAL_REPRESENTATION('',(#2793),#2797);
#2793 = LINE('',#2794,#2795);
#2794 = CARTESIAN_POINT('',(6.28318530718,0.));
#2795 = VECTOR('',#2796,1.);
#2796 = DIRECTION('',(1.,0.));
#2797 = ( GEOMETRIC_REPRESENTATION_CONTEXT(2) 
PARAMETRIC_REPRESENTATION_CONTEXT() REPRESENTATION_CONTEXT('2D SPACE',''
  ) );
#2798 = ORIENTED_EDGE('',*,*,#2799,.F.);
#2799 = EDGE_CURVE('',#2621,#2772,#2800,.T.);
#2800 = SURFACE_CURVE('',#2801,(#2806,#2817),.PCURVE_S1.);
#2801 = CIRCLE('',#2802,16.5);
#2802 = AXIS2_PLACEMENT_3D('',#2803,#2804,#2805);
#2803 = CARTESIAN_POINT('',(-6.217248937901E-15,-28.,50.5));
#2804 = DIRECTION('',(-2.22044604925E-16,-1.,0.));
#2805 = DIRECTION('',(0.,0.,1.));
#2806 = PCURVE('',#400,#2807);
#2807 = DEFINITIONAL_REPRESENTATION('',(#2808),#2816);
#2808 = ( BOUNDED_CURVE() B_SPLINE_CURVE(2,(#2809,#2810,#2811,#2812,
#2813,#2814,#2815),.UNSPECIFIED.,.T.,.F.) B_SPLINE_CURVE_WITH_KNOTS((1,2
    ,2,2,2,1),(-2.094395102393,0.,2.094395102393,4.188790204786,
6.28318530718,8.377580409573),.UNSPECIFIED.) CURVE() 
GEOMETRIC_REPRESENTATION_ITEM() RATIONAL_B_SPLINE_CURVE((1.,0.5,1.,0.5,
1.,0.5,1.)) REPRESENTATION_ITEM('') );
#2809 = CARTESIAN_POINT('',(-16.18304712612,8.796554362521E-14));
#2810 = CARTESIAN_POINT('',(-16.18304712612,28.578838324887));
#2811 = CARTESIAN_POINT('',(8.566952873879,14.289419162443));
#2812 = CARTESIAN_POINT('',(33.316952873879,9.20068780624E-14));
#2813 = CARTESIAN_POINT('',(8.566952873879,-14.28941916244));
#2814 = CARTESIAN_POINT('',(-16.18304712612,-28.57883832488));
#2815 = CARTESIAN_POINT('',(-16.18304712612,8.796554362521E-14));
#2816 = ( GEOMETRIC_REPRESENTATION_CONTEXT(2) 
PARAMETRIC_REPRESENTATION_CONTEXT() REPRESENTATION_CONTEXT('2D SPACE',''
  ) );
#2817 = PCURVE('',#859,#2818);
#2818 = DEFINITIONAL_REPRESENTATION('',(#2819),#2823);
#2819 = LINE('',#2820,#2821);
#2820 = CARTESIAN_POINT('',(0.,0.));
#2821 = VECTOR('',#2822,1.);
#2822 = DIRECTION('',(1.,0.));
#2823 = ( GEOMETRIC_REPRESENTATION_CONTEXT(2) 
PARAMETRIC_REPRESENTATION_CONTEXT() REPRESENTATION_CONTEXT('2D SPACE',''
  ) );
#2824 = ORIENTED_EDGE('',*,*,#2620,.F.);
#2825 = ORIENTED_EDGE('',*,*,#2592,.F.);
#2826 = ORIENTED_EDGE('',*,*,#383,.F.);
#2827 = ORIENTED_EDGE('',*,*,#898,.F.);
#2828 = ORIENTED_EDGE('',*,*,#870,.F.);
#2829 = FACE_BOUND('',#2830,.T.);
#2830 = EDGE_LOOP('',(#2831));
#2831 = ORIENTED_EDGE('',*,*,#2832,.T.);
#2832 = EDGE_CURVE('',#2833,#2833,#2835,.T.);
#2833 = VERTEX_POINT('',#2834);
#2834 = CARTESIAN_POINT('',(18.5,-28.,52.2));
#2835 = SURFACE_CURVE('',#2836,(#2841,#2852),.PCURVE_S1.);
#2836 = CIRCLE('',#2837,1.7);
#2837 = AXIS2_PLACEMENT_3D('',#2838,#2839,#2840);
#2838 = CARTESIAN_POINT('',(18.5,-28.,50.5));
#2839 = DIRECTION('',(-2.22044604925E-16,-1.,0.));
#2840 = DIRECTION('',(0.,0.,1.));
#2841 = PCURVE('',#400,#2842);
#2842 = DEFINITIONAL_REPRESENTATION('',(#2843),#2851);
#2843 = ( BOUNDED_CURVE() B_SPLINE_CURVE(2,(#2844,#2845,#2846,#2847,
#2848,#2849,#2850),.UNSPECIFIED.,.T.,.F.) B_SPLINE_CURVE_WITH_KNOTS((1,2
    ,2,2,2,1),(-2.094395102393,0.,2.094395102393,4.188790204786,
6.28318530718,8.377580409573),.UNSPECIFIED.) CURVE() 
GEOMETRIC_REPRESENTATION_ITEM() RATIONAL_B_SPLINE_CURVE((1.,0.5,1.,0.5,
1.,0.5,1.)) REPRESENTATION_ITEM('') );
#2844 = CARTESIAN_POINT('',(-1.383047126121,-18.5));
#2845 = CARTESIAN_POINT('',(-1.383047126121,-15.55551362713));
#2846 = CARTESIAN_POINT('',(1.166952873879,-17.02775681356));
#2847 = CARTESIAN_POINT('',(3.716952873879,-18.5));
#2848 = CARTESIAN_POINT('',(1.166952873879,-19.97224318643));
#2849 = CARTESIAN_POINT('',(-1.383047126121,-21.44448637286));
#2850 = CARTESIAN_POINT('',(-1.383047126121,-18.5));
#2851 = ( GEOMETRIC_REPRESENTATION_CONTEXT(2) 
PARAMETRIC_REPRESENTATION_CONTEXT() REPRESENTATION_CONTEXT('2D SPACE',''
  ) );
#2852 = PCURVE('',#313,#2853);
#2853 = DEFINITIONAL_REPRESENTATION('',(#2854),#2858);
#2854 = LINE('',#2855,#2856);
#2855 = CARTESIAN_POINT('',(0.,1.));
#2856 = VECTOR('',#2857,1.);
#2857 = DIRECTION('',(1.,0.));
#2858 = ( GEOMETRIC_REPRESENTATION_CONTEXT(2) 
PARAMETRIC_REPRESENTATION_CONTEXT() REPRESENTATION_CONTEXT('2D SPACE',''
  ) );
#2859 = FACE_BOUND('',#2860,.T.);
#2860 = EDGE_LOOP('',(#2861));
#2861 = ORIENTED_EDGE('',*,*,#2862,.T.);
#2862 = EDGE_CURVE('',#2863,#2863,#2865,.T.);
#2863 = VERTEX_POINT('',#2864);
#2864 = CARTESIAN_POINT('',(-2.88620964422E-15,-28.,64.1));
#2865 = SURFACE_CURVE('',#2866,(#2871,#2882),.PCURVE_S1.);
#2866 = CIRCLE('',#2867,13.6);
#2867 = AXIS2_PLACEMENT_3D('',#2868,#2869,#2870);
#2868 = CARTESIAN_POINT('',(-6.217248937901E-15,-28.,50.5));
#2869 = DIRECTION('',(-2.22044604925E-16,-1.,0.));
#2870 = DIRECTION('',(0.,0.,1.));
#2871 = PCURVE('',#400,#2872);
#2872 = DEFINITIONAL_REPRESENTATION('',(#2873),#2881);
#2873 = ( BOUNDED_CURVE() B_SPLINE_CURVE(2,(#2874,#2875,#2876,#2877,
#2878,#2879,#2880),.UNSPECIFIED.,.T.,.F.) B_SPLINE_CURVE_WITH_KNOTS((1,2
    ,2,2,2,1),(-2.094395102393,0.,2.094395102393,4.188790204786,
6.28318530718,8.377580409573),.UNSPECIFIED.) CURVE() 
GEOMETRIC_REPRESENTATION_ITEM() RATIONAL_B_SPLINE_CURVE((1.,0.5,1.,0.5,
1.,0.5,1.)) REPRESENTATION_ITEM('') );
#2874 = CARTESIAN_POINT('',(-13.28304712612,8.796554362521E-14));
#2875 = CARTESIAN_POINT('',(-13.28304712612,23.555890982937));
#2876 = CARTESIAN_POINT('',(7.116952873879,11.777945491468));
#2877 = CARTESIAN_POINT('',(27.516952873879,9.12965829189E-14));
#2878 = CARTESIAN_POINT('',(7.116952873879,-11.77794549146));
#2879 = CARTESIAN_POINT('',(-13.28304712612,-23.55589098293));
#2880 = CARTESIAN_POINT('',(-13.28304712612,8.796554362521E-14));
#2881 = ( GEOMETRIC_REPRESENTATION_CONTEXT(2) 
PARAMETRIC_REPRESENTATION_CONTEXT() REPRESENTATION_CONTEXT('2D SPACE',''
  ) );
#2882 = PCURVE('',#2883,#2888);
#2883 = CYLINDRICAL_SURFACE('',#2884,13.6);
#2884 = AXIS2_PLACEMENT_3D('',#2885,#2886,#2887);
#2885 = CARTESIAN_POINT('',(-6.195044477408E-15,-27.9,50.5));
#2886 = DIRECTION('',(-2.22044604925E-16,-1.,0.));
#2887 = DIRECTION('',(0.,0.,1.));
#2888 = DEFINITIONAL_REPRESENTATION('',(#2889),#2893);
#2889 = LINE('',#2890,#2891);
#2890 = CARTESIAN_POINT('',(0.,0.1));
#2891 = VECTOR('',#2892,1.);
#2892 = DIRECTION('',(1.,0.));
#2893 = ( GEOMETRIC_REPRESENTATION_CONTEXT(2) 
PARAMETRIC_REPRESENTATION_CONTEXT() REPRESENTATION_CONTEXT('2D SPACE',''
  ) );
#2894 = FACE_BOUND('',#2895,.T.);
#2895 = EDGE_LOOP('',(#2896));
#2896 = ORIENTED_EDGE('',*,*,#2897,.T.);
#2897 = EDGE_CURVE('',#2898,#2898,#2900,.T.);
#2898 = VERTEX_POINT('',#2899);
#2899 = CARTESIAN_POINT('',(-18.5,-28.,52.2));
#2900 = SURFACE_CURVE('',#2901,(#2906,#2917),.PCURVE_S1.);
#2901 = CIRCLE('',#2902,1.7);
#2902 = AXIS2_PLACEMENT_3D('',#2903,#2904,#2905);
#2903 = CARTESIAN_POINT('',(-18.5,-28.,50.5));
#2904 = DIRECTION('',(-2.22044604925E-16,-1.,0.));
#2905 = DIRECTION('',(0.,0.,1.));
#2906 = PCURVE('',#400,#2907);
#2907 = DEFINITIONAL_REPRESENTATION('',(#2908),#2916);
#2908 = ( BOUNDED_CURVE() B_SPLINE_CURVE(2,(#2909,#2910,#2911,#2912,
#2913,#2914,#2915),.UNSPECIFIED.,.T.,.F.) B_SPLINE_CURVE_WITH_KNOTS((1,2
    ,2,2,2,1),(-2.094395102393,0.,2.094395102393,4.188790204786,
6.28318530718,8.377580409573),.UNSPECIFIED.) CURVE() 
GEOMETRIC_REPRESENTATION_ITEM() RATIONAL_B_SPLINE_CURVE((1.,0.5,1.,0.5,
1.,0.5,1.)) REPRESENTATION_ITEM('') );
#2909 = CARTESIAN_POINT('',(-1.383047126121,18.5));
#2910 = CARTESIAN_POINT('',(-1.383047126121,21.444486372867));
#2911 = CARTESIAN_POINT('',(1.166952873879,19.972243186434));
#2912 = CARTESIAN_POINT('',(3.716952873879,18.5));
#2913 = CARTESIAN_POINT('',(1.166952873879,17.027756813567));
#2914 = CARTESIAN_POINT('',(-1.383047126121,15.555513627133));
#2915 = CARTESIAN_POINT('',(-1.383047126121,18.5));
#2916 = ( GEOMETRIC_REPRESENTATION_CONTEXT(2) 
PARAMETRIC_REPRESENTATION_CONTEXT() REPRESENTATION_CONTEXT('2D SPACE',''
  ) );
#2917 = PCURVE('',#2918,#2923);
#2918 = CYLINDRICAL_SURFACE('',#2919,1.7);
#2919 = AXIS2_PLACEMENT_3D('',#2920,#2921,#2922);
#2920 = CARTESIAN_POINT('',(-18.5,-27.,50.5));
#2921 = DIRECTION('',(-2.22044604925E-16,-1.,0.));
#2922 = DIRECTION('',(0.,0.,1.));
#2923 = DEFINITIONAL_REPRESENTATION('',(#2924),#2928);
#2924 = LINE('',#2925,#2926);
#2925 = CARTESIAN_POINT('',(0.,1.));
#2926 = VECTOR('',#2927,1.);
#2927 = DIRECTION('',(1.,0.));
#2928 = ( GEOMETRIC_REPRESENTATION_CONTEXT(2) 
PARAMETRIC_REPRESENTATION_CONTEXT() REPRESENTATION_CONTEXT('2D SPACE',''
  ) );
#2929 = ADVANCED_FACE('',(#2930),#777,.T.);
#2930 = FACE_BOUND('',#2931,.T.);
#2931 = EDGE_LOOP('',(#2932,#2933,#2934));
#2932 = ORIENTED_EDGE('',*,*,#758,.T.);
#2933 = ORIENTED_EDGE('',*,*,#1096,.T.);
#2934 = ORIENTED_EDGE('',*,*,#2935,.F.);
#2935 = EDGE_CURVE('',#759,#1076,#2936,.T.);
#2936 = SURFACE_CURVE('',#2937,(#2941,#2947),.PCURVE_S1.);
#2937 = LINE('',#2938,#2939);
#2938 = CARTESIAN_POINT('',(-14.,-36.5,46.5));
#2939 = VECTOR('',#2940,1.);
#2940 = DIRECTION('',(0.,-0.,-1.));
#2941 = PCURVE('',#777,#2942);
#2942 = DEFINITIONAL_REPRESENTATION('',(#2943),#2946);
#2943 = B_SPLINE_CURVE_WITH_KNOTS('',1,(#2944,#2945),.UNSPECIFIED.,.F.,
  .F.,(2,2),(-9.5,1.5),.PIECEWISE_BEZIER_KNOTS.);
#2944 = CARTESIAN_POINT('',(5.5,-4.5));
#2945 = CARTESIAN_POINT('',(-5.5,-4.5));
#2946 = ( GEOMETRIC_REPRESENTATION_CONTEXT(2) 
PARAMETRIC_REPRESENTATION_CONTEXT() REPRESENTATION_CONTEXT('2D SPACE',''
  ) );
#2947 = PCURVE('',#804,#2948);
#2948 = DEFINITIONAL_REPRESENTATION('',(#2949),#2952);
#2949 = B_SPLINE_CURVE_WITH_KNOTS('',1,(#2950,#2951),.UNSPECIFIED.,.F.,
  .F.,(2,2),(-9.5,1.5),.PIECEWISE_BEZIER_KNOTS.);
#2950 = CARTESIAN_POINT('',(13.5,3.5));
#2951 = CARTESIAN_POINT('',(2.5,3.5));
#2952 = ( GEOMETRIC_REPRESENTATION_CONTEXT(2) 
PARAMETRIC_REPRESENTATION_CONTEXT() REPRESENTATION_CONTEXT('2D SPACE',''
  ) );
#2953 = ADVANCED_FACE('',(#2954),#804,.F.);
#2954 = FACE_BOUND('',#2955,.F.);
#2955 = EDGE_LOOP('',(#2956,#2979,#2980,#2981,#2982,#2983,#3006,#3034));
#2956 = ORIENTED_EDGE('',*,*,#2957,.F.);
#2957 = EDGE_CURVE('',#1647,#2958,#2960,.T.);
#2958 = VERTEX_POINT('',#2959);
#2959 = CARTESIAN_POINT('',(-14.,-37.,42.5));
#2960 = SURFACE_CURVE('',#2961,(#2965,#2972),.PCURVE_S1.);
#2961 = LINE('',#2962,#2963);
#2962 = CARTESIAN_POINT('',(-14.,-33.,42.5));
#2963 = VECTOR('',#2964,1.);
#2964 = DIRECTION('',(-2.22044604925E-16,-1.,0.));
#2965 = PCURVE('',#804,#2966);
#2966 = DEFINITIONAL_REPRESENTATION('',(#2967),#2971);
#2967 = LINE('',#2968,#2969);
#2968 = CARTESIAN_POINT('',(0.,0.));
#2969 = VECTOR('',#2970,1.);
#2970 = DIRECTION('',(0.,1.));
#2971 = ( GEOMETRIC_REPRESENTATION_CONTEXT(2) 
PARAMETRIC_REPRESENTATION_CONTEXT() REPRESENTATION_CONTEXT('2D SPACE',''
  ) );
#2972 = PCURVE('',#1663,#2973);
#2973 = DEFINITIONAL_REPRESENTATION('',(#2974),#2978);
#2974 = LINE('',#2975,#2976);
#2975 = CARTESIAN_POINT('',(1.570796326795,0.));
#2976 = VECTOR('',#2977,1.);
#2977 = DIRECTION('',(0.,1.));
#2978 = ( GEOMETRIC_REPRESENTATION_CONTEXT(2) 
PARAMETRIC_REPRESENTATION_CONTEXT() REPRESENTATION_CONTEXT('2D SPACE',''
  ) );
#2979 = ORIENTED_EDGE('',*,*,#1675,.T.);
#2980 = ORIENTED_EDGE('',*,*,#1075,.T.);
#2981 = ORIENTED_EDGE('',*,*,#2935,.F.);
#2982 = ORIENTED_EDGE('',*,*,#789,.F.);
#2983 = ORIENTED_EDGE('',*,*,#2984,.T.);
#2984 = EDGE_CURVE('',#790,#2985,#2987,.T.);
#2985 = VERTEX_POINT('',#2986);
#2986 = CARTESIAN_POINT('',(-14.,-33.,58.5));
#2987 = SURFACE_CURVE('',#2988,(#2992,#2999),.PCURVE_S1.);
#2988 = LINE('',#2989,#2990);
#2989 = CARTESIAN_POINT('',(-14.,-33.,42.5));
#2990 = VECTOR('',#2991,1.);
#2991 = DIRECTION('',(0.,0.,1.));
#2992 = PCURVE('',#804,#2993);
#2993 = DEFINITIONAL_REPRESENTATION('',(#2994),#2998);
#2994 = LINE('',#2995,#2996);
#2995 = CARTESIAN_POINT('',(0.,0.));
#2996 = VECTOR('',#2997,1.);
#2997 = DIRECTION('',(1.,0.));
#2998 = ( GEOMETRIC_REPRESENTATION_CONTEXT(2) 
PARAMETRIC_REPRESENTATION_CONTEXT() REPRESENTATION_CONTEXT('2D SPACE',''
  ) );
#2999 = PCURVE('',#832,#3000);
#3000 = DEFINITIONAL_REPRESENTATION('',(#3001),#3005);
#3001 = LINE('',#3002,#3003);
#3002 = CARTESIAN_POINT('',(-8.,14.));
#3003 = VECTOR('',#3004,1.);
#3004 = DIRECTION('',(1.,0.));
#3005 = ( GEOMETRIC_REPRESENTATION_CONTEXT(2) 
PARAMETRIC_REPRESENTATION_CONTEXT() REPRESENTATION_CONTEXT('2D SPACE',''
  ) );
#3006 = ORIENTED_EDGE('',*,*,#3007,.T.);
#3007 = EDGE_CURVE('',#2985,#3008,#3010,.T.);
#3008 = VERTEX_POINT('',#3009);
#3009 = CARTESIAN_POINT('',(-14.,-37.,58.5));
#3010 = SURFACE_CURVE('',#3011,(#3015,#3022),.PCURVE_S1.);
#3011 = LINE('',#3012,#3013);
#3012 = CARTESIAN_POINT('',(-14.,-33.,58.5));
#3013 = VECTOR('',#3014,1.);
#3014 = DIRECTION('',(-2.22044604925E-16,-1.,0.));
#3015 = PCURVE('',#804,#3016);
#3016 = DEFINITIONAL_REPRESENTATION('',(#3017),#3021);
#3017 = LINE('',#3018,#3019);
#3018 = CARTESIAN_POINT('',(16.,0.));
#3019 = VECTOR('',#3020,1.);
#3020 = DIRECTION('',(0.,1.));
#3021 = ( GEOMETRIC_REPRESENTATION_CONTEXT(2) 
PARAMETRIC_REPRESENTATION_CONTEXT() REPRESENTATION_CONTEXT('2D SPACE',''
  ) );
#3022 = PCURVE('',#3023,#3028);
#3023 = CYLINDRICAL_SURFACE('',#3024,5.);
#3024 = AXIS2_PLACEMENT_3D('',#3025,#3026,#3027);
#3025 = CARTESIAN_POINT('',(-9.,-33.,58.5));
#3026 = DIRECTION('',(-2.22044604925E-16,-1.,0.));
#3027 = DIRECTION('',(0.,0.,1.));
#3028 = DEFINITIONAL_REPRESENTATION('',(#3029),#3033);
#3029 = LINE('',#3030,#3031);
#3030 = CARTESIAN_POINT('',(1.570796326795,0.));
#3031 = VECTOR('',#3032,1.);
#3032 = DIRECTION('',(0.,1.));
#3033 = ( GEOMETRIC_REPRESENTATION_CONTEXT(2) 
PARAMETRIC_REPRESENTATION_CONTEXT() REPRESENTATION_CONTEXT('2D SPACE',''
  ) );
#3034 = ORIENTED_EDGE('',*,*,#3035,.F.);
#3035 = EDGE_CURVE('',#2958,#3008,#3036,.T.);
#3036 = SURFACE_CURVE('',#3037,(#3041,#3048),.PCURVE_S1.);
#3037 = LINE('',#3038,#3039);
#3038 = CARTESIAN_POINT('',(-14.,-37.,42.5));
#3039 = VECTOR('',#3040,1.);
#3040 = DIRECTION('',(0.,0.,1.));
#3041 = PCURVE('',#804,#3042);
#3042 = DEFINITIONAL_REPRESENTATION('',(#3043),#3047);
#3043 = LINE('',#3044,#3045);
#3044 = CARTESIAN_POINT('',(0.,4.));
#3045 = VECTOR('',#3046,1.);
#3046 = DIRECTION('',(1.,0.));
#3047 = ( GEOMETRIC_REPRESENTATION_CONTEXT(2) 
PARAMETRIC_REPRESENTATION_CONTEXT() REPRESENTATION_CONTEXT('2D SPACE',''
  ) );
#3048 = PCURVE('',#3049,#3054);
#3049 = PLANE('',#3050);
#3050 = AXIS2_PLACEMENT_3D('',#3051,#3052,#3053);
#3051 = CARTESIAN_POINT('',(6.393114844595,-37.,48.68306585937));
#3052 = DIRECTION('',(-2.22044604925E-16,-1.,0.));
#3053 = DIRECTION('',(0.,0.,1.));
#3054 = DEFINITIONAL_REPRESENTATION('',(#3055),#3059);
#3055 = LINE('',#3056,#3057);
#3056 = CARTESIAN_POINT('',(-6.18306585937,20.393114844595));
#3057 = VECTOR('',#3058,1.);
#3058 = DIRECTION('',(1.,0.));
#3059 = ( GEOMETRIC_REPRESENTATION_CONTEXT(2) 
PARAMETRIC_REPRESENTATION_CONTEXT() REPRESENTATION_CONTEXT('2D SPACE',''
  ) );
#3060 = ADVANCED_FACE('',(#3061),#832,.T.);
#3061 = FACE_BOUND('',#3062,.T.);
#3062 = EDGE_LOOP('',(#3063,#3087,#3109,#3110));
#3063 = ORIENTED_EDGE('',*,*,#3064,.F.);
#3064 = EDGE_CURVE('',#3065,#2985,#3067,.T.);
#3065 = VERTEX_POINT('',#3066);
#3066 = CARTESIAN_POINT('',(-13.92775374104,-33.,59.346902041323));
#3067 = SURFACE_CURVE('',#3068,(#3073,#3080),.PCURVE_S1.);
#3068 = CIRCLE('',#3069,5.);
#3069 = AXIS2_PLACEMENT_3D('',#3070,#3071,#3072);
#3070 = CARTESIAN_POINT('',(-9.,-33.,58.5));
#3071 = DIRECTION('',(-2.22044604925E-16,-1.,0.));
#3072 = DIRECTION('',(0.,0.,1.));
#3073 = PCURVE('',#832,#3074);
#3074 = DEFINITIONAL_REPRESENTATION('',(#3075),#3079);
#3075 = CIRCLE('',#3076,5.);
#3076 = AXIS2_PLACEMENT_2D('',#3077,#3078);
#3077 = CARTESIAN_POINT('',(8.,9.));
#3078 = DIRECTION('',(1.,0.));
#3079 = ( GEOMETRIC_REPRESENTATION_CONTEXT(2) 
PARAMETRIC_REPRESENTATION_CONTEXT() REPRESENTATION_CONTEXT('2D SPACE',''
  ) );
#3080 = PCURVE('',#3023,#3081);
#3081 = DEFINITIONAL_REPRESENTATION('',(#3082),#3086);
#3082 = LINE('',#3083,#3084);
#3083 = CARTESIAN_POINT('',(0.,0.));
#3084 = VECTOR('',#3085,1.);
#3085 = DIRECTION('',(1.,0.));
#3086 = ( GEOMETRIC_REPRESENTATION_CONTEXT(2) 
PARAMETRIC_REPRESENTATION_CONTEXT() REPRESENTATION_CONTEXT('2D SPACE',''
  ) );
#3087 = ORIENTED_EDGE('',*,*,#3088,.T.);
#3088 = EDGE_CURVE('',#3065,#816,#3089,.T.);
#3089 = SURFACE_CURVE('',#3090,(#3095,#3102),.PCURVE_S1.);
#3090 = CIRCLE('',#3091,16.5);
#3091 = AXIS2_PLACEMENT_3D('',#3092,#3093,#3094);
#3092 = CARTESIAN_POINT('',(-7.327471962526E-15,-33.,50.5));
#3093 = DIRECTION('',(-2.22044604925E-16,-1.,0.));
#3094 = DIRECTION('',(0.,0.,1.));
#3095 = PCURVE('',#832,#3096);
#3096 = DEFINITIONAL_REPRESENTATION('',(#3097),#3101);
#3097 = CIRCLE('',#3098,16.5);
#3098 = AXIS2_PLACEMENT_2D('',#3099,#3100);
#3099 = CARTESIAN_POINT('',(0.,0.));
#3100 = DIRECTION('',(1.,0.));
#3101 = ( GEOMETRIC_REPRESENTATION_CONTEXT(2) 
PARAMETRIC_REPRESENTATION_CONTEXT() REPRESENTATION_CONTEXT('2D SPACE',''
  ) );
#3102 = PCURVE('',#859,#3103);
#3103 = DEFINITIONAL_REPRESENTATION('',(#3104),#3108);
#3104 = LINE('',#3105,#3106);
#3105 = CARTESIAN_POINT('',(6.28318530718,5.));
#3106 = VECTOR('',#3107,1.);
#3107 = DIRECTION('',(1.,0.));
#3108 = ( GEOMETRIC_REPRESENTATION_CONTEXT(2) 
PARAMETRIC_REPRESENTATION_CONTEXT() REPRESENTATION_CONTEXT('2D SPACE',''
  ) );
#3109 = ORIENTED_EDGE('',*,*,#815,.F.);
#3110 = ORIENTED_EDGE('',*,*,#2984,.T.);
#3111 = ADVANCED_FACE('',(#3112),#859,.T.);
#3112 = FACE_BOUND('',#3113,.T.);
#3113 = EDGE_LOOP('',(#3114,#3115,#3116,#3117,#3150,#3179,#3203,#3229,
    #3230));
#3114 = ORIENTED_EDGE('',*,*,#2771,.T.);
#3115 = ORIENTED_EDGE('',*,*,#844,.T.);
#3116 = ORIENTED_EDGE('',*,*,#3088,.F.);
#3117 = ORIENTED_EDGE('',*,*,#3118,.F.);
#3118 = EDGE_CURVE('',#3119,#3065,#3121,.T.);
#3119 = VERTEX_POINT('',#3120);
#3120 = CARTESIAN_POINT('',(-10.41879798309,-33.,63.294477269023));
#3121 = SURFACE_CURVE('',#3122,(#3127,#3134),.PCURVE_S1.);
#3122 = CIRCLE('',#3123,16.5);
#3123 = AXIS2_PLACEMENT_3D('',#3124,#3125,#3126);
#3124 = CARTESIAN_POINT('',(-7.327471962526E-15,-33.,50.5));
#3125 = DIRECTION('',(-2.22044604925E-16,-1.,0.));
#3126 = DIRECTION('',(0.,0.,1.));
#3127 = PCURVE('',#859,#3128);
#3128 = DEFINITIONAL_REPRESENTATION('',(#3129),#3133);
#3129 = LINE('',#3130,#3131);
#3130 = CARTESIAN_POINT('',(6.28318530718,5.));
#3131 = VECTOR('',#3132,1.);
#3132 = DIRECTION('',(1.,0.));
#3133 = ( GEOMETRIC_REPRESENTATION_CONTEXT(2) 
PARAMETRIC_REPRESENTATION_CONTEXT() REPRESENTATION_CONTEXT('2D SPACE',''
  ) );
#3134 = PCURVE('',#3135,#3140);
#3135 = PLANE('',#3136);
#3136 = AXIS2_PLACEMENT_3D('',#3137,#3138,#3139);
#3137 = CARTESIAN_POINT('',(6.75,-33.,50.5));
#3138 = DIRECTION('',(2.22044604925E-16,1.,-0.));
#3139 = DIRECTION('',(0.,-0.,-1.));
#3140 = DEFINITIONAL_REPRESENTATION('',(#3141),#3149);
#3141 = ( BOUNDED_CURVE() B_SPLINE_CURVE(2,(#3142,#3143,#3144,#3145,
#3146,#3147,#3148),.UNSPECIFIED.,.T.,.F.) B_SPLINE_CURVE_WITH_KNOTS((1,2
    ,2,2,2,1),(-2.094395102393,0.,2.094395102393,4.188790204786,
6.28318530718,8.377580409573),.UNSPECIFIED.) CURVE() 
GEOMETRIC_REPRESENTATION_ITEM() RATIONAL_B_SPLINE_CURVE((1.,0.5,1.,0.5,
1.,0.5,1.)) REPRESENTATION_ITEM('') );
#3142 = CARTESIAN_POINT('',(-16.5,6.75));
#3143 = CARTESIAN_POINT('',(-16.5,35.328838324886));
#3144 = CARTESIAN_POINT('',(8.25,21.039419162443));
#3145 = CARTESIAN_POINT('',(33.,6.75));
#3146 = CARTESIAN_POINT('',(8.25,-7.539419162443));
#3147 = CARTESIAN_POINT('',(-16.5,-21.82883832488));
#3148 = CARTESIAN_POINT('',(-16.5,6.75));
#3149 = ( GEOMETRIC_REPRESENTATION_CONTEXT(2) 
PARAMETRIC_REPRESENTATION_CONTEXT() REPRESENTATION_CONTEXT('2D SPACE',''
  ) );
#3150 = ORIENTED_EDGE('',*,*,#3151,.F.);
#3151 = EDGE_CURVE('',#3152,#3119,#3154,.T.);
#3152 = VERTEX_POINT('',#3153);
#3153 = CARTESIAN_POINT('',(-3.28613752534E-15,-33.,67.));
#3154 = SURFACE_CURVE('',#3155,(#3160,#3167),.PCURVE_S1.);
#3155 = CIRCLE('',#3156,16.5);
#3156 = AXIS2_PLACEMENT_3D('',#3157,#3158,#3159);
#3157 = CARTESIAN_POINT('',(-7.327471962526E-15,-33.,50.5));
#3158 = DIRECTION('',(-2.22044604925E-16,-1.,0.));
#3159 = DIRECTION('',(0.,0.,1.));
#3160 = PCURVE('',#859,#3161);
#3161 = DEFINITIONAL_REPRESENTATION('',(#3162),#3166);
#3162 = LINE('',#3163,#3164);
#3163 = CARTESIAN_POINT('',(6.28318530718,5.));
#3164 = VECTOR('',#3165,1.);
#3165 = DIRECTION('',(1.,0.));
#3166 = ( GEOMETRIC_REPRESENTATION_CONTEXT(2) 
PARAMETRIC_REPRESENTATION_CONTEXT() REPRESENTATION_CONTEXT('2D SPACE',''
  ) );
#3167 = PCURVE('',#3168,#3173);
#3168 = PLANE('',#3169);
#3169 = AXIS2_PLACEMENT_3D('',#3170,#3171,#3172);
#3170 = CARTESIAN_POINT('',(-7.327471962526E-15,-33.,50.5));
#3171 = DIRECTION('',(-2.22044604925E-16,-1.,0.));
#3172 = DIRECTION('',(0.,0.,1.));
#3173 = DEFINITIONAL_REPRESENTATION('',(#3174),#3178);
#3174 = CIRCLE('',#3175,16.5);
#3175 = AXIS2_PLACEMENT_2D('',#3176,#3177);
#3176 = CARTESIAN_POINT('',(0.,0.));
#3177 = DIRECTION('',(1.,0.));
#3178 = ( GEOMETRIC_REPRESENTATION_CONTEXT(2) 
PARAMETRIC_REPRESENTATION_CONTEXT() REPRESENTATION_CONTEXT('2D SPACE',''
  ) );
#3179 = ORIENTED_EDGE('',*,*,#3180,.F.);
#3180 = EDGE_CURVE('',#3181,#3152,#3183,.T.);
#3181 = VERTEX_POINT('',#3182);
#3182 = CARTESIAN_POINT('',(10.161200716452,-33.,63.5));
#3183 = SURFACE_CURVE('',#3184,(#3189,#3196),.PCURVE_S1.);
#3184 = CIRCLE('',#3185,16.5);
#3185 = AXIS2_PLACEMENT_3D('',#3186,#3187,#3188);
#3186 = CARTESIAN_POINT('',(-7.327471962526E-15,-33.,50.5));
#3187 = DIRECTION('',(-2.22044604925E-16,-1.,0.));
#3188 = DIRECTION('',(0.,0.,1.));
#3189 = PCURVE('',#859,#3190);
#3190 = DEFINITIONAL_REPRESENTATION('',(#3191),#3195);
#3191 = LINE('',#3192,#3193);
#3192 = CARTESIAN_POINT('',(0.,5.));
#3193 = VECTOR('',#3194,1.);
#3194 = DIRECTION('',(1.,0.));
#3195 = ( GEOMETRIC_REPRESENTATION_CONTEXT(2) 
PARAMETRIC_REPRESENTATION_CONTEXT() REPRESENTATION_CONTEXT('2D SPACE',''
  ) );
#3196 = PCURVE('',#3168,#3197);
#3197 = DEFINITIONAL_REPRESENTATION('',(#3198),#3202);
#3198 = CIRCLE('',#3199,16.5);
#3199 = AXIS2_PLACEMENT_2D('',#3200,#3201);
#3200 = CARTESIAN_POINT('',(0.,0.));
#3201 = DIRECTION('',(1.,0.));
#3202 = ( GEOMETRIC_REPRESENTATION_CONTEXT(2) 
PARAMETRIC_REPRESENTATION_CONTEXT() REPRESENTATION_CONTEXT('2D SPACE',''
  ) );
#3203 = ORIENTED_EDGE('',*,*,#3204,.F.);
#3204 = EDGE_CURVE('',#2649,#3181,#3205,.T.);
#3205 = SURFACE_CURVE('',#3206,(#3211,#3218),.PCURVE_S1.);
#3206 = CIRCLE('',#3207,16.5);
#3207 = AXIS2_PLACEMENT_3D('',#3208,#3209,#3210);
#3208 = CARTESIAN_POINT('',(-7.327471962526E-15,-33.,50.5));
#3209 = DIRECTION('',(-2.22044604925E-16,-1.,0.));
#3210 = DIRECTION('',(0.,0.,1.));
#3211 = PCURVE('',#859,#3212);
#3212 = DEFINITIONAL_REPRESENTATION('',(#3213),#3217);
#3213 = LINE('',#3214,#3215);
#3214 = CARTESIAN_POINT('',(0.,5.));
#3215 = VECTOR('',#3216,1.);
#3216 = DIRECTION('',(1.,0.));
#3217 = ( GEOMETRIC_REPRESENTATION_CONTEXT(2) 
PARAMETRIC_REPRESENTATION_CONTEXT() REPRESENTATION_CONTEXT('2D SPACE',''
  ) );
#3218 = PCURVE('',#2547,#3219);
#3219 = DEFINITIONAL_REPRESENTATION('',(#3220),#3228);
#3220 = ( BOUNDED_CURVE() B_SPLINE_CURVE(2,(#3221,#3222,#3223,#3224,
#3225,#3226,#3227),.UNSPECIFIED.,.T.,.F.) B_SPLINE_CURVE_WITH_KNOTS((1,2
    ,2,2,2,1),(-2.094395102393,0.,2.094395102393,4.188790204786,
6.28318530718,8.377580409573),.UNSPECIFIED.) CURVE() 
GEOMETRIC_REPRESENTATION_ITEM() RATIONAL_B_SPLINE_CURVE((1.,0.5,1.,0.5,
1.,0.5,1.)) REPRESENTATION_ITEM('') );
#3221 = CARTESIAN_POINT('',(-16.5,6.75));
#3222 = CARTESIAN_POINT('',(-16.5,35.328838324886));
#3223 = CARTESIAN_POINT('',(8.25,21.039419162443));
#3224 = CARTESIAN_POINT('',(33.,6.75));
#3225 = CARTESIAN_POINT('',(8.25,-7.539419162443));
#3226 = CARTESIAN_POINT('',(-16.5,-21.82883832488));
#3227 = CARTESIAN_POINT('',(-16.5,6.75));
#3228 = ( GEOMETRIC_REPRESENTATION_CONTEXT(2) 
PARAMETRIC_REPRESENTATION_CONTEXT() REPRESENTATION_CONTEXT('2D SPACE',''
  ) );
#3229 = ORIENTED_EDGE('',*,*,#2648,.F.);
#3230 = ORIENTED_EDGE('',*,*,#2799,.T.);
#3231 = ADVANCED_FACE('',(#3232),#1010,.T.);
#3232 = FACE_BOUND('',#3233,.T.);
#3233 = EDGE_LOOP('',(#3234,#3255,#3256,#3257));
#3234 = ORIENTED_EDGE('',*,*,#3235,.T.);
#3235 = EDGE_CURVE('',#3236,#1520,#3238,.T.);
#3236 = VERTEX_POINT('',#3237);
#3237 = CARTESIAN_POINT('',(-22.95943025272,-35.,39.));
#3238 = SURFACE_CURVE('',#3239,(#3243,#3249),.PCURVE_S1.);
#3239 = LINE('',#3240,#3241);
#3240 = CARTESIAN_POINT('',(-9.25,-35.,39.));
#3241 = VECTOR('',#3242,1.);
#3242 = DIRECTION('',(1.,-2.22044604925E-16,0.));
#3243 = PCURVE('',#1010,#3244);
#3244 = DEFINITIONAL_REPRESENTATION('',(#3245),#3248);
#3245 = B_SPLINE_CURVE_WITH_KNOTS('',1,(#3246,#3247),.UNSPECIFIED.,.F.,
  .F.,(2,2),(-13.76872425777,-4.731275742229),.PIECEWISE_BEZIER_KNOTS.);
#3246 = CARTESIAN_POINT('',(-4.524809009318,4.518724257771));
#3247 = CARTESIAN_POINT('',(-4.524809009318,-4.518724257771));
#3248 = ( GEOMETRIC_REPRESENTATION_CONTEXT(2) 
PARAMETRIC_REPRESENTATION_CONTEXT() REPRESENTATION_CONTEXT('2D SPACE',''
  ) );
#3249 = PCURVE('',#1572,#3250);
#3250 = DEFINITIONAL_REPRESENTATION('',(#3251),#3254);
#3251 = B_SPLINE_CURVE_WITH_KNOTS('',1,(#3252,#3253),.UNSPECIFIED.,.F.,
  .F.,(2,2),(-13.76872425777,-4.731275742229),.PIECEWISE_BEZIER_KNOTS.);
#3252 = CARTESIAN_POINT('',(-2.167051973961,-23.01872425777));
#3253 = CARTESIAN_POINT('',(-2.167051973961,-13.98127574222));
#3254 = ( GEOMETRIC_REPRESENTATION_CONTEXT(2) 
PARAMETRIC_REPRESENTATION_CONTEXT() REPRESENTATION_CONTEXT('2D SPACE',''
  ) );
#3255 = ORIENTED_EDGE('',*,*,#1519,.F.);
#3256 = ORIENTED_EDGE('',*,*,#993,.F.);
#3257 = ORIENTED_EDGE('',*,*,#3258,.F.);
#3258 = EDGE_CURVE('',#3236,#954,#3259,.T.);
#3259 = SURFACE_CURVE('',#3260,(#3268,#3279),.PCURVE_S1.);
#3260 = B_SPLINE_CURVE_WITH_KNOTS('',3,(#3261,#3262,#3263,#3264,#3265,
    #3266,#3267),.UNSPECIFIED.,.F.,.F.,(4,1,1,1,4),(0.,2.604323328621,
    5.900533273391,9.196743218161,13.104747824095),.UNSPECIFIED.);
#3261 = CARTESIAN_POINT('',(-23.,-35.,37.5));
#3262 = CARTESIAN_POINT('',(-23.01872425777,-35.,38.37444035527));
#3263 = CARTESIAN_POINT('',(-22.88009948712,-35.,40.335143010996));
#3264 = CARTESIAN_POINT('',(-22.2931608356,-35.,43.349272453751));
#3265 = CARTESIAN_POINT('',(-21.66659464996,-35.,46.795304164229));
#3266 = CARTESIAN_POINT('',(-21.46074669741,-35.,49.185737106203));
#3267 = CARTESIAN_POINT('',(-21.5,-35.,50.5));
#3268 = PCURVE('',#1010,#3269);
#3269 = DEFINITIONAL_REPRESENTATION('',(#3270),#3278);
#3270 = B_SPLINE_CURVE_WITH_KNOTS('',3,(#3271,#3272,#3273,#3274,#3275,
    #3276,#3277),.UNSPECIFIED.,.F.,.F.,(4,1,1,1,4),(0.,2.604323328621,
    5.900533273391,9.196743218161,13.104747824095),.UNSPECIFIED.);
#3271 = CARTESIAN_POINT('',(-6.024809009318,4.5));
#3272 = CARTESIAN_POINT('',(-5.150368654048,4.518724257771));
#3273 = CARTESIAN_POINT('',(-3.189665998323,4.380099487129));
#3274 = CARTESIAN_POINT('',(-0.175536555568,3.793160835603));
#3275 = CARTESIAN_POINT('',(3.27049515491,3.166594649964));
#3276 = CARTESIAN_POINT('',(5.660928096885,2.960746697419));
#3277 = CARTESIAN_POINT('',(6.975190990682,3.));
#3278 = ( GEOMETRIC_REPRESENTATION_CONTEXT(2) 
PARAMETRIC_REPRESENTATION_CONTEXT() REPRESENTATION_CONTEXT('2D SPACE',''
  ) );
#3279 = PCURVE('',#973,#3280);
#3280 = DEFINITIONAL_REPRESENTATION('',(#3281),#3285);
#3281 = LINE('',#3282,#3283);
#3282 = CARTESIAN_POINT('',(0.,-6.));
#3283 = VECTOR('',#3284,1.);
#3284 = DIRECTION('',(1.,0.));
#3285 = ( GEOMETRIC_REPRESENTATION_CONTEXT(2) 
PARAMETRIC_REPRESENTATION_CONTEXT() REPRESENTATION_CONTEXT('2D SPACE',''
  ) );
#3286 = ADVANCED_FACE('',(#3287),#973,.T.);
#3287 = FACE_BOUND('',#3288,.T.);
#3288 = EDGE_LOOP('',(#3289,#3290,#3313,#3357,#3387,#3388));
#3289 = ORIENTED_EDGE('',*,*,#1269,.F.);
#3290 = ORIENTED_EDGE('',*,*,#3291,.T.);
#3291 = EDGE_CURVE('',#1242,#3292,#3294,.T.);
#3292 = VERTEX_POINT('',#3293);
#3293 = CARTESIAN_POINT('',(-23.,-29.40192378864,37.5));
#3294 = SURFACE_CURVE('',#3295,(#3299,#3306),.PCURVE_S1.);
#3295 = LINE('',#3296,#3297);
#3296 = CARTESIAN_POINT('',(-23.,-29.,37.5));
#3297 = VECTOR('',#3298,1.);
#3298 = DIRECTION('',(-2.22044604925E-16,-1.,0.));
#3299 = PCURVE('',#973,#3300);
#3300 = DEFINITIONAL_REPRESENTATION('',(#3301),#3305);
#3301 = LINE('',#3302,#3303);
#3302 = CARTESIAN_POINT('',(0.,0.));
#3303 = VECTOR('',#3304,1.);
#3304 = DIRECTION('',(0.,-1.));
#3305 = ( GEOMETRIC_REPRESENTATION_CONTEXT(2) 
PARAMETRIC_REPRESENTATION_CONTEXT() REPRESENTATION_CONTEXT('2D SPACE',''
  ) );
#3306 = PCURVE('',#1257,#3307);
#3307 = DEFINITIONAL_REPRESENTATION('',(#3308),#3312);
#3308 = LINE('',#3309,#3310);
#3309 = CARTESIAN_POINT('',(3.,-4.5));
#3310 = VECTOR('',#3311,1.);
#3311 = DIRECTION('',(-1.,0.));
#3312 = ( GEOMETRIC_REPRESENTATION_CONTEXT(2) 
PARAMETRIC_REPRESENTATION_CONTEXT() REPRESENTATION_CONTEXT('2D SPACE',''
  ) );
#3313 = ORIENTED_EDGE('',*,*,#3314,.F.);
#3314 = EDGE_CURVE('',#3315,#3292,#3317,.T.);
#3315 = VERTEX_POINT('',#3316);
#3316 = CARTESIAN_POINT('',(-22.95943025272,-29.37891943324,39.));
#3317 = SURFACE_CURVE('',#3318,(#3329,#3343),.PCURVE_S1.);
#3318 = B_SPLINE_CURVE_WITH_KNOTS('',5,(#3319,#3320,#3321,#3322,#3323,
    #3324,#3325,#3326,#3327,#3328),.UNSPECIFIED.,.F.,.F.,(6,4,6),(0.,
    5.647107122508E-02,1.),.UNSPECIFIED.);
#3319 = CARTESIAN_POINT('',(-22.95943020968,-29.37891940927,39.0000006)
  );
#3320 = CARTESIAN_POINT('',(-22.96064210227,-29.37959419686,
    38.983105840493));
#3321 = CARTESIAN_POINT('',(-22.96183468991,-29.38025915294,
    38.96620957423));
#3322 = CARTESIAN_POINT('',(-22.96300785984,-29.38091415742,
    38.949311790528));
#3323 = CARTESIAN_POINT('',(-22.96416149843,-29.38155909072,
    38.932412494313));
#3324 = CARTESIAN_POINT('',(-22.98424244714,-29.39279923676,
    38.633130263091));
#3325 = CARTESIAN_POINT('',(-22.99770515455,-29.40056011638,
    38.350329146645));
#3326 = CARTESIAN_POINT('',(-23.00515394176,-29.40492330218,
    38.067144035146));
#3327 = CARTESIAN_POINT('',(-23.00607390176,-29.40543055746,
    37.783656894853));
#3328 = CARTESIAN_POINT('',(-23.,-29.40192378864,37.5));
#3329 = PCURVE('',#973,#3330);
#3330 = DEFINITIONAL_REPRESENTATION('',(#3331),#3342);
#3331 = B_SPLINE_CURVE_WITH_KNOTS('',5,(#3332,#3333,#3334,#3335,#3336,
    #3337,#3338,#3339,#3340,#3341),.UNSPECIFIED.,.F.,.F.,(6,4,6),(0.,
    5.647107122508E-02,1.),.UNSPECIFIED.);
#3332 = CARTESIAN_POINT('',(1.497322149679,-0.378919328678));
#3333 = CARTESIAN_POINT('',(1.480372582891,-0.37959411626));
#3334 = CARTESIAN_POINT('',(1.463423664692,-0.38025918102));
#3335 = CARTESIAN_POINT('',(1.446475438095,-0.380914217741));
#3336 = CARTESIAN_POINT('',(1.429527924403,-0.381559090729));
#3337 = CARTESIAN_POINT('',(1.129430886666,-0.392799236764));
#3338 = CARTESIAN_POINT('',(0.84648010395,-0.400560116384));
#3339 = CARTESIAN_POINT('',(0.563824122094,-0.404923302183));
#3340 = CARTESIAN_POINT('',(0.281602689895,-0.405430557466));
#3341 = CARTESIAN_POINT('',(0.,-0.401923788647));
#3342 = ( GEOMETRIC_REPRESENTATION_CONTEXT(2) 
PARAMETRIC_REPRESENTATION_CONTEXT() REPRESENTATION_CONTEXT('2D SPACE',''
  ) );
#3343 = PCURVE('',#1429,#3344);
#3344 = DEFINITIONAL_REPRESENTATION('',(#3345),#3356);
#3345 = B_SPLINE_CURVE_WITH_KNOTS('',5,(#3346,#3347,#3348,#3349,#3350,
    #3351,#3352,#3353,#3354,#3355),.UNSPECIFIED.,.F.,.F.,(6,4,6),(0.,
    5.647107122508E-02,1.),.UNSPECIFIED.);
#3346 = CARTESIAN_POINT('',(3.649645250078,5.5000006));
#3347 = CARTESIAN_POINT('',(3.650107613805,5.483105840493));
#3348 = CARTESIAN_POINT('',(3.650562761061,5.46620957423));
#3349 = CARTESIAN_POINT('',(3.651010639741,5.449311790528));
#3350 = CARTESIAN_POINT('',(3.651451197526,5.432412494313));
#3351 = CARTESIAN_POINT('',(3.659122104932,5.133130263091));
#3352 = CARTESIAN_POINT('',(3.664301551666,4.850329146645));
#3353 = CARTESIAN_POINT('',(3.667179204587,4.567144035146));
#3354 = CARTESIAN_POINT('',(3.667529275068,4.283656894853));
#3355 = CARTESIAN_POINT('',(3.665191429188,4.));
#3356 = ( GEOMETRIC_REPRESENTATION_CONTEXT(2) 
PARAMETRIC_REPRESENTATION_CONTEXT() REPRESENTATION_CONTEXT('2D SPACE',''
  ) );
#3357 = ORIENTED_EDGE('',*,*,#3358,.F.);
#3358 = EDGE_CURVE('',#3236,#3315,#3359,.T.);
#3359 = SURFACE_CURVE('',#3360,(#3367,#3377),.PCURVE_S1.);
#3360 = B_SPLINE_CURVE_WITH_KNOTS('',5,(#3361,#3362,#3363,#3364,#3365,
    #3366),.UNSPECIFIED.,.F.,.F.,(6,6),(0.,1.),
  .PIECEWISE_BEZIER_KNOTS.);
#3361 = CARTESIAN_POINT('',(-22.95943025272,-35.0000006,39.));
#3362 = CARTESIAN_POINT('',(-22.95943025272,-33.82351782051,39.));
#3363 = CARTESIAN_POINT('',(-22.95943025272,-32.6575825309,39.));
#3364 = CARTESIAN_POINT('',(-22.95943025272,-31.42743460842,39.));
#3365 = CARTESIAN_POINT('',(-22.95943025272,-30.16320794334,39.));
#3366 = CARTESIAN_POINT('',(-22.95943025272,-29.,39.));
#3367 = PCURVE('',#973,#3368);
#3368 = DEFINITIONAL_REPRESENTATION('',(#3369),#3376);
#3369 = B_SPLINE_CURVE_WITH_KNOTS('',5,(#3370,#3371,#3372,#3373,#3374,
    #3375),.UNSPECIFIED.,.F.,.F.,(6,6),(0.,1.),
  .PIECEWISE_BEZIER_KNOTS.);
#3370 = CARTESIAN_POINT('',(1.49732152992,-6.0000006));
#3371 = CARTESIAN_POINT('',(1.49732152992,-4.823517820516));
#3372 = CARTESIAN_POINT('',(1.49732152992,-3.657582531762));
#3373 = CARTESIAN_POINT('',(1.49732152992,-2.427434606905));
#3374 = CARTESIAN_POINT('',(1.49732152992,-1.16320794394));
#3375 = CARTESIAN_POINT('',(1.49732152992,-5.999396535117E-10));
#3376 = ( GEOMETRIC_REPRESENTATION_CONTEXT(2) 
PARAMETRIC_REPRESENTATION_CONTEXT() REPRESENTATION_CONTEXT('2D SPACE',''
  ) );
#3377 = PCURVE('',#1572,#3378);
#3378 = DEFINITIONAL_REPRESENTATION('',(#3379),#3386);
#3379 = B_SPLINE_CURVE_WITH_KNOTS('',5,(#3380,#3381,#3382,#3383,#3384,
    #3385),.UNSPECIFIED.,.F.,.F.,(6,6),(0.,1.),
  .PIECEWISE_BEZIER_KNOTS.);
#3380 = CARTESIAN_POINT('',(-2.167051373961,-22.95943025272));
#3381 = CARTESIAN_POINT('',(-3.343534153445,-22.95943025272));
#3382 = CARTESIAN_POINT('',(-4.509469443056,-22.95943025272));
#3383 = CARTESIAN_POINT('',(-5.739617365538,-22.95943025272));
#3384 = CARTESIAN_POINT('',(-7.003844030621,-22.95943025272));
#3385 = CARTESIAN_POINT('',(-8.167051973961,-22.95943025272));
#3386 = ( GEOMETRIC_REPRESENTATION_CONTEXT(2) 
PARAMETRIC_REPRESENTATION_CONTEXT() REPRESENTATION_CONTEXT('2D SPACE',''
  ) );
#3387 = ORIENTED_EDGE('',*,*,#3258,.T.);
#3388 = ORIENTED_EDGE('',*,*,#953,.T.);
#3389 = ADVANCED_FACE('',(#3390),#1257,.T.);
#3390 = FACE_BOUND('',#3391,.T.);
#3391 = EDGE_LOOP('',(#3392,#3393,#3419));
#3392 = ORIENTED_EDGE('',*,*,#1239,.F.);
#3393 = ORIENTED_EDGE('',*,*,#3394,.T.);
#3394 = EDGE_CURVE('',#1240,#3292,#3395,.T.);
#3395 = SURFACE_CURVE('',#3396,(#3401,#3412),.PCURVE_S1.);
#3396 = CIRCLE('',#3397,3.);
#3397 = AXIS2_PLACEMENT_3D('',#3398,#3399,#3400);
#3398 = CARTESIAN_POINT('',(-21.5,-32.,37.5));
#3399 = DIRECTION('',(0.,0.,1.));
#3400 = DIRECTION('',(-2.22044604925E-16,-1.,0.));
#3401 = PCURVE('',#1257,#3402);
#3402 = DEFINITIONAL_REPRESENTATION('',(#3403),#3411);
#3403 = ( BOUNDED_CURVE() B_SPLINE_CURVE(2,(#3404,#3405,#3406,#3407,
#3408,#3409,#3410),.UNSPECIFIED.,.T.,.F.) B_SPLINE_CURVE_WITH_KNOTS((1,2
    ,2,2,2,1),(-2.094395102393,0.,2.094395102393,4.188790204786,
6.28318530718,8.377580409573),.UNSPECIFIED.) CURVE() 
GEOMETRIC_REPRESENTATION_ITEM() RATIONAL_B_SPLINE_CURVE((1.,0.5,1.,0.5,
1.,0.5,1.)) REPRESENTATION_ITEM('') );
#3404 = CARTESIAN_POINT('',(-3.,-3.));
#3405 = CARTESIAN_POINT('',(-3.,2.196152422707));
#3406 = CARTESIAN_POINT('',(1.5,-0.401923788647));
#3407 = CARTESIAN_POINT('',(6.,-3.));
#3408 = CARTESIAN_POINT('',(1.5,-5.598076211353));
#3409 = CARTESIAN_POINT('',(-3.,-8.196152422707));
#3410 = CARTESIAN_POINT('',(-3.,-3.));
#3411 = ( GEOMETRIC_REPRESENTATION_CONTEXT(2) 
PARAMETRIC_REPRESENTATION_CONTEXT() REPRESENTATION_CONTEXT('2D SPACE',''
  ) );
#3412 = PCURVE('',#1429,#3413);
#3413 = DEFINITIONAL_REPRESENTATION('',(#3414),#3418);
#3414 = LINE('',#3415,#3416);
#3415 = CARTESIAN_POINT('',(0.,4.));
#3416 = VECTOR('',#3417,1.);
#3417 = DIRECTION('',(1.,0.));
#3418 = ( GEOMETRIC_REPRESENTATION_CONTEXT(2) 
PARAMETRIC_REPRESENTATION_CONTEXT() REPRESENTATION_CONTEXT('2D SPACE',''
  ) );
#3419 = ORIENTED_EDGE('',*,*,#3291,.F.);
#3420 = ADVANCED_FACE('',(#3421),#1347,.T.);
#3421 = FACE_BOUND('',#3422,.T.);
#3422 = EDGE_LOOP('',(#3423,#3424,#3425));
#3423 = ORIENTED_EDGE('',*,*,#1331,.F.);
#3424 = ORIENTED_EDGE('',*,*,#1619,.T.);
#3425 = ORIENTED_EDGE('',*,*,#3426,.T.);
#3426 = EDGE_CURVE('',#1588,#1332,#3427,.T.);
#3427 = SURFACE_CURVE('',#3428,(#3433,#3444),.PCURVE_S1.);
#3428 = CIRCLE('',#3429,3.);
#3429 = AXIS2_PLACEMENT_3D('',#3430,#3431,#3432);
#3430 = CARTESIAN_POINT('',(-15.5,-32.,37.5));
#3431 = DIRECTION('',(0.,0.,1.));
#3432 = DIRECTION('',(-2.22044604925E-16,-1.,0.));
#3433 = PCURVE('',#1347,#3434);
#3434 = DEFINITIONAL_REPRESENTATION('',(#3435),#3443);
#3435 = ( BOUNDED_CURVE() B_SPLINE_CURVE(2,(#3436,#3437,#3438,#3439,
#3440,#3441,#3442),.UNSPECIFIED.,.T.,.F.) B_SPLINE_CURVE_WITH_KNOTS((1,2
    ,2,2,2,1),(-2.094395102393,0.,2.094395102393,4.188790204786,
6.28318530718,8.377580409573),.UNSPECIFIED.) CURVE() 
GEOMETRIC_REPRESENTATION_ITEM() RATIONAL_B_SPLINE_CURVE((1.,0.5,1.,0.5,
1.,0.5,1.)) REPRESENTATION_ITEM('') );
#3436 = CARTESIAN_POINT('',(-3.,3.));
#3437 = CARTESIAN_POINT('',(-3.,8.196152422707));
#3438 = CARTESIAN_POINT('',(1.5,5.598076211353));
#3439 = CARTESIAN_POINT('',(6.,3.));
#3440 = CARTESIAN_POINT('',(1.5,0.401923788647));
#3441 = CARTESIAN_POINT('',(-3.,-2.196152422707));
#3442 = CARTESIAN_POINT('',(-3.,3.));
#3443 = ( GEOMETRIC_REPRESENTATION_CONTEXT(2) 
PARAMETRIC_REPRESENTATION_CONTEXT() REPRESENTATION_CONTEXT('2D SPACE',''
  ) );
#3444 = PCURVE('',#1375,#3445);
#3445 = DEFINITIONAL_REPRESENTATION('',(#3446),#3450);
#3446 = LINE('',#3447,#3448);
#3447 = CARTESIAN_POINT('',(0.,4.));
#3448 = VECTOR('',#3449,1.);
#3449 = DIRECTION('',(1.,0.));
#3450 = ( GEOMETRIC_REPRESENTATION_CONTEXT(2) 
PARAMETRIC_REPRESENTATION_CONTEXT() REPRESENTATION_CONTEXT('2D SPACE',''
  ) );
#3451 = ADVANCED_FACE('',(#3452),#1375,.T.);
#3452 = FACE_BOUND('',#3453,.T.);
#3453 = EDGE_LOOP('',(#3454,#3478,#3501,#3527,#3528,#3529));
#3454 = ORIENTED_EDGE('',*,*,#3455,.F.);
#3455 = EDGE_CURVE('',#3456,#1551,#3458,.T.);
#3456 = VERTEX_POINT('',#3457);
#3457 = CARTESIAN_POINT('',(-12.5,-32.,39.));
#3458 = SURFACE_CURVE('',#3459,(#3464,#3471),.PCURVE_S1.);
#3459 = CIRCLE('',#3460,3.);
#3460 = AXIS2_PLACEMENT_3D('',#3461,#3462,#3463);
#3461 = CARTESIAN_POINT('',(-15.5,-32.,39.));
#3462 = DIRECTION('',(0.,0.,1.));
#3463 = DIRECTION('',(-2.22044604925E-16,-1.,0.));
#3464 = PCURVE('',#1375,#3465);
#3465 = DEFINITIONAL_REPRESENTATION('',(#3466),#3470);
#3466 = LINE('',#3467,#3468);
#3467 = CARTESIAN_POINT('',(0.,5.5));
#3468 = VECTOR('',#3469,1.);
#3469 = DIRECTION('',(1.,0.));
#3470 = ( GEOMETRIC_REPRESENTATION_CONTEXT(2) 
PARAMETRIC_REPRESENTATION_CONTEXT() REPRESENTATION_CONTEXT('2D SPACE',''
  ) );
#3471 = PCURVE('',#1572,#3472);
#3472 = DEFINITIONAL_REPRESENTATION('',(#3473),#3477);
#3473 = CIRCLE('',#3474,3.);
#3474 = AXIS2_PLACEMENT_2D('',#3475,#3476);
#3475 = CARTESIAN_POINT('',(-5.167051973961,-15.5));
#3476 = DIRECTION('',(1.,0.));
#3477 = ( GEOMETRIC_REPRESENTATION_CONTEXT(2) 
PARAMETRIC_REPRESENTATION_CONTEXT() REPRESENTATION_CONTEXT('2D SPACE',''
  ) );
#3478 = ORIENTED_EDGE('',*,*,#3479,.F.);
#3479 = EDGE_CURVE('',#3480,#3456,#3482,.T.);
#3480 = VERTEX_POINT('',#3481);
#3481 = CARTESIAN_POINT('',(-12.5,-32.,33.5));
#3482 = SURFACE_CURVE('',#3483,(#3487,#3494),.PCURVE_S1.);
#3483 = LINE('',#3484,#3485);
#3484 = CARTESIAN_POINT('',(-12.5,-32.,33.5));
#3485 = VECTOR('',#3486,1.);
#3486 = DIRECTION('',(0.,0.,1.));
#3487 = PCURVE('',#1375,#3488);
#3488 = DEFINITIONAL_REPRESENTATION('',(#3489),#3493);
#3489 = LINE('',#3490,#3491);
#3490 = CARTESIAN_POINT('',(1.570796326795,0.));
#3491 = VECTOR('',#3492,1.);
#3492 = DIRECTION('',(0.,1.));
#3493 = ( GEOMETRIC_REPRESENTATION_CONTEXT(2) 
PARAMETRIC_REPRESENTATION_CONTEXT() REPRESENTATION_CONTEXT('2D SPACE',''
  ) );
#3494 = PCURVE('',#1768,#3495);
#3495 = DEFINITIONAL_REPRESENTATION('',(#3496),#3500);
#3496 = LINE('',#3497,#3498);
#3497 = CARTESIAN_POINT('',(0.,0.));
#3498 = VECTOR('',#3499,1.);
#3499 = DIRECTION('',(1.,0.));
#3500 = ( GEOMETRIC_REPRESENTATION_CONTEXT(2) 
PARAMETRIC_REPRESENTATION_CONTEXT() REPRESENTATION_CONTEXT('2D SPACE',''
  ) );
#3501 = ORIENTED_EDGE('',*,*,#3502,.T.);
#3502 = EDGE_CURVE('',#3480,#1360,#3503,.T.);
#3503 = SURFACE_CURVE('',#3504,(#3509,#3516),.PCURVE_S1.);
#3504 = CIRCLE('',#3505,3.);
#3505 = AXIS2_PLACEMENT_3D('',#3506,#3507,#3508);
#3506 = CARTESIAN_POINT('',(-15.5,-32.,33.5));
#3507 = DIRECTION('',(0.,0.,1.));
#3508 = DIRECTION('',(-2.22044604925E-16,-1.,0.));
#3509 = PCURVE('',#1375,#3510);
#3510 = DEFINITIONAL_REPRESENTATION('',(#3511),#3515);
#3511 = LINE('',#3512,#3513);
#3512 = CARTESIAN_POINT('',(0.,0.));
#3513 = VECTOR('',#3514,1.);
#3514 = DIRECTION('',(1.,0.));
#3515 = ( GEOMETRIC_REPRESENTATION_CONTEXT(2) 
PARAMETRIC_REPRESENTATION_CONTEXT() REPRESENTATION_CONTEXT('2D SPACE',''
  ) );
#3516 = PCURVE('',#1403,#3517);
#3517 = DEFINITIONAL_REPRESENTATION('',(#3518),#3526);
#3518 = ( BOUNDED_CURVE() B_SPLINE_CURVE(2,(#3519,#3520,#3521,#3522,
#3523,#3524,#3525),.UNSPECIFIED.,.T.,.F.) B_SPLINE_CURVE_WITH_KNOTS((1,2
    ,2,2,2,1),(-2.094395102393,0.,2.094395102393,4.188790204786,
6.28318530718,8.377580409573),.UNSPECIFIED.) CURVE() 
GEOMETRIC_REPRESENTATION_ITEM() RATIONAL_B_SPLINE_CURVE((1.,0.5,1.,0.5,
1.,0.5,1.)) REPRESENTATION_ITEM('') );
#3519 = CARTESIAN_POINT('',(2.167051973961,-15.5));
#3520 = CARTESIAN_POINT('',(2.167051973961,-10.30384757729));
#3521 = CARTESIAN_POINT('',(6.667051973961,-12.90192378864));
#3522 = CARTESIAN_POINT('',(11.167051973961,-15.5));
#3523 = CARTESIAN_POINT('',(6.667051973961,-18.09807621135));
#3524 = CARTESIAN_POINT('',(2.167051973961,-20.6961524227));
#3525 = CARTESIAN_POINT('',(2.167051973961,-15.5));
#3526 = ( GEOMETRIC_REPRESENTATION_CONTEXT(2) 
PARAMETRIC_REPRESENTATION_CONTEXT() REPRESENTATION_CONTEXT('2D SPACE',''
  ) );
#3527 = ORIENTED_EDGE('',*,*,#1359,.T.);
#3528 = ORIENTED_EDGE('',*,*,#3426,.F.);
#3529 = ORIENTED_EDGE('',*,*,#1587,.T.);
#3530 = ADVANCED_FACE('',(#3531,#3984,#4019),#1403,.T.);
#3531 = FACE_BOUND('',#3532,.T.);
#3532 = EDGE_LOOP('',(#3533,#3561,#3562,#3563,#3584,#3585,#3608,#3634,
    #3635,#3663,#3691,#3724,#3752,#3785,#3813,#3836,#3864,#3897,#3925,
    #3958));
#3533 = ORIENTED_EDGE('',*,*,#3534,.F.);
#3534 = EDGE_CURVE('',#1388,#3535,#3537,.T.);
#3535 = VERTEX_POINT('',#3536);
#3536 = CARTESIAN_POINT('',(-24.5,-32.,33.5));
#3537 = SURFACE_CURVE('',#3538,(#3543,#3554),.PCURVE_S1.);
#3538 = CIRCLE('',#3539,3.);
#3539 = AXIS2_PLACEMENT_3D('',#3540,#3541,#3542);
#3540 = CARTESIAN_POINT('',(-21.5,-32.,33.5));
#3541 = DIRECTION('',(0.,0.,1.));
#3542 = DIRECTION('',(-2.22044604925E-16,-1.,0.));
#3543 = PCURVE('',#1403,#3544);
#3544 = DEFINITIONAL_REPRESENTATION('',(#3545),#3553);
#3545 = ( BOUNDED_CURVE() B_SPLINE_CURVE(2,(#3546,#3547,#3548,#3549,
#3550,#3551,#3552),.UNSPECIFIED.,.T.,.F.) B_SPLINE_CURVE_WITH_KNOTS((1,2
    ,2,2,2,1),(-2.094395102393,0.,2.094395102393,4.188790204786,
6.28318530718,8.377580409573),.UNSPECIFIED.) CURVE() 
GEOMETRIC_REPRESENTATION_ITEM() RATIONAL_B_SPLINE_CURVE((1.,0.5,1.,0.5,
1.,0.5,1.)) REPRESENTATION_ITEM('') );
#3546 = CARTESIAN_POINT('',(2.167051973961,-21.5));
#3547 = CARTESIAN_POINT('',(2.167051973961,-16.30384757729));
#3548 = CARTESIAN_POINT('',(6.667051973961,-18.90192378864));
#3549 = CARTESIAN_POINT('',(11.167051973961,-21.5));
#3550 = CARTESIAN_POINT('',(6.667051973961,-24.09807621135));
#3551 = CARTESIAN_POINT('',(2.167051973961,-26.6961524227));
#3552 = CARTESIAN_POINT('',(2.167051973961,-21.5));
#3553 = ( GEOMETRIC_REPRESENTATION_CONTEXT(2) 
PARAMETRIC_REPRESENTATION_CONTEXT() REPRESENTATION_CONTEXT('2D SPACE',''
  ) );
#3554 = PCURVE('',#1429,#3555);
#3555 = DEFINITIONAL_REPRESENTATION('',(#3556),#3560);
#3556 = LINE('',#3557,#3558);
#3557 = CARTESIAN_POINT('',(0.,0.));
#3558 = VECTOR('',#3559,1.);
#3559 = DIRECTION('',(1.,0.));
#3560 = ( GEOMETRIC_REPRESENTATION_CONTEXT(2) 
PARAMETRIC_REPRESENTATION_CONTEXT() REPRESENTATION_CONTEXT('2D SPACE',''
  ) );
#3561 = ORIENTED_EDGE('',*,*,#1387,.T.);
#3562 = ORIENTED_EDGE('',*,*,#3502,.F.);
#3563 = ORIENTED_EDGE('',*,*,#3564,.T.);
#3564 = EDGE_CURVE('',#3480,#1730,#3565,.T.);
#3565 = SURFACE_CURVE('',#3566,(#3570,#3577),.PCURVE_S1.);
#3566 = LINE('',#3567,#3568);
#3567 = CARTESIAN_POINT('',(-12.5,-32.,33.5));
#3568 = VECTOR('',#3569,1.);
#3569 = DIRECTION('',(-2.22044604925E-16,-1.,0.));
#3570 = PCURVE('',#1403,#3571);
#3571 = DEFINITIONAL_REPRESENTATION('',(#3572),#3576);
#3572 = LINE('',#3573,#3574);
#3573 = CARTESIAN_POINT('',(5.167051973961,-12.5));
#3574 = VECTOR('',#3575,1.);
#3575 = DIRECTION('',(-1.,0.));
#3576 = ( GEOMETRIC_REPRESENTATION_CONTEXT(2) 
PARAMETRIC_REPRESENTATION_CONTEXT() REPRESENTATION_CONTEXT('2D SPACE',''
  ) );
#3577 = PCURVE('',#1768,#3578);
#3578 = DEFINITIONAL_REPRESENTATION('',(#3579),#3583);
#3579 = LINE('',#3580,#3581);
#3580 = CARTESIAN_POINT('',(0.,0.));
#3581 = VECTOR('',#3582,1.);
#3582 = DIRECTION('',(0.,1.));
#3583 = ( GEOMETRIC_REPRESENTATION_CONTEXT(2) 
PARAMETRIC_REPRESENTATION_CONTEXT() REPRESENTATION_CONTEXT('2D SPACE',''
  ) );
#3584 = ORIENTED_EDGE('',*,*,#1729,.T.);
#3585 = ORIENTED_EDGE('',*,*,#3586,.F.);
#3586 = EDGE_CURVE('',#3587,#1702,#3589,.T.);
#3587 = VERTEX_POINT('',#3588);
#3588 = CARTESIAN_POINT('',(12.5,-32.,33.5));
#3589 = SURFACE_CURVE('',#3590,(#3594,#3601),.PCURVE_S1.);
#3590 = LINE('',#3591,#3592);
#3591 = CARTESIAN_POINT('',(12.5,-32.,33.5));
#3592 = VECTOR('',#3593,1.);
#3593 = DIRECTION('',(-2.22044604925E-16,-1.,0.));
#3594 = PCURVE('',#1403,#3595);
#3595 = DEFINITIONAL_REPRESENTATION('',(#3596),#3600);
#3596 = LINE('',#3597,#3598);
#3597 = CARTESIAN_POINT('',(5.167051973961,12.5));
#3598 = VECTOR('',#3599,1.);
#3599 = DIRECTION('',(-1.,0.));
#3600 = ( GEOMETRIC_REPRESENTATION_CONTEXT(2) 
PARAMETRIC_REPRESENTATION_CONTEXT() REPRESENTATION_CONTEXT('2D SPACE',''
  ) );
#3601 = PCURVE('',#1717,#3602);
#3602 = DEFINITIONAL_REPRESENTATION('',(#3603),#3607);
#3603 = LINE('',#3604,#3605);
#3604 = CARTESIAN_POINT('',(0.,0.));
#3605 = VECTOR('',#3606,1.);
#3606 = DIRECTION('',(0.,1.));
#3607 = ( GEOMETRIC_REPRESENTATION_CONTEXT(2) 
PARAMETRIC_REPRESENTATION_CONTEXT() REPRESENTATION_CONTEXT('2D SPACE',''
  ) );
#3608 = ORIENTED_EDGE('',*,*,#3609,.F.);
#3609 = EDGE_CURVE('',#2256,#3587,#3610,.T.);
#3610 = SURFACE_CURVE('',#3611,(#3616,#3627),.PCURVE_S1.);
#3611 = CIRCLE('',#3612,3.);
#3612 = AXIS2_PLACEMENT_3D('',#3613,#3614,#3615);
#3613 = CARTESIAN_POINT('',(15.5,-32.,33.5));
#3614 = DIRECTION('',(0.,0.,1.));
#3615 = DIRECTION('',(-2.22044604925E-16,-1.,0.));
#3616 = PCURVE('',#1403,#3617);
#3617 = DEFINITIONAL_REPRESENTATION('',(#3618),#3626);
#3618 = ( BOUNDED_CURVE() B_SPLINE_CURVE(2,(#3619,#3620,#3621,#3622,
#3623,#3624,#3625),.UNSPECIFIED.,.T.,.F.) B_SPLINE_CURVE_WITH_KNOTS((1,2
    ,2,2,2,1),(-2.094395102393,0.,2.094395102393,4.188790204786,
6.28318530718,8.377580409573),.UNSPECIFIED.) CURVE() 
GEOMETRIC_REPRESENTATION_ITEM() RATIONAL_B_SPLINE_CURVE((1.,0.5,1.,0.5,
1.,0.5,1.)) REPRESENTATION_ITEM('') );
#3619 = CARTESIAN_POINT('',(2.167051973961,15.5));
#3620 = CARTESIAN_POINT('',(2.167051973961,20.696152422707));
#3621 = CARTESIAN_POINT('',(6.667051973961,18.098076211353));
#3622 = CARTESIAN_POINT('',(11.167051973961,15.5));
#3623 = CARTESIAN_POINT('',(6.667051973961,12.901923788647));
#3624 = CARTESIAN_POINT('',(2.167051973961,10.303847577293));
#3625 = CARTESIAN_POINT('',(2.167051973961,15.5));
#3626 = ( GEOMETRIC_REPRESENTATION_CONTEXT(2) 
PARAMETRIC_REPRESENTATION_CONTEXT() REPRESENTATION_CONTEXT('2D SPACE',''
  ) );
#3627 = PCURVE('',#2201,#3628);
#3628 = DEFINITIONAL_REPRESENTATION('',(#3629),#3633);
#3629 = LINE('',#3630,#3631);
#3630 = CARTESIAN_POINT('',(0.,0.));
#3631 = VECTOR('',#3632,1.);
#3632 = DIRECTION('',(1.,0.));
#3633 = ( GEOMETRIC_REPRESENTATION_CONTEXT(2) 
PARAMETRIC_REPRESENTATION_CONTEXT() REPRESENTATION_CONTEXT('2D SPACE',''
  ) );
#3634 = ORIENTED_EDGE('',*,*,#2255,.T.);
#3635 = ORIENTED_EDGE('',*,*,#3636,.F.);
#3636 = EDGE_CURVE('',#3637,#2258,#3639,.T.);
#3637 = VERTEX_POINT('',#3638);
#3638 = CARTESIAN_POINT('',(24.5,-32.,33.5));
#3639 = SURFACE_CURVE('',#3640,(#3645,#3656),.PCURVE_S1.);
#3640 = CIRCLE('',#3641,3.);
#3641 = AXIS2_PLACEMENT_3D('',#3642,#3643,#3644);
#3642 = CARTESIAN_POINT('',(21.5,-32.,33.5));
#3643 = DIRECTION('',(0.,0.,1.));
#3644 = DIRECTION('',(-2.22044604925E-16,-1.,0.));
#3645 = PCURVE('',#1403,#3646);
#3646 = DEFINITIONAL_REPRESENTATION('',(#3647),#3655);
#3647 = ( BOUNDED_CURVE() B_SPLINE_CURVE(2,(#3648,#3649,#3650,#3651,
#3652,#3653,#3654),.UNSPECIFIED.,.T.,.F.) B_SPLINE_CURVE_WITH_KNOTS((1,2
    ,2,2,2,1),(-2.094395102393,0.,2.094395102393,4.188790204786,
6.28318530718,8.377580409573),.UNSPECIFIED.) CURVE() 
GEOMETRIC_REPRESENTATION_ITEM() RATIONAL_B_SPLINE_CURVE((1.,0.5,1.,0.5,
1.,0.5,1.)) REPRESENTATION_ITEM('') );
#3648 = CARTESIAN_POINT('',(2.167051973961,21.5));
#3649 = CARTESIAN_POINT('',(2.167051973961,26.696152422707));
#3650 = CARTESIAN_POINT('',(6.667051973961,24.098076211353));
#3651 = CARTESIAN_POINT('',(11.167051973961,21.5));
#3652 = CARTESIAN_POINT('',(6.667051973961,18.901923788647));
#3653 = CARTESIAN_POINT('',(2.167051973961,16.303847577293));
#3654 = CARTESIAN_POINT('',(2.167051973961,21.5));
#3655 = ( GEOMETRIC_REPRESENTATION_CONTEXT(2) 
PARAMETRIC_REPRESENTATION_CONTEXT() REPRESENTATION_CONTEXT('2D SPACE',''
  ) );
#3656 = PCURVE('',#2513,#3657);
#3657 = DEFINITIONAL_REPRESENTATION('',(#3658),#3662);
#3658 = LINE('',#3659,#3660);
#3659 = CARTESIAN_POINT('',(0.,0.));
#3660 = VECTOR('',#3661,1.);
#3661 = DIRECTION('',(1.,0.));
#3662 = ( GEOMETRIC_REPRESENTATION_CONTEXT(2) 
PARAMETRIC_REPRESENTATION_CONTEXT() REPRESENTATION_CONTEXT('2D SPACE',''
  ) );
#3663 = ORIENTED_EDGE('',*,*,#3664,.T.);
#3664 = EDGE_CURVE('',#3637,#3665,#3667,.T.);
#3665 = VERTEX_POINT('',#3666);
#3666 = CARTESIAN_POINT('',(24.5,-44.,33.5));
#3667 = SURFACE_CURVE('',#3668,(#3672,#3679),.PCURVE_S1.);
#3668 = LINE('',#3669,#3670);
#3669 = CARTESIAN_POINT('',(24.5,-32.,33.5));
#3670 = VECTOR('',#3671,1.);
#3671 = DIRECTION('',(-2.22044604925E-16,-1.,0.));
#3672 = PCURVE('',#1403,#3673);
#3673 = DEFINITIONAL_REPRESENTATION('',(#3674),#3678);
#3674 = LINE('',#3675,#3676);
#3675 = CARTESIAN_POINT('',(5.167051973961,24.5));
#3676 = VECTOR('',#3677,1.);
#3677 = DIRECTION('',(-1.,0.));
#3678 = ( GEOMETRIC_REPRESENTATION_CONTEXT(2) 
PARAMETRIC_REPRESENTATION_CONTEXT() REPRESENTATION_CONTEXT('2D SPACE',''
  ) );
#3679 = PCURVE('',#3680,#3685);
#3680 = PLANE('',#3681);
#3681 = AXIS2_PLACEMENT_3D('',#3682,#3683,#3684);
#3682 = CARTESIAN_POINT('',(24.5,-32.,33.5));
#3683 = DIRECTION('',(1.,-2.22044604925E-16,0.));
#3684 = DIRECTION('',(0.,0.,1.));
#3685 = DEFINITIONAL_REPRESENTATION('',(#3686),#3690);
#3686 = LINE('',#3687,#3688);
#3687 = CARTESIAN_POINT('',(0.,0.));
#3688 = VECTOR('',#3689,1.);
#3689 = DIRECTION('',(0.,1.));
#3690 = ( GEOMETRIC_REPRESENTATION_CONTEXT(2) 
PARAMETRIC_REPRESENTATION_CONTEXT() REPRESENTATION_CONTEXT('2D SPACE',''
  ) );
#3691 = ORIENTED_EDGE('',*,*,#3692,.F.);
#3692 = EDGE_CURVE('',#3693,#3665,#3695,.T.);
#3693 = VERTEX_POINT('',#3694);
#3694 = CARTESIAN_POINT('',(21.5,-47.,33.5));
#3695 = SURFACE_CURVE('',#3696,(#3701,#3712),.PCURVE_S1.);
#3696 = CIRCLE('',#3697,3.);
#3697 = AXIS2_PLACEMENT_3D('',#3698,#3699,#3700);
#3698 = CARTESIAN_POINT('',(21.5,-44.,33.5));
#3699 = DIRECTION('',(0.,0.,1.));
#3700 = DIRECTION('',(-2.22044604925E-16,-1.,0.));
#3701 = PCURVE('',#1403,#3702);
#3702 = DEFINITIONAL_REPRESENTATION('',(#3703),#3711);
#3703 = ( BOUNDED_CURVE() B_SPLINE_CURVE(2,(#3704,#3705,#3706,#3707,
#3708,#3709,#3710),.UNSPECIFIED.,.T.,.F.) B_SPLINE_CURVE_WITH_KNOTS((1,2
    ,2,2,2,1),(-2.094395102393,0.,2.094395102393,4.188790204786,
6.28318530718,8.377580409573),.UNSPECIFIED.) CURVE() 
GEOMETRIC_REPRESENTATION_ITEM() RATIONAL_B_SPLINE_CURVE((1.,0.5,1.,0.5,
1.,0.5,1.)) REPRESENTATION_ITEM('') );
#3704 = CARTESIAN_POINT('',(-9.832948026039,21.5));
#3705 = CARTESIAN_POINT('',(-9.832948026039,26.696152422707));
#3706 = CARTESIAN_POINT('',(-5.332948026039,24.098076211353));
#3707 = CARTESIAN_POINT('',(-0.832948026039,21.5));
#3708 = CARTESIAN_POINT('',(-5.332948026039,18.901923788647));
#3709 = CARTESIAN_POINT('',(-9.832948026039,16.303847577293));
#3710 = CARTESIAN_POINT('',(-9.832948026039,21.5));
#3711 = ( GEOMETRIC_REPRESENTATION_CONTEXT(2) 
PARAMETRIC_REPRESENTATION_CONTEXT() REPRESENTATION_CONTEXT('2D SPACE',''
  ) );
#3712 = PCURVE('',#3713,#3718);
#3713 = CYLINDRICAL_SURFACE('',#3714,3.);
#3714 = AXIS2_PLACEMENT_3D('',#3715,#3716,#3717);
#3715 = CARTESIAN_POINT('',(21.5,-44.,33.5));
#3716 = DIRECTION('',(0.,0.,1.));
#3717 = DIRECTION('',(-2.22044604925E-16,-1.,0.));
#3718 = DEFINITIONAL_REPRESENTATION('',(#3719),#3723);
#3719 = LINE('',#3720,#3721);
#3720 = CARTESIAN_POINT('',(0.,0.));
#3721 = VECTOR('',#3722,1.);
#3722 = DIRECTION('',(1.,0.));
#3723 = ( GEOMETRIC_REPRESENTATION_CONTEXT(2) 
PARAMETRIC_REPRESENTATION_CONTEXT() REPRESENTATION_CONTEXT('2D SPACE',''
  ) );
#3724 = ORIENTED_EDGE('',*,*,#3725,.F.);
#3725 = EDGE_CURVE('',#3726,#3693,#3728,.T.);
#3726 = VERTEX_POINT('',#3727);
#3727 = CARTESIAN_POINT('',(15.5,-47.,33.5));
#3728 = SURFACE_CURVE('',#3729,(#3733,#3740),.PCURVE_S1.);
#3729 = LINE('',#3730,#3731);
#3730 = CARTESIAN_POINT('',(15.5,-47.,33.5));
#3731 = VECTOR('',#3732,1.);
#3732 = DIRECTION('',(1.,-2.22044604925E-16,0.));
#3733 = PCURVE('',#1403,#3734);
#3734 = DEFINITIONAL_REPRESENTATION('',(#3735),#3739);
#3735 = LINE('',#3736,#3737);
#3736 = CARTESIAN_POINT('',(-9.832948026039,15.5));
#3737 = VECTOR('',#3738,1.);
#3738 = DIRECTION('',(0.,1.));
#3739 = ( GEOMETRIC_REPRESENTATION_CONTEXT(2) 
PARAMETRIC_REPRESENTATION_CONTEXT() REPRESENTATION_CONTEXT('2D SPACE',''
  ) );
#3740 = PCURVE('',#3741,#3746);
#3741 = PLANE('',#3742);
#3742 = AXIS2_PLACEMENT_3D('',#3743,#3744,#3745);
#3743 = CARTESIAN_POINT('',(15.5,-47.,33.5));
#3744 = DIRECTION('',(-2.22044604925E-16,-1.,0.));
#3745 = DIRECTION('',(0.,0.,1.));
#3746 = DEFINITIONAL_REPRESENTATION('',(#3747),#3751);
#3747 = LINE('',#3748,#3749);
#3748 = CARTESIAN_POINT('',(0.,0.));
#3749 = VECTOR('',#3750,1.);
#3750 = DIRECTION('',(0.,-1.));
#3751 = ( GEOMETRIC_REPRESENTATION_CONTEXT(2) 
PARAMETRIC_REPRESENTATION_CONTEXT() REPRESENTATION_CONTEXT('2D SPACE',''
  ) );
#3752 = ORIENTED_EDGE('',*,*,#3753,.F.);
#3753 = EDGE_CURVE('',#3754,#3726,#3756,.T.);
#3754 = VERTEX_POINT('',#3755);
#3755 = CARTESIAN_POINT('',(12.5,-44.,33.5));
#3756 = SURFACE_CURVE('',#3757,(#3762,#3773),.PCURVE_S1.);
#3757 = CIRCLE('',#3758,3.);
#3758 = AXIS2_PLACEMENT_3D('',#3759,#3760,#3761);
#3759 = CARTESIAN_POINT('',(15.5,-44.,33.5));
#3760 = DIRECTION('',(0.,0.,1.));
#3761 = DIRECTION('',(-2.22044604925E-16,-1.,0.));
#3762 = PCURVE('',#1403,#3763);
#3763 = DEFINITIONAL_REPRESENTATION('',(#3764),#3772);
#3764 = ( BOUNDED_CURVE() B_SPLINE_CURVE(2,(#3765,#3766,#3767,#3768,
#3769,#3770,#3771),.UNSPECIFIED.,.T.,.F.) B_SPLINE_CURVE_WITH_KNOTS((1,2
    ,2,2,2,1),(-2.094395102393,0.,2.094395102393,4.188790204786,
6.28318530718,8.377580409573),.UNSPECIFIED.) CURVE() 
GEOMETRIC_REPRESENTATION_ITEM() RATIONAL_B_SPLINE_CURVE((1.,0.5,1.,0.5,
1.,0.5,1.)) REPRESENTATION_ITEM('') );
#3765 = CARTESIAN_POINT('',(-9.832948026039,15.5));
#3766 = CARTESIAN_POINT('',(-9.832948026039,20.696152422707));
#3767 = CARTESIAN_POINT('',(-5.332948026039,18.098076211353));
#3768 = CARTESIAN_POINT('',(-0.832948026039,15.5));
#3769 = CARTESIAN_POINT('',(-5.332948026039,12.901923788647));
#3770 = CARTESIAN_POINT('',(-9.832948026039,10.303847577293));
#3771 = CARTESIAN_POINT('',(-9.832948026039,15.5));
#3772 = ( GEOMETRIC_REPRESENTATION_CONTEXT(2) 
PARAMETRIC_REPRESENTATION_CONTEXT() REPRESENTATION_CONTEXT('2D SPACE',''
  ) );
#3773 = PCURVE('',#3774,#3779);
#3774 = CYLINDRICAL_SURFACE('',#3775,3.);
#3775 = AXIS2_PLACEMENT_3D('',#3776,#3777,#3778);
#3776 = CARTESIAN_POINT('',(15.5,-44.,33.5));
#3777 = DIRECTION('',(0.,0.,1.));
#3778 = DIRECTION('',(-2.22044604925E-16,-1.,0.));
#3779 = DEFINITIONAL_REPRESENTATION('',(#3780),#3784);
#3780 = LINE('',#3781,#3782);
#3781 = CARTESIAN_POINT('',(0.,0.));
#3782 = VECTOR('',#3783,1.);
#3783 = DIRECTION('',(1.,0.));
#3784 = ( GEOMETRIC_REPRESENTATION_CONTEXT(2) 
PARAMETRIC_REPRESENTATION_CONTEXT() REPRESENTATION_CONTEXT('2D SPACE',''
  ) );
#3785 = ORIENTED_EDGE('',*,*,#3786,.F.);
#3786 = EDGE_CURVE('',#3787,#3754,#3789,.T.);
#3787 = VERTEX_POINT('',#3788);
#3788 = CARTESIAN_POINT('',(12.5,-37.,33.5));
#3789 = SURFACE_CURVE('',#3790,(#3794,#3801),.PCURVE_S1.);
#3790 = LINE('',#3791,#3792);
#3791 = CARTESIAN_POINT('',(12.5,-32.,33.5));
#3792 = VECTOR('',#3793,1.);
#3793 = DIRECTION('',(-2.22044604925E-16,-1.,0.));
#3794 = PCURVE('',#1403,#3795);
#3795 = DEFINITIONAL_REPRESENTATION('',(#3796),#3800);
#3796 = LINE('',#3797,#3798);
#3797 = CARTESIAN_POINT('',(5.167051973961,12.5));
#3798 = VECTOR('',#3799,1.);
#3799 = DIRECTION('',(-1.,0.));
#3800 = ( GEOMETRIC_REPRESENTATION_CONTEXT(2) 
PARAMETRIC_REPRESENTATION_CONTEXT() REPRESENTATION_CONTEXT('2D SPACE',''
  ) );
#3801 = PCURVE('',#3802,#3807);
#3802 = PLANE('',#3803);
#3803 = AXIS2_PLACEMENT_3D('',#3804,#3805,#3806);
#3804 = CARTESIAN_POINT('',(12.5,-32.,33.5));
#3805 = DIRECTION('',(1.,-2.22044604925E-16,0.));
#3806 = DIRECTION('',(0.,0.,1.));
#3807 = DEFINITIONAL_REPRESENTATION('',(#3808),#3812);
#3808 = LINE('',#3809,#3810);
#3809 = CARTESIAN_POINT('',(0.,0.));
#3810 = VECTOR('',#3811,1.);
#3811 = DIRECTION('',(0.,1.));
#3812 = ( GEOMETRIC_REPRESENTATION_CONTEXT(2) 
PARAMETRIC_REPRESENTATION_CONTEXT() REPRESENTATION_CONTEXT('2D SPACE',''
  ) );
#3813 = ORIENTED_EDGE('',*,*,#3814,.F.);
#3814 = EDGE_CURVE('',#3815,#3787,#3817,.T.);
#3815 = VERTEX_POINT('',#3816);
#3816 = CARTESIAN_POINT('',(-12.5,-37.,33.5));
#3817 = SURFACE_CURVE('',#3818,(#3822,#3829),.PCURVE_S1.);
#3818 = LINE('',#3819,#3820);
#3819 = CARTESIAN_POINT('',(-18.5,-37.,33.5));
#3820 = VECTOR('',#3821,1.);
#3821 = DIRECTION('',(1.,-2.22044604925E-16,0.));
#3822 = PCURVE('',#1403,#3823);
#3823 = DEFINITIONAL_REPRESENTATION('',(#3824),#3828);
#3824 = LINE('',#3825,#3826);
#3825 = CARTESIAN_POINT('',(0.167051973961,-18.5));
#3826 = VECTOR('',#3827,1.);
#3827 = DIRECTION('',(0.,1.));
#3828 = ( GEOMETRIC_REPRESENTATION_CONTEXT(2) 
PARAMETRIC_REPRESENTATION_CONTEXT() REPRESENTATION_CONTEXT('2D SPACE',''
  ) );
#3829 = PCURVE('',#3049,#3830);
#3830 = DEFINITIONAL_REPRESENTATION('',(#3831),#3835);
#3831 = LINE('',#3832,#3833);
#3832 = CARTESIAN_POINT('',(-15.18306585937,24.893114844595));
#3833 = VECTOR('',#3834,1.);
#3834 = DIRECTION('',(0.,-1.));
#3835 = ( GEOMETRIC_REPRESENTATION_CONTEXT(2) 
PARAMETRIC_REPRESENTATION_CONTEXT() REPRESENTATION_CONTEXT('2D SPACE',''
  ) );
#3836 = ORIENTED_EDGE('',*,*,#3837,.T.);
#3837 = EDGE_CURVE('',#3815,#3838,#3840,.T.);
#3838 = VERTEX_POINT('',#3839);
#3839 = CARTESIAN_POINT('',(-12.5,-44.,33.5));
#3840 = SURFACE_CURVE('',#3841,(#3845,#3852),.PCURVE_S1.);
#3841 = LINE('',#3842,#3843);
#3842 = CARTESIAN_POINT('',(-12.5,-32.,33.5));
#3843 = VECTOR('',#3844,1.);
#3844 = DIRECTION('',(-2.22044604925E-16,-1.,0.));
#3845 = PCURVE('',#1403,#3846);
#3846 = DEFINITIONAL_REPRESENTATION('',(#3847),#3851);
#3847 = LINE('',#3848,#3849);
#3848 = CARTESIAN_POINT('',(5.167051973961,-12.5));
#3849 = VECTOR('',#3850,1.);
#3850 = DIRECTION('',(-1.,0.));
#3851 = ( GEOMETRIC_REPRESENTATION_CONTEXT(2) 
PARAMETRIC_REPRESENTATION_CONTEXT() REPRESENTATION_CONTEXT('2D SPACE',''
  ) );
#3852 = PCURVE('',#3853,#3858);
#3853 = PLANE('',#3854);
#3854 = AXIS2_PLACEMENT_3D('',#3855,#3856,#3857);
#3855 = CARTESIAN_POINT('',(-12.5,-32.,33.5));
#3856 = DIRECTION('',(1.,-2.22044604925E-16,0.));
#3857 = DIRECTION('',(0.,0.,1.));
#3858 = DEFINITIONAL_REPRESENTATION('',(#3859),#3863);
#3859 = LINE('',#3860,#3861);
#3860 = CARTESIAN_POINT('',(0.,0.));
#3861 = VECTOR('',#3862,1.);
#3862 = DIRECTION('',(0.,1.));
#3863 = ( GEOMETRIC_REPRESENTATION_CONTEXT(2) 
PARAMETRIC_REPRESENTATION_CONTEXT() REPRESENTATION_CONTEXT('2D SPACE',''
  ) );
#3864 = ORIENTED_EDGE('',*,*,#3865,.F.);
#3865 = EDGE_CURVE('',#3866,#3838,#3868,.T.);
#3866 = VERTEX_POINT('',#3867);
#3867 = CARTESIAN_POINT('',(-15.5,-47.,33.5));
#3868 = SURFACE_CURVE('',#3869,(#3874,#3885),.PCURVE_S1.);
#3869 = CIRCLE('',#3870,3.);
#3870 = AXIS2_PLACEMENT_3D('',#3871,#3872,#3873);
#3871 = CARTESIAN_POINT('',(-15.5,-44.,33.5));
#3872 = DIRECTION('',(0.,0.,1.));
#3873 = DIRECTION('',(-2.22044604925E-16,-1.,0.));
#3874 = PCURVE('',#1403,#3875);
#3875 = DEFINITIONAL_REPRESENTATION('',(#3876),#3884);
#3876 = ( BOUNDED_CURVE() B_SPLINE_CURVE(2,(#3877,#3878,#3879,#3880,
#3881,#3882,#3883),.UNSPECIFIED.,.T.,.F.) B_SPLINE_CURVE_WITH_KNOTS((1,2
    ,2,2,2,1),(-2.094395102393,0.,2.094395102393,4.188790204786,
6.28318530718,8.377580409573),.UNSPECIFIED.) CURVE() 
GEOMETRIC_REPRESENTATION_ITEM() RATIONAL_B_SPLINE_CURVE((1.,0.5,1.,0.5,
1.,0.5,1.)) REPRESENTATION_ITEM('') );
#3877 = CARTESIAN_POINT('',(-9.832948026039,-15.5));
#3878 = CARTESIAN_POINT('',(-9.832948026039,-10.30384757729));
#3879 = CARTESIAN_POINT('',(-5.332948026039,-12.90192378864));
#3880 = CARTESIAN_POINT('',(-0.832948026039,-15.5));
#3881 = CARTESIAN_POINT('',(-5.332948026039,-18.09807621135));
#3882 = CARTESIAN_POINT('',(-9.832948026039,-20.6961524227));
#3883 = CARTESIAN_POINT('',(-9.832948026039,-15.5));
#3884 = ( GEOMETRIC_REPRESENTATION_CONTEXT(2) 
PARAMETRIC_REPRESENTATION_CONTEXT() REPRESENTATION_CONTEXT('2D SPACE',''
  ) );
#3885 = PCURVE('',#3886,#3891);
#3886 = CYLINDRICAL_SURFACE('',#3887,3.);
#3887 = AXIS2_PLACEMENT_3D('',#3888,#3889,#3890);
#3888 = CARTESIAN_POINT('',(-15.5,-44.,33.5));
#3889 = DIRECTION('',(0.,0.,1.));
#3890 = DIRECTION('',(-2.22044604925E-16,-1.,0.));
#3891 = DEFINITIONAL_REPRESENTATION('',(#3892),#3896);
#3892 = LINE('',#3893,#3894);
#3893 = CARTESIAN_POINT('',(0.,0.));
#3894 = VECTOR('',#3895,1.);
#3895 = DIRECTION('',(1.,0.));
#3896 = ( GEOMETRIC_REPRESENTATION_CONTEXT(2) 
PARAMETRIC_REPRESENTATION_CONTEXT() REPRESENTATION_CONTEXT('2D SPACE',''
  ) );
#3897 = ORIENTED_EDGE('',*,*,#3898,.F.);
#3898 = EDGE_CURVE('',#3899,#3866,#3901,.T.);
#3899 = VERTEX_POINT('',#3900);
#3900 = CARTESIAN_POINT('',(-21.5,-47.,33.5));
#3901 = SURFACE_CURVE('',#3902,(#3906,#3913),.PCURVE_S1.);
#3902 = LINE('',#3903,#3904);
#3903 = CARTESIAN_POINT('',(-21.5,-47.,33.5));
#3904 = VECTOR('',#3905,1.);
#3905 = DIRECTION('',(1.,-2.22044604925E-16,0.));
#3906 = PCURVE('',#1403,#3907);
#3907 = DEFINITIONAL_REPRESENTATION('',(#3908),#3912);
#3908 = LINE('',#3909,#3910);
#3909 = CARTESIAN_POINT('',(-9.832948026039,-21.5));
#3910 = VECTOR('',#3911,1.);
#3911 = DIRECTION('',(0.,1.));
#3912 = ( GEOMETRIC_REPRESENTATION_CONTEXT(2) 
PARAMETRIC_REPRESENTATION_CONTEXT() REPRESENTATION_CONTEXT('2D SPACE',''
  ) );
#3913 = PCURVE('',#3914,#3919);
#3914 = PLANE('',#3915);
#3915 = AXIS2_PLACEMENT_3D('',#3916,#3917,#3918);
#3916 = CARTESIAN_POINT('',(-21.5,-47.,33.5));
#3917 = DIRECTION('',(-2.22044604925E-16,-1.,0.));
#3918 = DIRECTION('',(0.,0.,1.));
#3919 = DEFINITIONAL_REPRESENTATION('',(#3920),#3924);
#3920 = LINE('',#3921,#3922);
#3921 = CARTESIAN_POINT('',(0.,0.));
#3922 = VECTOR('',#3923,1.);
#3923 = DIRECTION('',(0.,-1.));
#3924 = ( GEOMETRIC_REPRESENTATION_CONTEXT(2) 
PARAMETRIC_REPRESENTATION_CONTEXT() REPRESENTATION_CONTEXT('2D SPACE',''
  ) );
#3925 = ORIENTED_EDGE('',*,*,#3926,.F.);
#3926 = EDGE_CURVE('',#3927,#3899,#3929,.T.);
#3927 = VERTEX_POINT('',#3928);
#3928 = CARTESIAN_POINT('',(-24.5,-44.,33.5));
#3929 = SURFACE_CURVE('',#3930,(#3935,#3946),.PCURVE_S1.);
#3930 = CIRCLE('',#3931,3.);
#3931 = AXIS2_PLACEMENT_3D('',#3932,#3933,#3934);
#3932 = CARTESIAN_POINT('',(-21.5,-44.,33.5));
#3933 = DIRECTION('',(0.,0.,1.));
#3934 = DIRECTION('',(-2.22044604925E-16,-1.,0.));
#3935 = PCURVE('',#1403,#3936);
#3936 = DEFINITIONAL_REPRESENTATION('',(#3937),#3945);
#3937 = ( BOUNDED_CURVE() B_SPLINE_CURVE(2,(#3938,#3939,#3940,#3941,
#3942,#3943,#3944),.UNSPECIFIED.,.T.,.F.) B_SPLINE_CURVE_WITH_KNOTS((1,2
    ,2,2,2,1),(-2.094395102393,0.,2.094395102393,4.188790204786,
6.28318530718,8.377580409573),.UNSPECIFIED.) CURVE() 
GEOMETRIC_REPRESENTATION_ITEM() RATIONAL_B_SPLINE_CURVE((1.,0.5,1.,0.5,
1.,0.5,1.)) REPRESENTATION_ITEM('') );
#3938 = CARTESIAN_POINT('',(-9.832948026039,-21.5));
#3939 = CARTESIAN_POINT('',(-9.832948026039,-16.30384757729));
#3940 = CARTESIAN_POINT('',(-5.332948026039,-18.90192378864));
#3941 = CARTESIAN_POINT('',(-0.832948026039,-21.5));
#3942 = CARTESIAN_POINT('',(-5.332948026039,-24.09807621135));
#3943 = CARTESIAN_POINT('',(-9.832948026039,-26.6961524227));
#3944 = CARTESIAN_POINT('',(-9.832948026039,-21.5));
#3945 = ( GEOMETRIC_REPRESENTATION_CONTEXT(2) 
PARAMETRIC_REPRESENTATION_CONTEXT() REPRESENTATION_CONTEXT('2D SPACE',''
  ) );
#3946 = PCURVE('',#3947,#3952);
#3947 = CYLINDRICAL_SURFACE('',#3948,3.);
#3948 = AXIS2_PLACEMENT_3D('',#3949,#3950,#3951);
#3949 = CARTESIAN_POINT('',(-21.5,-44.,33.5));
#3950 = DIRECTION('',(0.,0.,1.));
#3951 = DIRECTION('',(-2.22044604925E-16,-1.,0.));
#3952 = DEFINITIONAL_REPRESENTATION('',(#3953),#3957);
#3953 = LINE('',#3954,#3955);
#3954 = CARTESIAN_POINT('',(0.,0.));
#3955 = VECTOR('',#3956,1.);
#3956 = DIRECTION('',(1.,0.));
#3957 = ( GEOMETRIC_REPRESENTATION_CONTEXT(2) 
PARAMETRIC_REPRESENTATION_CONTEXT() REPRESENTATION_CONTEXT('2D SPACE',''
  ) );
#3958 = ORIENTED_EDGE('',*,*,#3959,.F.);
#3959 = EDGE_CURVE('',#3535,#3927,#3960,.T.);
#3960 = SURFACE_CURVE('',#3961,(#3965,#3972),.PCURVE_S1.);
#3961 = LINE('',#3962,#3963);
#3962 = CARTESIAN_POINT('',(-24.5,-32.,33.5));
#3963 = VECTOR('',#3964,1.);
#3964 = DIRECTION('',(-2.22044604925E-16,-1.,0.));
#3965 = PCURVE('',#1403,#3966);
#3966 = DEFINITIONAL_REPRESENTATION('',(#3967),#3971);
#3967 = LINE('',#3968,#3969);
#3968 = CARTESIAN_POINT('',(5.167051973961,-24.5));
#3969 = VECTOR('',#3970,1.);
#3970 = DIRECTION('',(-1.,0.));
#3971 = ( GEOMETRIC_REPRESENTATION_CONTEXT(2) 
PARAMETRIC_REPRESENTATION_CONTEXT() REPRESENTATION_CONTEXT('2D SPACE',''
  ) );
#3972 = PCURVE('',#3973,#3978);
#3973 = PLANE('',#3974);
#3974 = AXIS2_PLACEMENT_3D('',#3975,#3976,#3977);
#3975 = CARTESIAN_POINT('',(-24.5,-32.,33.5));
#3976 = DIRECTION('',(1.,-2.22044604925E-16,0.));
#3977 = DIRECTION('',(0.,0.,1.));
#3978 = DEFINITIONAL_REPRESENTATION('',(#3979),#3983);
#3979 = LINE('',#3980,#3981);
#3980 = CARTESIAN_POINT('',(0.,0.));
#3981 = VECTOR('',#3982,1.);
#3982 = DIRECTION('',(0.,1.));
#3983 = ( GEOMETRIC_REPRESENTATION_CONTEXT(2) 
PARAMETRIC_REPRESENTATION_CONTEXT() REPRESENTATION_CONTEXT('2D SPACE',''
  ) );
#3984 = FACE_BOUND('',#3985,.T.);
#3985 = EDGE_LOOP('',(#3986));
#3986 = ORIENTED_EDGE('',*,*,#3987,.T.);
#3987 = EDGE_CURVE('',#3988,#3988,#3990,.T.);
#3988 = VERTEX_POINT('',#3989);
#3989 = CARTESIAN_POINT('',(-18.5,-42.7,33.5));
#3990 = SURFACE_CURVE('',#3991,(#3996,#4007),.PCURVE_S1.);
#3991 = CIRCLE('',#3992,1.7);
#3992 = AXIS2_PLACEMENT_3D('',#3993,#3994,#3995);
#3993 = CARTESIAN_POINT('',(-18.5,-41.,33.5));
#3994 = DIRECTION('',(0.,0.,1.));
#3995 = DIRECTION('',(-2.22044604925E-16,-1.,0.));
#3996 = PCURVE('',#1403,#3997);
#3997 = DEFINITIONAL_REPRESENTATION('',(#3998),#4006);
#3998 = ( BOUNDED_CURVE() B_SPLINE_CURVE(2,(#3999,#4000,#4001,#4002,
#4003,#4004,#4005),.UNSPECIFIED.,.T.,.F.) B_SPLINE_CURVE_WITH_KNOTS((1,2
    ,2,2,2,1),(-2.094395102393,0.,2.094395102393,4.188790204786,
6.28318530718,8.377580409573),.UNSPECIFIED.) CURVE() 
GEOMETRIC_REPRESENTATION_ITEM() RATIONAL_B_SPLINE_CURVE((1.,0.5,1.,0.5,
1.,0.5,1.)) REPRESENTATION_ITEM('') );
#3999 = CARTESIAN_POINT('',(-5.532948026039,-18.5));
#4000 = CARTESIAN_POINT('',(-5.532948026039,-15.55551362713));
#4001 = CARTESIAN_POINT('',(-2.982948026039,-17.02775681356));
#4002 = CARTESIAN_POINT('',(-0.432948026039,-18.5));
#4003 = CARTESIAN_POINT('',(-2.982948026039,-19.97224318643));
#4004 = CARTESIAN_POINT('',(-5.532948026039,-21.44448637286));
#4005 = CARTESIAN_POINT('',(-5.532948026039,-18.5));
#4006 = ( GEOMETRIC_REPRESENTATION_CONTEXT(2) 
PARAMETRIC_REPRESENTATION_CONTEXT() REPRESENTATION_CONTEXT('2D SPACE',''
  ) );
#4007 = PCURVE('',#4008,#4013);
#4008 = CYLINDRICAL_SURFACE('',#4009,1.7);
#4009 = AXIS2_PLACEMENT_3D('',#4010,#4011,#4012);
#4010 = CARTESIAN_POINT('',(-18.5,-41.,32.5));
#4011 = DIRECTION('',(0.,0.,1.));
#4012 = DIRECTION('',(-2.22044604925E-16,-1.,0.));
#4013 = DEFINITIONAL_REPRESENTATION('',(#4014),#4018);
#4014 = LINE('',#4015,#4016);
#4015 = CARTESIAN_POINT('',(0.,1.));
#4016 = VECTOR('',#4017,1.);
#4017 = DIRECTION('',(1.,0.));
#4018 = ( GEOMETRIC_REPRESENTATION_CONTEXT(2) 
PARAMETRIC_REPRESENTATION_CONTEXT() REPRESENTATION_CONTEXT('2D SPACE',''
  ) );
#4019 = FACE_BOUND('',#4020,.T.);
#4020 = EDGE_LOOP('',(#4021));
#4021 = ORIENTED_EDGE('',*,*,#4022,.T.);
#4022 = EDGE_CURVE('',#4023,#4023,#4025,.T.);
#4023 = VERTEX_POINT('',#4024);
#4024 = CARTESIAN_POINT('',(18.5,-42.7,33.5));
#4025 = SURFACE_CURVE('',#4026,(#4031,#4042),.PCURVE_S1.);
#4026 = CIRCLE('',#4027,1.7);
#4027 = AXIS2_PLACEMENT_3D('',#4028,#4029,#4030);
#4028 = CARTESIAN_POINT('',(18.5,-41.,33.5));
#4029 = DIRECTION('',(0.,0.,1.));
#4030 = DIRECTION('',(-2.22044604925E-16,-1.,0.));
#4031 = PCURVE('',#1403,#4032);
#4032 = DEFINITIONAL_REPRESENTATION('',(#4033),#4041);
#4033 = ( BOUNDED_CURVE() B_SPLINE_CURVE(2,(#4034,#4035,#4036,#4037,
#4038,#4039,#4040),.UNSPECIFIED.,.T.,.F.) B_SPLINE_CURVE_WITH_KNOTS((1,2
    ,2,2,2,1),(-2.094395102393,0.,2.094395102393,4.188790204786,
6.28318530718,8.377580409573),.UNSPECIFIED.) CURVE() 
GEOMETRIC_REPRESENTATION_ITEM() RATIONAL_B_SPLINE_CURVE((1.,0.5,1.,0.5,
1.,0.5,1.)) REPRESENTATION_ITEM('') );
#4034 = CARTESIAN_POINT('',(-5.532948026039,18.5));
#4035 = CARTESIAN_POINT('',(-5.532948026039,21.444486372867));
#4036 = CARTESIAN_POINT('',(-2.982948026039,19.972243186434));
#4037 = CARTESIAN_POINT('',(-0.432948026039,18.5));
#4038 = CARTESIAN_POINT('',(-2.982948026039,17.027756813566));
#4039 = CARTESIAN_POINT('',(-5.532948026039,15.555513627133));
#4040 = CARTESIAN_POINT('',(-5.532948026039,18.5));
#4041 = ( GEOMETRIC_REPRESENTATION_CONTEXT(2) 
PARAMETRIC_REPRESENTATION_CONTEXT() REPRESENTATION_CONTEXT('2D SPACE',''
  ) );
#4042 = PCURVE('',#4043,#4048);
#4043 = CYLINDRICAL_SURFACE('',#4044,1.7);
#4044 = AXIS2_PLACEMENT_3D('',#4045,#4046,#4047);
#4045 = CARTESIAN_POINT('',(18.5,-41.,32.5));
#4046 = DIRECTION('',(0.,0.,1.));
#4047 = DIRECTION('',(-2.22044604925E-16,-1.,0.));
#4048 = DEFINITIONAL_REPRESENTATION('',(#4049),#4053);
#4049 = LINE('',#4050,#4051);
#4050 = CARTESIAN_POINT('',(0.,1.));
#4051 = VECTOR('',#4052,1.);
#4052 = DIRECTION('',(1.,0.));
#4053 = ( GEOMETRIC_REPRESENTATION_CONTEXT(2) 
PARAMETRIC_REPRESENTATION_CONTEXT() REPRESENTATION_CONTEXT('2D SPACE',''
  ) );
#4054 = ADVANCED_FACE('',(#4055),#1429,.T.);
#4055 = FACE_BOUND('',#4056,.T.);
#4056 = EDGE_LOOP('',(#4057,#4081,#4082,#4083,#4084,#4085));
#4057 = ORIENTED_EDGE('',*,*,#4058,.F.);
#4058 = EDGE_CURVE('',#3315,#4059,#4061,.T.);
#4059 = VERTEX_POINT('',#4060);
#4060 = CARTESIAN_POINT('',(-24.5,-32.,39.));
#4061 = SURFACE_CURVE('',#4062,(#4067,#4074),.PCURVE_S1.);
#4062 = CIRCLE('',#4063,3.);
#4063 = AXIS2_PLACEMENT_3D('',#4064,#4065,#4066);
#4064 = CARTESIAN_POINT('',(-21.5,-32.,39.));
#4065 = DIRECTION('',(0.,0.,1.));
#4066 = DIRECTION('',(-2.22044604925E-16,-1.,0.));
#4067 = PCURVE('',#1429,#4068);
#4068 = DEFINITIONAL_REPRESENTATION('',(#4069),#4073);
#4069 = LINE('',#4070,#4071);
#4070 = CARTESIAN_POINT('',(0.,5.5));
#4071 = VECTOR('',#4072,1.);
#4072 = DIRECTION('',(1.,0.));
#4073 = ( GEOMETRIC_REPRESENTATION_CONTEXT(2) 
PARAMETRIC_REPRESENTATION_CONTEXT() REPRESENTATION_CONTEXT('2D SPACE',''
  ) );
#4074 = PCURVE('',#1572,#4075);
#4075 = DEFINITIONAL_REPRESENTATION('',(#4076),#4080);
#4076 = CIRCLE('',#4077,3.);
#4077 = AXIS2_PLACEMENT_2D('',#4078,#4079);
#4078 = CARTESIAN_POINT('',(-5.167051973961,-21.5));
#4079 = DIRECTION('',(1.,0.));
#4080 = ( GEOMETRIC_REPRESENTATION_CONTEXT(2) 
PARAMETRIC_REPRESENTATION_CONTEXT() REPRESENTATION_CONTEXT('2D SPACE',''
  ) );
#4081 = ORIENTED_EDGE('',*,*,#3314,.T.);
#4082 = ORIENTED_EDGE('',*,*,#3394,.F.);
#4083 = ORIENTED_EDGE('',*,*,#1415,.F.);
#4084 = ORIENTED_EDGE('',*,*,#3534,.T.);
#4085 = ORIENTED_EDGE('',*,*,#4086,.T.);
#4086 = EDGE_CURVE('',#3535,#4059,#4087,.T.);
#4087 = SURFACE_CURVE('',#4088,(#4092,#4099),.PCURVE_S1.);
#4088 = LINE('',#4089,#4090);
#4089 = CARTESIAN_POINT('',(-24.5,-32.,33.5));
#4090 = VECTOR('',#4091,1.);
#4091 = DIRECTION('',(0.,0.,1.));
#4092 = PCURVE('',#1429,#4093);
#4093 = DEFINITIONAL_REPRESENTATION('',(#4094),#4098);
#4094 = LINE('',#4095,#4096);
#4095 = CARTESIAN_POINT('',(4.712388980385,0.));
#4096 = VECTOR('',#4097,1.);
#4097 = DIRECTION('',(0.,1.));
#4098 = ( GEOMETRIC_REPRESENTATION_CONTEXT(2) 
PARAMETRIC_REPRESENTATION_CONTEXT() REPRESENTATION_CONTEXT('2D SPACE',''
  ) );
#4099 = PCURVE('',#3973,#4100);
#4100 = DEFINITIONAL_REPRESENTATION('',(#4101),#4105);
#4101 = LINE('',#4102,#4103);
#4102 = CARTESIAN_POINT('',(0.,0.));
#4103 = VECTOR('',#4104,1.);
#4104 = DIRECTION('',(1.,0.));
#4105 = ( GEOMETRIC_REPRESENTATION_CONTEXT(2) 
PARAMETRIC_REPRESENTATION_CONTEXT() REPRESENTATION_CONTEXT('2D SPACE',''
  ) );
#4106 = ADVANCED_FACE('',(#4107,#4294),#1572,.T.);
#4107 = FACE_BOUND('',#4108,.T.);
#4108 = EDGE_LOOP('',(#4109,#4110,#4111,#4134,#4158,#4181,#4205,#4228,
    #4250,#4269,#4270,#4291,#4292,#4293));
#4109 = ORIENTED_EDGE('',*,*,#3358,.T.);
#4110 = ORIENTED_EDGE('',*,*,#4058,.T.);
#4111 = ORIENTED_EDGE('',*,*,#4112,.T.);
#4112 = EDGE_CURVE('',#4059,#4113,#4115,.T.);
#4113 = VERTEX_POINT('',#4114);
#4114 = CARTESIAN_POINT('',(-24.5,-44.,39.));
#4115 = SURFACE_CURVE('',#4116,(#4120,#4127),.PCURVE_S1.);
#4116 = LINE('',#4117,#4118);
#4117 = CARTESIAN_POINT('',(-24.5,-32.,39.));
#4118 = VECTOR('',#4119,1.);
#4119 = DIRECTION('',(-2.22044604925E-16,-1.,0.));
#4120 = PCURVE('',#1572,#4121);
#4121 = DEFINITIONAL_REPRESENTATION('',(#4122),#4126);
#4122 = LINE('',#4123,#4124);
#4123 = CARTESIAN_POINT('',(-5.167051973961,-24.5));
#4124 = VECTOR('',#4125,1.);
#4125 = DIRECTION('',(1.,0.));
#4126 = ( GEOMETRIC_REPRESENTATION_CONTEXT(2) 
PARAMETRIC_REPRESENTATION_CONTEXT() REPRESENTATION_CONTEXT('2D SPACE',''
  ) );
#4127 = PCURVE('',#3973,#4128);
#4128 = DEFINITIONAL_REPRESENTATION('',(#4129),#4133);
#4129 = LINE('',#4130,#4131);
#4130 = CARTESIAN_POINT('',(5.5,0.));
#4131 = VECTOR('',#4132,1.);
#4132 = DIRECTION('',(0.,1.));
#4133 = ( GEOMETRIC_REPRESENTATION_CONTEXT(2) 
PARAMETRIC_REPRESENTATION_CONTEXT() REPRESENTATION_CONTEXT('2D SPACE',''
  ) );
#4134 = ORIENTED_EDGE('',*,*,#4135,.T.);
#4135 = EDGE_CURVE('',#4113,#4136,#4138,.T.);
#4136 = VERTEX_POINT('',#4137);
#4137 = CARTESIAN_POINT('',(-21.5,-47.,39.));
#4138 = SURFACE_CURVE('',#4139,(#4144,#4151),.PCURVE_S1.);
#4139 = CIRCLE('',#4140,3.);
#4140 = AXIS2_PLACEMENT_3D('',#4141,#4142,#4143);
#4141 = CARTESIAN_POINT('',(-21.5,-44.,39.));
#4142 = DIRECTION('',(0.,0.,1.));
#4143 = DIRECTION('',(-2.22044604925E-16,-1.,0.));
#4144 = PCURVE('',#1572,#4145);
#4145 = DEFINITIONAL_REPRESENTATION('',(#4146),#4150);
#4146 = CIRCLE('',#4147,3.);
#4147 = AXIS2_PLACEMENT_2D('',#4148,#4149);
#4148 = CARTESIAN_POINT('',(6.832948026039,-21.5));
#4149 = DIRECTION('',(1.,0.));
#4150 = ( GEOMETRIC_REPRESENTATION_CONTEXT(2) 
PARAMETRIC_REPRESENTATION_CONTEXT() REPRESENTATION_CONTEXT('2D SPACE',''
  ) );
#4151 = PCURVE('',#3947,#4152);
#4152 = DEFINITIONAL_REPRESENTATION('',(#4153),#4157);
#4153 = LINE('',#4154,#4155);
#4154 = CARTESIAN_POINT('',(0.,5.5));
#4155 = VECTOR('',#4156,1.);
#4156 = DIRECTION('',(1.,0.));
#4157 = ( GEOMETRIC_REPRESENTATION_CONTEXT(2) 
PARAMETRIC_REPRESENTATION_CONTEXT() REPRESENTATION_CONTEXT('2D SPACE',''
  ) );
#4158 = ORIENTED_EDGE('',*,*,#4159,.T.);
#4159 = EDGE_CURVE('',#4136,#4160,#4162,.T.);
#4160 = VERTEX_POINT('',#4161);
#4161 = CARTESIAN_POINT('',(-15.5,-47.,39.));
#4162 = SURFACE_CURVE('',#4163,(#4167,#4174),.PCURVE_S1.);
#4163 = LINE('',#4164,#4165);
#4164 = CARTESIAN_POINT('',(-21.5,-47.,39.));
#4165 = VECTOR('',#4166,1.);
#4166 = DIRECTION('',(1.,-2.22044604925E-16,0.));
#4167 = PCURVE('',#1572,#4168);
#4168 = DEFINITIONAL_REPRESENTATION('',(#4169),#4173);
#4169 = LINE('',#4170,#4171);
#4170 = CARTESIAN_POINT('',(9.832948026039,-21.5));
#4171 = VECTOR('',#4172,1.);
#4172 = DIRECTION('',(0.,1.));
#4173 = ( GEOMETRIC_REPRESENTATION_CONTEXT(2) 
PARAMETRIC_REPRESENTATION_CONTEXT() REPRESENTATION_CONTEXT('2D SPACE',''
  ) );
#4174 = PCURVE('',#3914,#4175);
#4175 = DEFINITIONAL_REPRESENTATION('',(#4176),#4180);
#4176 = LINE('',#4177,#4178);
#4177 = CARTESIAN_POINT('',(5.5,0.));
#4178 = VECTOR('',#4179,1.);
#4179 = DIRECTION('',(0.,-1.));
#4180 = ( GEOMETRIC_REPRESENTATION_CONTEXT(2) 
PARAMETRIC_REPRESENTATION_CONTEXT() REPRESENTATION_CONTEXT('2D SPACE',''
  ) );
#4181 = ORIENTED_EDGE('',*,*,#4182,.T.);
#4182 = EDGE_CURVE('',#4160,#4183,#4185,.T.);
#4183 = VERTEX_POINT('',#4184);
#4184 = CARTESIAN_POINT('',(-12.5,-44.,39.));
#4185 = SURFACE_CURVE('',#4186,(#4191,#4198),.PCURVE_S1.);
#4186 = CIRCLE('',#4187,3.);
#4187 = AXIS2_PLACEMENT_3D('',#4188,#4189,#4190);
#4188 = CARTESIAN_POINT('',(-15.5,-44.,39.));
#4189 = DIRECTION('',(0.,0.,1.));
#4190 = DIRECTION('',(-2.22044604925E-16,-1.,0.));
#4191 = PCURVE('',#1572,#4192);
#4192 = DEFINITIONAL_REPRESENTATION('',(#4193),#4197);
#4193 = CIRCLE('',#4194,3.);
#4194 = AXIS2_PLACEMENT_2D('',#4195,#4196);
#4195 = CARTESIAN_POINT('',(6.832948026039,-15.5));
#4196 = DIRECTION('',(1.,0.));
#4197 = ( GEOMETRIC_REPRESENTATION_CONTEXT(2) 
PARAMETRIC_REPRESENTATION_CONTEXT() REPRESENTATION_CONTEXT('2D SPACE',''
  ) );
#4198 = PCURVE('',#3886,#4199);
#4199 = DEFINITIONAL_REPRESENTATION('',(#4200),#4204);
#4200 = LINE('',#4201,#4202);
#4201 = CARTESIAN_POINT('',(0.,5.5));
#4202 = VECTOR('',#4203,1.);
#4203 = DIRECTION('',(1.,0.));
#4204 = ( GEOMETRIC_REPRESENTATION_CONTEXT(2) 
PARAMETRIC_REPRESENTATION_CONTEXT() REPRESENTATION_CONTEXT('2D SPACE',''
  ) );
#4205 = ORIENTED_EDGE('',*,*,#4206,.F.);
#4206 = EDGE_CURVE('',#4207,#4183,#4209,.T.);
#4207 = VERTEX_POINT('',#4208);
#4208 = CARTESIAN_POINT('',(-12.5,-37.,39.));
#4209 = SURFACE_CURVE('',#4210,(#4214,#4221),.PCURVE_S1.);
#4210 = LINE('',#4211,#4212);
#4211 = CARTESIAN_POINT('',(-12.5,-32.,39.));
#4212 = VECTOR('',#4213,1.);
#4213 = DIRECTION('',(-2.22044604925E-16,-1.,0.));
#4214 = PCURVE('',#1572,#4215);
#4215 = DEFINITIONAL_REPRESENTATION('',(#4216),#4220);
#4216 = LINE('',#4217,#4218);
#4217 = CARTESIAN_POINT('',(-5.167051973961,-12.5));
#4218 = VECTOR('',#4219,1.);
#4219 = DIRECTION('',(1.,0.));
#4220 = ( GEOMETRIC_REPRESENTATION_CONTEXT(2) 
PARAMETRIC_REPRESENTATION_CONTEXT() REPRESENTATION_CONTEXT('2D SPACE',''
  ) );
#4221 = PCURVE('',#3853,#4222);
#4222 = DEFINITIONAL_REPRESENTATION('',(#4223),#4227);
#4223 = LINE('',#4224,#4225);
#4224 = CARTESIAN_POINT('',(5.5,0.));
#4225 = VECTOR('',#4226,1.);
#4226 = DIRECTION('',(0.,1.));
#4227 = ( GEOMETRIC_REPRESENTATION_CONTEXT(2) 
PARAMETRIC_REPRESENTATION_CONTEXT() REPRESENTATION_CONTEXT('2D SPACE',''
  ) );
#4228 = ORIENTED_EDGE('',*,*,#4229,.T.);
#4229 = EDGE_CURVE('',#4207,#4230,#4232,.T.);
#4230 = VERTEX_POINT('',#4231);
#4231 = CARTESIAN_POINT('',(-12.57071421427,-37.,39.));
#4232 = SURFACE_CURVE('',#4233,(#4237,#4243),.PCURVE_S1.);
#4233 = LINE('',#4234,#4235);
#4234 = CARTESIAN_POINT('',(3.375,-37.,39.));
#4235 = VECTOR('',#4236,1.);
#4236 = DIRECTION('',(-1.,2.22044604925E-16,0.));
#4237 = PCURVE('',#1572,#4238);
#4238 = DEFINITIONAL_REPRESENTATION('',(#4239),#4242);
#4239 = B_SPLINE_CURVE_WITH_KNOTS('',1,(#4240,#4241),.UNSPECIFIED.,.F.,
  .F.,(2,2),(-21.125,17.375),.PIECEWISE_BEZIER_KNOTS.);
#4240 = CARTESIAN_POINT('',(-0.167051973961,24.5));
#4241 = CARTESIAN_POINT('',(-0.167051973961,-14.));
#4242 = ( GEOMETRIC_REPRESENTATION_CONTEXT(2) 
PARAMETRIC_REPRESENTATION_CONTEXT() REPRESENTATION_CONTEXT('2D SPACE',''
  ) );
#4243 = PCURVE('',#3049,#4244);
#4244 = DEFINITIONAL_REPRESENTATION('',(#4245),#4249);
#4245 = LINE('',#4246,#4247);
#4246 = CARTESIAN_POINT('',(-9.68306585937,3.018114844595));
#4247 = VECTOR('',#4248,1.);
#4248 = DIRECTION('',(0.,1.));
#4249 = ( GEOMETRIC_REPRESENTATION_CONTEXT(2) 
PARAMETRIC_REPRESENTATION_CONTEXT() REPRESENTATION_CONTEXT('2D SPACE',''
  ) );
#4250 = ORIENTED_EDGE('',*,*,#4251,.F.);
#4251 = EDGE_CURVE('',#1781,#4230,#4252,.T.);
#4252 = SURFACE_CURVE('',#4253,(#4257,#4263),.PCURVE_S1.);
#4253 = LINE('',#4254,#4255);
#4254 = CARTESIAN_POINT('',(-12.57071421427,-33.,39.));
#4255 = VECTOR('',#4256,1.);
#4256 = DIRECTION('',(-2.22044604925E-16,-1.,0.));
#4257 = PCURVE('',#1572,#4258);
#4258 = DEFINITIONAL_REPRESENTATION('',(#4259),#4262);
#4259 = B_SPLINE_CURVE_WITH_KNOTS('',1,(#4260,#4261),.UNSPECIFIED.,.F.,
  .F.,(2,2),(-5.999999999062E-07,4.0000006),.PIECEWISE_BEZIER_KNOTS.);
#4260 = CARTESIAN_POINT('',(-4.167052573961,-12.57071421427));
#4261 = CARTESIAN_POINT('',(-0.167051373961,-12.57071421427));
#4262 = ( GEOMETRIC_REPRESENTATION_CONTEXT(2) 
PARAMETRIC_REPRESENTATION_CONTEXT() REPRESENTATION_CONTEXT('2D SPACE',''
  ) );
#4263 = PCURVE('',#1663,#4264);
#4264 = DEFINITIONAL_REPRESENTATION('',(#4265),#4268);
#4265 = B_SPLINE_CURVE_WITH_KNOTS('',1,(#4266,#4267),.UNSPECIFIED.,.F.,
  .F.,(2,2),(-5.999999999062E-07,4.0000006),.PIECEWISE_BEZIER_KNOTS.);
#4266 = CARTESIAN_POINT('',(2.346193823406,-5.999999999062E-07));
#4267 = CARTESIAN_POINT('',(2.346193823406,4.0000006));
#4268 = ( GEOMETRIC_REPRESENTATION_CONTEXT(2) 
PARAMETRIC_REPRESENTATION_CONTEXT() REPRESENTATION_CONTEXT('2D SPACE',''
  ) );
#4269 = ORIENTED_EDGE('',*,*,#1780,.T.);
#4270 = ORIENTED_EDGE('',*,*,#4271,.F.);
#4271 = EDGE_CURVE('',#3456,#1753,#4272,.T.);
#4272 = SURFACE_CURVE('',#4273,(#4277,#4284),.PCURVE_S1.);
#4273 = LINE('',#4274,#4275);
#4274 = CARTESIAN_POINT('',(-12.5,-32.,39.));
#4275 = VECTOR('',#4276,1.);
#4276 = DIRECTION('',(-2.22044604925E-16,-1.,0.));
#4277 = PCURVE('',#1572,#4278);
#4278 = DEFINITIONAL_REPRESENTATION('',(#4279),#4283);
#4279 = LINE('',#4280,#4281);
#4280 = CARTESIAN_POINT('',(-5.167051973961,-12.5));
#4281 = VECTOR('',#4282,1.);
#4282 = DIRECTION('',(1.,0.));
#4283 = ( GEOMETRIC_REPRESENTATION_CONTEXT(2) 
PARAMETRIC_REPRESENTATION_CONTEXT() REPRESENTATION_CONTEXT('2D SPACE',''
  ) );
#4284 = PCURVE('',#1768,#4285);
#4285 = DEFINITIONAL_REPRESENTATION('',(#4286),#4290);
#4286 = LINE('',#4287,#4288);
#4287 = CARTESIAN_POINT('',(5.5,0.));
#4288 = VECTOR('',#4289,1.);
#4289 = DIRECTION('',(0.,1.));
#4290 = ( GEOMETRIC_REPRESENTATION_CONTEXT(2) 
PARAMETRIC_REPRESENTATION_CONTEXT() REPRESENTATION_CONTEXT('2D SPACE',''
  ) );
#4291 = ORIENTED_EDGE('',*,*,#3455,.T.);
#4292 = ORIENTED_EDGE('',*,*,#1550,.F.);
#4293 = ORIENTED_EDGE('',*,*,#3235,.F.);
#4294 = FACE_BOUND('',#4295,.T.);
#4295 = EDGE_LOOP('',(#4296,#4326,#4354,#4382,#4410,#4438));
#4296 = ORIENTED_EDGE('',*,*,#4297,.T.);
#4297 = EDGE_CURVE('',#4298,#4300,#4302,.T.);
#4298 = VERTEX_POINT('',#4299);
#4299 = CARTESIAN_POINT('',(-16.79681670589,-38.05,39.));
#4300 = VERTEX_POINT('',#4301);
#4301 = CARTESIAN_POINT('',(-15.09363341178,-41.,39.));
#4302 = SURFACE_CURVE('',#4303,(#4307,#4314),.PCURVE_S1.);
#4303 = LINE('',#4304,#4305);
#4304 = CARTESIAN_POINT('',(-16.79681670589,-38.05,39.));
#4305 = VECTOR('',#4306,1.);
#4306 = DIRECTION('',(0.5,-0.866025403784,9.614813431918E-17));
#4307 = PCURVE('',#1572,#4308);
#4308 = DEFINITIONAL_REPRESENTATION('',(#4309),#4313);
#4309 = LINE('',#4310,#4311);
#4310 = CARTESIAN_POINT('',(0.882948026039,-16.79681670589));
#4311 = VECTOR('',#4312,1.);
#4312 = DIRECTION('',(0.866025403784,0.5));
#4313 = ( GEOMETRIC_REPRESENTATION_CONTEXT(2) 
PARAMETRIC_REPRESENTATION_CONTEXT() REPRESENTATION_CONTEXT('2D SPACE',''
  ) );
#4314 = PCURVE('',#4315,#4320);
#4315 = PLANE('',#4316);
#4316 = AXIS2_PLACEMENT_3D('',#4317,#4318,#4319);
#4317 = CARTESIAN_POINT('',(-16.79681670589,-38.05,39.));
#4318 = DIRECTION('',(-0.866025403784,-0.5,5.551115123126E-17));
#4319 = DIRECTION('',(0.5,-0.866025403784,9.614813431918E-17));
#4320 = DEFINITIONAL_REPRESENTATION('',(#4321),#4325);
#4321 = LINE('',#4322,#4323);
#4322 = CARTESIAN_POINT('',(0.,0.));
#4323 = VECTOR('',#4324,1.);
#4324 = DIRECTION('',(1.,0.));
#4325 = ( GEOMETRIC_REPRESENTATION_CONTEXT(2) 
PARAMETRIC_REPRESENTATION_CONTEXT() REPRESENTATION_CONTEXT('2D SPACE',''
  ) );
#4326 = ORIENTED_EDGE('',*,*,#4327,.T.);
#4327 = EDGE_CURVE('',#4300,#4328,#4330,.T.);
#4328 = VERTEX_POINT('',#4329);
#4329 = CARTESIAN_POINT('',(-16.79681670589,-43.95,39.));
#4330 = SURFACE_CURVE('',#4331,(#4335,#4342),.PCURVE_S1.);
#4331 = LINE('',#4332,#4333);
#4332 = CARTESIAN_POINT('',(-15.09363341178,-41.,39.));
#4333 = VECTOR('',#4334,1.);
#4334 = DIRECTION('',(-0.5,-0.866025403784,9.614813431918E-17));
#4335 = PCURVE('',#1572,#4336);
#4336 = DEFINITIONAL_REPRESENTATION('',(#4337),#4341);
#4337 = LINE('',#4338,#4339);
#4338 = CARTESIAN_POINT('',(3.832948026039,-15.09363341178));
#4339 = VECTOR('',#4340,1.);
#4340 = DIRECTION('',(0.866025403784,-0.5));
#4341 = ( GEOMETRIC_REPRESENTATION_CONTEXT(2) 
PARAMETRIC_REPRESENTATION_CONTEXT() REPRESENTATION_CONTEXT('2D SPACE',''
  ) );
#4342 = PCURVE('',#4343,#4348);
#4343 = PLANE('',#4344);
#4344 = AXIS2_PLACEMENT_3D('',#4345,#4346,#4347);
#4345 = CARTESIAN_POINT('',(-15.09363341178,-41.,39.));
#4346 = DIRECTION('',(-0.866025403784,0.5,-5.551115123126E-17));
#4347 = DIRECTION('',(-0.5,-0.866025403784,9.614813431918E-17));
#4348 = DEFINITIONAL_REPRESENTATION('',(#4349),#4353);
#4349 = LINE('',#4350,#4351);
#4350 = CARTESIAN_POINT('',(0.,0.));
#4351 = VECTOR('',#4352,1.);
#4352 = DIRECTION('',(1.,0.));
#4353 = ( GEOMETRIC_REPRESENTATION_CONTEXT(2) 
PARAMETRIC_REPRESENTATION_CONTEXT() REPRESENTATION_CONTEXT('2D SPACE',''
  ) );
#4354 = ORIENTED_EDGE('',*,*,#4355,.T.);
#4355 = EDGE_CURVE('',#4328,#4356,#4358,.T.);
#4356 = VERTEX_POINT('',#4357);
#4357 = CARTESIAN_POINT('',(-20.2031832941,-43.95,39.));
#4358 = SURFACE_CURVE('',#4359,(#4363,#4370),.PCURVE_S1.);
#4359 = LINE('',#4360,#4361);
#4360 = CARTESIAN_POINT('',(-16.79681670589,-43.95,39.));
#4361 = VECTOR('',#4362,1.);
#4362 = DIRECTION('',(-1.,9.167425330581E-17,1.447401660961E-32));
#4363 = PCURVE('',#1572,#4364);
#4364 = DEFINITIONAL_REPRESENTATION('',(#4365),#4369);
#4365 = LINE('',#4366,#4367);
#4366 = CARTESIAN_POINT('',(6.782948026039,-16.79681670589));
#4367 = VECTOR('',#4368,1.);
#4368 = DIRECTION('',(1.303703516192E-16,-1.));
#4369 = ( GEOMETRIC_REPRESENTATION_CONTEXT(2) 
PARAMETRIC_REPRESENTATION_CONTEXT() REPRESENTATION_CONTEXT('2D SPACE',''
  ) );
#4370 = PCURVE('',#4371,#4376);
#4371 = PLANE('',#4372);
#4372 = AXIS2_PLACEMENT_3D('',#4373,#4374,#4375);
#4373 = CARTESIAN_POINT('',(-16.79681670589,-43.95,39.));
#4374 = DIRECTION('',(9.167425330581E-17,1.,-1.110223024625E-16));
#4375 = DIRECTION('',(-1.,9.167425330581E-17,1.447401660961E-32));
#4376 = DEFINITIONAL_REPRESENTATION('',(#4377),#4381);
#4377 = LINE('',#4378,#4379);
#4378 = CARTESIAN_POINT('',(0.,0.));
#4379 = VECTOR('',#4380,1.);
#4380 = DIRECTION('',(1.,0.));
#4381 = ( GEOMETRIC_REPRESENTATION_CONTEXT(2) 
PARAMETRIC_REPRESENTATION_CONTEXT() REPRESENTATION_CONTEXT('2D SPACE',''
  ) );
#4382 = ORIENTED_EDGE('',*,*,#4383,.T.);
#4383 = EDGE_CURVE('',#4356,#4384,#4386,.T.);
#4384 = VERTEX_POINT('',#4385);
#4385 = CARTESIAN_POINT('',(-21.90636658821,-41.,39.));
#4386 = SURFACE_CURVE('',#4387,(#4391,#4398),.PCURVE_S1.);
#4387 = LINE('',#4388,#4389);
#4388 = CARTESIAN_POINT('',(-20.2031832941,-43.95,39.));
#4389 = VECTOR('',#4390,1.);
#4390 = DIRECTION('',(-0.5,0.866025403784,-9.614813431918E-17));
#4391 = PCURVE('',#1572,#4392);
#4392 = DEFINITIONAL_REPRESENTATION('',(#4393),#4397);
#4393 = LINE('',#4394,#4395);
#4394 = CARTESIAN_POINT('',(6.782948026039,-20.2031832941));
#4395 = VECTOR('',#4396,1.);
#4396 = DIRECTION('',(-0.866025403784,-0.5));
#4397 = ( GEOMETRIC_REPRESENTATION_CONTEXT(2) 
PARAMETRIC_REPRESENTATION_CONTEXT() REPRESENTATION_CONTEXT('2D SPACE',''
  ) );
#4398 = PCURVE('',#4399,#4404);
#4399 = PLANE('',#4400);
#4400 = AXIS2_PLACEMENT_3D('',#4401,#4402,#4403);
#4401 = CARTESIAN_POINT('',(-20.2031832941,-43.95,39.));
#4402 = DIRECTION('',(0.866025403784,0.5,-5.551115123126E-17));
#4403 = DIRECTION('',(-0.5,0.866025403784,-9.614813431918E-17));
#4404 = DEFINITIONAL_REPRESENTATION('',(#4405),#4409);
#4405 = LINE('',#4406,#4407);
#4406 = CARTESIAN_POINT('',(0.,0.));
#4407 = VECTOR('',#4408,1.);
#4408 = DIRECTION('',(1.,0.));
#4409 = ( GEOMETRIC_REPRESENTATION_CONTEXT(2) 
PARAMETRIC_REPRESENTATION_CONTEXT() REPRESENTATION_CONTEXT('2D SPACE',''
  ) );
#4410 = ORIENTED_EDGE('',*,*,#4411,.T.);
#4411 = EDGE_CURVE('',#4384,#4412,#4414,.T.);
#4412 = VERTEX_POINT('',#4413);
#4413 = CARTESIAN_POINT('',(-20.2031832941,-38.05,39.));
#4414 = SURFACE_CURVE('',#4415,(#4419,#4426),.PCURVE_S1.);
#4415 = LINE('',#4416,#4417);
#4416 = CARTESIAN_POINT('',(-21.90636658821,-41.,39.));
#4417 = VECTOR('',#4418,1.);
#4418 = DIRECTION('',(0.5,0.866025403784,-9.614813431918E-17));
#4419 = PCURVE('',#1572,#4420);
#4420 = DEFINITIONAL_REPRESENTATION('',(#4421),#4425);
#4421 = LINE('',#4422,#4423);
#4422 = CARTESIAN_POINT('',(3.832948026039,-21.90636658821));
#4423 = VECTOR('',#4424,1.);
#4424 = DIRECTION('',(-0.866025403784,0.5));
#4425 = ( GEOMETRIC_REPRESENTATION_CONTEXT(2) 
PARAMETRIC_REPRESENTATION_CONTEXT() REPRESENTATION_CONTEXT('2D SPACE',''
  ) );
#4426 = PCURVE('',#4427,#4432);
#4427 = PLANE('',#4428);
#4428 = AXIS2_PLACEMENT_3D('',#4429,#4430,#4431);
#4429 = CARTESIAN_POINT('',(-21.90636658821,-41.,39.));
#4430 = DIRECTION('',(0.866025403784,-0.5,5.551115123126E-17));
#4431 = DIRECTION('',(0.5,0.866025403784,-9.614813431918E-17));
#4432 = DEFINITIONAL_REPRESENTATION('',(#4433),#4437);
#4433 = LINE('',#4434,#4435);
#4434 = CARTESIAN_POINT('',(0.,0.));
#4435 = VECTOR('',#4436,1.);
#4436 = DIRECTION('',(1.,0.));
#4437 = ( GEOMETRIC_REPRESENTATION_CONTEXT(2) 
PARAMETRIC_REPRESENTATION_CONTEXT() REPRESENTATION_CONTEXT('2D SPACE',''
  ) );
#4438 = ORIENTED_EDGE('',*,*,#4439,.T.);
#4439 = EDGE_CURVE('',#4412,#4298,#4440,.T.);
#4440 = SURFACE_CURVE('',#4441,(#4445,#4452),.PCURVE_S1.);
#4441 = LINE('',#4442,#4443);
#4442 = CARTESIAN_POINT('',(-20.2031832941,-38.05,39.));
#4443 = VECTOR('',#4444,1.);
#4444 = DIRECTION('',(1.,-9.167425330581E-17,-1.447401660961E-32));
#4445 = PCURVE('',#1572,#4446);
#4446 = DEFINITIONAL_REPRESENTATION('',(#4447),#4451);
#4447 = LINE('',#4448,#4449);
#4448 = CARTESIAN_POINT('',(0.882948026039,-20.2031832941));
#4449 = VECTOR('',#4450,1.);
#4450 = DIRECTION('',(-1.303703516192E-16,1.));
#4451 = ( GEOMETRIC_REPRESENTATION_CONTEXT(2) 
PARAMETRIC_REPRESENTATION_CONTEXT() REPRESENTATION_CONTEXT('2D SPACE',''
  ) );
#4452 = PCURVE('',#4453,#4458);
#4453 = PLANE('',#4454);
#4454 = AXIS2_PLACEMENT_3D('',#4455,#4456,#4457);
#4455 = CARTESIAN_POINT('',(-20.2031832941,-38.05,39.));
#4456 = DIRECTION('',(-9.167425330581E-17,-1.,1.110223024625E-16));
#4457 = DIRECTION('',(1.,-9.167425330581E-17,-1.447401660961E-32));
#4458 = DEFINITIONAL_REPRESENTATION('',(#4459),#4463);
#4459 = LINE('',#4460,#4461);
#4460 = CARTESIAN_POINT('',(0.,0.));
#4461 = VECTOR('',#4462,1.);
#4462 = DIRECTION('',(1.,0.));
#4463 = ( GEOMETRIC_REPRESENTATION_CONTEXT(2) 
PARAMETRIC_REPRESENTATION_CONTEXT() REPRESENTATION_CONTEXT('2D SPACE',''
  ) );
#4464 = ADVANCED_FACE('',(#4465),#1663,.T.);
#4465 = FACE_BOUND('',#4466,.T.);
#4466 = EDGE_LOOP('',(#4467,#4468,#4490,#4491,#4492));
#4467 = ORIENTED_EDGE('',*,*,#4251,.T.);
#4468 = ORIENTED_EDGE('',*,*,#4469,.F.);
#4469 = EDGE_CURVE('',#2958,#4230,#4470,.T.);
#4470 = SURFACE_CURVE('',#4471,(#4476,#4483),.PCURVE_S1.);
#4471 = CIRCLE('',#4472,5.);
#4472 = AXIS2_PLACEMENT_3D('',#4473,#4474,#4475);
#4473 = CARTESIAN_POINT('',(-9.,-37.,42.5));
#4474 = DIRECTION('',(-2.22044604925E-16,-1.,0.));
#4475 = DIRECTION('',(0.,0.,1.));
#4476 = PCURVE('',#1663,#4477);
#4477 = DEFINITIONAL_REPRESENTATION('',(#4478),#4482);
#4478 = LINE('',#4479,#4480);
#4479 = CARTESIAN_POINT('',(0.,4.));
#4480 = VECTOR('',#4481,1.);
#4481 = DIRECTION('',(1.,0.));
#4482 = ( GEOMETRIC_REPRESENTATION_CONTEXT(2) 
PARAMETRIC_REPRESENTATION_CONTEXT() REPRESENTATION_CONTEXT('2D SPACE',''
  ) );
#4483 = PCURVE('',#3049,#4484);
#4484 = DEFINITIONAL_REPRESENTATION('',(#4485),#4489);
#4485 = CIRCLE('',#4486,5.);
#4486 = AXIS2_PLACEMENT_2D('',#4487,#4488);
#4487 = CARTESIAN_POINT('',(-6.18306585937,15.393114844595));
#4488 = DIRECTION('',(1.,0.));
#4489 = ( GEOMETRIC_REPRESENTATION_CONTEXT(2) 
PARAMETRIC_REPRESENTATION_CONTEXT() REPRESENTATION_CONTEXT('2D SPACE',''
  ) );
#4490 = ORIENTED_EDGE('',*,*,#2957,.F.);
#4491 = ORIENTED_EDGE('',*,*,#1646,.T.);
#4492 = ORIENTED_EDGE('',*,*,#1802,.T.);
#4493 = ADVANCED_FACE('',(#4494),#1717,.F.);
#4494 = FACE_BOUND('',#4495,.F.);
#4495 = EDGE_LOOP('',(#4496,#4497,#4520,#4541));
#4496 = ORIENTED_EDGE('',*,*,#3586,.F.);
#4497 = ORIENTED_EDGE('',*,*,#4498,.T.);
#4498 = EDGE_CURVE('',#3587,#4499,#4501,.T.);
#4499 = VERTEX_POINT('',#4500);
#4500 = CARTESIAN_POINT('',(12.5,-32.,39.));
#4501 = SURFACE_CURVE('',#4502,(#4506,#4513),.PCURVE_S1.);
#4502 = LINE('',#4503,#4504);
#4503 = CARTESIAN_POINT('',(12.5,-32.,33.5));
#4504 = VECTOR('',#4505,1.);
#4505 = DIRECTION('',(0.,0.,1.));
#4506 = PCURVE('',#1717,#4507);
#4507 = DEFINITIONAL_REPRESENTATION('',(#4508),#4512);
#4508 = LINE('',#4509,#4510);
#4509 = CARTESIAN_POINT('',(0.,0.));
#4510 = VECTOR('',#4511,1.);
#4511 = DIRECTION('',(1.,0.));
#4512 = ( GEOMETRIC_REPRESENTATION_CONTEXT(2) 
PARAMETRIC_REPRESENTATION_CONTEXT() REPRESENTATION_CONTEXT('2D SPACE',''
  ) );
#4513 = PCURVE('',#2201,#4514);
#4514 = DEFINITIONAL_REPRESENTATION('',(#4515),#4519);
#4515 = LINE('',#4516,#4517);
#4516 = CARTESIAN_POINT('',(4.712388980385,0.));
#4517 = VECTOR('',#4518,1.);
#4518 = DIRECTION('',(0.,1.));
#4519 = ( GEOMETRIC_REPRESENTATION_CONTEXT(2) 
PARAMETRIC_REPRESENTATION_CONTEXT() REPRESENTATION_CONTEXT('2D SPACE',''
  ) );
#4520 = ORIENTED_EDGE('',*,*,#4521,.T.);
#4521 = EDGE_CURVE('',#4499,#1700,#4522,.T.);
#4522 = SURFACE_CURVE('',#4523,(#4527,#4534),.PCURVE_S1.);
#4523 = LINE('',#4524,#4525);
#4524 = CARTESIAN_POINT('',(12.5,-32.,39.));
#4525 = VECTOR('',#4526,1.);
#4526 = DIRECTION('',(-2.22044604925E-16,-1.,0.));
#4527 = PCURVE('',#1717,#4528);
#4528 = DEFINITIONAL_REPRESENTATION('',(#4529),#4533);
#4529 = LINE('',#4530,#4531);
#4530 = CARTESIAN_POINT('',(5.5,0.));
#4531 = VECTOR('',#4532,1.);
#4532 = DIRECTION('',(0.,1.));
#4533 = ( GEOMETRIC_REPRESENTATION_CONTEXT(2) 
PARAMETRIC_REPRESENTATION_CONTEXT() REPRESENTATION_CONTEXT('2D SPACE',''
  ) );
#4534 = PCURVE('',#2098,#4535);
#4535 = DEFINITIONAL_REPRESENTATION('',(#4536),#4540);
#4536 = LINE('',#4537,#4538);
#4537 = CARTESIAN_POINT('',(-5.167051973961,12.5));
#4538 = VECTOR('',#4539,1.);
#4539 = DIRECTION('',(1.,0.));
#4540 = ( GEOMETRIC_REPRESENTATION_CONTEXT(2) 
PARAMETRIC_REPRESENTATION_CONTEXT() REPRESENTATION_CONTEXT('2D SPACE',''
  ) );
#4541 = ORIENTED_EDGE('',*,*,#1699,.T.);
#4542 = ADVANCED_FACE('',(#4543),#1768,.T.);
#4543 = FACE_BOUND('',#4544,.T.);
#4544 = EDGE_LOOP('',(#4545,#4546,#4547,#4548));
#4545 = ORIENTED_EDGE('',*,*,#3564,.F.);
#4546 = ORIENTED_EDGE('',*,*,#3479,.T.);
#4547 = ORIENTED_EDGE('',*,*,#4271,.T.);
#4548 = ORIENTED_EDGE('',*,*,#1752,.T.);
#4549 = ADVANCED_FACE('',(#4550),#2098,.T.);
#4550 = FACE_BOUND('',#4551,.T.);
#4551 = EDGE_LOOP('',(#4552,#4574,#4575,#4576));
#4552 = ORIENTED_EDGE('',*,*,#4553,.T.);
#4553 = EDGE_CURVE('',#2172,#4499,#4554,.T.);
#4554 = SURFACE_CURVE('',#4555,(#4560,#4567),.PCURVE_S1.);
#4555 = CIRCLE('',#4556,3.);
#4556 = AXIS2_PLACEMENT_3D('',#4557,#4558,#4559);
#4557 = CARTESIAN_POINT('',(15.5,-32.,39.));
#4558 = DIRECTION('',(0.,0.,1.));
#4559 = DIRECTION('',(-2.22044604925E-16,-1.,0.));
#4560 = PCURVE('',#2098,#4561);
#4561 = DEFINITIONAL_REPRESENTATION('',(#4562),#4566);
#4562 = CIRCLE('',#4563,3.);
#4563 = AXIS2_PLACEMENT_2D('',#4564,#4565);
#4564 = CARTESIAN_POINT('',(-5.167051973961,15.5));
#4565 = DIRECTION('',(1.,0.));
#4566 = ( GEOMETRIC_REPRESENTATION_CONTEXT(2) 
PARAMETRIC_REPRESENTATION_CONTEXT() REPRESENTATION_CONTEXT('2D SPACE',''
  ) );
#4567 = PCURVE('',#2201,#4568);
#4568 = DEFINITIONAL_REPRESENTATION('',(#4569),#4573);
#4569 = LINE('',#4570,#4571);
#4570 = CARTESIAN_POINT('',(0.,5.5));
#4571 = VECTOR('',#4572,1.);
#4572 = DIRECTION('',(1.,0.));
#4573 = ( GEOMETRIC_REPRESENTATION_CONTEXT(2) 
PARAMETRIC_REPRESENTATION_CONTEXT() REPRESENTATION_CONTEXT('2D SPACE',''
  ) );
#4574 = ORIENTED_EDGE('',*,*,#4521,.T.);
#4575 = ORIENTED_EDGE('',*,*,#2084,.T.);
#4576 = ORIENTED_EDGE('',*,*,#2220,.T.);
#4577 = ADVANCED_FACE('',(#4578),#2201,.T.);
#4578 = FACE_BOUND('',#4579,.T.);
#4579 = EDGE_LOOP('',(#4580,#4581,#4582,#4608,#4609,#4610));
#4580 = ORIENTED_EDGE('',*,*,#4553,.F.);
#4581 = ORIENTED_EDGE('',*,*,#2171,.T.);
#4582 = ORIENTED_EDGE('',*,*,#4583,.F.);
#4583 = EDGE_CURVE('',#2281,#2144,#4584,.T.);
#4584 = SURFACE_CURVE('',#4585,(#4590,#4597),.PCURVE_S1.);
#4585 = CIRCLE('',#4586,3.);
#4586 = AXIS2_PLACEMENT_3D('',#4587,#4588,#4589);
#4587 = CARTESIAN_POINT('',(15.5,-32.,37.5));
#4588 = DIRECTION('',(0.,0.,1.));
#4589 = DIRECTION('',(-2.22044604925E-16,-1.,0.));
#4590 = PCURVE('',#2201,#4591);
#4591 = DEFINITIONAL_REPRESENTATION('',(#4592),#4596);
#4592 = LINE('',#4593,#4594);
#4593 = CARTESIAN_POINT('',(0.,4.));
#4594 = VECTOR('',#4595,1.);
#4595 = DIRECTION('',(1.,0.));
#4596 = ( GEOMETRIC_REPRESENTATION_CONTEXT(2) 
PARAMETRIC_REPRESENTATION_CONTEXT() REPRESENTATION_CONTEXT('2D SPACE',''
  ) );
#4597 = PCURVE('',#2159,#4598);
#4598 = DEFINITIONAL_REPRESENTATION('',(#4599),#4607);
#4599 = ( BOUNDED_CURVE() B_SPLINE_CURVE(2,(#4600,#4601,#4602,#4603,
#4604,#4605,#4606),.UNSPECIFIED.,.T.,.F.) B_SPLINE_CURVE_WITH_KNOTS((1,2
    ,2,2,2,1),(-2.094395102393,0.,2.094395102393,4.188790204786,
6.28318530718,8.377580409573),.UNSPECIFIED.) CURVE() 
GEOMETRIC_REPRESENTATION_ITEM() RATIONAL_B_SPLINE_CURVE((1.,0.5,1.,0.5,
1.,0.5,1.)) REPRESENTATION_ITEM('') );
#4600 = CARTESIAN_POINT('',(-3.,-3.));
#4601 = CARTESIAN_POINT('',(-3.,2.196152422707));
#4602 = CARTESIAN_POINT('',(1.5,-0.401923788647));
#4603 = CARTESIAN_POINT('',(6.,-3.));
#4604 = CARTESIAN_POINT('',(1.5,-5.598076211353));
#4605 = CARTESIAN_POINT('',(-3.,-8.196152422707));
#4606 = CARTESIAN_POINT('',(-3.,-3.));
#4607 = ( GEOMETRIC_REPRESENTATION_CONTEXT(2) 
PARAMETRIC_REPRESENTATION_CONTEXT() REPRESENTATION_CONTEXT('2D SPACE',''
  ) );
#4608 = ORIENTED_EDGE('',*,*,#2280,.F.);
#4609 = ORIENTED_EDGE('',*,*,#3609,.T.);
#4610 = ORIENTED_EDGE('',*,*,#4498,.T.);
#4611 = ADVANCED_FACE('',(#4612),#2159,.T.);
#4612 = FACE_BOUND('',#4613,.T.);
#4613 = EDGE_LOOP('',(#4614,#4615,#4616));
#4614 = ORIENTED_EDGE('',*,*,#2303,.F.);
#4615 = ORIENTED_EDGE('',*,*,#4583,.T.);
#4616 = ORIENTED_EDGE('',*,*,#2143,.F.);
#4617 = ADVANCED_FACE('',(#4618),#2513,.T.);
#4618 = FACE_BOUND('',#4619,.T.);
#4619 = EDGE_LOOP('',(#4620,#4651,#4672,#4673,#4674,#4702));
#4620 = ORIENTED_EDGE('',*,*,#4621,.F.);
#4621 = EDGE_CURVE('',#4622,#4624,#4626,.T.);
#4622 = VERTEX_POINT('',#4623);
#4623 = CARTESIAN_POINT('',(24.5,-32.,39.));
#4624 = VERTEX_POINT('',#4625);
#4625 = CARTESIAN_POINT('',(22.959430252724,-29.37891943324,39.));
#4626 = SURFACE_CURVE('',#4627,(#4632,#4639),.PCURVE_S1.);
#4627 = CIRCLE('',#4628,3.);
#4628 = AXIS2_PLACEMENT_3D('',#4629,#4630,#4631);
#4629 = CARTESIAN_POINT('',(21.5,-32.,39.));
#4630 = DIRECTION('',(0.,0.,1.));
#4631 = DIRECTION('',(-2.22044604925E-16,-1.,0.));
#4632 = PCURVE('',#2513,#4633);
#4633 = DEFINITIONAL_REPRESENTATION('',(#4634),#4638);
#4634 = LINE('',#4635,#4636);
#4635 = CARTESIAN_POINT('',(0.,5.5));
#4636 = VECTOR('',#4637,1.);
#4637 = DIRECTION('',(1.,0.));
#4638 = ( GEOMETRIC_REPRESENTATION_CONTEXT(2) 
PARAMETRIC_REPRESENTATION_CONTEXT() REPRESENTATION_CONTEXT('2D SPACE',''
  ) );
#4639 = PCURVE('',#4640,#4645);
#4640 = PLANE('',#4641);
#4641 = AXIS2_PLACEMENT_3D('',#4642,#4643,#4644);
#4642 = CARTESIAN_POINT('',(-8.605032162957E-15,-37.16705197396,39.));
#4643 = DIRECTION('',(0.,0.,1.));
#4644 = DIRECTION('',(-2.22044604925E-16,-1.,0.));
#4645 = DEFINITIONAL_REPRESENTATION('',(#4646),#4650);
#4646 = CIRCLE('',#4647,3.);
#4647 = AXIS2_PLACEMENT_2D('',#4648,#4649);
#4648 = CARTESIAN_POINT('',(-5.167051973961,21.5));
#4649 = DIRECTION('',(1.,0.));
#4650 = ( GEOMETRIC_REPRESENTATION_CONTEXT(2) 
PARAMETRIC_REPRESENTATION_CONTEXT() REPRESENTATION_CONTEXT('2D SPACE',''
  ) );
#4651 = ORIENTED_EDGE('',*,*,#4652,.F.);
#4652 = EDGE_CURVE('',#3637,#4622,#4653,.T.);
#4653 = SURFACE_CURVE('',#4654,(#4658,#4665),.PCURVE_S1.);
#4654 = LINE('',#4655,#4656);
#4655 = CARTESIAN_POINT('',(24.5,-32.,33.5));
#4656 = VECTOR('',#4657,1.);
#4657 = DIRECTION('',(0.,0.,1.));
#4658 = PCURVE('',#2513,#4659);
#4659 = DEFINITIONAL_REPRESENTATION('',(#4660),#4664);
#4660 = LINE('',#4661,#4662);
#4661 = CARTESIAN_POINT('',(1.570796326795,0.));
#4662 = VECTOR('',#4663,1.);
#4663 = DIRECTION('',(0.,1.));
#4664 = ( GEOMETRIC_REPRESENTATION_CONTEXT(2) 
PARAMETRIC_REPRESENTATION_CONTEXT() REPRESENTATION_CONTEXT('2D SPACE',''
  ) );
#4665 = PCURVE('',#3680,#4666);
#4666 = DEFINITIONAL_REPRESENTATION('',(#4667),#4671);
#4667 = LINE('',#4668,#4669);
#4668 = CARTESIAN_POINT('',(0.,0.));
#4669 = VECTOR('',#4670,1.);
#4670 = DIRECTION('',(1.,0.));
#4671 = ( GEOMETRIC_REPRESENTATION_CONTEXT(2) 
PARAMETRIC_REPRESENTATION_CONTEXT() REPRESENTATION_CONTEXT('2D SPACE',''
  ) );
#4672 = ORIENTED_EDGE('',*,*,#3636,.T.);
#4673 = ORIENTED_EDGE('',*,*,#2499,.T.);
#4674 = ORIENTED_EDGE('',*,*,#4675,.F.);
#4675 = EDGE_CURVE('',#4676,#2472,#4678,.T.);
#4676 = VERTEX_POINT('',#4677);
#4677 = CARTESIAN_POINT('',(23.,-29.40192378864,37.5));
#4678 = SURFACE_CURVE('',#4679,(#4684,#4691),.PCURVE_S1.);
#4679 = CIRCLE('',#4680,3.);
#4680 = AXIS2_PLACEMENT_3D('',#4681,#4682,#4683);
#4681 = CARTESIAN_POINT('',(21.5,-32.,37.5));
#4682 = DIRECTION('',(0.,0.,1.));
#4683 = DIRECTION('',(-2.22044604925E-16,-1.,0.));
#4684 = PCURVE('',#2513,#4685);
#4685 = DEFINITIONAL_REPRESENTATION('',(#4686),#4690);
#4686 = LINE('',#4687,#4688);
#4687 = CARTESIAN_POINT('',(0.,4.));
#4688 = VECTOR('',#4689,1.);
#4689 = DIRECTION('',(1.,0.));
#4690 = ( GEOMETRIC_REPRESENTATION_CONTEXT(2) 
PARAMETRIC_REPRESENTATION_CONTEXT() REPRESENTATION_CONTEXT('2D SPACE',''
  ) );
#4691 = PCURVE('',#2487,#4692);
#4692 = DEFINITIONAL_REPRESENTATION('',(#4693),#4701);
#4693 = ( BOUNDED_CURVE() B_SPLINE_CURVE(2,(#4694,#4695,#4696,#4697,
#4698,#4699,#4700),.UNSPECIFIED.,.T.,.F.) B_SPLINE_CURVE_WITH_KNOTS((1,2
    ,2,2,2,1),(-2.094395102393,0.,2.094395102393,4.188790204786,
6.28318530718,8.377580409573),.UNSPECIFIED.) CURVE() 
GEOMETRIC_REPRESENTATION_ITEM() RATIONAL_B_SPLINE_CURVE((1.,0.5,1.,0.5,
1.,0.5,1.)) REPRESENTATION_ITEM('') );
#4694 = CARTESIAN_POINT('',(-3.,3.));
#4695 = CARTESIAN_POINT('',(-3.,8.196152422707));
#4696 = CARTESIAN_POINT('',(1.5,5.598076211353));
#4697 = CARTESIAN_POINT('',(6.,3.));
#4698 = CARTESIAN_POINT('',(1.5,0.401923788647));
#4699 = CARTESIAN_POINT('',(-3.,-2.196152422707));
#4700 = CARTESIAN_POINT('',(-3.,3.));
#4701 = ( GEOMETRIC_REPRESENTATION_CONTEXT(2) 
PARAMETRIC_REPRESENTATION_CONTEXT() REPRESENTATION_CONTEXT('2D SPACE',''
  ) );
#4702 = ORIENTED_EDGE('',*,*,#4703,.T.);
#4703 = EDGE_CURVE('',#4676,#4624,#4704,.T.);
#4704 = SURFACE_CURVE('',#4705,(#4712,#4722),.PCURVE_S1.);
#4705 = B_SPLINE_CURVE_WITH_KNOTS('',5,(#4706,#4707,#4708,#4709,#4710,
    #4711),.UNSPECIFIED.,.F.,.F.,(6,6),(0.,1.),
  .PIECEWISE_BEZIER_KNOTS.);
#4706 = CARTESIAN_POINT('',(23.,-29.40192378864,37.5));
#4707 = CARTESIAN_POINT('',(23.006437429937,-29.40564044055,
    37.800634000564));
#4708 = CARTESIAN_POINT('',(23.005018751758,-29.40484823039,
    38.101077389129));
#4709 = CARTESIAN_POINT('',(22.996297670635,-29.39973524263,
    38.401172392109));
#4710 = CARTESIAN_POINT('',(22.980890614487,-29.39086866531,
    38.700825256462));
#4711 = CARTESIAN_POINT('',(22.959430209685,-29.37891940927,39.0000006)
  );
#4712 = PCURVE('',#2513,#4713);
#4713 = DEFINITIONAL_REPRESENTATION('',(#4714),#4721);
#4714 = B_SPLINE_CURVE_WITH_KNOTS('',5,(#4715,#4716,#4717,#4718,#4719,
    #4720),.UNSPECIFIED.,.F.,.F.,(6,6),(0.,1.),
  .PIECEWISE_BEZIER_KNOTS.);
#4715 = CARTESIAN_POINT('',(2.617993877991,4.));
#4716 = CARTESIAN_POINT('',(2.615516110053,4.300634000564));
#4717 = CARTESIAN_POINT('',(2.616057626046,4.601077389129));
#4718 = CARTESIAN_POINT('',(2.619427591356,4.901172392109));
#4719 = CARTESIAN_POINT('',(2.625352439797,5.200825256462));
#4720 = CARTESIAN_POINT('',(2.633540057101,5.5000006));
#4721 = ( GEOMETRIC_REPRESENTATION_CONTEXT(2) 
PARAMETRIC_REPRESENTATION_CONTEXT() REPRESENTATION_CONTEXT('2D SPACE',''
  ) );
#4722 = PCURVE('',#2453,#4723);
#4723 = DEFINITIONAL_REPRESENTATION('',(#4724),#4731);
#4724 = B_SPLINE_CURVE_WITH_KNOTS('',5,(#4725,#4726,#4727,#4728,#4729,
    #4730),.UNSPECIFIED.,.F.,.F.,(6,6),(0.,1.),
  .PIECEWISE_BEZIER_KNOTS.);
#4725 = CARTESIAN_POINT('',(13.104747824095,-0.401923788647));
#4726 = CARTESIAN_POINT('',(12.806290974398,-0.405640440554));
#4727 = CARTESIAN_POINT('',(12.507139029422,-0.404848230394));
#4728 = CARTESIAN_POINT('',(12.207511579387,-0.399735242632));
#4729 = CARTESIAN_POINT('',(11.907571572607,-0.390868665318));
#4730 = CARTESIAN_POINT('',(11.607425692228,-0.378919409278));
#4731 = ( GEOMETRIC_REPRESENTATION_CONTEXT(2) 
PARAMETRIC_REPRESENTATION_CONTEXT() REPRESENTATION_CONTEXT('2D SPACE',''
  ) );
#4732 = ADVANCED_FACE('',(#4733),#2487,.T.);
#4733 = FACE_BOUND('',#4734,.T.);
#4734 = EDGE_LOOP('',(#4735,#4736,#4757));
#4735 = ORIENTED_EDGE('',*,*,#2471,.F.);
#4736 = ORIENTED_EDGE('',*,*,#4737,.T.);
#4737 = EDGE_CURVE('',#2430,#4676,#4738,.T.);
#4738 = SURFACE_CURVE('',#4739,(#4743,#4750),.PCURVE_S1.);
#4739 = LINE('',#4740,#4741);
#4740 = CARTESIAN_POINT('',(23.,-29.,37.5));
#4741 = VECTOR('',#4742,1.);
#4742 = DIRECTION('',(-2.22044604925E-16,-1.,0.));
#4743 = PCURVE('',#2487,#4744);
#4744 = DEFINITIONAL_REPRESENTATION('',(#4745),#4749);
#4745 = LINE('',#4746,#4747);
#4746 = CARTESIAN_POINT('',(3.,4.5));
#4747 = VECTOR('',#4748,1.);
#4748 = DIRECTION('',(-1.,0.));
#4749 = ( GEOMETRIC_REPRESENTATION_CONTEXT(2) 
PARAMETRIC_REPRESENTATION_CONTEXT() REPRESENTATION_CONTEXT('2D SPACE',''
  ) );
#4750 = PCURVE('',#2453,#4751);
#4751 = DEFINITIONAL_REPRESENTATION('',(#4752),#4756);
#4752 = LINE('',#4753,#4754);
#4753 = CARTESIAN_POINT('',(13.104747824095,0.));
#4754 = VECTOR('',#4755,1.);
#4755 = DIRECTION('',(0.,-1.));
#4756 = ( GEOMETRIC_REPRESENTATION_CONTEXT(2) 
PARAMETRIC_REPRESENTATION_CONTEXT() REPRESENTATION_CONTEXT('2D SPACE',''
  ) );
#4757 = ORIENTED_EDGE('',*,*,#4675,.T.);
#4758 = ADVANCED_FACE('',(#4759),#2453,.T.);
#4759 = FACE_BOUND('',#4760,.T.);
#4760 = EDGE_LOOP('',(#4761,#4762,#4791,#5021,#5051,#5052));
#4761 = ORIENTED_EDGE('',*,*,#2429,.F.);
#4762 = ORIENTED_EDGE('',*,*,#4763,.F.);
#4763 = EDGE_CURVE('',#4764,#2397,#4766,.T.);
#4764 = VERTEX_POINT('',#4765);
#4765 = CARTESIAN_POINT('',(22.779484565574,-33.,40.620668103393));
#4766 = SURFACE_CURVE('',#4767,(#4773,#4782),.PCURVE_S1.);
#4767 = B_SPLINE_CURVE_WITH_KNOTS('',4,(#4768,#4769,#4770,#4771,#4772),
  .UNSPECIFIED.,.F.,.F.,(5,5),(0.,1.),.PIECEWISE_BEZIER_KNOTS.);
#4768 = CARTESIAN_POINT('',(22.779484589876,-33.0000018,40.620668107007)
  );
#4769 = CARTESIAN_POINT('',(22.779484589876,-32.0000012,40.620668107007)
  );
#4770 = CARTESIAN_POINT('',(22.779484589876,-31.0000006,40.620668107007)
  );
#4771 = CARTESIAN_POINT('',(22.779484589876,-30.,40.620668107007));
#4772 = CARTESIAN_POINT('',(22.779484589876,-28.9999994,40.620668107007)
  );
#4773 = PCURVE('',#2453,#4774);
#4774 = DEFINITIONAL_REPRESENTATION('',(#4775),#4781);
#4775 = B_SPLINE_CURVE_WITH_KNOTS('',4,(#4776,#4777,#4778,#4779,#4780),
  .UNSPECIFIED.,.F.,.F.,(5,5),(0.,1.),.PIECEWISE_BEZIER_KNOTS.);
#4776 = CARTESIAN_POINT('',(9.974337801982,-4.0000018));
#4777 = CARTESIAN_POINT('',(9.974337801982,-3.0000012));
#4778 = CARTESIAN_POINT('',(9.974337801982,-2.0000006));
#4779 = CARTESIAN_POINT('',(9.974337801982,-1.));
#4780 = CARTESIAN_POINT('',(9.974337801982,6.000000034589E-07));
#4781 = ( GEOMETRIC_REPRESENTATION_CONTEXT(2) 
PARAMETRIC_REPRESENTATION_CONTEXT() REPRESENTATION_CONTEXT('2D SPACE',''
  ) );
#4782 = PCURVE('',#2417,#4783);
#4783 = DEFINITIONAL_REPRESENTATION('',(#4784),#4790);
#4784 = B_SPLINE_CURVE_WITH_KNOTS('',4,(#4785,#4786,#4787,#4788,#4789),
  .UNSPECIFIED.,.F.,.F.,(5,5),(0.,1.),.PIECEWISE_BEZIER_KNOTS.);
#4785 = CARTESIAN_POINT('',(3.289225509701,5.1000018));
#4786 = CARTESIAN_POINT('',(3.289225509701,4.1000012));
#4787 = CARTESIAN_POINT('',(3.289225509701,3.1000006));
#4788 = CARTESIAN_POINT('',(3.289225509701,2.1));
#4789 = CARTESIAN_POINT('',(3.289225509701,1.0999994));
#4790 = ( GEOMETRIC_REPRESENTATION_CONTEXT(2) 
PARAMETRIC_REPRESENTATION_CONTEXT() REPRESENTATION_CONTEXT('2D SPACE',''
  ) );
#4791 = ORIENTED_EDGE('',*,*,#4792,.F.);
#4792 = EDGE_CURVE('',#4793,#4764,#4795,.T.);
#4793 = VERTEX_POINT('',#4794);
#4794 = CARTESIAN_POINT('',(22.959430252724,-33.,39.));
#4795 = SURFACE_CURVE('',#4796,(#4869,#4945),.PCURVE_S1.);
#4796 = B_SPLINE_CURVE_WITH_KNOTS('',8,(#4797,#4798,#4799,#4800,#4801,
    #4802,#4803,#4804,#4805,#4806,#4807,#4808,#4809,#4810,#4811,#4812,
    #4813,#4814,#4815,#4816,#4817,#4818,#4819,#4820,#4821,#4822,#4823,
    #4824,#4825,#4826,#4827,#4828,#4829,#4830,#4831,#4832,#4833,#4834,
    #4835,#4836,#4837,#4838,#4839,#4840,#4841,#4842,#4843,#4844,#4845,
    #4846,#4847,#4848,#4849,#4850,#4851,#4852,#4853,#4854,#4855,#4856,
    #4857,#4858,#4859,#4860,#4861,#4862,#4863,#4864,#4865,#4866,#4867,
    #4868),.UNSPECIFIED.,.F.,.F.,(9,7,7,7,7,7,7,7,7,7,9),(0.,
    3.786276450233E-02,0.17350253502,0.310163992607,0.402375377704,
    0.471811259977,0.566107444907,0.697645753674,0.763902393317,
    0.830147215482,1.),.UNSPECIFIED.);
#4797 = CARTESIAN_POINT('',(23.002999156002,-33.,37.917424305044));
#4798 = CARTESIAN_POINT('',(23.002626545778,-33.,37.97252107716));
#4799 = CARTESIAN_POINT('',(23.002026878204,-33.,38.027604468107));
#4800 = CARTESIAN_POINT('',(23.001202854397,-33.,38.082673656432));
#4801 = CARTESIAN_POINT('',(23.000157194,-33.,38.137728491252));
#4802 = CARTESIAN_POINT('',(22.998892636465,-33.,38.19276882293));
#4803 = CARTESIAN_POINT('',(22.997411940617,-33.,38.247794244718));
#4804 = CARTESIAN_POINT('',(22.995717882507,-33.,38.302804245347));
#4805 = CARTESIAN_POINT('',(22.9869900914,-33.,38.554811461783));
#4806 = CARTESIAN_POINT('',(22.977464508679,-33.,38.751624455685));
#4807 = CARTESIAN_POINT('',(22.965364873471,-33.,38.948225895457));
#4808 = CARTESIAN_POINT('',(22.950821916379,-33.,39.144607409481));
#4809 = CARTESIAN_POINT('',(22.933968139868,-33.,39.340764058319));
#4810 = CARTESIAN_POINT('',(22.91493722959,-33.,39.536694279671));
#4811 = CARTESIAN_POINT('',(22.893863465731,-33.,39.732399833337));
#4812 = CARTESIAN_POINT('',(22.84772569184,-33.,40.124844128541));
#4813 = CARTESIAN_POINT('',(22.822634993071,-33.,40.321578639582));
#4814 = CARTESIAN_POINT('',(22.795723608128,-33.,40.518092249803));
#4815 = CARTESIAN_POINT('',(22.767218862084,-33.,40.714403136362));
#4816 = CARTESIAN_POINT('',(22.737223503434,-33.,40.910517820451));
#4817 = CARTESIAN_POINT('',(22.705942574467,-33.,41.106456892887));
#4818 = CARTESIAN_POINT('',(22.673518832033,-33.,41.302236623289));
#4819 = CARTESIAN_POINT('',(22.617584151651,-33.,41.629886373957));
#4820 = CARTESIAN_POINT('',(22.594604137784,-33.,41.761831188643));
#4821 = CARTESIAN_POINT('',(22.571229564702,-33.,41.8937191327));
#4822 = CARTESIAN_POINT('',(22.547510080126,-33.,42.025556706101));
#4823 = CARTESIAN_POINT('',(22.523495245087,-33.,42.157350632914));
#4824 = CARTESIAN_POINT('',(22.499234533924,-33.,42.2891078613));
#4825 = CARTESIAN_POINT('',(22.474777334287,-33.,42.420835563512));
#4826 = CARTESIAN_POINT('',(22.431645654348,-33.,42.651716444993));
#4827 = CARTESIAN_POINT('',(22.41303492281,-33.,42.750879137648));
#4828 = CARTESIAN_POINT('',(22.394361806832,-33.,42.850032347583));
#4829 = CARTESIAN_POINT('',(22.375647356866,-33.,42.949179217364));
#4830 = CARTESIAN_POINT('',(22.356912619502,-33.,43.048322898402));
#4831 = CARTESIAN_POINT('',(22.33817863747,-33.,43.147466550953));
#4832 = CARTESIAN_POINT('',(22.319466449638,-33.,43.246613344118));
#4833 = CARTESIAN_POINT('',(22.275443495212,-33.,43.480419604241));
#4834 = CARTESIAN_POINT('',(22.250169527588,-33.,43.615084433807));
#4835 = CARTESIAN_POINT('',(22.225001244122,-33.,43.749764945425));
#4836 = CARTESIAN_POINT('',(22.1999647245,-33.,43.884465077535));
#4837 = CARTESIAN_POINT('',(22.175086072117,-33.,44.019188706129));
#4838 = CARTESIAN_POINT('',(22.150391414077,-33.,44.153939644751));
#4839 = CARTESIAN_POINT('',(22.125906901193,-33.,44.288721644503));
#4840 = CARTESIAN_POINT('',(22.067833730576,-33.,44.611600798047));
#4841 = CARTESIAN_POINT('',(22.034468631127,-33.,44.799730651144));
#4842 = CARTESIAN_POINT('',(22.001634481065,-33.,44.987938065476));
#4843 = CARTESIAN_POINT('',(21.969402501666,-33.,45.176232630999));
#4844 = CARTESIAN_POINT('',(21.937844064056,-33.,45.36462341548));
#4845 = CARTESIAN_POINT('',(21.907030689207,-33.,45.553118964495));
#4846 = CARTESIAN_POINT('',(21.877034047945,-33.,45.741727301428));
#4847 = CARTESIAN_POINT('',(21.833264041919,-33.,46.025519674932));
#4848 = CARTESIAN_POINT('',(21.818827741727,-33.,46.120613916527));
#4849 = CARTESIAN_POINT('',(21.804625558835,-33.,46.215739523197));
#4850 = CARTESIAN_POINT('',(21.790667464512,-33.,46.310897477488));
#4851 = CARTESIAN_POINT('',(21.776962848037,-33.,46.406088640222));
#4852 = CARTESIAN_POINT('',(21.763520101315,-33.,46.501313704827));
#4853 = CARTESIAN_POINT('',(21.75034784287,-33.,46.596573339309));
#4854 = CARTESIAN_POINT('',(21.724570018651,-33.,46.787146695704));
#4855 = CARTESIAN_POINT('',(21.711964565099,-33.,46.882460429998));
#4856 = CARTESIAN_POINT('',(21.699653116605,-33.,46.977810702308));
#4857 = CARTESIAN_POINT('',(21.687647369722,-33.,47.073198414071));
#4858 = CARTESIAN_POINT('',(21.675959021526,-33.,47.168624384617));
#4859 = CARTESIAN_POINT('',(21.664599769612,-33.,47.264089351177));
#4860 = CARTESIAN_POINT('',(21.653581312101,-33.,47.359593968876));
#4861 = CARTESIAN_POINT('',(21.615567643995,-33.,47.700117314817));
#4862 = CARTESIAN_POINT('',(21.590537379648,-33.,47.945359638124));
#4863 = CARTESIAN_POINT('',(21.568021373819,-33.,48.190876136206));
#4864 = CARTESIAN_POINT('',(21.5482165328,-33.,48.436672350444));
#4865 = CARTESIAN_POINT('',(21.531318956964,-33.,48.682748926067));
#4866 = CARTESIAN_POINT('',(21.517523047784,-33.,48.929101530151));
#4867 = CARTESIAN_POINT('',(21.507020614854,-33.,49.175720769623));
#4868 = CARTESIAN_POINT('',(21.499999982901,-33.,49.422592109268));
#4869 = PCURVE('',#2453,#4870);
#4870 = DEFINITIONAL_REPRESENTATION('',(#4871),#4944);
#4871 = B_SPLINE_CURVE_WITH_KNOTS('',8,(#4872,#4873,#4874,#4875,#4876,
    #4877,#4878,#4879,#4880,#4881,#4882,#4883,#4884,#4885,#4886,#4887,
    #4888,#4889,#4890,#4891,#4892,#4893,#4894,#4895,#4896,#4897,#4898,
    #4899,#4900,#4901,#4902,#4903,#4904,#4905,#4906,#4907,#4908,#4909,
    #4910,#4911,#4912,#4913,#4914,#4915,#4916,#4917,#4918,#4919,#4920,
    #4921,#4922,#4923,#4924,#4925,#4926,#4927,#4928,#4929,#4930,#4931,
    #4932,#4933,#4934,#4935,#4936,#4937,#4938,#4939,#4940,#4941,#4942,
    #4943),.UNSPECIFIED.,.F.,.F.,(9,7,7,7,7,7,7,7,7,7,9),(0.,
    3.786276450233E-02,0.17350253502,0.310163992607,0.402375377704,
    0.471811259977,0.566107444907,0.697645753674,0.763902393317,
    0.830147215482,1.),.UNSPECIFIED.);
#4872 = CARTESIAN_POINT('',(12.689677478066,-4.));
#4873 = CARTESIAN_POINT('',(12.634804891646,-4.));
#4874 = CARTESIAN_POINT('',(12.579920413124,-4.));
#4875 = CARTESIAN_POINT('',(12.52502429917,-4.));
#4876 = CARTESIAN_POINT('',(12.470117436708,-4.));
#4877 = CARTESIAN_POINT('',(12.415200667181,-4.));
#4878 = CARTESIAN_POINT('',(12.360274525839,-4.));
#4879 = CARTESIAN_POINT('',(12.305339396047,-4.));
#4880 = CARTESIAN_POINT('',(12.053566843715,-4.));
#4881 = CARTESIAN_POINT('',(11.856632130867,-4.));
#4882 = CARTESIAN_POINT('',(11.659618245195,-4.));
#4883 = CARTESIAN_POINT('',(11.46254828735,-4.));
#4884 = CARTESIAN_POINT('',(11.265442141934,-4.));
#4885 = CARTESIAN_POINT('',(11.068316465932,-4.));
#4886 = CARTESIAN_POINT('',(10.871184677137,-4.));
#4887 = CARTESIAN_POINT('',(10.475444371712,-4.));
#4888 = CARTESIAN_POINT('',(10.276837052164,-4.));
#4889 = CARTESIAN_POINT('',(10.078245132505,-4.));
#4890 = CARTESIAN_POINT('',(9.879675565861,-4.));
#4891 = CARTESIAN_POINT('',(9.681133716197,-4.));
#4892 = CARTESIAN_POINT('',(9.482621772108,-4.));
#4893 = CARTESIAN_POINT('',(9.28413962462,-4.));
#4894 = CARTESIAN_POINT('',(8.951778567243,-4.));
#4895 = CARTESIAN_POINT('',(8.817885149653,-4.));
#4896 = CARTESIAN_POINT('',(8.684003746687,-4.));
#4897 = CARTESIAN_POINT('',(8.550133441662,-4.));
#4898 = CARTESIAN_POINT('',(8.416273085137,-4.));
#4899 = CARTESIAN_POINT('',(8.282421294908,-4.));
#4900 = CARTESIAN_POINT('',(8.148576456014,-4.));
#4901 = CARTESIAN_POINT('',(7.913954370563,-4.));
#4902 = CARTESIAN_POINT('',(7.813174984487,-4.));
#4903 = CARTESIAN_POINT('',(7.712397798242,-4.));
#4904 = CARTESIAN_POINT('',(7.611622038317,-4.));
#4905 = CARTESIAN_POINT('',(7.510846921954,-4.));
#4906 = CARTESIAN_POINT('',(7.410071657149,-4.));
#4907 = CARTESIAN_POINT('',(7.309295442649,-4.));
#4908 = CARTESIAN_POINT('',(7.071657702838,-4.));
#4909 = CARTESIAN_POINT('',(6.934794731385,-4.));
#4910 = CARTESIAN_POINT('',(6.797927645525,-4.));
#4911 = CARTESIAN_POINT('',(6.661055602067,-4.));
#4912 = CARTESIAN_POINT('',(6.52417782269,-4.));
#4913 = CARTESIAN_POINT('',(6.387293593948,-4.));
#4914 = CARTESIAN_POINT('',(6.25040226727,-4.));
#4915 = CARTESIAN_POINT('',(5.922536211472,-4.));
#4916 = CARTESIAN_POINT('',(5.73155438861,-4.));
#4917 = CARTESIAN_POINT('',(5.540556109442,-4.));
#4918 = CARTESIAN_POINT('',(5.349540229882,-4.));
#4919 = CARTESIAN_POINT('',(5.158506142692,-4.));
#4920 = CARTESIAN_POINT('',(4.967453777478,-4.));
#4921 = CARTESIAN_POINT('',(4.776383600692,-4.));
#4922 = CARTESIAN_POINT('',(4.489044948506,-4.));
#4923 = CARTESIAN_POINT('',(4.392789060794,-4.));
#4924 = CARTESIAN_POINT('',(4.296529095961,-4.));
#4925 = CARTESIAN_POINT('',(4.200265242395,-4.));
#4926 = CARTESIAN_POINT('',(4.103997748071,-4.));
#4927 = CARTESIAN_POINT('',(4.007726922015,-4.));
#4928 = CARTESIAN_POINT('',(3.911453122555,-4.));
#4929 = CARTESIAN_POINT('',(3.718917513981,-4.));
#4930 = CARTESIAN_POINT('',(3.622655703352,-4.));
#4931 = CARTESIAN_POINT('',(3.526391670599,-4.));
#4932 = CARTESIAN_POINT('',(3.430125867551,-4.));
#4933 = CARTESIAN_POINT('',(3.333858827754,-4.));
#4934 = CARTESIAN_POINT('',(3.237591166473,-4.));
#4935 = CARTESIAN_POINT('',(3.141323580697,-4.));
#4936 = CARTESIAN_POINT('',(2.798227408293,-4.));
#4937 = CARTESIAN_POINT('',(2.551404211509,-4.));
#4938 = CARTESIAN_POINT('',(2.304599648613,-4.));
#4939 = CARTESIAN_POINT('',(2.05783090763,-4.));
#4940 = CARTESIAN_POINT('',(1.81111995314,-4.));
#4941 = CARTESIAN_POINT('',(1.564493504636,-4.));
#4942 = CARTESIAN_POINT('',(1.317983014887,-4.));
#4943 = CARTESIAN_POINT('',(1.071624648298,-4.));
#4944 = ( GEOMETRIC_REPRESENTATION_CONTEXT(2) 
PARAMETRIC_REPRESENTATION_CONTEXT() REPRESENTATION_CONTEXT('2D SPACE',''
  ) );
#4945 = PCURVE('',#2547,#4946);
#4946 = DEFINITIONAL_REPRESENTATION('',(#4947),#5020);
#4947 = B_SPLINE_CURVE_WITH_KNOTS('',8,(#4948,#4949,#4950,#4951,#4952,
    #4953,#4954,#4955,#4956,#4957,#4958,#4959,#4960,#4961,#4962,#4963,
    #4964,#4965,#4966,#4967,#4968,#4969,#4970,#4971,#4972,#4973,#4974,
    #4975,#4976,#4977,#4978,#4979,#4980,#4981,#4982,#4983,#4984,#4985,
    #4986,#4987,#4988,#4989,#4990,#4991,#4992,#4993,#4994,#4995,#4996,
    #4997,#4998,#4999,#5000,#5001,#5002,#5003,#5004,#5005,#5006,#5007,
    #5008,#5009,#5010,#5011,#5012,#5013,#5014,#5015,#5016,#5017,#5018,
    #5019),.UNSPECIFIED.,.F.,.F.,(9,7,7,7,7,7,7,7,7,7,9),(0.,
    3.786276450233E-02,0.17350253502,0.310163992607,0.402375377704,
    0.471811259977,0.566107444907,0.697645753674,0.763902393317,
    0.830147215482,1.),.UNSPECIFIED.);
#4948 = CARTESIAN_POINT('',(12.582575694956,-16.252999156));
#4949 = CARTESIAN_POINT('',(12.52747892284,-16.25262654577));
#4950 = CARTESIAN_POINT('',(12.472395531893,-16.2520268782));
#4951 = CARTESIAN_POINT('',(12.417326343568,-16.25120285439));
#4952 = CARTESIAN_POINT('',(12.362271508748,-16.250157194));
#4953 = CARTESIAN_POINT('',(12.30723117707,-16.24889263646));
#4954 = CARTESIAN_POINT('',(12.252205755282,-16.24741194061));
#4955 = CARTESIAN_POINT('',(12.197195754653,-16.2457178825));
#4956 = CARTESIAN_POINT('',(11.945188538217,-16.2369900914));
#4957 = CARTESIAN_POINT('',(11.748375544315,-16.22746450867));
#4958 = CARTESIAN_POINT('',(11.551774104543,-16.21536487347));
#4959 = CARTESIAN_POINT('',(11.355392590519,-16.20082191637));
#4960 = CARTESIAN_POINT('',(11.159235941681,-16.18396813986));
#4961 = CARTESIAN_POINT('',(10.963305720329,-16.16493722959));
#4962 = CARTESIAN_POINT('',(10.767600166663,-16.14386346573));
#4963 = CARTESIAN_POINT('',(10.375155871459,-16.09772569184));
#4964 = CARTESIAN_POINT('',(10.178421360418,-16.07263499307));
#4965 = CARTESIAN_POINT('',(9.981907750197,-16.04572360812));
#4966 = CARTESIAN_POINT('',(9.785596863638,-16.01721886208));
#4967 = CARTESIAN_POINT('',(9.589482179549,-15.98722350343));
#4968 = CARTESIAN_POINT('',(9.393543107113,-15.95594257446));
#4969 = CARTESIAN_POINT('',(9.197763376711,-15.92351883203));
#4970 = CARTESIAN_POINT('',(8.870113626043,-15.86758415165));
#4971 = CARTESIAN_POINT('',(8.738168811357,-15.84460413778));
#4972 = CARTESIAN_POINT('',(8.6062808673,-15.8212295647));
#4973 = CARTESIAN_POINT('',(8.474443293899,-15.79751008012));
#4974 = CARTESIAN_POINT('',(8.342649367086,-15.77349524508));
#4975 = CARTESIAN_POINT('',(8.2108921387,-15.74923453392));
#4976 = CARTESIAN_POINT('',(8.079164436488,-15.72477733428));
#4977 = CARTESIAN_POINT('',(7.848283555007,-15.68164565434));
#4978 = CARTESIAN_POINT('',(7.749120862352,-15.66303492281));
#4979 = CARTESIAN_POINT('',(7.649967652417,-15.64436180683));
#4980 = CARTESIAN_POINT('',(7.550820782636,-15.62564735686));
#4981 = CARTESIAN_POINT('',(7.451677101598,-15.6069126195));
#4982 = CARTESIAN_POINT('',(7.352533449047,-15.58817863747));
#4983 = CARTESIAN_POINT('',(7.253386655882,-15.56946644963));
#4984 = CARTESIAN_POINT('',(7.019580395759,-15.52544349521));
#4985 = CARTESIAN_POINT('',(6.884915566193,-15.50016952758));
#4986 = CARTESIAN_POINT('',(6.750235054575,-15.47500124412));
#4987 = CARTESIAN_POINT('',(6.615534922465,-15.4499647245));
#4988 = CARTESIAN_POINT('',(6.480811293871,-15.42508607211));
#4989 = CARTESIAN_POINT('',(6.346060355249,-15.40039141407));
#4990 = CARTESIAN_POINT('',(6.211278355497,-15.37590690119));
#4991 = CARTESIAN_POINT('',(5.888399201953,-15.31783373057));
#4992 = CARTESIAN_POINT('',(5.700269348856,-15.28446863112));
#4993 = CARTESIAN_POINT('',(5.512061934524,-15.25163448106));
#4994 = CARTESIAN_POINT('',(5.323767369001,-15.21940250166));
#4995 = CARTESIAN_POINT('',(5.13537658452,-15.18784406405));
#4996 = CARTESIAN_POINT('',(4.946881035505,-15.1570306892));
#4997 = CARTESIAN_POINT('',(4.758272698572,-15.12703404794));
#4998 = CARTESIAN_POINT('',(4.474480325068,-15.08326404191));
#4999 = CARTESIAN_POINT('',(4.379386083473,-15.06882774172));
#5000 = CARTESIAN_POINT('',(4.284260476803,-15.05462555883));
#5001 = CARTESIAN_POINT('',(4.189102522512,-15.04066746451));
#5002 = CARTESIAN_POINT('',(4.093911359778,-15.02696284803));
#5003 = CARTESIAN_POINT('',(3.998686295173,-15.01352010131));
#5004 = CARTESIAN_POINT('',(3.903426660691,-15.00034784287));
#5005 = CARTESIAN_POINT('',(3.712853304296,-14.97457001865));
#5006 = CARTESIAN_POINT('',(3.617539570002,-14.96196456509));
#5007 = CARTESIAN_POINT('',(3.522189297692,-14.9496531166));
#5008 = CARTESIAN_POINT('',(3.426801585929,-14.93764736972));
#5009 = CARTESIAN_POINT('',(3.331375615383,-14.92595902152));
#5010 = CARTESIAN_POINT('',(3.235910648823,-14.91459976961));
#5011 = CARTESIAN_POINT('',(3.140406031124,-14.9035813121));
#5012 = CARTESIAN_POINT('',(2.799882685183,-14.86556764399));
#5013 = CARTESIAN_POINT('',(2.554640361876,-14.84053737964));
#5014 = CARTESIAN_POINT('',(2.309123863794,-14.81802137381));
#5015 = CARTESIAN_POINT('',(2.063327649556,-14.7982165328));
#5016 = CARTESIAN_POINT('',(1.817251073933,-14.78131895696));
#5017 = CARTESIAN_POINT('',(1.570898469849,-14.76752304778));
#5018 = CARTESIAN_POINT('',(1.324279230377,-14.75702061485));
#5019 = CARTESIAN_POINT('',(1.077407890732,-14.7499999829));
#5020 = ( GEOMETRIC_REPRESENTATION_CONTEXT(2) 
PARAMETRIC_REPRESENTATION_CONTEXT() REPRESENTATION_CONTEXT('2D SPACE',''
  ) );
#5021 = ORIENTED_EDGE('',*,*,#5022,.T.);
#5022 = EDGE_CURVE('',#4793,#4624,#5023,.T.);
#5023 = SURFACE_CURVE('',#5024,(#5031,#5041),.PCURVE_S1.);
#5024 = B_SPLINE_CURVE_WITH_KNOTS('',5,(#5025,#5026,#5027,#5028,#5029,
    #5030),.UNSPECIFIED.,.F.,.F.,(6,6),(0.,1.),
  .PIECEWISE_BEZIER_KNOTS.);
#5025 = CARTESIAN_POINT('',(22.959430252724,-33.,39.));
#5026 = CARTESIAN_POINT('',(22.959430252724,-32.22588184714,39.));
#5027 = CARTESIAN_POINT('',(22.959430252724,-31.40484768334,39.));
#5028 = CARTESIAN_POINT('',(22.959430252724,-30.59480105819,39.));
#5029 = CARTESIAN_POINT('',(22.959430252724,-29.80577032265,39.));
#5030 = CARTESIAN_POINT('',(22.959430252724,-29.,39.));
#5031 = PCURVE('',#2453,#5032);
#5032 = DEFINITIONAL_REPRESENTATION('',(#5033),#5040);
#5033 = B_SPLINE_CURVE_WITH_KNOTS('',5,(#5034,#5035,#5036,#5037,#5038,
    #5039),.UNSPECIFIED.,.F.,.F.,(6,6),(0.,1.),
  .PIECEWISE_BEZIER_KNOTS.);
#5034 = CARTESIAN_POINT('',(11.607426294174,-4.));
#5035 = CARTESIAN_POINT('',(11.607426294174,-3.225881847141));
#5036 = CARTESIAN_POINT('',(11.607426294174,-2.404847684215));
#5037 = CARTESIAN_POINT('',(11.607426294174,-1.594801056664));
#5038 = CARTESIAN_POINT('',(11.607426294174,-0.805770323256));
#5039 = CARTESIAN_POINT('',(11.607426294174,-5.999436503146E-10));
#5040 = ( GEOMETRIC_REPRESENTATION_CONTEXT(2) 
PARAMETRIC_REPRESENTATION_CONTEXT() REPRESENTATION_CONTEXT('2D SPACE',''
  ) );
#5041 = PCURVE('',#4640,#5042);
#5042 = DEFINITIONAL_REPRESENTATION('',(#5043),#5050);
#5043 = B_SPLINE_CURVE_WITH_KNOTS('',5,(#5044,#5045,#5046,#5047,#5048,
    #5049),.UNSPECIFIED.,.F.,.F.,(6,6),(0.,1.),
  .PIECEWISE_BEZIER_KNOTS.);
#5044 = CARTESIAN_POINT('',(-4.167051973961,22.959430252724));
#5045 = CARTESIAN_POINT('',(-4.941170126821,22.959430252724));
#5046 = CARTESIAN_POINT('',(-5.762204290615,22.959430252724));
#5047 = CARTESIAN_POINT('',(-6.57225091577,22.959430252724));
#5048 = CARTESIAN_POINT('',(-7.361281651305,22.959430252724));
#5049 = CARTESIAN_POINT('',(-8.167051973961,22.959430252724));
#5050 = ( GEOMETRIC_REPRESENTATION_CONTEXT(2) 
PARAMETRIC_REPRESENTATION_CONTEXT() REPRESENTATION_CONTEXT('2D SPACE',''
  ) );
#5051 = ORIENTED_EDGE('',*,*,#4703,.F.);
#5052 = ORIENTED_EDGE('',*,*,#4737,.F.);
#5053 = ADVANCED_FACE('',(#5054),#2417,.F.);
#5054 = FACE_BOUND('',#5055,.F.);
#5055 = EDGE_LOOP('',(#5056,#5081,#5108,#5109,#5137,#5164,#5165,#5166));
#5056 = ORIENTED_EDGE('',*,*,#5057,.T.);
#5057 = EDGE_CURVE('',#5058,#5060,#5062,.T.);
#5058 = VERTEX_POINT('',#5059);
#5059 = CARTESIAN_POINT('',(22.5,-33.,44.4));
#5060 = VERTEX_POINT('',#5061);
#5061 = CARTESIAN_POINT('',(22.5,-35.,44.4));
#5062 = SEAM_CURVE('',#5063,(#5067,#5074),.PCURVE_S1.);
#5063 = LINE('',#5064,#5065);
#5064 = CARTESIAN_POINT('',(22.5,-27.9,44.4));
#5065 = VECTOR('',#5066,1.);
#5066 = DIRECTION('',(-2.22044604925E-16,-1.,0.));
#5067 = PCURVE('',#2417,#5068);
#5068 = DEFINITIONAL_REPRESENTATION('',(#5069),#5073);
#5069 = LINE('',#5070,#5071);
#5070 = CARTESIAN_POINT('',(6.28318530718,-0.));
#5071 = VECTOR('',#5072,1.);
#5072 = DIRECTION('',(0.,1.));
#5073 = ( GEOMETRIC_REPRESENTATION_CONTEXT(2) 
PARAMETRIC_REPRESENTATION_CONTEXT() REPRESENTATION_CONTEXT('2D SPACE',''
  ) );
#5074 = PCURVE('',#2417,#5075);
#5075 = DEFINITIONAL_REPRESENTATION('',(#5076),#5080);
#5076 = LINE('',#5077,#5078);
#5077 = CARTESIAN_POINT('',(0.,-0.));
#5078 = VECTOR('',#5079,1.);
#5079 = DIRECTION('',(0.,1.));
#5080 = ( GEOMETRIC_REPRESENTATION_CONTEXT(2) 
PARAMETRIC_REPRESENTATION_CONTEXT() REPRESENTATION_CONTEXT('2D SPACE',''
  ) );
#5081 = ORIENTED_EDGE('',*,*,#5082,.F.);
#5082 = EDGE_CURVE('',#5060,#5060,#5083,.T.);
#5083 = SURFACE_CURVE('',#5084,(#5089,#5096),.PCURVE_S1.);
#5084 = CIRCLE('',#5085,1.9);
#5085 = AXIS2_PLACEMENT_3D('',#5086,#5087,#5088);
#5086 = CARTESIAN_POINT('',(22.5,-35.,42.5));
#5087 = DIRECTION('',(-2.22044604925E-16,-1.,0.));
#5088 = DIRECTION('',(0.,0.,1.));
#5089 = PCURVE('',#2417,#5090);
#5090 = DEFINITIONAL_REPRESENTATION('',(#5091),#5095);
#5091 = LINE('',#5092,#5093);
#5092 = CARTESIAN_POINT('',(0.,7.1));
#5093 = VECTOR('',#5094,1.);
#5094 = DIRECTION('',(1.,0.));
#5095 = ( GEOMETRIC_REPRESENTATION_CONTEXT(2) 
PARAMETRIC_REPRESENTATION_CONTEXT() REPRESENTATION_CONTEXT('2D SPACE',''
  ) );
#5096 = PCURVE('',#5097,#5102);
#5097 = PLANE('',#5098);
#5098 = AXIS2_PLACEMENT_3D('',#5099,#5100,#5101);
#5099 = CARTESIAN_POINT('',(22.5,-35.,42.5));
#5100 = DIRECTION('',(-2.22044604925E-16,-1.,0.));
#5101 = DIRECTION('',(0.,0.,1.));
#5102 = DEFINITIONAL_REPRESENTATION('',(#5103),#5107);
#5103 = CIRCLE('',#5104,1.9);
#5104 = AXIS2_PLACEMENT_2D('',#5105,#5106);
#5105 = CARTESIAN_POINT('',(0.,0.));
#5106 = DIRECTION('',(1.,0.));
#5107 = ( GEOMETRIC_REPRESENTATION_CONTEXT(2) 
PARAMETRIC_REPRESENTATION_CONTEXT() REPRESENTATION_CONTEXT('2D SPACE',''
  ) );
#5108 = ORIENTED_EDGE('',*,*,#5057,.F.);
#5109 = ORIENTED_EDGE('',*,*,#5110,.T.);
#5110 = EDGE_CURVE('',#5058,#5111,#5113,.T.);
#5111 = VERTEX_POINT('',#5112);
#5112 = CARTESIAN_POINT('',(22.113076510997,-33.,44.360185532053));
#5113 = SURFACE_CURVE('',#5114,(#5119,#5126),.PCURVE_S1.);
#5114 = CIRCLE('',#5115,1.9);
#5115 = AXIS2_PLACEMENT_3D('',#5116,#5117,#5118);
#5116 = CARTESIAN_POINT('',(22.5,-33.,42.5));
#5117 = DIRECTION('',(-2.22044604925E-16,-1.,0.));
#5118 = DIRECTION('',(0.,0.,1.));
#5119 = PCURVE('',#2417,#5120);
#5120 = DEFINITIONAL_REPRESENTATION('',(#5121),#5125);
#5121 = LINE('',#5122,#5123);
#5122 = CARTESIAN_POINT('',(0.,5.1));
#5123 = VECTOR('',#5124,1.);
#5124 = DIRECTION('',(1.,0.));
#5125 = ( GEOMETRIC_REPRESENTATION_CONTEXT(2) 
PARAMETRIC_REPRESENTATION_CONTEXT() REPRESENTATION_CONTEXT('2D SPACE',''
  ) );
#5126 = PCURVE('',#2547,#5127);
#5127 = DEFINITIONAL_REPRESENTATION('',(#5128),#5136);
#5128 = ( BOUNDED_CURVE() B_SPLINE_CURVE(2,(#5129,#5130,#5131,#5132,
#5133,#5134,#5135),.UNSPECIFIED.,.T.,.F.) B_SPLINE_CURVE_WITH_KNOTS((1,2
    ,2,2,2,1),(-2.094395102393,0.,2.094395102393,4.188790204786,
6.28318530718,8.377580409573),.UNSPECIFIED.) CURVE() 
GEOMETRIC_REPRESENTATION_ITEM() RATIONAL_B_SPLINE_CURVE((1.,0.5,1.,0.5,
1.,0.5,1.)) REPRESENTATION_ITEM('') );
#5129 = CARTESIAN_POINT('',(6.1,-15.75));
#5130 = CARTESIAN_POINT('',(6.1,-12.45910346561));
#5131 = CARTESIAN_POINT('',(8.95,-14.10455173281));
#5132 = CARTESIAN_POINT('',(11.8,-15.75));
#5133 = CARTESIAN_POINT('',(8.95,-17.39544826719));
#5134 = CARTESIAN_POINT('',(6.1,-19.04089653438));
#5135 = CARTESIAN_POINT('',(6.1,-15.75));
#5136 = ( GEOMETRIC_REPRESENTATION_CONTEXT(2) 
PARAMETRIC_REPRESENTATION_CONTEXT() REPRESENTATION_CONTEXT('2D SPACE',''
  ) );
#5137 = ORIENTED_EDGE('',*,*,#5138,.T.);
#5138 = EDGE_CURVE('',#5111,#2355,#5139,.T.);
#5139 = SURFACE_CURVE('',#5140,(#5146,#5155),.PCURVE_S1.);
#5140 = B_SPLINE_CURVE_WITH_KNOTS('',4,(#5141,#5142,#5143,#5144,#5145),
  .UNSPECIFIED.,.F.,.F.,(5,5),(0.,1.),.PIECEWISE_BEZIER_KNOTS.);
#5141 = CARTESIAN_POINT('',(22.113076511356,-33.0000018,44.360185532127)
  );
#5142 = CARTESIAN_POINT('',(22.113076511356,-32.0000012,44.360185532127)
  );
#5143 = CARTESIAN_POINT('',(22.113076511356,-31.0000006,44.360185532127)
  );
#5144 = CARTESIAN_POINT('',(22.113076511356,-30.,44.360185532127));
#5145 = CARTESIAN_POINT('',(22.113076511356,-28.9999994,44.360185532127)
  );
#5146 = PCURVE('',#2417,#5147);
#5147 = DEFINITIONAL_REPRESENTATION('',(#5148),#5154);
#5148 = B_SPLINE_CURVE_WITH_KNOTS('',4,(#5149,#5150,#5151,#5152,#5153),
  .UNSPECIFIED.,.F.,.F.,(5,5),(0.,1.),.PIECEWISE_BEZIER_KNOTS.);
#5149 = CARTESIAN_POINT('',(0.205078424239,5.1000018));
#5150 = CARTESIAN_POINT('',(0.205078424239,4.1000012));
#5151 = CARTESIAN_POINT('',(0.205078424239,3.1000006));
#5152 = CARTESIAN_POINT('',(0.205078424239,2.1));
#5153 = CARTESIAN_POINT('',(0.205078424239,1.0999994));
#5154 = ( GEOMETRIC_REPRESENTATION_CONTEXT(2) 
PARAMETRIC_REPRESENTATION_CONTEXT() REPRESENTATION_CONTEXT('2D SPACE',''
  ) );
#5155 = PCURVE('',#2378,#5156);
#5156 = DEFINITIONAL_REPRESENTATION('',(#5157),#5163);
#5157 = B_SPLINE_CURVE_WITH_KNOTS('',4,(#5158,#5159,#5160,#5161,#5162),
  .UNSPECIFIED.,.F.,.F.,(5,5),(0.,1.),.PIECEWISE_BEZIER_KNOTS.);
#5158 = CARTESIAN_POINT('',(6.177837243775,-4.0000018));
#5159 = CARTESIAN_POINT('',(6.177837243775,-3.0000012));
#5160 = CARTESIAN_POINT('',(6.177837243775,-2.0000006));
#5161 = CARTESIAN_POINT('',(6.177837243775,-1.));
#5162 = CARTESIAN_POINT('',(6.177837243775,6.000000034589E-07));
#5163 = ( GEOMETRIC_REPRESENTATION_CONTEXT(2) 
PARAMETRIC_REPRESENTATION_CONTEXT() REPRESENTATION_CONTEXT('2D SPACE',''
  ) );
#5164 = ORIENTED_EDGE('',*,*,#2396,.T.);
#5165 = ORIENTED_EDGE('',*,*,#4763,.F.);
#5166 = ORIENTED_EDGE('',*,*,#5167,.T.);
#5167 = EDGE_CURVE('',#4764,#5058,#5168,.T.);
#5168 = SURFACE_CURVE('',#5169,(#5174,#5181),.PCURVE_S1.);
#5169 = CIRCLE('',#5170,1.9);
#5170 = AXIS2_PLACEMENT_3D('',#5171,#5172,#5173);
#5171 = CARTESIAN_POINT('',(22.5,-33.,42.5));
#5172 = DIRECTION('',(-2.22044604925E-16,-1.,0.));
#5173 = DIRECTION('',(0.,0.,1.));
#5174 = PCURVE('',#2417,#5175);
#5175 = DEFINITIONAL_REPRESENTATION('',(#5176),#5180);
#5176 = LINE('',#5177,#5178);
#5177 = CARTESIAN_POINT('',(0.,5.1));
#5178 = VECTOR('',#5179,1.);
#5179 = DIRECTION('',(1.,0.));
#5180 = ( GEOMETRIC_REPRESENTATION_CONTEXT(2) 
PARAMETRIC_REPRESENTATION_CONTEXT() REPRESENTATION_CONTEXT('2D SPACE',''
  ) );
#5181 = PCURVE('',#2547,#5182);
#5182 = DEFINITIONAL_REPRESENTATION('',(#5183),#5191);
#5183 = ( BOUNDED_CURVE() B_SPLINE_CURVE(2,(#5184,#5185,#5186,#5187,
#5188,#5189,#5190),.UNSPECIFIED.,.T.,.F.) B_SPLINE_CURVE_WITH_KNOTS((1,2
    ,2,2,2,1),(-2.094395102393,0.,2.094395102393,4.188790204786,
6.28318530718,8.377580409573),.UNSPECIFIED.) CURVE() 
GEOMETRIC_REPRESENTATION_ITEM() RATIONAL_B_SPLINE_CURVE((1.,0.5,1.,0.5,
1.,0.5,1.)) REPRESENTATION_ITEM('') );
#5184 = CARTESIAN_POINT('',(6.1,-15.75));
#5185 = CARTESIAN_POINT('',(6.1,-12.45910346561));
#5186 = CARTESIAN_POINT('',(8.95,-14.10455173281));
#5187 = CARTESIAN_POINT('',(11.8,-15.75));
#5188 = CARTESIAN_POINT('',(8.95,-17.39544826719));
#5189 = CARTESIAN_POINT('',(6.1,-19.04089653438));
#5190 = CARTESIAN_POINT('',(6.1,-15.75));
#5191 = ( GEOMETRIC_REPRESENTATION_CONTEXT(2) 
PARAMETRIC_REPRESENTATION_CONTEXT() REPRESENTATION_CONTEXT('2D SPACE',''
  ) );
#5192 = ADVANCED_FACE('',(#5193),#2378,.T.);
#5193 = FACE_BOUND('',#5194,.T.);
#5194 = EDGE_LOOP('',(#5195,#5196,#5197,#5425));
#5195 = ORIENTED_EDGE('',*,*,#2354,.F.);
#5196 = ORIENTED_EDGE('',*,*,#2563,.F.);
#5197 = ORIENTED_EDGE('',*,*,#5198,.F.);
#5198 = EDGE_CURVE('',#5111,#2529,#5199,.T.);
#5199 = SURFACE_CURVE('',#5200,(#5273,#5349),.PCURVE_S1.);
#5200 = B_SPLINE_CURVE_WITH_KNOTS('',8,(#5201,#5202,#5203,#5204,#5205,
    #5206,#5207,#5208,#5209,#5210,#5211,#5212,#5213,#5214,#5215,#5216,
    #5217,#5218,#5219,#5220,#5221,#5222,#5223,#5224,#5225,#5226,#5227,
    #5228,#5229,#5230,#5231,#5232,#5233,#5234,#5235,#5236,#5237,#5238,
    #5239,#5240,#5241,#5242,#5243,#5244,#5245,#5246,#5247,#5248,#5249,
    #5250,#5251,#5252,#5253,#5254,#5255,#5256,#5257,#5258,#5259,#5260,
    #5261,#5262,#5263,#5264,#5265,#5266,#5267,#5268,#5269,#5270,#5271,
    #5272),.UNSPECIFIED.,.F.,.F.,(9,7,7,7,7,7,7,7,7,7,9),(0.,
    3.786276450233E-02,0.17350253502,0.310163992607,0.402375377704,
    0.471811259977,0.566107444907,0.697645753674,0.763902393317,
    0.830147215482,1.),.UNSPECIFIED.);
#5201 = CARTESIAN_POINT('',(23.002999156002,-33.,37.917424305044));
#5202 = CARTESIAN_POINT('',(23.002626545778,-33.,37.97252107716));
#5203 = CARTESIAN_POINT('',(23.002026878204,-33.,38.027604468107));
#5204 = CARTESIAN_POINT('',(23.001202854397,-33.,38.082673656432));
#5205 = CARTESIAN_POINT('',(23.000157194,-33.,38.137728491252));
#5206 = CARTESIAN_POINT('',(22.998892636465,-33.,38.19276882293));
#5207 = CARTESIAN_POINT('',(22.997411940617,-33.,38.247794244718));
#5208 = CARTESIAN_POINT('',(22.995717882507,-33.,38.302804245347));
#5209 = CARTESIAN_POINT('',(22.9869900914,-33.,38.554811461783));
#5210 = CARTESIAN_POINT('',(22.977464508679,-33.,38.751624455685));
#5211 = CARTESIAN_POINT('',(22.965364873471,-33.,38.948225895457));
#5212 = CARTESIAN_POINT('',(22.950821916379,-33.,39.144607409481));
#5213 = CARTESIAN_POINT('',(22.933968139868,-33.,39.340764058319));
#5214 = CARTESIAN_POINT('',(22.91493722959,-33.,39.536694279671));
#5215 = CARTESIAN_POINT('',(22.893863465731,-33.,39.732399833337));
#5216 = CARTESIAN_POINT('',(22.84772569184,-33.,40.124844128541));
#5217 = CARTESIAN_POINT('',(22.822634993071,-33.,40.321578639582));
#5218 = CARTESIAN_POINT('',(22.795723608128,-33.,40.518092249803));
#5219 = CARTESIAN_POINT('',(22.767218862084,-33.,40.714403136362));
#5220 = CARTESIAN_POINT('',(22.737223503434,-33.,40.910517820451));
#5221 = CARTESIAN_POINT('',(22.705942574467,-33.,41.106456892887));
#5222 = CARTESIAN_POINT('',(22.673518832033,-33.,41.302236623289));
#5223 = CARTESIAN_POINT('',(22.617584151651,-33.,41.629886373957));
#5224 = CARTESIAN_POINT('',(22.594604137784,-33.,41.761831188643));
#5225 = CARTESIAN_POINT('',(22.571229564702,-33.,41.8937191327));
#5226 = CARTESIAN_POINT('',(22.547510080126,-33.,42.025556706101));
#5227 = CARTESIAN_POINT('',(22.523495245087,-33.,42.157350632914));
#5228 = CARTESIAN_POINT('',(22.499234533924,-33.,42.2891078613));
#5229 = CARTESIAN_POINT('',(22.474777334287,-33.,42.420835563512));
#5230 = CARTESIAN_POINT('',(22.431645654348,-33.,42.651716444993));
#5231 = CARTESIAN_POINT('',(22.41303492281,-33.,42.750879137648));
#5232 = CARTESIAN_POINT('',(22.394361806832,-33.,42.850032347583));
#5233 = CARTESIAN_POINT('',(22.375647356866,-33.,42.949179217364));
#5234 = CARTESIAN_POINT('',(22.356912619502,-33.,43.048322898402));
#5235 = CARTESIAN_POINT('',(22.33817863747,-33.,43.147466550953));
#5236 = CARTESIAN_POINT('',(22.319466449638,-33.,43.246613344118));
#5237 = CARTESIAN_POINT('',(22.275443495212,-33.,43.480419604241));
#5238 = CARTESIAN_POINT('',(22.250169527588,-33.,43.615084433807));
#5239 = CARTESIAN_POINT('',(22.225001244122,-33.,43.749764945425));
#5240 = CARTESIAN_POINT('',(22.1999647245,-33.,43.884465077535));
#5241 = CARTESIAN_POINT('',(22.175086072117,-33.,44.019188706129));
#5242 = CARTESIAN_POINT('',(22.150391414077,-33.,44.153939644751));
#5243 = CARTESIAN_POINT('',(22.125906901193,-33.,44.288721644503));
#5244 = CARTESIAN_POINT('',(22.067833730576,-33.,44.611600798047));
#5245 = CARTESIAN_POINT('',(22.034468631127,-33.,44.799730651144));
#5246 = CARTESIAN_POINT('',(22.001634481065,-33.,44.987938065476));
#5247 = CARTESIAN_POINT('',(21.969402501666,-33.,45.176232630999));
#5248 = CARTESIAN_POINT('',(21.937844064056,-33.,45.36462341548));
#5249 = CARTESIAN_POINT('',(21.907030689207,-33.,45.553118964495));
#5250 = CARTESIAN_POINT('',(21.877034047945,-33.,45.741727301428));
#5251 = CARTESIAN_POINT('',(21.833264041919,-33.,46.025519674932));
#5252 = CARTESIAN_POINT('',(21.818827741727,-33.,46.120613916527));
#5253 = CARTESIAN_POINT('',(21.804625558835,-33.,46.215739523197));
#5254 = CARTESIAN_POINT('',(21.790667464512,-33.,46.310897477488));
#5255 = CARTESIAN_POINT('',(21.776962848037,-33.,46.406088640222));
#5256 = CARTESIAN_POINT('',(21.763520101315,-33.,46.501313704827));
#5257 = CARTESIAN_POINT('',(21.75034784287,-33.,46.596573339309));
#5258 = CARTESIAN_POINT('',(21.724570018651,-33.,46.787146695704));
#5259 = CARTESIAN_POINT('',(21.711964565099,-33.,46.882460429998));
#5260 = CARTESIAN_POINT('',(21.699653116605,-33.,46.977810702308));
#5261 = CARTESIAN_POINT('',(21.687647369722,-33.,47.073198414071));
#5262 = CARTESIAN_POINT('',(21.675959021526,-33.,47.168624384617));
#5263 = CARTESIAN_POINT('',(21.664599769612,-33.,47.264089351177));
#5264 = CARTESIAN_POINT('',(21.653581312101,-33.,47.359593968876));
#5265 = CARTESIAN_POINT('',(21.615567643995,-33.,47.700117314817));
#5266 = CARTESIAN_POINT('',(21.590537379648,-33.,47.945359638124));
#5267 = CARTESIAN_POINT('',(21.568021373819,-33.,48.190876136206));
#5268 = CARTESIAN_POINT('',(21.5482165328,-33.,48.436672350444));
#5269 = CARTESIAN_POINT('',(21.531318956964,-33.,48.682748926067));
#5270 = CARTESIAN_POINT('',(21.517523047784,-33.,48.929101530151));
#5271 = CARTESIAN_POINT('',(21.507020614854,-33.,49.175720769623));
#5272 = CARTESIAN_POINT('',(21.499999982901,-33.,49.422592109268));
#5273 = PCURVE('',#2378,#5274);
#5274 = DEFINITIONAL_REPRESENTATION('',(#5275),#5348);
#5275 = B_SPLINE_CURVE_WITH_KNOTS('',8,(#5276,#5277,#5278,#5279,#5280,
    #5281,#5282,#5283,#5284,#5285,#5286,#5287,#5288,#5289,#5290,#5291,
    #5292,#5293,#5294,#5295,#5296,#5297,#5298,#5299,#5300,#5301,#5302,
    #5303,#5304,#5305,#5306,#5307,#5308,#5309,#5310,#5311,#5312,#5313,
    #5314,#5315,#5316,#5317,#5318,#5319,#5320,#5321,#5322,#5323,#5324,
    #5325,#5326,#5327,#5328,#5329,#5330,#5331,#5332,#5333,#5334,#5335,
    #5336,#5337,#5338,#5339,#5340,#5341,#5342,#5343,#5344,#5345,#5346,
    #5347),.UNSPECIFIED.,.F.,.F.,(9,7,7,7,7,7,7,7,7,7,9),(0.,
    3.786276450233E-02,0.17350253502,0.310163992607,0.402375377704,
    0.471811259977,0.566107444907,0.697645753674,0.763902393317,
    0.830147215482,1.),.UNSPECIFIED.);
#5276 = CARTESIAN_POINT('',(12.689677478066,-4.));
#5277 = CARTESIAN_POINT('',(12.634804891646,-4.));
#5278 = CARTESIAN_POINT('',(12.579920413124,-4.));
#5279 = CARTESIAN_POINT('',(12.52502429917,-4.));
#5280 = CARTESIAN_POINT('',(12.470117436708,-4.));
#5281 = CARTESIAN_POINT('',(12.415200667181,-4.));
#5282 = CARTESIAN_POINT('',(12.360274525839,-4.));
#5283 = CARTESIAN_POINT('',(12.305339396047,-4.));
#5284 = CARTESIAN_POINT('',(12.053566843715,-4.));
#5285 = CARTESIAN_POINT('',(11.856632130867,-4.));
#5286 = CARTESIAN_POINT('',(11.659618245195,-4.));
#5287 = CARTESIAN_POINT('',(11.46254828735,-4.));
#5288 = CARTESIAN_POINT('',(11.265442141934,-4.));
#5289 = CARTESIAN_POINT('',(11.068316465932,-4.));
#5290 = CARTESIAN_POINT('',(10.871184677137,-4.));
#5291 = CARTESIAN_POINT('',(10.475444371712,-4.));
#5292 = CARTESIAN_POINT('',(10.276837052164,-4.));
#5293 = CARTESIAN_POINT('',(10.078245132505,-4.));
#5294 = CARTESIAN_POINT('',(9.879675565861,-4.));
#5295 = CARTESIAN_POINT('',(9.681133716197,-4.));
#5296 = CARTESIAN_POINT('',(9.482621772108,-4.));
#5297 = CARTESIAN_POINT('',(9.28413962462,-4.));
#5298 = CARTESIAN_POINT('',(8.951778567243,-4.));
#5299 = CARTESIAN_POINT('',(8.817885149653,-4.));
#5300 = CARTESIAN_POINT('',(8.684003746687,-4.));
#5301 = CARTESIAN_POINT('',(8.550133441662,-4.));
#5302 = CARTESIAN_POINT('',(8.416273085137,-4.));
#5303 = CARTESIAN_POINT('',(8.282421294908,-4.));
#5304 = CARTESIAN_POINT('',(8.148576456014,-4.));
#5305 = CARTESIAN_POINT('',(7.913954370563,-4.));
#5306 = CARTESIAN_POINT('',(7.813174984487,-4.));
#5307 = CARTESIAN_POINT('',(7.712397798242,-4.));
#5308 = CARTESIAN_POINT('',(7.611622038317,-4.));
#5309 = CARTESIAN_POINT('',(7.510846921954,-4.));
#5310 = CARTESIAN_POINT('',(7.410071657149,-4.));
#5311 = CARTESIAN_POINT('',(7.309295442649,-4.));
#5312 = CARTESIAN_POINT('',(7.071657702838,-4.));
#5313 = CARTESIAN_POINT('',(6.934794731385,-4.));
#5314 = CARTESIAN_POINT('',(6.797927645525,-4.));
#5315 = CARTESIAN_POINT('',(6.661055602067,-4.));
#5316 = CARTESIAN_POINT('',(6.52417782269,-4.));
#5317 = CARTESIAN_POINT('',(6.387293593948,-4.));
#5318 = CARTESIAN_POINT('',(6.25040226727,-4.));
#5319 = CARTESIAN_POINT('',(5.922536211472,-4.));
#5320 = CARTESIAN_POINT('',(5.73155438861,-4.));
#5321 = CARTESIAN_POINT('',(5.540556109442,-4.));
#5322 = CARTESIAN_POINT('',(5.349540229882,-4.));
#5323 = CARTESIAN_POINT('',(5.158506142692,-4.));
#5324 = CARTESIAN_POINT('',(4.967453777478,-4.));
#5325 = CARTESIAN_POINT('',(4.776383600692,-4.));
#5326 = CARTESIAN_POINT('',(4.489044948506,-4.));
#5327 = CARTESIAN_POINT('',(4.392789060794,-4.));
#5328 = CARTESIAN_POINT('',(4.296529095961,-4.));
#5329 = CARTESIAN_POINT('',(4.200265242395,-4.));
#5330 = CARTESIAN_POINT('',(4.103997748071,-4.));
#5331 = CARTESIAN_POINT('',(4.007726922015,-4.));
#5332 = CARTESIAN_POINT('',(3.911453122555,-4.));
#5333 = CARTESIAN_POINT('',(3.718917513981,-4.));
#5334 = CARTESIAN_POINT('',(3.622655703352,-4.));
#5335 = CARTESIAN_POINT('',(3.526391670599,-4.));
#5336 = CARTESIAN_POINT('',(3.430125867551,-4.));
#5337 = CARTESIAN_POINT('',(3.333858827754,-4.));
#5338 = CARTESIAN_POINT('',(3.237591166473,-4.));
#5339 = CARTESIAN_POINT('',(3.141323580697,-4.));
#5340 = CARTESIAN_POINT('',(2.798227408293,-4.));
#5341 = CARTESIAN_POINT('',(2.551404211509,-4.));
#5342 = CARTESIAN_POINT('',(2.304599648613,-4.));
#5343 = CARTESIAN_POINT('',(2.05783090763,-4.));
#5344 = CARTESIAN_POINT('',(1.81111995314,-4.));
#5345 = CARTESIAN_POINT('',(1.564493504636,-4.));
#5346 = CARTESIAN_POINT('',(1.317983014887,-4.));
#5347 = CARTESIAN_POINT('',(1.071624648298,-4.));
#5348 = ( GEOMETRIC_REPRESENTATION_CONTEXT(2) 
PARAMETRIC_REPRESENTATION_CONTEXT() REPRESENTATION_CONTEXT('2D SPACE',''
  ) );
#5349 = PCURVE('',#2547,#5350);
#5350 = DEFINITIONAL_REPRESENTATION('',(#5351),#5424);
#5351 = B_SPLINE_CURVE_WITH_KNOTS('',8,(#5352,#5353,#5354,#5355,#5356,
    #5357,#5358,#5359,#5360,#5361,#5362,#5363,#5364,#5365,#5366,#5367,
    #5368,#5369,#5370,#5371,#5372,#5373,#5374,#5375,#5376,#5377,#5378,
    #5379,#5380,#5381,#5382,#5383,#5384,#5385,#5386,#5387,#5388,#5389,
    #5390,#5391,#5392,#5393,#5394,#5395,#5396,#5397,#5398,#5399,#5400,
    #5401,#5402,#5403,#5404,#5405,#5406,#5407,#5408,#5409,#5410,#5411,
    #5412,#5413,#5414,#5415,#5416,#5417,#5418,#5419,#5420,#5421,#5422,
    #5423),.UNSPECIFIED.,.F.,.F.,(9,7,7,7,7,7,7,7,7,7,9),(0.,
    3.786276450233E-02,0.17350253502,0.310163992607,0.402375377704,
    0.471811259977,0.566107444907,0.697645753674,0.763902393317,
    0.830147215482,1.),.UNSPECIFIED.);
#5352 = CARTESIAN_POINT('',(12.582575694956,-16.252999156));
#5353 = CARTESIAN_POINT('',(12.52747892284,-16.25262654577));
#5354 = CARTESIAN_POINT('',(12.472395531893,-16.2520268782));
#5355 = CARTESIAN_POINT('',(12.417326343568,-16.25120285439));
#5356 = CARTESIAN_POINT('',(12.362271508748,-16.250157194));
#5357 = CARTESIAN_POINT('',(12.30723117707,-16.24889263646));
#5358 = CARTESIAN_POINT('',(12.252205755282,-16.24741194061));
#5359 = CARTESIAN_POINT('',(12.197195754653,-16.2457178825));
#5360 = CARTESIAN_POINT('',(11.945188538217,-16.2369900914));
#5361 = CARTESIAN_POINT('',(11.748375544315,-16.22746450867));
#5362 = CARTESIAN_POINT('',(11.551774104543,-16.21536487347));
#5363 = CARTESIAN_POINT('',(11.355392590519,-16.20082191637));
#5364 = CARTESIAN_POINT('',(11.159235941681,-16.18396813986));
#5365 = CARTESIAN_POINT('',(10.963305720329,-16.16493722959));
#5366 = CARTESIAN_POINT('',(10.767600166663,-16.14386346573));
#5367 = CARTESIAN_POINT('',(10.375155871459,-16.09772569184));
#5368 = CARTESIAN_POINT('',(10.178421360418,-16.07263499307));
#5369 = CARTESIAN_POINT('',(9.981907750197,-16.04572360812));
#5370 = CARTESIAN_POINT('',(9.785596863638,-16.01721886208));
#5371 = CARTESIAN_POINT('',(9.589482179549,-15.98722350343));
#5372 = CARTESIAN_POINT('',(9.393543107113,-15.95594257446));
#5373 = CARTESIAN_POINT('',(9.197763376711,-15.92351883203));
#5374 = CARTESIAN_POINT('',(8.870113626043,-15.86758415165));
#5375 = CARTESIAN_POINT('',(8.738168811357,-15.84460413778));
#5376 = CARTESIAN_POINT('',(8.6062808673,-15.8212295647));
#5377 = CARTESIAN_POINT('',(8.474443293899,-15.79751008012));
#5378 = CARTESIAN_POINT('',(8.342649367086,-15.77349524508));
#5379 = CARTESIAN_POINT('',(8.2108921387,-15.74923453392));
#5380 = CARTESIAN_POINT('',(8.079164436488,-15.72477733428));
#5381 = CARTESIAN_POINT('',(7.848283555007,-15.68164565434));
#5382 = CARTESIAN_POINT('',(7.749120862352,-15.66303492281));
#5383 = CARTESIAN_POINT('',(7.649967652417,-15.64436180683));
#5384 = CARTESIAN_POINT('',(7.550820782636,-15.62564735686));
#5385 = CARTESIAN_POINT('',(7.451677101598,-15.6069126195));
#5386 = CARTESIAN_POINT('',(7.352533449047,-15.58817863747));
#5387 = CARTESIAN_POINT('',(7.253386655882,-15.56946644963));
#5388 = CARTESIAN_POINT('',(7.019580395759,-15.52544349521));
#5389 = CARTESIAN_POINT('',(6.884915566193,-15.50016952758));
#5390 = CARTESIAN_POINT('',(6.750235054575,-15.47500124412));
#5391 = CARTESIAN_POINT('',(6.615534922465,-15.4499647245));
#5392 = CARTESIAN_POINT('',(6.480811293871,-15.42508607211));
#5393 = CARTESIAN_POINT('',(6.346060355249,-15.40039141407));
#5394 = CARTESIAN_POINT('',(6.211278355497,-15.37590690119));
#5395 = CARTESIAN_POINT('',(5.888399201953,-15.31783373057));
#5396 = CARTESIAN_POINT('',(5.700269348856,-15.28446863112));
#5397 = CARTESIAN_POINT('',(5.512061934524,-15.25163448106));
#5398 = CARTESIAN_POINT('',(5.323767369001,-15.21940250166));
#5399 = CARTESIAN_POINT('',(5.13537658452,-15.18784406405));
#5400 = CARTESIAN_POINT('',(4.946881035505,-15.1570306892));
#5401 = CARTESIAN_POINT('',(4.758272698572,-15.12703404794));
#5402 = CARTESIAN_POINT('',(4.474480325068,-15.08326404191));
#5403 = CARTESIAN_POINT('',(4.379386083473,-15.06882774172));
#5404 = CARTESIAN_POINT('',(4.284260476803,-15.05462555883));
#5405 = CARTESIAN_POINT('',(4.189102522512,-15.04066746451));
#5406 = CARTESIAN_POINT('',(4.093911359778,-15.02696284803));
#5407 = CARTESIAN_POINT('',(3.998686295173,-15.01352010131));
#5408 = CARTESIAN_POINT('',(3.903426660691,-15.00034784287));
#5409 = CARTESIAN_POINT('',(3.712853304296,-14.97457001865));
#5410 = CARTESIAN_POINT('',(3.617539570002,-14.96196456509));
#5411 = CARTESIAN_POINT('',(3.522189297692,-14.9496531166));
#5412 = CARTESIAN_POINT('',(3.426801585929,-14.93764736972));
#5413 = CARTESIAN_POINT('',(3.331375615383,-14.92595902152));
#5414 = CARTESIAN_POINT('',(3.235910648823,-14.91459976961));
#5415 = CARTESIAN_POINT('',(3.140406031124,-14.9035813121));
#5416 = CARTESIAN_POINT('',(2.799882685183,-14.86556764399));
#5417 = CARTESIAN_POINT('',(2.554640361876,-14.84053737964));
#5418 = CARTESIAN_POINT('',(2.309123863794,-14.81802137381));
#5419 = CARTESIAN_POINT('',(2.063327649556,-14.7982165328));
#5420 = CARTESIAN_POINT('',(1.817251073933,-14.78131895696));
#5421 = CARTESIAN_POINT('',(1.570898469849,-14.76752304778));
#5422 = CARTESIAN_POINT('',(1.324279230377,-14.75702061485));
#5423 = CARTESIAN_POINT('',(1.077407890732,-14.7499999829));
#5424 = ( GEOMETRIC_REPRESENTATION_CONTEXT(2) 
PARAMETRIC_REPRESENTATION_CONTEXT() REPRESENTATION_CONTEXT('2D SPACE',''
  ) );
#5425 = ORIENTED_EDGE('',*,*,#5138,.T.);
#5426 = ADVANCED_FACE('',(#5427,#5598),#2547,.T.);
#5427 = FACE_BOUND('',#5428,.T.);
#5428 = EDGE_LOOP('',(#5429,#5450,#5451,#5452,#5453,#5454,#5455,#5456,
    #5457,#5485,#5518,#5546,#5579));
#5429 = ORIENTED_EDGE('',*,*,#5430,.F.);
#5430 = EDGE_CURVE('',#4793,#5431,#5433,.T.);
#5431 = VERTEX_POINT('',#5432);
#5432 = CARTESIAN_POINT('',(24.5,-33.,39.));
#5433 = SURFACE_CURVE('',#5434,(#5438,#5444),.PCURVE_S1.);
#5434 = LINE('',#5435,#5436);
#5435 = CARTESIAN_POINT('',(3.375,-33.,39.));
#5436 = VECTOR('',#5437,1.);
#5437 = DIRECTION('',(1.,-2.22044604925E-16,0.));
#5438 = PCURVE('',#2547,#5439);
#5439 = DEFINITIONAL_REPRESENTATION('',(#5440),#5443);
#5440 = B_SPLINE_CURVE_WITH_KNOTS('',1,(#5441,#5442),.UNSPECIFIED.,.F.,
  .F.,(2,2),(6.786200716451,21.125),.PIECEWISE_BEZIER_KNOTS.);
#5441 = CARTESIAN_POINT('',(11.5,-3.411200716451));
#5442 = CARTESIAN_POINT('',(11.5,-17.75));
#5443 = ( GEOMETRIC_REPRESENTATION_CONTEXT(2) 
PARAMETRIC_REPRESENTATION_CONTEXT() REPRESENTATION_CONTEXT('2D SPACE',''
  ) );
#5444 = PCURVE('',#4640,#5445);
#5445 = DEFINITIONAL_REPRESENTATION('',(#5446),#5449);
#5446 = B_SPLINE_CURVE_WITH_KNOTS('',1,(#5447,#5448),.UNSPECIFIED.,.F.,
  .F.,(2,2),(6.786200716451,21.125),.PIECEWISE_BEZIER_KNOTS.);
#5447 = CARTESIAN_POINT('',(-4.167051973961,10.161200716451));
#5448 = CARTESIAN_POINT('',(-4.167051973961,24.5));
#5449 = ( GEOMETRIC_REPRESENTATION_CONTEXT(2) 
PARAMETRIC_REPRESENTATION_CONTEXT() REPRESENTATION_CONTEXT('2D SPACE',''
  ) );
#5450 = ORIENTED_EDGE('',*,*,#4792,.T.);
#5451 = ORIENTED_EDGE('',*,*,#5167,.T.);
#5452 = ORIENTED_EDGE('',*,*,#5110,.T.);
#5453 = ORIENTED_EDGE('',*,*,#5198,.T.);
#5454 = ORIENTED_EDGE('',*,*,#2528,.T.);
#5455 = ORIENTED_EDGE('',*,*,#2669,.T.);
#5456 = ORIENTED_EDGE('',*,*,#3204,.T.);
#5457 = ORIENTED_EDGE('',*,*,#5458,.T.);
#5458 = EDGE_CURVE('',#3181,#5459,#5461,.T.);
#5459 = VERTEX_POINT('',#5460);
#5460 = CARTESIAN_POINT('',(22.5,-33.,63.5));
#5461 = SURFACE_CURVE('',#5462,(#5466,#5473),.PCURVE_S1.);
#5462 = LINE('',#5463,#5464);
#5463 = CARTESIAN_POINT('',(-9.,-33.,63.5));
#5464 = VECTOR('',#5465,1.);
#5465 = DIRECTION('',(1.,-2.22044604925E-16,0.));
#5466 = PCURVE('',#2547,#5467);
#5467 = DEFINITIONAL_REPRESENTATION('',(#5468),#5472);
#5468 = LINE('',#5469,#5470);
#5469 = CARTESIAN_POINT('',(-13.,15.75));
#5470 = VECTOR('',#5471,1.);
#5471 = DIRECTION('',(0.,-1.));
#5472 = ( GEOMETRIC_REPRESENTATION_CONTEXT(2) 
PARAMETRIC_REPRESENTATION_CONTEXT() REPRESENTATION_CONTEXT('2D SPACE',''
  ) );
#5473 = PCURVE('',#5474,#5479);
#5474 = PLANE('',#5475);
#5475 = AXIS2_PLACEMENT_3D('',#5476,#5477,#5478);
#5476 = CARTESIAN_POINT('',(-9.,-33.,63.5));
#5477 = DIRECTION('',(0.,0.,1.));
#5478 = DIRECTION('',(-2.22044604925E-16,-1.,0.));
#5479 = DEFINITIONAL_REPRESENTATION('',(#5480),#5484);
#5480 = LINE('',#5481,#5482);
#5481 = CARTESIAN_POINT('',(0.,0.));
#5482 = VECTOR('',#5483,1.);
#5483 = DIRECTION('',(0.,1.));
#5484 = ( GEOMETRIC_REPRESENTATION_CONTEXT(2) 
PARAMETRIC_REPRESENTATION_CONTEXT() REPRESENTATION_CONTEXT('2D SPACE',''
  ) );
#5485 = ORIENTED_EDGE('',*,*,#5486,.F.);
#5486 = EDGE_CURVE('',#5487,#5459,#5489,.T.);
#5487 = VERTEX_POINT('',#5488);
#5488 = CARTESIAN_POINT('',(27.5,-33.,58.5));
#5489 = SURFACE_CURVE('',#5490,(#5495,#5506),.PCURVE_S1.);
#5490 = CIRCLE('',#5491,5.);
#5491 = AXIS2_PLACEMENT_3D('',#5492,#5493,#5494);
#5492 = CARTESIAN_POINT('',(22.5,-33.,58.5));
#5493 = DIRECTION('',(-2.22044604925E-16,-1.,0.));
#5494 = DIRECTION('',(0.,0.,1.));
#5495 = PCURVE('',#2547,#5496);
#5496 = DEFINITIONAL_REPRESENTATION('',(#5497),#5505);
#5497 = ( BOUNDED_CURVE() B_SPLINE_CURVE(2,(#5498,#5499,#5500,#5501,
#5502,#5503,#5504),.UNSPECIFIED.,.T.,.F.) B_SPLINE_CURVE_WITH_KNOTS((1,2
    ,2,2,2,1),(-2.094395102393,0.,2.094395102393,4.188790204786,
6.28318530718,8.377580409573),.UNSPECIFIED.) CURVE() 
GEOMETRIC_REPRESENTATION_ITEM() RATIONAL_B_SPLINE_CURVE((1.,0.5,1.,0.5,
1.,0.5,1.)) REPRESENTATION_ITEM('') );
#5498 = CARTESIAN_POINT('',(-13.,-15.75));
#5499 = CARTESIAN_POINT('',(-13.,-7.089745962156));
#5500 = CARTESIAN_POINT('',(-5.5,-11.41987298107));
#5501 = CARTESIAN_POINT('',(2.,-15.75));
#5502 = CARTESIAN_POINT('',(-5.5,-20.08012701892));
#5503 = CARTESIAN_POINT('',(-13.,-24.41025403784));
#5504 = CARTESIAN_POINT('',(-13.,-15.75));
#5505 = ( GEOMETRIC_REPRESENTATION_CONTEXT(2) 
PARAMETRIC_REPRESENTATION_CONTEXT() REPRESENTATION_CONTEXT('2D SPACE',''
  ) );
#5506 = PCURVE('',#5507,#5512);
#5507 = CYLINDRICAL_SURFACE('',#5508,5.);
#5508 = AXIS2_PLACEMENT_3D('',#5509,#5510,#5511);
#5509 = CARTESIAN_POINT('',(22.5,-33.,58.5));
#5510 = DIRECTION('',(-2.22044604925E-16,-1.,0.));
#5511 = DIRECTION('',(0.,0.,1.));
#5512 = DEFINITIONAL_REPRESENTATION('',(#5513),#5517);
#5513 = LINE('',#5514,#5515);
#5514 = CARTESIAN_POINT('',(0.,0.));
#5515 = VECTOR('',#5516,1.);
#5516 = DIRECTION('',(1.,0.));
#5517 = ( GEOMETRIC_REPRESENTATION_CONTEXT(2) 
PARAMETRIC_REPRESENTATION_CONTEXT() REPRESENTATION_CONTEXT('2D SPACE',''
  ) );
#5518 = ORIENTED_EDGE('',*,*,#5519,.F.);
#5519 = EDGE_CURVE('',#5520,#5487,#5522,.T.);
#5520 = VERTEX_POINT('',#5521);
#5521 = CARTESIAN_POINT('',(27.5,-33.,42.5));
#5522 = SURFACE_CURVE('',#5523,(#5527,#5534),.PCURVE_S1.);
#5523 = LINE('',#5524,#5525);
#5524 = CARTESIAN_POINT('',(27.5,-33.,42.5));
#5525 = VECTOR('',#5526,1.);
#5526 = DIRECTION('',(0.,0.,1.));
#5527 = PCURVE('',#2547,#5528);
#5528 = DEFINITIONAL_REPRESENTATION('',(#5529),#5533);
#5529 = LINE('',#5530,#5531);
#5530 = CARTESIAN_POINT('',(8.,-20.75));
#5531 = VECTOR('',#5532,1.);
#5532 = DIRECTION('',(-1.,0.));
#5533 = ( GEOMETRIC_REPRESENTATION_CONTEXT(2) 
PARAMETRIC_REPRESENTATION_CONTEXT() REPRESENTATION_CONTEXT('2D SPACE',''
  ) );
#5534 = PCURVE('',#5535,#5540);
#5535 = PLANE('',#5536);
#5536 = AXIS2_PLACEMENT_3D('',#5537,#5538,#5539);
#5537 = CARTESIAN_POINT('',(27.5,-33.,42.5));
#5538 = DIRECTION('',(1.,-2.22044604925E-16,0.));
#5539 = DIRECTION('',(0.,0.,1.));
#5540 = DEFINITIONAL_REPRESENTATION('',(#5541),#5545);
#5541 = LINE('',#5542,#5543);
#5542 = CARTESIAN_POINT('',(0.,0.));
#5543 = VECTOR('',#5544,1.);
#5544 = DIRECTION('',(1.,0.));
#5545 = ( GEOMETRIC_REPRESENTATION_CONTEXT(2) 
PARAMETRIC_REPRESENTATION_CONTEXT() REPRESENTATION_CONTEXT('2D SPACE',''
  ) );
#5546 = ORIENTED_EDGE('',*,*,#5547,.F.);
#5547 = EDGE_CURVE('',#5548,#5520,#5550,.T.);
#5548 = VERTEX_POINT('',#5549);
#5549 = CARTESIAN_POINT('',(24.5,-33.,37.917424305044));
#5550 = SURFACE_CURVE('',#5551,(#5556,#5567),.PCURVE_S1.);
#5551 = CIRCLE('',#5552,5.);
#5552 = AXIS2_PLACEMENT_3D('',#5553,#5554,#5555);
#5553 = CARTESIAN_POINT('',(22.5,-33.,42.5));
#5554 = DIRECTION('',(-2.22044604925E-16,-1.,0.));
#5555 = DIRECTION('',(0.,0.,1.));
#5556 = PCURVE('',#2547,#5557);
#5557 = DEFINITIONAL_REPRESENTATION('',(#5558),#5566);
#5558 = ( BOUNDED_CURVE() B_SPLINE_CURVE(2,(#5559,#5560,#5561,#5562,
#5563,#5564,#5565),.UNSPECIFIED.,.T.,.F.) B_SPLINE_CURVE_WITH_KNOTS((1,2
    ,2,2,2,1),(-2.094395102393,0.,2.094395102393,4.188790204786,
6.28318530718,8.377580409573),.UNSPECIFIED.) CURVE() 
GEOMETRIC_REPRESENTATION_ITEM() RATIONAL_B_SPLINE_CURVE((1.,0.5,1.,0.5,
1.,0.5,1.)) REPRESENTATION_ITEM('') );
#5559 = CARTESIAN_POINT('',(3.,-15.75));
#5560 = CARTESIAN_POINT('',(3.,-7.089745962156));
#5561 = CARTESIAN_POINT('',(10.5,-11.41987298107));
#5562 = CARTESIAN_POINT('',(18.,-15.75));
#5563 = CARTESIAN_POINT('',(10.5,-20.08012701892));
#5564 = CARTESIAN_POINT('',(3.,-24.41025403784));
#5565 = CARTESIAN_POINT('',(3.,-15.75));
#5566 = ( GEOMETRIC_REPRESENTATION_CONTEXT(2) 
PARAMETRIC_REPRESENTATION_CONTEXT() REPRESENTATION_CONTEXT('2D SPACE',''
  ) );
#5567 = PCURVE('',#5568,#5573);
#5568 = CYLINDRICAL_SURFACE('',#5569,5.);
#5569 = AXIS2_PLACEMENT_3D('',#5570,#5571,#5572);
#5570 = CARTESIAN_POINT('',(22.5,-33.,42.5));
#5571 = DIRECTION('',(-2.22044604925E-16,-1.,0.));
#5572 = DIRECTION('',(0.,0.,1.));
#5573 = DEFINITIONAL_REPRESENTATION('',(#5574),#5578);
#5574 = LINE('',#5575,#5576);
#5575 = CARTESIAN_POINT('',(0.,0.));
#5576 = VECTOR('',#5577,1.);
#5577 = DIRECTION('',(1.,0.));
#5578 = ( GEOMETRIC_REPRESENTATION_CONTEXT(2) 
PARAMETRIC_REPRESENTATION_CONTEXT() REPRESENTATION_CONTEXT('2D SPACE',''
  ) );
#5579 = ORIENTED_EDGE('',*,*,#5580,.F.);
#5580 = EDGE_CURVE('',#5431,#5548,#5581,.T.);
#5581 = SURFACE_CURVE('',#5582,(#5586,#5592),.PCURVE_S1.);
#5582 = LINE('',#5583,#5584);
#5583 = CARTESIAN_POINT('',(24.5,-33.,42.));
#5584 = VECTOR('',#5585,1.);
#5585 = DIRECTION('',(0.,-0.,-1.));
#5586 = PCURVE('',#2547,#5587);
#5587 = DEFINITIONAL_REPRESENTATION('',(#5588),#5591);
#5588 = B_SPLINE_CURVE_WITH_KNOTS('',1,(#5589,#5590),.UNSPECIFIED.,.F.,
  .F.,(2,2),(3.,4.5),.PIECEWISE_BEZIER_KNOTS.);
#5589 = CARTESIAN_POINT('',(11.5,-17.75));
#5590 = CARTESIAN_POINT('',(13.,-17.75));
#5591 = ( GEOMETRIC_REPRESENTATION_CONTEXT(2) 
PARAMETRIC_REPRESENTATION_CONTEXT() REPRESENTATION_CONTEXT('2D SPACE',''
  ) );
#5592 = PCURVE('',#3680,#5593);
#5593 = DEFINITIONAL_REPRESENTATION('',(#5594),#5597);
#5594 = B_SPLINE_CURVE_WITH_KNOTS('',1,(#5595,#5596),.UNSPECIFIED.,.F.,
  .F.,(2,2),(3.,4.5),.PIECEWISE_BEZIER_KNOTS.);
#5595 = CARTESIAN_POINT('',(5.5,1.));
#5596 = CARTESIAN_POINT('',(4.,1.));
#5597 = ( GEOMETRIC_REPRESENTATION_CONTEXT(2) 
PARAMETRIC_REPRESENTATION_CONTEXT() REPRESENTATION_CONTEXT('2D SPACE',''
  ) );
#5598 = FACE_BOUND('',#5599,.T.);
#5599 = EDGE_LOOP('',(#5600));
#5600 = ORIENTED_EDGE('',*,*,#5601,.T.);
#5601 = EDGE_CURVE('',#5602,#5602,#5604,.T.);
#5602 = VERTEX_POINT('',#5603);
#5603 = CARTESIAN_POINT('',(22.5,-33.,60.4));
#5604 = SURFACE_CURVE('',#5605,(#5610,#5621),.PCURVE_S1.);
#5605 = CIRCLE('',#5606,1.9);
#5606 = AXIS2_PLACEMENT_3D('',#5607,#5608,#5609);
#5607 = CARTESIAN_POINT('',(22.5,-33.,58.5));
#5608 = DIRECTION('',(-2.22044604925E-16,-1.,0.));
#5609 = DIRECTION('',(0.,0.,1.));
#5610 = PCURVE('',#2547,#5611);
#5611 = DEFINITIONAL_REPRESENTATION('',(#5612),#5620);
#5612 = ( BOUNDED_CURVE() B_SPLINE_CURVE(2,(#5613,#5614,#5615,#5616,
#5617,#5618,#5619),.UNSPECIFIED.,.T.,.F.) B_SPLINE_CURVE_WITH_KNOTS((1,2
    ,2,2,2,1),(-2.094395102393,0.,2.094395102393,4.188790204786,
6.28318530718,8.377580409573),.UNSPECIFIED.) CURVE() 
GEOMETRIC_REPRESENTATION_ITEM() RATIONAL_B_SPLINE_CURVE((1.,0.5,1.,0.5,
1.,0.5,1.)) REPRESENTATION_ITEM('') );
#5613 = CARTESIAN_POINT('',(-9.9,-15.75));
#5614 = CARTESIAN_POINT('',(-9.9,-12.45910346561));
#5615 = CARTESIAN_POINT('',(-7.05,-14.10455173281));
#5616 = CARTESIAN_POINT('',(-4.2,-15.75));
#5617 = CARTESIAN_POINT('',(-7.05,-17.39544826719));
#5618 = CARTESIAN_POINT('',(-9.9,-19.04089653438));
#5619 = CARTESIAN_POINT('',(-9.9,-15.75));
#5620 = ( GEOMETRIC_REPRESENTATION_CONTEXT(2) 
PARAMETRIC_REPRESENTATION_CONTEXT() REPRESENTATION_CONTEXT('2D SPACE',''
  ) );
#5621 = PCURVE('',#5622,#5627);
#5622 = CYLINDRICAL_SURFACE('',#5623,1.9);
#5623 = AXIS2_PLACEMENT_3D('',#5624,#5625,#5626);
#5624 = CARTESIAN_POINT('',(22.5,-27.9,58.5));
#5625 = DIRECTION('',(-2.22044604925E-16,-1.,0.));
#5626 = DIRECTION('',(0.,0.,1.));
#5627 = DEFINITIONAL_REPRESENTATION('',(#5628),#5632);
#5628 = LINE('',#5629,#5630);
#5629 = CARTESIAN_POINT('',(0.,5.1));
#5630 = VECTOR('',#5631,1.);
#5631 = DIRECTION('',(1.,0.));
#5632 = ( GEOMETRIC_REPRESENTATION_CONTEXT(2) 
PARAMETRIC_REPRESENTATION_CONTEXT() REPRESENTATION_CONTEXT('2D SPACE',''
  ) );
#5633 = ADVANCED_FACE('',(#5634),#313,.F.);
#5634 = FACE_BOUND('',#5635,.F.);
#5635 = EDGE_LOOP('',(#5636,#5657,#5658,#5659,#5660));
#5636 = ORIENTED_EDGE('',*,*,#5637,.F.);
#5637 = EDGE_CURVE('',#2833,#297,#5638,.T.);
#5638 = SEAM_CURVE('',#5639,(#5643,#5650),.PCURVE_S1.);
#5639 = LINE('',#5640,#5641);
#5640 = CARTESIAN_POINT('',(18.5,-27.,52.2));
#5641 = VECTOR('',#5642,1.);
#5642 = DIRECTION('',(-2.22044604925E-16,-1.,0.));
#5643 = PCURVE('',#313,#5644);
#5644 = DEFINITIONAL_REPRESENTATION('',(#5645),#5649);
#5645 = LINE('',#5646,#5647);
#5646 = CARTESIAN_POINT('',(0.,-0.));
#5647 = VECTOR('',#5648,1.);
#5648 = DIRECTION('',(0.,1.));
#5649 = ( GEOMETRIC_REPRESENTATION_CONTEXT(2) 
PARAMETRIC_REPRESENTATION_CONTEXT() REPRESENTATION_CONTEXT('2D SPACE',''
  ) );
#5650 = PCURVE('',#313,#5651);
#5651 = DEFINITIONAL_REPRESENTATION('',(#5652),#5656);
#5652 = LINE('',#5653,#5654);
#5653 = CARTESIAN_POINT('',(6.28318530718,-0.));
#5654 = VECTOR('',#5655,1.);
#5655 = DIRECTION('',(0.,1.));
#5656 = ( GEOMETRIC_REPRESENTATION_CONTEXT(2) 
PARAMETRIC_REPRESENTATION_CONTEXT() REPRESENTATION_CONTEXT('2D SPACE',''
  ) );
#5657 = ORIENTED_EDGE('',*,*,#2832,.T.);
#5658 = ORIENTED_EDGE('',*,*,#5637,.T.);
#5659 = ORIENTED_EDGE('',*,*,#294,.F.);
#5660 = ORIENTED_EDGE('',*,*,#325,.F.);
#5661 = ADVANCED_FACE('',(#5662),#2883,.F.);
#5662 = FACE_BOUND('',#5663,.F.);
#5663 = EDGE_LOOP('',(#5664,#5687,#5714,#5715));
#5664 = ORIENTED_EDGE('',*,*,#5665,.T.);
#5665 = EDGE_CURVE('',#2863,#5666,#5668,.T.);
#5666 = VERTEX_POINT('',#5667);
#5667 = CARTESIAN_POINT('',(-3.77438806392E-15,-32.,64.1));
#5668 = SEAM_CURVE('',#5669,(#5673,#5680),.PCURVE_S1.);
#5669 = LINE('',#5670,#5671);
#5670 = CARTESIAN_POINT('',(-2.864005183728E-15,-27.9,64.1));
#5671 = VECTOR('',#5672,1.);
#5672 = DIRECTION('',(-2.22044604925E-16,-1.,0.));
#5673 = PCURVE('',#2883,#5674);
#5674 = DEFINITIONAL_REPRESENTATION('',(#5675),#5679);
#5675 = LINE('',#5676,#5677);
#5676 = CARTESIAN_POINT('',(6.28318530718,-0.));
#5677 = VECTOR('',#5678,1.);
#5678 = DIRECTION('',(0.,1.));
#5679 = ( GEOMETRIC_REPRESENTATION_CONTEXT(2) 
PARAMETRIC_REPRESENTATION_CONTEXT() REPRESENTATION_CONTEXT('2D SPACE',''
  ) );
#5680 = PCURVE('',#2883,#5681);
#5681 = DEFINITIONAL_REPRESENTATION('',(#5682),#5686);
#5682 = LINE('',#5683,#5684);
#5683 = CARTESIAN_POINT('',(0.,-0.));
#5684 = VECTOR('',#5685,1.);
#5685 = DIRECTION('',(0.,1.));
#5686 = ( GEOMETRIC_REPRESENTATION_CONTEXT(2) 
PARAMETRIC_REPRESENTATION_CONTEXT() REPRESENTATION_CONTEXT('2D SPACE',''
  ) );
#5687 = ORIENTED_EDGE('',*,*,#5688,.F.);
#5688 = EDGE_CURVE('',#5666,#5666,#5689,.T.);
#5689 = SURFACE_CURVE('',#5690,(#5695,#5702),.PCURVE_S1.);
#5690 = CIRCLE('',#5691,13.6);
#5691 = AXIS2_PLACEMENT_3D('',#5692,#5693,#5694);
#5692 = CARTESIAN_POINT('',(-7.105427357601E-15,-32.,50.5));
#5693 = DIRECTION('',(-2.22044604925E-16,-1.,0.));
#5694 = DIRECTION('',(0.,0.,1.));
#5695 = PCURVE('',#2883,#5696);
#5696 = DEFINITIONAL_REPRESENTATION('',(#5697),#5701);
#5697 = LINE('',#5698,#5699);
#5698 = CARTESIAN_POINT('',(0.,4.1));
#5699 = VECTOR('',#5700,1.);
#5700 = DIRECTION('',(1.,0.));
#5701 = ( GEOMETRIC_REPRESENTATION_CONTEXT(2) 
PARAMETRIC_REPRESENTATION_CONTEXT() REPRESENTATION_CONTEXT('2D SPACE',''
  ) );
#5702 = PCURVE('',#5703,#5708);
#5703 = PLANE('',#5704);
#5704 = AXIS2_PLACEMENT_3D('',#5705,#5706,#5707);
#5705 = CARTESIAN_POINT('',(-7.105427357601E-15,-32.,50.5));
#5706 = DIRECTION('',(-2.22044604925E-16,-1.,0.));
#5707 = DIRECTION('',(0.,0.,1.));
#5708 = DEFINITIONAL_REPRESENTATION('',(#5709),#5713);
#5709 = CIRCLE('',#5710,13.6);
#5710 = AXIS2_PLACEMENT_2D('',#5711,#5712);
#5711 = CARTESIAN_POINT('',(0.,0.));
#5712 = DIRECTION('',(1.,0.));
#5713 = ( GEOMETRIC_REPRESENTATION_CONTEXT(2) 
PARAMETRIC_REPRESENTATION_CONTEXT() REPRESENTATION_CONTEXT('2D SPACE',''
  ) );
#5714 = ORIENTED_EDGE('',*,*,#5665,.F.);
#5715 = ORIENTED_EDGE('',*,*,#2862,.T.);
#5716 = ADVANCED_FACE('',(#5717),#2918,.F.);
#5717 = FACE_BOUND('',#5718,.F.);
#5718 = EDGE_LOOP('',(#5719,#5742,#5743,#5744,#5768));
#5719 = ORIENTED_EDGE('',*,*,#5720,.F.);
#5720 = EDGE_CURVE('',#2898,#5721,#5723,.T.);
#5721 = VERTEX_POINT('',#5722);
#5722 = CARTESIAN_POINT('',(-18.5,-29.3,52.2));
#5723 = SEAM_CURVE('',#5724,(#5728,#5735),.PCURVE_S1.);
#5724 = LINE('',#5725,#5726);
#5725 = CARTESIAN_POINT('',(-18.5,-27.,52.2));
#5726 = VECTOR('',#5727,1.);
#5727 = DIRECTION('',(-2.22044604925E-16,-1.,0.));
#5728 = PCURVE('',#2918,#5729);
#5729 = DEFINITIONAL_REPRESENTATION('',(#5730),#5734);
#5730 = LINE('',#5731,#5732);
#5731 = CARTESIAN_POINT('',(0.,-0.));
#5732 = VECTOR('',#5733,1.);
#5733 = DIRECTION('',(0.,1.));
#5734 = ( GEOMETRIC_REPRESENTATION_CONTEXT(2) 
PARAMETRIC_REPRESENTATION_CONTEXT() REPRESENTATION_CONTEXT('2D SPACE',''
  ) );
#5735 = PCURVE('',#2918,#5736);
#5736 = DEFINITIONAL_REPRESENTATION('',(#5737),#5741);
#5737 = LINE('',#5738,#5739);
#5738 = CARTESIAN_POINT('',(6.28318530718,-0.));
#5739 = VECTOR('',#5740,1.);
#5740 = DIRECTION('',(0.,1.));
#5741 = ( GEOMETRIC_REPRESENTATION_CONTEXT(2) 
PARAMETRIC_REPRESENTATION_CONTEXT() REPRESENTATION_CONTEXT('2D SPACE',''
  ) );
#5742 = ORIENTED_EDGE('',*,*,#2897,.T.);
#5743 = ORIENTED_EDGE('',*,*,#5720,.T.);
#5744 = ORIENTED_EDGE('',*,*,#5745,.F.);
#5745 = EDGE_CURVE('',#5746,#5721,#5748,.T.);
#5746 = VERTEX_POINT('',#5747);
#5747 = CARTESIAN_POINT('',(-18.5,-29.3,48.8));
#5748 = SURFACE_CURVE('',#5749,(#5754,#5761),.PCURVE_S1.);
#5749 = CIRCLE('',#5750,1.7);
#5750 = AXIS2_PLACEMENT_3D('',#5751,#5752,#5753);
#5751 = CARTESIAN_POINT('',(-18.5,-29.3,50.5));
#5752 = DIRECTION('',(-2.22044604925E-16,-1.,0.));
#5753 = DIRECTION('',(0.,0.,1.));
#5754 = PCURVE('',#2918,#5755);
#5755 = DEFINITIONAL_REPRESENTATION('',(#5756),#5760);
#5756 = LINE('',#5757,#5758);
#5757 = CARTESIAN_POINT('',(0.,2.3));
#5758 = VECTOR('',#5759,1.);
#5759 = DIRECTION('',(1.,0.));
#5760 = ( GEOMETRIC_REPRESENTATION_CONTEXT(2) 
PARAMETRIC_REPRESENTATION_CONTEXT() REPRESENTATION_CONTEXT('2D SPACE',''
  ) );
#5761 = PCURVE('',#1139,#5762);
#5762 = DEFINITIONAL_REPRESENTATION('',(#5763),#5767);
#5763 = CIRCLE('',#5764,1.7);
#5764 = AXIS2_PLACEMENT_2D('',#5765,#5766);
#5765 = CARTESIAN_POINT('',(3.456833358872E-17,-1.288875098222));
#5766 = DIRECTION('',(1.,0.));
#5767 = ( GEOMETRIC_REPRESENTATION_CONTEXT(2) 
PARAMETRIC_REPRESENTATION_CONTEXT() REPRESENTATION_CONTEXT('2D SPACE',''
  ) );
#5768 = ORIENTED_EDGE('',*,*,#5769,.F.);
#5769 = EDGE_CURVE('',#5721,#5746,#5770,.T.);
#5770 = SURFACE_CURVE('',#5771,(#5776,#5783),.PCURVE_S1.);
#5771 = CIRCLE('',#5772,1.7);
#5772 = AXIS2_PLACEMENT_3D('',#5773,#5774,#5775);
#5773 = CARTESIAN_POINT('',(-18.5,-29.3,50.5));
#5774 = DIRECTION('',(-2.22044604925E-16,-1.,0.));
#5775 = DIRECTION('',(0.,0.,1.));
#5776 = PCURVE('',#2918,#5777);
#5777 = DEFINITIONAL_REPRESENTATION('',(#5778),#5782);
#5778 = LINE('',#5779,#5780);
#5779 = CARTESIAN_POINT('',(0.,2.3));
#5780 = VECTOR('',#5781,1.);
#5781 = DIRECTION('',(1.,0.));
#5782 = ( GEOMETRIC_REPRESENTATION_CONTEXT(2) 
PARAMETRIC_REPRESENTATION_CONTEXT() REPRESENTATION_CONTEXT('2D SPACE',''
  ) );
#5783 = PCURVE('',#1139,#5784);
#5784 = DEFINITIONAL_REPRESENTATION('',(#5785),#5789);
#5785 = CIRCLE('',#5786,1.7);
#5786 = AXIS2_PLACEMENT_2D('',#5787,#5788);
#5787 = CARTESIAN_POINT('',(3.456833358872E-17,-1.288875098222));
#5788 = DIRECTION('',(1.,0.));
#5789 = ( GEOMETRIC_REPRESENTATION_CONTEXT(2) 
PARAMETRIC_REPRESENTATION_CONTEXT() REPRESENTATION_CONTEXT('2D SPACE',''
  ) );
#5790 = ADVANCED_FACE('',(#5791,#6006,#6037,#6068,#6099,#6130),#3049,.T.
  );
#5791 = FACE_BOUND('',#5792,.T.);
#5792 = EDGE_LOOP('',(#5793,#5816,#5843,#5865,#5889,#5912,#5936,#5959,
    #5981,#5982,#5983,#5984,#6005));
#5793 = ORIENTED_EDGE('',*,*,#5794,.F.);
#5794 = EDGE_CURVE('',#5795,#3787,#5797,.T.);
#5795 = VERTEX_POINT('',#5796);
#5796 = CARTESIAN_POINT('',(12.5,-37.,39.));
#5797 = SURFACE_CURVE('',#5798,(#5802,#5809),.PCURVE_S1.);
#5798 = LINE('',#5799,#5800);
#5799 = CARTESIAN_POINT('',(12.5,-37.,33.5));
#5800 = VECTOR('',#5801,1.);
#5801 = DIRECTION('',(0.,0.,-1.));
#5802 = PCURVE('',#3049,#5803);
#5803 = DEFINITIONAL_REPRESENTATION('',(#5804),#5808);
#5804 = LINE('',#5805,#5806);
#5805 = CARTESIAN_POINT('',(-15.18306585937,-6.106885155405));
#5806 = VECTOR('',#5807,1.);
#5807 = DIRECTION('',(-1.,-0.));
#5808 = ( GEOMETRIC_REPRESENTATION_CONTEXT(2) 
PARAMETRIC_REPRESENTATION_CONTEXT() REPRESENTATION_CONTEXT('2D SPACE',''
  ) );
#5809 = PCURVE('',#3802,#5810);
#5810 = DEFINITIONAL_REPRESENTATION('',(#5811),#5815);
#5811 = LINE('',#5812,#5813);
#5812 = CARTESIAN_POINT('',(0.,5.));
#5813 = VECTOR('',#5814,1.);
#5814 = DIRECTION('',(-1.,0.));
#5815 = ( GEOMETRIC_REPRESENTATION_CONTEXT(2) 
PARAMETRIC_REPRESENTATION_CONTEXT() REPRESENTATION_CONTEXT('2D SPACE',''
  ) );
#5816 = ORIENTED_EDGE('',*,*,#5817,.F.);
#5817 = EDGE_CURVE('',#5818,#5795,#5820,.T.);
#5818 = VERTEX_POINT('',#5819);
#5819 = CARTESIAN_POINT('',(24.5,-37.,39.));
#5820 = SURFACE_CURVE('',#5821,(#5825,#5832),.PCURVE_S1.);
#5821 = LINE('',#5822,#5823);
#5822 = CARTESIAN_POINT('',(3.375,-37.,39.));
#5823 = VECTOR('',#5824,1.);
#5824 = DIRECTION('',(-1.,2.22044604925E-16,0.));
#5825 = PCURVE('',#3049,#5826);
#5826 = DEFINITIONAL_REPRESENTATION('',(#5827),#5831);
#5827 = LINE('',#5828,#5829);
#5828 = CARTESIAN_POINT('',(-9.68306585937,3.018114844595));
#5829 = VECTOR('',#5830,1.);
#5830 = DIRECTION('',(0.,1.));
#5831 = ( GEOMETRIC_REPRESENTATION_CONTEXT(2) 
PARAMETRIC_REPRESENTATION_CONTEXT() REPRESENTATION_CONTEXT('2D SPACE',''
  ) );
#5832 = PCURVE('',#5833,#5838);
#5833 = PLANE('',#5834);
#5834 = AXIS2_PLACEMENT_3D('',#5835,#5836,#5837);
#5835 = CARTESIAN_POINT('',(-8.605032162957E-15,-37.16705197396,39.));
#5836 = DIRECTION('',(0.,0.,1.));
#5837 = DIRECTION('',(-2.22044604925E-16,-1.,0.));
#5838 = DEFINITIONAL_REPRESENTATION('',(#5839),#5842);
#5839 = B_SPLINE_CURVE_WITH_KNOTS('',1,(#5840,#5841),.UNSPECIFIED.,.F.,
  .F.,(2,2),(-21.125,17.375),.PIECEWISE_BEZIER_KNOTS.);
#5840 = CARTESIAN_POINT('',(-0.167051973961,24.5));
#5841 = CARTESIAN_POINT('',(-0.167051973961,-14.));
#5842 = ( GEOMETRIC_REPRESENTATION_CONTEXT(2) 
PARAMETRIC_REPRESENTATION_CONTEXT() REPRESENTATION_CONTEXT('2D SPACE',''
  ) );
#5843 = ORIENTED_EDGE('',*,*,#5844,.F.);
#5844 = EDGE_CURVE('',#5845,#5818,#5847,.T.);
#5845 = VERTEX_POINT('',#5846);
#5846 = CARTESIAN_POINT('',(24.5,-37.,37.917424305044));
#5847 = SURFACE_CURVE('',#5848,(#5852,#5859),.PCURVE_S1.);
#5848 = LINE('',#5849,#5850);
#5849 = CARTESIAN_POINT('',(24.5,-37.,42.));
#5850 = VECTOR('',#5851,1.);
#5851 = DIRECTION('',(0.,0.,1.));
#5852 = PCURVE('',#3049,#5853);
#5853 = DEFINITIONAL_REPRESENTATION('',(#5854),#5858);
#5854 = LINE('',#5855,#5856);
#5855 = CARTESIAN_POINT('',(-6.68306585937,-18.1068851554));
#5856 = VECTOR('',#5857,1.);
#5857 = DIRECTION('',(1.,0.));
#5858 = ( GEOMETRIC_REPRESENTATION_CONTEXT(2) 
PARAMETRIC_REPRESENTATION_CONTEXT() REPRESENTATION_CONTEXT('2D SPACE',''
  ) );
#5859 = PCURVE('',#3680,#5860);
#5860 = DEFINITIONAL_REPRESENTATION('',(#5861),#5864);
#5861 = B_SPLINE_CURVE_WITH_KNOTS('',1,(#5862,#5863),.UNSPECIFIED.,.F.,
  .F.,(2,2),(-4.5,-3.),.PIECEWISE_BEZIER_KNOTS.);
#5862 = CARTESIAN_POINT('',(4.,5.));
#5863 = CARTESIAN_POINT('',(5.5,5.));
#5864 = ( GEOMETRIC_REPRESENTATION_CONTEXT(2) 
PARAMETRIC_REPRESENTATION_CONTEXT() REPRESENTATION_CONTEXT('2D SPACE',''
  ) );
#5865 = ORIENTED_EDGE('',*,*,#5866,.T.);
#5866 = EDGE_CURVE('',#5845,#5867,#5869,.T.);
#5867 = VERTEX_POINT('',#5868);
#5868 = CARTESIAN_POINT('',(27.5,-37.,42.5));
#5869 = SURFACE_CURVE('',#5870,(#5875,#5882),.PCURVE_S1.);
#5870 = CIRCLE('',#5871,5.);
#5871 = AXIS2_PLACEMENT_3D('',#5872,#5873,#5874);
#5872 = CARTESIAN_POINT('',(22.5,-37.,42.5));
#5873 = DIRECTION('',(-2.22044604925E-16,-1.,0.));
#5874 = DIRECTION('',(0.,0.,1.));
#5875 = PCURVE('',#3049,#5876);
#5876 = DEFINITIONAL_REPRESENTATION('',(#5877),#5881);
#5877 = CIRCLE('',#5878,5.);
#5878 = AXIS2_PLACEMENT_2D('',#5879,#5880);
#5879 = CARTESIAN_POINT('',(-6.18306585937,-16.1068851554));
#5880 = DIRECTION('',(1.,0.));
#5881 = ( GEOMETRIC_REPRESENTATION_CONTEXT(2) 
PARAMETRIC_REPRESENTATION_CONTEXT() REPRESENTATION_CONTEXT('2D SPACE',''
  ) );
#5882 = PCURVE('',#5568,#5883);
#5883 = DEFINITIONAL_REPRESENTATION('',(#5884),#5888);
#5884 = LINE('',#5885,#5886);
#5885 = CARTESIAN_POINT('',(0.,4.));
#5886 = VECTOR('',#5887,1.);
#5887 = DIRECTION('',(1.,0.));
#5888 = ( GEOMETRIC_REPRESENTATION_CONTEXT(2) 
PARAMETRIC_REPRESENTATION_CONTEXT() REPRESENTATION_CONTEXT('2D SPACE',''
  ) );
#5889 = ORIENTED_EDGE('',*,*,#5890,.T.);
#5890 = EDGE_CURVE('',#5867,#5891,#5893,.T.);
#5891 = VERTEX_POINT('',#5892);
#5892 = CARTESIAN_POINT('',(27.5,-37.,58.5));
#5893 = SURFACE_CURVE('',#5894,(#5898,#5905),.PCURVE_S1.);
#5894 = LINE('',#5895,#5896);
#5895 = CARTESIAN_POINT('',(27.5,-37.,42.5));
#5896 = VECTOR('',#5897,1.);
#5897 = DIRECTION('',(0.,0.,1.));
#5898 = PCURVE('',#3049,#5899);
#5899 = DEFINITIONAL_REPRESENTATION('',(#5900),#5904);
#5900 = LINE('',#5901,#5902);
#5901 = CARTESIAN_POINT('',(-6.18306585937,-21.1068851554));
#5902 = VECTOR('',#5903,1.);
#5903 = DIRECTION('',(1.,0.));
#5904 = ( GEOMETRIC_REPRESENTATION_CONTEXT(2) 
PARAMETRIC_REPRESENTATION_CONTEXT() REPRESENTATION_CONTEXT('2D SPACE',''
  ) );
#5905 = PCURVE('',#5535,#5906);
#5906 = DEFINITIONAL_REPRESENTATION('',(#5907),#5911);
#5907 = LINE('',#5908,#5909);
#5908 = CARTESIAN_POINT('',(0.,4.));
#5909 = VECTOR('',#5910,1.);
#5910 = DIRECTION('',(1.,0.));
#5911 = ( GEOMETRIC_REPRESENTATION_CONTEXT(2) 
PARAMETRIC_REPRESENTATION_CONTEXT() REPRESENTATION_CONTEXT('2D SPACE',''
  ) );
#5912 = ORIENTED_EDGE('',*,*,#5913,.T.);
#5913 = EDGE_CURVE('',#5891,#5914,#5916,.T.);
#5914 = VERTEX_POINT('',#5915);
#5915 = CARTESIAN_POINT('',(22.5,-37.,63.5));
#5916 = SURFACE_CURVE('',#5917,(#5922,#5929),.PCURVE_S1.);
#5917 = CIRCLE('',#5918,5.);
#5918 = AXIS2_PLACEMENT_3D('',#5919,#5920,#5921);
#5919 = CARTESIAN_POINT('',(22.5,-37.,58.5));
#5920 = DIRECTION('',(-2.22044604925E-16,-1.,0.));
#5921 = DIRECTION('',(0.,0.,1.));
#5922 = PCURVE('',#3049,#5923);
#5923 = DEFINITIONAL_REPRESENTATION('',(#5924),#5928);
#5924 = CIRCLE('',#5925,5.);
#5925 = AXIS2_PLACEMENT_2D('',#5926,#5927);
#5926 = CARTESIAN_POINT('',(9.81693414063,-16.1068851554));
#5927 = DIRECTION('',(1.,0.));
#5928 = ( GEOMETRIC_REPRESENTATION_CONTEXT(2) 
PARAMETRIC_REPRESENTATION_CONTEXT() REPRESENTATION_CONTEXT('2D SPACE',''
  ) );
#5929 = PCURVE('',#5507,#5930);
#5930 = DEFINITIONAL_REPRESENTATION('',(#5931),#5935);
#5931 = LINE('',#5932,#5933);
#5932 = CARTESIAN_POINT('',(0.,4.));
#5933 = VECTOR('',#5934,1.);
#5934 = DIRECTION('',(1.,0.));
#5935 = ( GEOMETRIC_REPRESENTATION_CONTEXT(2) 
PARAMETRIC_REPRESENTATION_CONTEXT() REPRESENTATION_CONTEXT('2D SPACE',''
  ) );
#5936 = ORIENTED_EDGE('',*,*,#5937,.F.);
#5937 = EDGE_CURVE('',#5938,#5914,#5940,.T.);
#5938 = VERTEX_POINT('',#5939);
#5939 = CARTESIAN_POINT('',(-9.,-37.,63.5));
#5940 = SURFACE_CURVE('',#5941,(#5945,#5952),.PCURVE_S1.);
#5941 = LINE('',#5942,#5943);
#5942 = CARTESIAN_POINT('',(-9.,-37.,63.5));
#5943 = VECTOR('',#5944,1.);
#5944 = DIRECTION('',(1.,-2.22044604925E-16,0.));
#5945 = PCURVE('',#3049,#5946);
#5946 = DEFINITIONAL_REPRESENTATION('',(#5947),#5951);
#5947 = LINE('',#5948,#5949);
#5948 = CARTESIAN_POINT('',(14.81693414063,15.393114844595));
#5949 = VECTOR('',#5950,1.);
#5950 = DIRECTION('',(0.,-1.));
#5951 = ( GEOMETRIC_REPRESENTATION_CONTEXT(2) 
PARAMETRIC_REPRESENTATION_CONTEXT() REPRESENTATION_CONTEXT('2D SPACE',''
  ) );
#5952 = PCURVE('',#5474,#5953);
#5953 = DEFINITIONAL_REPRESENTATION('',(#5954),#5958);
#5954 = LINE('',#5955,#5956);
#5955 = CARTESIAN_POINT('',(4.,0.));
#5956 = VECTOR('',#5957,1.);
#5957 = DIRECTION('',(0.,1.));
#5958 = ( GEOMETRIC_REPRESENTATION_CONTEXT(2) 
PARAMETRIC_REPRESENTATION_CONTEXT() REPRESENTATION_CONTEXT('2D SPACE',''
  ) );
#5959 = ORIENTED_EDGE('',*,*,#5960,.T.);
#5960 = EDGE_CURVE('',#5938,#3008,#5961,.T.);
#5961 = SURFACE_CURVE('',#5962,(#5967,#5974),.PCURVE_S1.);
#5962 = CIRCLE('',#5963,5.);
#5963 = AXIS2_PLACEMENT_3D('',#5964,#5965,#5966);
#5964 = CARTESIAN_POINT('',(-9.,-37.,58.5));
#5965 = DIRECTION('',(-2.22044604925E-16,-1.,0.));
#5966 = DIRECTION('',(0.,0.,1.));
#5967 = PCURVE('',#3049,#5968);
#5968 = DEFINITIONAL_REPRESENTATION('',(#5969),#5973);
#5969 = CIRCLE('',#5970,5.);
#5970 = AXIS2_PLACEMENT_2D('',#5971,#5972);
#5971 = CARTESIAN_POINT('',(9.81693414063,15.393114844595));
#5972 = DIRECTION('',(1.,0.));
#5973 = ( GEOMETRIC_REPRESENTATION_CONTEXT(2) 
PARAMETRIC_REPRESENTATION_CONTEXT() REPRESENTATION_CONTEXT('2D SPACE',''
  ) );
#5974 = PCURVE('',#3023,#5975);
#5975 = DEFINITIONAL_REPRESENTATION('',(#5976),#5980);
#5976 = LINE('',#5977,#5978);
#5977 = CARTESIAN_POINT('',(0.,4.));
#5978 = VECTOR('',#5979,1.);
#5979 = DIRECTION('',(1.,0.));
#5980 = ( GEOMETRIC_REPRESENTATION_CONTEXT(2) 
PARAMETRIC_REPRESENTATION_CONTEXT() REPRESENTATION_CONTEXT('2D SPACE',''
  ) );
#5981 = ORIENTED_EDGE('',*,*,#3035,.F.);
#5982 = ORIENTED_EDGE('',*,*,#4469,.T.);
#5983 = ORIENTED_EDGE('',*,*,#4229,.F.);
#5984 = ORIENTED_EDGE('',*,*,#5985,.T.);
#5985 = EDGE_CURVE('',#4207,#3815,#5986,.T.);
#5986 = SURFACE_CURVE('',#5987,(#5991,#5998),.PCURVE_S1.);
#5987 = LINE('',#5988,#5989);
#5988 = CARTESIAN_POINT('',(-12.5,-37.,33.5));
#5989 = VECTOR('',#5990,1.);
#5990 = DIRECTION('',(0.,0.,-1.));
#5991 = PCURVE('',#3049,#5992);
#5992 = DEFINITIONAL_REPRESENTATION('',(#5993),#5997);
#5993 = LINE('',#5994,#5995);
#5994 = CARTESIAN_POINT('',(-15.18306585937,18.893114844595));
#5995 = VECTOR('',#5996,1.);
#5996 = DIRECTION('',(-1.,-0.));
#5997 = ( GEOMETRIC_REPRESENTATION_CONTEXT(2) 
PARAMETRIC_REPRESENTATION_CONTEXT() REPRESENTATION_CONTEXT('2D SPACE',''
  ) );
#5998 = PCURVE('',#3853,#5999);
#5999 = DEFINITIONAL_REPRESENTATION('',(#6000),#6004);
#6000 = LINE('',#6001,#6002);
#6001 = CARTESIAN_POINT('',(0.,5.));
#6002 = VECTOR('',#6003,1.);
#6003 = DIRECTION('',(-1.,0.));
#6004 = ( GEOMETRIC_REPRESENTATION_CONTEXT(2) 
PARAMETRIC_REPRESENTATION_CONTEXT() REPRESENTATION_CONTEXT('2D SPACE',''
  ) );
#6005 = ORIENTED_EDGE('',*,*,#3814,.T.);
#6006 = FACE_BOUND('',#6007,.T.);
#6007 = EDGE_LOOP('',(#6008));
#6008 = ORIENTED_EDGE('',*,*,#6009,.F.);
#6009 = EDGE_CURVE('',#6010,#6010,#6012,.T.);
#6010 = VERTEX_POINT('',#6011);
#6011 = CARTESIAN_POINT('',(22.5,-37.,43.6));
#6012 = SURFACE_CURVE('',#6013,(#6018,#6025),.PCURVE_S1.);
#6013 = CIRCLE('',#6014,1.1);
#6014 = AXIS2_PLACEMENT_3D('',#6015,#6016,#6017);
#6015 = CARTESIAN_POINT('',(22.5,-37.,42.5));
#6016 = DIRECTION('',(-2.22044604925E-16,-1.,0.));
#6017 = DIRECTION('',(0.,0.,1.));
#6018 = PCURVE('',#3049,#6019);
#6019 = DEFINITIONAL_REPRESENTATION('',(#6020),#6024);
#6020 = CIRCLE('',#6021,1.1);
#6021 = AXIS2_PLACEMENT_2D('',#6022,#6023);
#6022 = CARTESIAN_POINT('',(-6.18306585937,-16.1068851554));
#6023 = DIRECTION('',(1.,0.));
#6024 = ( GEOMETRIC_REPRESENTATION_CONTEXT(2) 
PARAMETRIC_REPRESENTATION_CONTEXT() REPRESENTATION_CONTEXT('2D SPACE',''
  ) );
#6025 = PCURVE('',#6026,#6031);
#6026 = CYLINDRICAL_SURFACE('',#6027,1.1);
#6027 = AXIS2_PLACEMENT_3D('',#6028,#6029,#6030);
#6028 = CARTESIAN_POINT('',(22.5,-27.9,42.5));
#6029 = DIRECTION('',(-2.22044604925E-16,-1.,0.));
#6030 = DIRECTION('',(0.,0.,1.));
#6031 = DEFINITIONAL_REPRESENTATION('',(#6032),#6036);
#6032 = LINE('',#6033,#6034);
#6033 = CARTESIAN_POINT('',(0.,9.1));
#6034 = VECTOR('',#6035,1.);
#6035 = DIRECTION('',(1.,0.));
#6036 = ( GEOMETRIC_REPRESENTATION_CONTEXT(2) 
PARAMETRIC_REPRESENTATION_CONTEXT() REPRESENTATION_CONTEXT('2D SPACE',''
  ) );
#6037 = FACE_BOUND('',#6038,.T.);
#6038 = EDGE_LOOP('',(#6039));
#6039 = ORIENTED_EDGE('',*,*,#6040,.F.);
#6040 = EDGE_CURVE('',#6041,#6041,#6043,.T.);
#6041 = VERTEX_POINT('',#6042);
#6042 = CARTESIAN_POINT('',(22.5,-37.,59.6));
#6043 = SURFACE_CURVE('',#6044,(#6049,#6056),.PCURVE_S1.);
#6044 = CIRCLE('',#6045,1.1);
#6045 = AXIS2_PLACEMENT_3D('',#6046,#6047,#6048);
#6046 = CARTESIAN_POINT('',(22.5,-37.,58.5));
#6047 = DIRECTION('',(-2.22044604925E-16,-1.,0.));
#6048 = DIRECTION('',(0.,0.,1.));
#6049 = PCURVE('',#3049,#6050);
#6050 = DEFINITIONAL_REPRESENTATION('',(#6051),#6055);
#6051 = CIRCLE('',#6052,1.1);
#6052 = AXIS2_PLACEMENT_2D('',#6053,#6054);
#6053 = CARTESIAN_POINT('',(9.81693414063,-16.1068851554));
#6054 = DIRECTION('',(1.,0.));
#6055 = ( GEOMETRIC_REPRESENTATION_CONTEXT(2) 
PARAMETRIC_REPRESENTATION_CONTEXT() REPRESENTATION_CONTEXT('2D SPACE',''
  ) );
#6056 = PCURVE('',#6057,#6062);
#6057 = CYLINDRICAL_SURFACE('',#6058,1.1);
#6058 = AXIS2_PLACEMENT_3D('',#6059,#6060,#6061);
#6059 = CARTESIAN_POINT('',(22.5,-27.9,58.5));
#6060 = DIRECTION('',(-2.22044604925E-16,-1.,0.));
#6061 = DIRECTION('',(0.,0.,1.));
#6062 = DEFINITIONAL_REPRESENTATION('',(#6063),#6067);
#6063 = LINE('',#6064,#6065);
#6064 = CARTESIAN_POINT('',(0.,9.1));
#6065 = VECTOR('',#6066,1.);
#6066 = DIRECTION('',(1.,0.));
#6067 = ( GEOMETRIC_REPRESENTATION_CONTEXT(2) 
PARAMETRIC_REPRESENTATION_CONTEXT() REPRESENTATION_CONTEXT('2D SPACE',''
  ) );
#6068 = FACE_BOUND('',#6069,.T.);
#6069 = EDGE_LOOP('',(#6070));
#6070 = ORIENTED_EDGE('',*,*,#6071,.F.);
#6071 = EDGE_CURVE('',#6072,#6072,#6074,.T.);
#6072 = VERTEX_POINT('',#6073);
#6073 = CARTESIAN_POINT('',(-6.133750823676E-15,-37.,59.));
#6074 = SURFACE_CURVE('',#6075,(#6080,#6087),.PCURVE_S1.);
#6075 = CIRCLE('',#6076,8.5);
#6076 = AXIS2_PLACEMENT_3D('',#6077,#6078,#6079);
#6077 = CARTESIAN_POINT('',(-8.215650382226E-15,-37.,50.5));
#6078 = DIRECTION('',(-2.22044604925E-16,-1.,0.));
#6079 = DIRECTION('',(0.,0.,1.));
#6080 = PCURVE('',#3049,#6081);
#6081 = DEFINITIONAL_REPRESENTATION('',(#6082),#6086);
#6082 = CIRCLE('',#6083,8.5);
#6083 = AXIS2_PLACEMENT_2D('',#6084,#6085);
#6084 = CARTESIAN_POINT('',(1.81693414063,6.393114844595));
#6085 = DIRECTION('',(1.,0.));
#6086 = ( GEOMETRIC_REPRESENTATION_CONTEXT(2) 
PARAMETRIC_REPRESENTATION_CONTEXT() REPRESENTATION_CONTEXT('2D SPACE',''
  ) );
#6087 = PCURVE('',#6088,#6093);
#6088 = CYLINDRICAL_SURFACE('',#6089,8.5);
#6089 = AXIS2_PLACEMENT_3D('',#6090,#6091,#6092);
#6090 = CARTESIAN_POINT('',(-7.305267502034E-15,-32.9,50.5));
#6091 = DIRECTION('',(-2.22044604925E-16,-1.,0.));
#6092 = DIRECTION('',(0.,0.,1.));
#6093 = DEFINITIONAL_REPRESENTATION('',(#6094),#6098);
#6094 = LINE('',#6095,#6096);
#6095 = CARTESIAN_POINT('',(0.,4.1));
#6096 = VECTOR('',#6097,1.);
#6097 = DIRECTION('',(1.,0.));
#6098 = ( GEOMETRIC_REPRESENTATION_CONTEXT(2) 
PARAMETRIC_REPRESENTATION_CONTEXT() REPRESENTATION_CONTEXT('2D SPACE',''
  ) );
#6099 = FACE_BOUND('',#6100,.T.);
#6100 = EDGE_LOOP('',(#6101));
#6101 = ORIENTED_EDGE('',*,*,#6102,.F.);
#6102 = EDGE_CURVE('',#6103,#6103,#6105,.T.);
#6103 = VERTEX_POINT('',#6104);
#6104 = CARTESIAN_POINT('',(-7.5,-37.,43.6));
#6105 = SURFACE_CURVE('',#6106,(#6111,#6118),.PCURVE_S1.);
#6106 = CIRCLE('',#6107,1.1);
#6107 = AXIS2_PLACEMENT_3D('',#6108,#6109,#6110);
#6108 = CARTESIAN_POINT('',(-7.5,-37.,42.5));
#6109 = DIRECTION('',(-2.22044604925E-16,-1.,0.));
#6110 = DIRECTION('',(0.,0.,1.));
#6111 = PCURVE('',#3049,#6112);
#6112 = DEFINITIONAL_REPRESENTATION('',(#6113),#6117);
#6113 = CIRCLE('',#6114,1.1);
#6114 = AXIS2_PLACEMENT_2D('',#6115,#6116);
#6115 = CARTESIAN_POINT('',(-6.18306585937,13.893114844595));
#6116 = DIRECTION('',(1.,0.));
#6117 = ( GEOMETRIC_REPRESENTATION_CONTEXT(2) 
PARAMETRIC_REPRESENTATION_CONTEXT() REPRESENTATION_CONTEXT('2D SPACE',''
  ) );
#6118 = PCURVE('',#6119,#6124);
#6119 = CYLINDRICAL_SURFACE('',#6120,1.1);
#6120 = AXIS2_PLACEMENT_3D('',#6121,#6122,#6123);
#6121 = CARTESIAN_POINT('',(-7.5,-27.9,42.5));
#6122 = DIRECTION('',(-2.22044604925E-16,-1.,0.));
#6123 = DIRECTION('',(0.,0.,1.));
#6124 = DEFINITIONAL_REPRESENTATION('',(#6125),#6129);
#6125 = LINE('',#6126,#6127);
#6126 = CARTESIAN_POINT('',(0.,9.1));
#6127 = VECTOR('',#6128,1.);
#6128 = DIRECTION('',(1.,0.));
#6129 = ( GEOMETRIC_REPRESENTATION_CONTEXT(2) 
PARAMETRIC_REPRESENTATION_CONTEXT() REPRESENTATION_CONTEXT('2D SPACE',''
  ) );
#6130 = FACE_BOUND('',#6131,.T.);
#6131 = EDGE_LOOP('',(#6132));
#6132 = ORIENTED_EDGE('',*,*,#6133,.F.);
#6133 = EDGE_CURVE('',#6134,#6134,#6136,.T.);
#6134 = VERTEX_POINT('',#6135);
#6135 = CARTESIAN_POINT('',(-7.5,-37.,59.6));
#6136 = SURFACE_CURVE('',#6137,(#6142,#6149),.PCURVE_S1.);
#6137 = CIRCLE('',#6138,1.1);
#6138 = AXIS2_PLACEMENT_3D('',#6139,#6140,#6141);
#6139 = CARTESIAN_POINT('',(-7.5,-37.,58.5));
#6140 = DIRECTION('',(-2.22044604925E-16,-1.,0.));
#6141 = DIRECTION('',(0.,0.,1.));
#6142 = PCURVE('',#3049,#6143);
#6143 = DEFINITIONAL_REPRESENTATION('',(#6144),#6148);
#6144 = CIRCLE('',#6145,1.1);
#6145 = AXIS2_PLACEMENT_2D('',#6146,#6147);
#6146 = CARTESIAN_POINT('',(9.81693414063,13.893114844595));
#6147 = DIRECTION('',(1.,0.));
#6148 = ( GEOMETRIC_REPRESENTATION_CONTEXT(2) 
PARAMETRIC_REPRESENTATION_CONTEXT() REPRESENTATION_CONTEXT('2D SPACE',''
  ) );
#6149 = PCURVE('',#6150,#6155);
#6150 = CYLINDRICAL_SURFACE('',#6151,1.1);
#6151 = AXIS2_PLACEMENT_3D('',#6152,#6153,#6154);
#6152 = CARTESIAN_POINT('',(-7.5,-27.9,58.5));
#6153 = DIRECTION('',(-2.22044604925E-16,-1.,0.));
#6154 = DIRECTION('',(0.,0.,1.));
#6155 = DEFINITIONAL_REPRESENTATION('',(#6156),#6160);
#6156 = LINE('',#6157,#6158);
#6157 = CARTESIAN_POINT('',(0.,9.1));
#6158 = VECTOR('',#6159,1.);
#6159 = DIRECTION('',(1.,0.));
#6160 = ( GEOMETRIC_REPRESENTATION_CONTEXT(2) 
PARAMETRIC_REPRESENTATION_CONTEXT() REPRESENTATION_CONTEXT('2D SPACE',''
  ) );
#6161 = ADVANCED_FACE('',(#6162),#3023,.T.);
#6162 = FACE_BOUND('',#6163,.T.);
#6163 = EDGE_LOOP('',(#6164,#6165,#6187,#6209,#6235,#6236));
#6164 = ORIENTED_EDGE('',*,*,#5960,.F.);
#6165 = ORIENTED_EDGE('',*,*,#6166,.F.);
#6166 = EDGE_CURVE('',#6167,#5938,#6169,.T.);
#6167 = VERTEX_POINT('',#6168);
#6168 = CARTESIAN_POINT('',(-9.,-33.,63.5));
#6169 = SURFACE_CURVE('',#6170,(#6174,#6180),.PCURVE_S1.);
#6170 = LINE('',#6171,#6172);
#6171 = CARTESIAN_POINT('',(-9.,-33.,63.5));
#6172 = VECTOR('',#6173,1.);
#6173 = DIRECTION('',(-2.22044604925E-16,-1.,0.));
#6174 = PCURVE('',#3023,#6175);
#6175 = DEFINITIONAL_REPRESENTATION('',(#6176),#6179);
#6176 = B_SPLINE_CURVE_WITH_KNOTS('',1,(#6177,#6178),.UNSPECIFIED.,.F.,
  .F.,(2,2),(0.,4.),.PIECEWISE_BEZIER_KNOTS.);
#6177 = CARTESIAN_POINT('',(0.,0.));
#6178 = CARTESIAN_POINT('',(0.,4.));
#6179 = ( GEOMETRIC_REPRESENTATION_CONTEXT(2) 
PARAMETRIC_REPRESENTATION_CONTEXT() REPRESENTATION_CONTEXT('2D SPACE',''
  ) );
#6180 = PCURVE('',#5474,#6181);
#6181 = DEFINITIONAL_REPRESENTATION('',(#6182),#6186);
#6182 = LINE('',#6183,#6184);
#6183 = CARTESIAN_POINT('',(0.,0.));
#6184 = VECTOR('',#6185,1.);
#6185 = DIRECTION('',(1.,0.));
#6186 = ( GEOMETRIC_REPRESENTATION_CONTEXT(2) 
PARAMETRIC_REPRESENTATION_CONTEXT() REPRESENTATION_CONTEXT('2D SPACE',''
  ) );
#6187 = ORIENTED_EDGE('',*,*,#6188,.T.);
#6188 = EDGE_CURVE('',#6167,#3119,#6189,.T.);
#6189 = SURFACE_CURVE('',#6190,(#6195,#6202),.PCURVE_S1.);
#6190 = CIRCLE('',#6191,5.);
#6191 = AXIS2_PLACEMENT_3D('',#6192,#6193,#6194);
#6192 = CARTESIAN_POINT('',(-9.,-33.,58.5));
#6193 = DIRECTION('',(-2.22044604925E-16,-1.,0.));
#6194 = DIRECTION('',(0.,0.,1.));
#6195 = PCURVE('',#3023,#6196);
#6196 = DEFINITIONAL_REPRESENTATION('',(#6197),#6201);
#6197 = LINE('',#6198,#6199);
#6198 = CARTESIAN_POINT('',(0.,0.));
#6199 = VECTOR('',#6200,1.);
#6200 = DIRECTION('',(1.,0.));
#6201 = ( GEOMETRIC_REPRESENTATION_CONTEXT(2) 
PARAMETRIC_REPRESENTATION_CONTEXT() REPRESENTATION_CONTEXT('2D SPACE',''
  ) );
#6202 = PCURVE('',#3168,#6203);
#6203 = DEFINITIONAL_REPRESENTATION('',(#6204),#6208);
#6204 = CIRCLE('',#6205,5.);
#6205 = AXIS2_PLACEMENT_2D('',#6206,#6207);
#6206 = CARTESIAN_POINT('',(8.,9.));
#6207 = DIRECTION('',(1.,0.));
#6208 = ( GEOMETRIC_REPRESENTATION_CONTEXT(2) 
PARAMETRIC_REPRESENTATION_CONTEXT() REPRESENTATION_CONTEXT('2D SPACE',''
  ) );
#6209 = ORIENTED_EDGE('',*,*,#6210,.T.);
#6210 = EDGE_CURVE('',#3119,#3065,#6211,.T.);
#6211 = SURFACE_CURVE('',#6212,(#6217,#6224),.PCURVE_S1.);
#6212 = CIRCLE('',#6213,5.);
#6213 = AXIS2_PLACEMENT_3D('',#6214,#6215,#6216);
#6214 = CARTESIAN_POINT('',(-9.,-33.,58.5));
#6215 = DIRECTION('',(-2.22044604925E-16,-1.,0.));
#6216 = DIRECTION('',(0.,0.,1.));
#6217 = PCURVE('',#3023,#6218);
#6218 = DEFINITIONAL_REPRESENTATION('',(#6219),#6223);
#6219 = LINE('',#6220,#6221);
#6220 = CARTESIAN_POINT('',(0.,0.));
#6221 = VECTOR('',#6222,1.);
#6222 = DIRECTION('',(1.,0.));
#6223 = ( GEOMETRIC_REPRESENTATION_CONTEXT(2) 
PARAMETRIC_REPRESENTATION_CONTEXT() REPRESENTATION_CONTEXT('2D SPACE',''
  ) );
#6224 = PCURVE('',#3135,#6225);
#6225 = DEFINITIONAL_REPRESENTATION('',(#6226),#6234);
#6226 = ( BOUNDED_CURVE() B_SPLINE_CURVE(2,(#6227,#6228,#6229,#6230,
#6231,#6232,#6233),.UNSPECIFIED.,.T.,.F.) B_SPLINE_CURVE_WITH_KNOTS((1,2
    ,2,2,2,1),(-2.094395102393,0.,2.094395102393,4.188790204786,
6.28318530718,8.377580409573),.UNSPECIFIED.) CURVE() 
GEOMETRIC_REPRESENTATION_ITEM() RATIONAL_B_SPLINE_CURVE((1.,0.5,1.,0.5,
1.,0.5,1.)) REPRESENTATION_ITEM('') );
#6227 = CARTESIAN_POINT('',(-13.,15.75));
#6228 = CARTESIAN_POINT('',(-13.,24.410254037844));
#6229 = CARTESIAN_POINT('',(-5.5,20.080127018922));
#6230 = CARTESIAN_POINT('',(2.,15.75));
#6231 = CARTESIAN_POINT('',(-5.5,11.419872981078));
#6232 = CARTESIAN_POINT('',(-13.,7.089745962156));
#6233 = CARTESIAN_POINT('',(-13.,15.75));
#6234 = ( GEOMETRIC_REPRESENTATION_CONTEXT(2) 
PARAMETRIC_REPRESENTATION_CONTEXT() REPRESENTATION_CONTEXT('2D SPACE',''
  ) );
#6235 = ORIENTED_EDGE('',*,*,#3064,.T.);
#6236 = ORIENTED_EDGE('',*,*,#3007,.T.);
#6237 = ADVANCED_FACE('',(#6238),#3135,.T.);
#6238 = FACE_BOUND('',#6239,.T.);
#6239 = EDGE_LOOP('',(#6240,#6241));
#6240 = ORIENTED_EDGE('',*,*,#6210,.F.);
#6241 = ORIENTED_EDGE('',*,*,#3118,.T.);
#6242 = ADVANCED_FACE('',(#6243),#3168,.T.);
#6243 = FACE_BOUND('',#6244,.T.);
#6244 = EDGE_LOOP('',(#6245,#6246,#6247,#6248));
#6245 = ORIENTED_EDGE('',*,*,#3180,.T.);
#6246 = ORIENTED_EDGE('',*,*,#3151,.T.);
#6247 = ORIENTED_EDGE('',*,*,#6188,.F.);
#6248 = ORIENTED_EDGE('',*,*,#6249,.T.);
#6249 = EDGE_CURVE('',#6167,#3181,#6250,.T.);
#6250 = SURFACE_CURVE('',#6251,(#6255,#6262),.PCURVE_S1.);
#6251 = LINE('',#6252,#6253);
#6252 = CARTESIAN_POINT('',(-9.,-33.,63.5));
#6253 = VECTOR('',#6254,1.);
#6254 = DIRECTION('',(1.,-2.22044604925E-16,0.));
#6255 = PCURVE('',#3168,#6256);
#6256 = DEFINITIONAL_REPRESENTATION('',(#6257),#6261);
#6257 = LINE('',#6258,#6259);
#6258 = CARTESIAN_POINT('',(13.,9.));
#6259 = VECTOR('',#6260,1.);
#6260 = DIRECTION('',(0.,-1.));
#6261 = ( GEOMETRIC_REPRESENTATION_CONTEXT(2) 
PARAMETRIC_REPRESENTATION_CONTEXT() REPRESENTATION_CONTEXT('2D SPACE',''
  ) );
#6262 = PCURVE('',#5474,#6263);
#6263 = DEFINITIONAL_REPRESENTATION('',(#6264),#6268);
#6264 = LINE('',#6265,#6266);
#6265 = CARTESIAN_POINT('',(0.,0.));
#6266 = VECTOR('',#6267,1.);
#6267 = DIRECTION('',(0.,1.));
#6268 = ( GEOMETRIC_REPRESENTATION_CONTEXT(2) 
PARAMETRIC_REPRESENTATION_CONTEXT() REPRESENTATION_CONTEXT('2D SPACE',''
  ) );
#6269 = ADVANCED_FACE('',(#6270),#3973,.F.);
#6270 = FACE_BOUND('',#6271,.F.);
#6271 = EDGE_LOOP('',(#6272,#6273,#6274,#6275));
#6272 = ORIENTED_EDGE('',*,*,#3959,.F.);
#6273 = ORIENTED_EDGE('',*,*,#4086,.T.);
#6274 = ORIENTED_EDGE('',*,*,#4112,.T.);
#6275 = ORIENTED_EDGE('',*,*,#6276,.F.);
#6276 = EDGE_CURVE('',#3927,#4113,#6277,.T.);
#6277 = SURFACE_CURVE('',#6278,(#6282,#6289),.PCURVE_S1.);
#6278 = LINE('',#6279,#6280);
#6279 = CARTESIAN_POINT('',(-24.5,-44.,33.5));
#6280 = VECTOR('',#6281,1.);
#6281 = DIRECTION('',(0.,0.,1.));
#6282 = PCURVE('',#3973,#6283);
#6283 = DEFINITIONAL_REPRESENTATION('',(#6284),#6288);
#6284 = LINE('',#6285,#6286);
#6285 = CARTESIAN_POINT('',(0.,12.));
#6286 = VECTOR('',#6287,1.);
#6287 = DIRECTION('',(1.,0.));
#6288 = ( GEOMETRIC_REPRESENTATION_CONTEXT(2) 
PARAMETRIC_REPRESENTATION_CONTEXT() REPRESENTATION_CONTEXT('2D SPACE',''
  ) );
#6289 = PCURVE('',#3947,#6290);
#6290 = DEFINITIONAL_REPRESENTATION('',(#6291),#6295);
#6291 = LINE('',#6292,#6293);
#6292 = CARTESIAN_POINT('',(4.712388980385,0.));
#6293 = VECTOR('',#6294,1.);
#6294 = DIRECTION('',(0.,1.));
#6295 = ( GEOMETRIC_REPRESENTATION_CONTEXT(2) 
PARAMETRIC_REPRESENTATION_CONTEXT() REPRESENTATION_CONTEXT('2D SPACE',''
  ) );
#6296 = ADVANCED_FACE('',(#6297),#3947,.T.);
#6297 = FACE_BOUND('',#6298,.T.);
#6298 = EDGE_LOOP('',(#6299,#6300,#6301,#6302));
#6299 = ORIENTED_EDGE('',*,*,#4135,.F.);
#6300 = ORIENTED_EDGE('',*,*,#6276,.F.);
#6301 = ORIENTED_EDGE('',*,*,#3926,.T.);
#6302 = ORIENTED_EDGE('',*,*,#6303,.T.);
#6303 = EDGE_CURVE('',#3899,#4136,#6304,.T.);
#6304 = SURFACE_CURVE('',#6305,(#6309,#6315),.PCURVE_S1.);
#6305 = LINE('',#6306,#6307);
#6306 = CARTESIAN_POINT('',(-21.5,-47.,33.5));
#6307 = VECTOR('',#6308,1.);
#6308 = DIRECTION('',(0.,0.,1.));
#6309 = PCURVE('',#3947,#6310);
#6310 = DEFINITIONAL_REPRESENTATION('',(#6311),#6314);
#6311 = B_SPLINE_CURVE_WITH_KNOTS('',1,(#6312,#6313),.UNSPECIFIED.,.F.,
  .F.,(2,2),(0.,5.5),.PIECEWISE_BEZIER_KNOTS.);
#6312 = CARTESIAN_POINT('',(6.28318530718,0.));
#6313 = CARTESIAN_POINT('',(6.28318530718,5.5));
#6314 = ( GEOMETRIC_REPRESENTATION_CONTEXT(2) 
PARAMETRIC_REPRESENTATION_CONTEXT() REPRESENTATION_CONTEXT('2D SPACE',''
  ) );
#6315 = PCURVE('',#3914,#6316);
#6316 = DEFINITIONAL_REPRESENTATION('',(#6317),#6321);
#6317 = LINE('',#6318,#6319);
#6318 = CARTESIAN_POINT('',(0.,0.));
#6319 = VECTOR('',#6320,1.);
#6320 = DIRECTION('',(1.,0.));
#6321 = ( GEOMETRIC_REPRESENTATION_CONTEXT(2) 
PARAMETRIC_REPRESENTATION_CONTEXT() REPRESENTATION_CONTEXT('2D SPACE',''
  ) );
#6322 = ADVANCED_FACE('',(#6323),#3914,.T.);
#6323 = FACE_BOUND('',#6324,.T.);
#6324 = EDGE_LOOP('',(#6325,#6326,#6327,#6347));
#6325 = ORIENTED_EDGE('',*,*,#6303,.F.);
#6326 = ORIENTED_EDGE('',*,*,#3898,.T.);
#6327 = ORIENTED_EDGE('',*,*,#6328,.T.);
#6328 = EDGE_CURVE('',#3866,#4160,#6329,.T.);
#6329 = SURFACE_CURVE('',#6330,(#6334,#6341),.PCURVE_S1.);
#6330 = LINE('',#6331,#6332);
#6331 = CARTESIAN_POINT('',(-15.5,-47.,33.5));
#6332 = VECTOR('',#6333,1.);
#6333 = DIRECTION('',(0.,0.,1.));
#6334 = PCURVE('',#3914,#6335);
#6335 = DEFINITIONAL_REPRESENTATION('',(#6336),#6340);
#6336 = LINE('',#6337,#6338);
#6337 = CARTESIAN_POINT('',(0.,-6.));
#6338 = VECTOR('',#6339,1.);
#6339 = DIRECTION('',(1.,0.));
#6340 = ( GEOMETRIC_REPRESENTATION_CONTEXT(2) 
PARAMETRIC_REPRESENTATION_CONTEXT() REPRESENTATION_CONTEXT('2D SPACE',''
  ) );
#6341 = PCURVE('',#3886,#6342);
#6342 = DEFINITIONAL_REPRESENTATION('',(#6343),#6346);
#6343 = B_SPLINE_CURVE_WITH_KNOTS('',1,(#6344,#6345),.UNSPECIFIED.,.F.,
  .F.,(2,2),(0.,5.5),.PIECEWISE_BEZIER_KNOTS.);
#6344 = CARTESIAN_POINT('',(0.,0.));
#6345 = CARTESIAN_POINT('',(0.,5.5));
#6346 = ( GEOMETRIC_REPRESENTATION_CONTEXT(2) 
PARAMETRIC_REPRESENTATION_CONTEXT() REPRESENTATION_CONTEXT('2D SPACE',''
  ) );
#6347 = ORIENTED_EDGE('',*,*,#4159,.F.);
#6348 = ADVANCED_FACE('',(#6349),#3886,.T.);
#6349 = FACE_BOUND('',#6350,.T.);
#6350 = EDGE_LOOP('',(#6351,#6352,#6353,#6354));
#6351 = ORIENTED_EDGE('',*,*,#4182,.F.);
#6352 = ORIENTED_EDGE('',*,*,#6328,.F.);
#6353 = ORIENTED_EDGE('',*,*,#3865,.T.);
#6354 = ORIENTED_EDGE('',*,*,#6355,.T.);
#6355 = EDGE_CURVE('',#3838,#4183,#6356,.T.);
#6356 = SURFACE_CURVE('',#6357,(#6361,#6368),.PCURVE_S1.);
#6357 = LINE('',#6358,#6359);
#6358 = CARTESIAN_POINT('',(-12.5,-44.,33.5));
#6359 = VECTOR('',#6360,1.);
#6360 = DIRECTION('',(0.,0.,1.));
#6361 = PCURVE('',#3886,#6362);
#6362 = DEFINITIONAL_REPRESENTATION('',(#6363),#6367);
#6363 = LINE('',#6364,#6365);
#6364 = CARTESIAN_POINT('',(1.570796326795,0.));
#6365 = VECTOR('',#6366,1.);
#6366 = DIRECTION('',(0.,1.));
#6367 = ( GEOMETRIC_REPRESENTATION_CONTEXT(2) 
PARAMETRIC_REPRESENTATION_CONTEXT() REPRESENTATION_CONTEXT('2D SPACE',''
  ) );
#6368 = PCURVE('',#3853,#6369);
#6369 = DEFINITIONAL_REPRESENTATION('',(#6370),#6374);
#6370 = LINE('',#6371,#6372);
#6371 = CARTESIAN_POINT('',(0.,12.));
#6372 = VECTOR('',#6373,1.);
#6373 = DIRECTION('',(1.,0.));
#6374 = ( GEOMETRIC_REPRESENTATION_CONTEXT(2) 
PARAMETRIC_REPRESENTATION_CONTEXT() REPRESENTATION_CONTEXT('2D SPACE',''
  ) );
#6375 = ADVANCED_FACE('',(#6376),#3853,.T.);
#6376 = FACE_BOUND('',#6377,.T.);
#6377 = EDGE_LOOP('',(#6378,#6379,#6380,#6381));
#6378 = ORIENTED_EDGE('',*,*,#3837,.F.);
#6379 = ORIENTED_EDGE('',*,*,#5985,.F.);
#6380 = ORIENTED_EDGE('',*,*,#4206,.T.);
#6381 = ORIENTED_EDGE('',*,*,#6355,.F.);
#6382 = ADVANCED_FACE('',(#6383),#3802,.F.);
#6383 = FACE_BOUND('',#6384,.F.);
#6384 = EDGE_LOOP('',(#6385,#6386,#6387,#6410));
#6385 = ORIENTED_EDGE('',*,*,#3786,.F.);
#6386 = ORIENTED_EDGE('',*,*,#5794,.F.);
#6387 = ORIENTED_EDGE('',*,*,#6388,.T.);
#6388 = EDGE_CURVE('',#5795,#6389,#6391,.T.);
#6389 = VERTEX_POINT('',#6390);
#6390 = CARTESIAN_POINT('',(12.5,-44.,39.));
#6391 = SURFACE_CURVE('',#6392,(#6396,#6403),.PCURVE_S1.);
#6392 = LINE('',#6393,#6394);
#6393 = CARTESIAN_POINT('',(12.5,-32.,39.));
#6394 = VECTOR('',#6395,1.);
#6395 = DIRECTION('',(-2.22044604925E-16,-1.,0.));
#6396 = PCURVE('',#3802,#6397);
#6397 = DEFINITIONAL_REPRESENTATION('',(#6398),#6402);
#6398 = LINE('',#6399,#6400);
#6399 = CARTESIAN_POINT('',(5.5,0.));
#6400 = VECTOR('',#6401,1.);
#6401 = DIRECTION('',(0.,1.));
#6402 = ( GEOMETRIC_REPRESENTATION_CONTEXT(2) 
PARAMETRIC_REPRESENTATION_CONTEXT() REPRESENTATION_CONTEXT('2D SPACE',''
  ) );
#6403 = PCURVE('',#5833,#6404);
#6404 = DEFINITIONAL_REPRESENTATION('',(#6405),#6409);
#6405 = LINE('',#6406,#6407);
#6406 = CARTESIAN_POINT('',(-5.167051973961,12.5));
#6407 = VECTOR('',#6408,1.);
#6408 = DIRECTION('',(1.,0.));
#6409 = ( GEOMETRIC_REPRESENTATION_CONTEXT(2) 
PARAMETRIC_REPRESENTATION_CONTEXT() REPRESENTATION_CONTEXT('2D SPACE',''
  ) );
#6410 = ORIENTED_EDGE('',*,*,#6411,.F.);
#6411 = EDGE_CURVE('',#3754,#6389,#6412,.T.);
#6412 = SURFACE_CURVE('',#6413,(#6417,#6424),.PCURVE_S1.);
#6413 = LINE('',#6414,#6415);
#6414 = CARTESIAN_POINT('',(12.5,-44.,33.5));
#6415 = VECTOR('',#6416,1.);
#6416 = DIRECTION('',(0.,0.,1.));
#6417 = PCURVE('',#3802,#6418);
#6418 = DEFINITIONAL_REPRESENTATION('',(#6419),#6423);
#6419 = LINE('',#6420,#6421);
#6420 = CARTESIAN_POINT('',(0.,12.));
#6421 = VECTOR('',#6422,1.);
#6422 = DIRECTION('',(1.,0.));
#6423 = ( GEOMETRIC_REPRESENTATION_CONTEXT(2) 
PARAMETRIC_REPRESENTATION_CONTEXT() REPRESENTATION_CONTEXT('2D SPACE',''
  ) );
#6424 = PCURVE('',#3774,#6425);
#6425 = DEFINITIONAL_REPRESENTATION('',(#6426),#6430);
#6426 = LINE('',#6427,#6428);
#6427 = CARTESIAN_POINT('',(4.712388980385,0.));
#6428 = VECTOR('',#6429,1.);
#6429 = DIRECTION('',(0.,1.));
#6430 = ( GEOMETRIC_REPRESENTATION_CONTEXT(2) 
PARAMETRIC_REPRESENTATION_CONTEXT() REPRESENTATION_CONTEXT('2D SPACE',''
  ) );
#6431 = ADVANCED_FACE('',(#6432),#3774,.T.);
#6432 = FACE_BOUND('',#6433,.T.);
#6433 = EDGE_LOOP('',(#6434,#6458,#6459,#6460));
#6434 = ORIENTED_EDGE('',*,*,#6435,.F.);
#6435 = EDGE_CURVE('',#6389,#6436,#6438,.T.);
#6436 = VERTEX_POINT('',#6437);
#6437 = CARTESIAN_POINT('',(15.5,-47.,39.));
#6438 = SURFACE_CURVE('',#6439,(#6444,#6451),.PCURVE_S1.);
#6439 = CIRCLE('',#6440,3.);
#6440 = AXIS2_PLACEMENT_3D('',#6441,#6442,#6443);
#6441 = CARTESIAN_POINT('',(15.5,-44.,39.));
#6442 = DIRECTION('',(0.,0.,1.));
#6443 = DIRECTION('',(-2.22044604925E-16,-1.,0.));
#6444 = PCURVE('',#3774,#6445);
#6445 = DEFINITIONAL_REPRESENTATION('',(#6446),#6450);
#6446 = LINE('',#6447,#6448);
#6447 = CARTESIAN_POINT('',(0.,5.5));
#6448 = VECTOR('',#6449,1.);
#6449 = DIRECTION('',(1.,0.));
#6450 = ( GEOMETRIC_REPRESENTATION_CONTEXT(2) 
PARAMETRIC_REPRESENTATION_CONTEXT() REPRESENTATION_CONTEXT('2D SPACE',''
  ) );
#6451 = PCURVE('',#5833,#6452);
#6452 = DEFINITIONAL_REPRESENTATION('',(#6453),#6457);
#6453 = CIRCLE('',#6454,3.);
#6454 = AXIS2_PLACEMENT_2D('',#6455,#6456);
#6455 = CARTESIAN_POINT('',(6.832948026039,15.5));
#6456 = DIRECTION('',(1.,0.));
#6457 = ( GEOMETRIC_REPRESENTATION_CONTEXT(2) 
PARAMETRIC_REPRESENTATION_CONTEXT() REPRESENTATION_CONTEXT('2D SPACE',''
  ) );
#6458 = ORIENTED_EDGE('',*,*,#6411,.F.);
#6459 = ORIENTED_EDGE('',*,*,#3753,.T.);
#6460 = ORIENTED_EDGE('',*,*,#6461,.T.);
#6461 = EDGE_CURVE('',#3726,#6436,#6462,.T.);
#6462 = SURFACE_CURVE('',#6463,(#6467,#6473),.PCURVE_S1.);
#6463 = LINE('',#6464,#6465);
#6464 = CARTESIAN_POINT('',(15.5,-47.,33.5));
#6465 = VECTOR('',#6466,1.);
#6466 = DIRECTION('',(0.,0.,1.));
#6467 = PCURVE('',#3774,#6468);
#6468 = DEFINITIONAL_REPRESENTATION('',(#6469),#6472);
#6469 = B_SPLINE_CURVE_WITH_KNOTS('',1,(#6470,#6471),.UNSPECIFIED.,.F.,
  .F.,(2,2),(0.,5.5),.PIECEWISE_BEZIER_KNOTS.);
#6470 = CARTESIAN_POINT('',(6.28318530718,0.));
#6471 = CARTESIAN_POINT('',(6.28318530718,5.5));
#6472 = ( GEOMETRIC_REPRESENTATION_CONTEXT(2) 
PARAMETRIC_REPRESENTATION_CONTEXT() REPRESENTATION_CONTEXT('2D SPACE',''
  ) );
#6473 = PCURVE('',#3741,#6474);
#6474 = DEFINITIONAL_REPRESENTATION('',(#6475),#6479);
#6475 = LINE('',#6476,#6477);
#6476 = CARTESIAN_POINT('',(0.,0.));
#6477 = VECTOR('',#6478,1.);
#6478 = DIRECTION('',(1.,0.));
#6479 = ( GEOMETRIC_REPRESENTATION_CONTEXT(2) 
PARAMETRIC_REPRESENTATION_CONTEXT() REPRESENTATION_CONTEXT('2D SPACE',''
  ) );
#6480 = ADVANCED_FACE('',(#6481),#3680,.T.);
#6481 = FACE_BOUND('',#6482,.T.);
#6482 = EDGE_LOOP('',(#6483,#6484,#6485,#6506,#6507,#6526,#6527,#6550));
#6483 = ORIENTED_EDGE('',*,*,#3664,.F.);
#6484 = ORIENTED_EDGE('',*,*,#4652,.T.);
#6485 = ORIENTED_EDGE('',*,*,#6486,.T.);
#6486 = EDGE_CURVE('',#4622,#5431,#6487,.T.);
#6487 = SURFACE_CURVE('',#6488,(#6492,#6499),.PCURVE_S1.);
#6488 = LINE('',#6489,#6490);
#6489 = CARTESIAN_POINT('',(24.5,-32.,39.));
#6490 = VECTOR('',#6491,1.);
#6491 = DIRECTION('',(-2.22044604925E-16,-1.,0.));
#6492 = PCURVE('',#3680,#6493);
#6493 = DEFINITIONAL_REPRESENTATION('',(#6494),#6498);
#6494 = LINE('',#6495,#6496);
#6495 = CARTESIAN_POINT('',(5.5,0.));
#6496 = VECTOR('',#6497,1.);
#6497 = DIRECTION('',(0.,1.));
#6498 = ( GEOMETRIC_REPRESENTATION_CONTEXT(2) 
PARAMETRIC_REPRESENTATION_CONTEXT() REPRESENTATION_CONTEXT('2D SPACE',''
  ) );
#6499 = PCURVE('',#4640,#6500);
#6500 = DEFINITIONAL_REPRESENTATION('',(#6501),#6505);
#6501 = LINE('',#6502,#6503);
#6502 = CARTESIAN_POINT('',(-5.167051973961,24.5));
#6503 = VECTOR('',#6504,1.);
#6504 = DIRECTION('',(1.,0.));
#6505 = ( GEOMETRIC_REPRESENTATION_CONTEXT(2) 
PARAMETRIC_REPRESENTATION_CONTEXT() REPRESENTATION_CONTEXT('2D SPACE',''
  ) );
#6506 = ORIENTED_EDGE('',*,*,#5580,.T.);
#6507 = ORIENTED_EDGE('',*,*,#6508,.T.);
#6508 = EDGE_CURVE('',#5548,#5845,#6509,.T.);
#6509 = SURFACE_CURVE('',#6510,(#6514,#6520),.PCURVE_S1.);
#6510 = LINE('',#6511,#6512);
#6511 = CARTESIAN_POINT('',(24.5,-33.,37.917424305044));
#6512 = VECTOR('',#6513,1.);
#6513 = DIRECTION('',(-2.22044604925E-16,-1.,0.));
#6514 = PCURVE('',#3680,#6515);
#6515 = DEFINITIONAL_REPRESENTATION('',(#6516),#6519);
#6516 = B_SPLINE_CURVE_WITH_KNOTS('',1,(#6517,#6518),.UNSPECIFIED.,.F.,
  .F.,(2,2),(-5.999999999062E-07,4.0000006),.PIECEWISE_BEZIER_KNOTS.);
#6517 = CARTESIAN_POINT('',(4.417424305044,0.9999994));
#6518 = CARTESIAN_POINT('',(4.417424305044,5.0000006));
#6519 = ( GEOMETRIC_REPRESENTATION_CONTEXT(2) 
PARAMETRIC_REPRESENTATION_CONTEXT() REPRESENTATION_CONTEXT('2D SPACE',''
  ) );
#6520 = PCURVE('',#5568,#6521);
#6521 = DEFINITIONAL_REPRESENTATION('',(#6522),#6525);
#6522 = B_SPLINE_CURVE_WITH_KNOTS('',1,(#6523,#6524),.UNSPECIFIED.,.F.,
  .F.,(2,2),(-5.999999999062E-07,4.0000006),.PIECEWISE_BEZIER_KNOTS.);
#6523 = CARTESIAN_POINT('',(3.553109499657,-5.999999999062E-07));
#6524 = CARTESIAN_POINT('',(3.553109499657,4.0000006));
#6525 = ( GEOMETRIC_REPRESENTATION_CONTEXT(2) 
PARAMETRIC_REPRESENTATION_CONTEXT() REPRESENTATION_CONTEXT('2D SPACE',''
  ) );
#6526 = ORIENTED_EDGE('',*,*,#5844,.T.);
#6527 = ORIENTED_EDGE('',*,*,#6528,.T.);
#6528 = EDGE_CURVE('',#5818,#6529,#6531,.T.);
#6529 = VERTEX_POINT('',#6530);
#6530 = CARTESIAN_POINT('',(24.5,-44.,39.));
#6531 = SURFACE_CURVE('',#6532,(#6536,#6543),.PCURVE_S1.);
#6532 = LINE('',#6533,#6534);
#6533 = CARTESIAN_POINT('',(24.5,-32.,39.));
#6534 = VECTOR('',#6535,1.);
#6535 = DIRECTION('',(-2.22044604925E-16,-1.,0.));
#6536 = PCURVE('',#3680,#6537);
#6537 = DEFINITIONAL_REPRESENTATION('',(#6538),#6542);
#6538 = LINE('',#6539,#6540);
#6539 = CARTESIAN_POINT('',(5.5,0.));
#6540 = VECTOR('',#6541,1.);
#6541 = DIRECTION('',(0.,1.));
#6542 = ( GEOMETRIC_REPRESENTATION_CONTEXT(2) 
PARAMETRIC_REPRESENTATION_CONTEXT() REPRESENTATION_CONTEXT('2D SPACE',''
  ) );
#6543 = PCURVE('',#5833,#6544);
#6544 = DEFINITIONAL_REPRESENTATION('',(#6545),#6549);
#6545 = LINE('',#6546,#6547);
#6546 = CARTESIAN_POINT('',(-5.167051973961,24.5));
#6547 = VECTOR('',#6548,1.);
#6548 = DIRECTION('',(1.,0.));
#6549 = ( GEOMETRIC_REPRESENTATION_CONTEXT(2) 
PARAMETRIC_REPRESENTATION_CONTEXT() REPRESENTATION_CONTEXT('2D SPACE',''
  ) );
#6550 = ORIENTED_EDGE('',*,*,#6551,.F.);
#6551 = EDGE_CURVE('',#3665,#6529,#6552,.T.);
#6552 = SURFACE_CURVE('',#6553,(#6557,#6564),.PCURVE_S1.);
#6553 = LINE('',#6554,#6555);
#6554 = CARTESIAN_POINT('',(24.5,-44.,33.5));
#6555 = VECTOR('',#6556,1.);
#6556 = DIRECTION('',(0.,0.,1.));
#6557 = PCURVE('',#3680,#6558);
#6558 = DEFINITIONAL_REPRESENTATION('',(#6559),#6563);
#6559 = LINE('',#6560,#6561);
#6560 = CARTESIAN_POINT('',(0.,12.));
#6561 = VECTOR('',#6562,1.);
#6562 = DIRECTION('',(1.,0.));
#6563 = ( GEOMETRIC_REPRESENTATION_CONTEXT(2) 
PARAMETRIC_REPRESENTATION_CONTEXT() REPRESENTATION_CONTEXT('2D SPACE',''
  ) );
#6564 = PCURVE('',#3713,#6565);
#6565 = DEFINITIONAL_REPRESENTATION('',(#6566),#6570);
#6566 = LINE('',#6567,#6568);
#6567 = CARTESIAN_POINT('',(1.570796326795,0.));
#6568 = VECTOR('',#6569,1.);
#6569 = DIRECTION('',(0.,1.));
#6570 = ( GEOMETRIC_REPRESENTATION_CONTEXT(2) 
PARAMETRIC_REPRESENTATION_CONTEXT() REPRESENTATION_CONTEXT('2D SPACE',''
  ) );
#6571 = ADVANCED_FACE('',(#6572),#3741,.T.);
#6572 = FACE_BOUND('',#6573,.T.);
#6573 = EDGE_LOOP('',(#6574,#6575,#6576,#6598));
#6574 = ORIENTED_EDGE('',*,*,#6461,.F.);
#6575 = ORIENTED_EDGE('',*,*,#3725,.T.);
#6576 = ORIENTED_EDGE('',*,*,#6577,.T.);
#6577 = EDGE_CURVE('',#3693,#6578,#6580,.T.);
#6578 = VERTEX_POINT('',#6579);
#6579 = CARTESIAN_POINT('',(21.5,-47.,39.));
#6580 = SURFACE_CURVE('',#6581,(#6585,#6592),.PCURVE_S1.);
#6581 = LINE('',#6582,#6583);
#6582 = CARTESIAN_POINT('',(21.5,-47.,33.5));
#6583 = VECTOR('',#6584,1.);
#6584 = DIRECTION('',(0.,0.,1.));
#6585 = PCURVE('',#3741,#6586);
#6586 = DEFINITIONAL_REPRESENTATION('',(#6587),#6591);
#6587 = LINE('',#6588,#6589);
#6588 = CARTESIAN_POINT('',(0.,-6.));
#6589 = VECTOR('',#6590,1.);
#6590 = DIRECTION('',(1.,0.));
#6591 = ( GEOMETRIC_REPRESENTATION_CONTEXT(2) 
PARAMETRIC_REPRESENTATION_CONTEXT() REPRESENTATION_CONTEXT('2D SPACE',''
  ) );
#6592 = PCURVE('',#3713,#6593);
#6593 = DEFINITIONAL_REPRESENTATION('',(#6594),#6597);
#6594 = B_SPLINE_CURVE_WITH_KNOTS('',1,(#6595,#6596),.UNSPECIFIED.,.F.,
  .F.,(2,2),(0.,5.5),.PIECEWISE_BEZIER_KNOTS.);
#6595 = CARTESIAN_POINT('',(0.,0.));
#6596 = CARTESIAN_POINT('',(0.,5.5));
#6597 = ( GEOMETRIC_REPRESENTATION_CONTEXT(2) 
PARAMETRIC_REPRESENTATION_CONTEXT() REPRESENTATION_CONTEXT('2D SPACE',''
  ) );
#6598 = ORIENTED_EDGE('',*,*,#6599,.F.);
#6599 = EDGE_CURVE('',#6436,#6578,#6600,.T.);
#6600 = SURFACE_CURVE('',#6601,(#6605,#6612),.PCURVE_S1.);
#6601 = LINE('',#6602,#6603);
#6602 = CARTESIAN_POINT('',(15.5,-47.,39.));
#6603 = VECTOR('',#6604,1.);
#6604 = DIRECTION('',(1.,-2.22044604925E-16,0.));
#6605 = PCURVE('',#3741,#6606);
#6606 = DEFINITIONAL_REPRESENTATION('',(#6607),#6611);
#6607 = LINE('',#6608,#6609);
#6608 = CARTESIAN_POINT('',(5.5,0.));
#6609 = VECTOR('',#6610,1.);
#6610 = DIRECTION('',(0.,-1.));
#6611 = ( GEOMETRIC_REPRESENTATION_CONTEXT(2) 
PARAMETRIC_REPRESENTATION_CONTEXT() REPRESENTATION_CONTEXT('2D SPACE',''
  ) );
#6612 = PCURVE('',#5833,#6613);
#6613 = DEFINITIONAL_REPRESENTATION('',(#6614),#6618);
#6614 = LINE('',#6615,#6616);
#6615 = CARTESIAN_POINT('',(9.832948026039,15.5));
#6616 = VECTOR('',#6617,1.);
#6617 = DIRECTION('',(0.,1.));
#6618 = ( GEOMETRIC_REPRESENTATION_CONTEXT(2) 
PARAMETRIC_REPRESENTATION_CONTEXT() REPRESENTATION_CONTEXT('2D SPACE',''
  ) );
#6619 = ADVANCED_FACE('',(#6620),#3713,.T.);
#6620 = FACE_BOUND('',#6621,.T.);
#6621 = EDGE_LOOP('',(#6622,#6644,#6645,#6646));
#6622 = ORIENTED_EDGE('',*,*,#6623,.F.);
#6623 = EDGE_CURVE('',#6578,#6529,#6624,.T.);
#6624 = SURFACE_CURVE('',#6625,(#6630,#6637),.PCURVE_S1.);
#6625 = CIRCLE('',#6626,3.);
#6626 = AXIS2_PLACEMENT_3D('',#6627,#6628,#6629);
#6627 = CARTESIAN_POINT('',(21.5,-44.,39.));
#6628 = DIRECTION('',(0.,0.,1.));
#6629 = DIRECTION('',(-2.22044604925E-16,-1.,0.));
#6630 = PCURVE('',#3713,#6631);
#6631 = DEFINITIONAL_REPRESENTATION('',(#6632),#6636);
#6632 = LINE('',#6633,#6634);
#6633 = CARTESIAN_POINT('',(0.,5.5));
#6634 = VECTOR('',#6635,1.);
#6635 = DIRECTION('',(1.,0.));
#6636 = ( GEOMETRIC_REPRESENTATION_CONTEXT(2) 
PARAMETRIC_REPRESENTATION_CONTEXT() REPRESENTATION_CONTEXT('2D SPACE',''
  ) );
#6637 = PCURVE('',#5833,#6638);
#6638 = DEFINITIONAL_REPRESENTATION('',(#6639),#6643);
#6639 = CIRCLE('',#6640,3.);
#6640 = AXIS2_PLACEMENT_2D('',#6641,#6642);
#6641 = CARTESIAN_POINT('',(6.832948026039,21.5));
#6642 = DIRECTION('',(1.,0.));
#6643 = ( GEOMETRIC_REPRESENTATION_CONTEXT(2) 
PARAMETRIC_REPRESENTATION_CONTEXT() REPRESENTATION_CONTEXT('2D SPACE',''
  ) );
#6644 = ORIENTED_EDGE('',*,*,#6577,.F.);
#6645 = ORIENTED_EDGE('',*,*,#3692,.T.);
#6646 = ORIENTED_EDGE('',*,*,#6551,.T.);
#6647 = ADVANCED_FACE('',(#6648),#4008,.F.);
#6648 = FACE_BOUND('',#6649,.F.);
#6649 = EDGE_LOOP('',(#6650,#6683,#6704,#6705));
#6650 = ORIENTED_EDGE('',*,*,#6651,.F.);
#6651 = EDGE_CURVE('',#6652,#6652,#6654,.T.);
#6652 = VERTEX_POINT('',#6653);
#6653 = CARTESIAN_POINT('',(-18.5,-42.7,36.2));
#6654 = SURFACE_CURVE('',#6655,(#6660,#6667),.PCURVE_S1.);
#6655 = CIRCLE('',#6656,1.7);
#6656 = AXIS2_PLACEMENT_3D('',#6657,#6658,#6659);
#6657 = CARTESIAN_POINT('',(-18.5,-41.,36.2));
#6658 = DIRECTION('',(0.,0.,1.));
#6659 = DIRECTION('',(-2.22044604925E-16,-1.,0.));
#6660 = PCURVE('',#4008,#6661);
#6661 = DEFINITIONAL_REPRESENTATION('',(#6662),#6666);
#6662 = LINE('',#6663,#6664);
#6663 = CARTESIAN_POINT('',(0.,3.7));
#6664 = VECTOR('',#6665,1.);
#6665 = DIRECTION('',(1.,0.));
#6666 = ( GEOMETRIC_REPRESENTATION_CONTEXT(2) 
PARAMETRIC_REPRESENTATION_CONTEXT() REPRESENTATION_CONTEXT('2D SPACE',''
  ) );
#6667 = PCURVE('',#6668,#6673);
#6668 = PLANE('',#6669);
#6669 = AXIS2_PLACEMENT_3D('',#6670,#6671,#6672);
#6670 = CARTESIAN_POINT('',(-18.5,-41.,36.2));
#6671 = DIRECTION('',(-2.465190328816E-32,-1.110223024625E-16,-1.));
#6672 = DIRECTION('',(-2.22044604925E-16,-1.,1.110223024625E-16));
#6673 = DEFINITIONAL_REPRESENTATION('',(#6674),#6682);
#6674 = ( BOUNDED_CURVE() B_SPLINE_CURVE(2,(#6675,#6676,#6677,#6678,
#6679,#6680,#6681),.UNSPECIFIED.,.T.,.F.) B_SPLINE_CURVE_WITH_KNOTS((1,2
    ,2,2,2,1),(-2.094395102393,0.,2.094395102393,4.188790204786,
6.28318530718,8.377580409573),.UNSPECIFIED.) CURVE() 
GEOMETRIC_REPRESENTATION_ITEM() RATIONAL_B_SPLINE_CURVE((1.,0.5,1.,0.5,
1.,0.5,1.)) REPRESENTATION_ITEM('') );
#6675 = CARTESIAN_POINT('',(1.7,0.));
#6676 = CARTESIAN_POINT('',(1.7,-2.944486372867));
#6677 = CARTESIAN_POINT('',(-0.85,-1.472243186434));
#6678 = CARTESIAN_POINT('',(-3.4,-4.163799117101E-16));
#6679 = CARTESIAN_POINT('',(-0.85,1.472243186434));
#6680 = CARTESIAN_POINT('',(1.7,2.944486372867));
#6681 = CARTESIAN_POINT('',(1.7,0.));
#6682 = ( GEOMETRIC_REPRESENTATION_CONTEXT(2) 
PARAMETRIC_REPRESENTATION_CONTEXT() REPRESENTATION_CONTEXT('2D SPACE',''
  ) );
#6683 = ORIENTED_EDGE('',*,*,#6684,.F.);
#6684 = EDGE_CURVE('',#3988,#6652,#6685,.T.);
#6685 = SEAM_CURVE('',#6686,(#6690,#6697),.PCURVE_S1.);
#6686 = LINE('',#6687,#6688);
#6687 = CARTESIAN_POINT('',(-18.5,-42.7,32.5));
#6688 = VECTOR('',#6689,1.);
#6689 = DIRECTION('',(0.,0.,1.));
#6690 = PCURVE('',#4008,#6691);
#6691 = DEFINITIONAL_REPRESENTATION('',(#6692),#6696);
#6692 = LINE('',#6693,#6694);
#6693 = CARTESIAN_POINT('',(6.28318530718,-0.));
#6694 = VECTOR('',#6695,1.);
#6695 = DIRECTION('',(0.,1.));
#6696 = ( GEOMETRIC_REPRESENTATION_CONTEXT(2) 
PARAMETRIC_REPRESENTATION_CONTEXT() REPRESENTATION_CONTEXT('2D SPACE',''
  ) );
#6697 = PCURVE('',#4008,#6698);
#6698 = DEFINITIONAL_REPRESENTATION('',(#6699),#6703);
#6699 = LINE('',#6700,#6701);
#6700 = CARTESIAN_POINT('',(0.,-0.));
#6701 = VECTOR('',#6702,1.);
#6702 = DIRECTION('',(0.,1.));
#6703 = ( GEOMETRIC_REPRESENTATION_CONTEXT(2) 
PARAMETRIC_REPRESENTATION_CONTEXT() REPRESENTATION_CONTEXT('2D SPACE',''
  ) );
#6704 = ORIENTED_EDGE('',*,*,#3987,.T.);
#6705 = ORIENTED_EDGE('',*,*,#6684,.T.);
#6706 = ADVANCED_FACE('',(#6707),#4043,.F.);
#6707 = FACE_BOUND('',#6708,.F.);
#6708 = EDGE_LOOP('',(#6709,#6742,#6763,#6764));
#6709 = ORIENTED_EDGE('',*,*,#6710,.F.);
#6710 = EDGE_CURVE('',#6711,#6711,#6713,.T.);
#6711 = VERTEX_POINT('',#6712);
#6712 = CARTESIAN_POINT('',(18.5,-42.7,36.2));
#6713 = SURFACE_CURVE('',#6714,(#6719,#6726),.PCURVE_S1.);
#6714 = CIRCLE('',#6715,1.7);
#6715 = AXIS2_PLACEMENT_3D('',#6716,#6717,#6718);
#6716 = CARTESIAN_POINT('',(18.5,-41.,36.2));
#6717 = DIRECTION('',(0.,0.,1.));
#6718 = DIRECTION('',(-2.22044604925E-16,-1.,0.));
#6719 = PCURVE('',#4043,#6720);
#6720 = DEFINITIONAL_REPRESENTATION('',(#6721),#6725);
#6721 = LINE('',#6722,#6723);
#6722 = CARTESIAN_POINT('',(0.,3.7));
#6723 = VECTOR('',#6724,1.);
#6724 = DIRECTION('',(1.,0.));
#6725 = ( GEOMETRIC_REPRESENTATION_CONTEXT(2) 
PARAMETRIC_REPRESENTATION_CONTEXT() REPRESENTATION_CONTEXT('2D SPACE',''
  ) );
#6726 = PCURVE('',#6727,#6732);
#6727 = PLANE('',#6728);
#6728 = AXIS2_PLACEMENT_3D('',#6729,#6730,#6731);
#6729 = CARTESIAN_POINT('',(18.5,-41.,36.2));
#6730 = DIRECTION('',(-2.465190328816E-32,-1.110223024625E-16,-1.));
#6731 = DIRECTION('',(-2.22044604925E-16,-1.,1.110223024625E-16));
#6732 = DEFINITIONAL_REPRESENTATION('',(#6733),#6741);
#6733 = ( BOUNDED_CURVE() B_SPLINE_CURVE(2,(#6734,#6735,#6736,#6737,
#6738,#6739,#6740),.UNSPECIFIED.,.T.,.F.) B_SPLINE_CURVE_WITH_KNOTS((1,2
    ,2,2,2,1),(-2.094395102393,0.,2.094395102393,4.188790204786,
6.28318530718,8.377580409573),.UNSPECIFIED.) CURVE() 
GEOMETRIC_REPRESENTATION_ITEM() RATIONAL_B_SPLINE_CURVE((1.,0.5,1.,0.5,
1.,0.5,1.)) REPRESENTATION_ITEM('') );
#6734 = CARTESIAN_POINT('',(1.7,0.));
#6735 = CARTESIAN_POINT('',(1.7,-2.944486372867));
#6736 = CARTESIAN_POINT('',(-0.85,-1.472243186434));
#6737 = CARTESIAN_POINT('',(-3.4,-4.163799117101E-16));
#6738 = CARTESIAN_POINT('',(-0.85,1.472243186434));
#6739 = CARTESIAN_POINT('',(1.7,2.944486372867));
#6740 = CARTESIAN_POINT('',(1.7,0.));
#6741 = ( GEOMETRIC_REPRESENTATION_CONTEXT(2) 
PARAMETRIC_REPRESENTATION_CONTEXT() REPRESENTATION_CONTEXT('2D SPACE',''
  ) );
#6742 = ORIENTED_EDGE('',*,*,#6743,.F.);
#6743 = EDGE_CURVE('',#4023,#6711,#6744,.T.);
#6744 = SEAM_CURVE('',#6745,(#6749,#6756),.PCURVE_S1.);
#6745 = LINE('',#6746,#6747);
#6746 = CARTESIAN_POINT('',(18.5,-42.7,32.5));
#6747 = VECTOR('',#6748,1.);
#6748 = DIRECTION('',(0.,0.,1.));
#6749 = PCURVE('',#4043,#6750);
#6750 = DEFINITIONAL_REPRESENTATION('',(#6751),#6755);
#6751 = LINE('',#6752,#6753);
#6752 = CARTESIAN_POINT('',(6.28318530718,-0.));
#6753 = VECTOR('',#6754,1.);
#6754 = DIRECTION('',(0.,1.));
#6755 = ( GEOMETRIC_REPRESENTATION_CONTEXT(2) 
PARAMETRIC_REPRESENTATION_CONTEXT() REPRESENTATION_CONTEXT('2D SPACE',''
  ) );
#6756 = PCURVE('',#4043,#6757);
#6757 = DEFINITIONAL_REPRESENTATION('',(#6758),#6762);
#6758 = LINE('',#6759,#6760);
#6759 = CARTESIAN_POINT('',(0.,-0.));
#6760 = VECTOR('',#6761,1.);
#6761 = DIRECTION('',(0.,1.));
#6762 = ( GEOMETRIC_REPRESENTATION_CONTEXT(2) 
PARAMETRIC_REPRESENTATION_CONTEXT() REPRESENTATION_CONTEXT('2D SPACE',''
  ) );
#6763 = ORIENTED_EDGE('',*,*,#4022,.T.);
#6764 = ORIENTED_EDGE('',*,*,#6743,.T.);
#6765 = ADVANCED_FACE('',(#6766),#4315,.T.);
#6766 = FACE_BOUND('',#6767,.T.);
#6767 = EDGE_LOOP('',(#6768,#6791,#6814,#6835));
#6768 = ORIENTED_EDGE('',*,*,#6769,.T.);
#6769 = EDGE_CURVE('',#4298,#6770,#6772,.T.);
#6770 = VERTEX_POINT('',#6771);
#6771 = CARTESIAN_POINT('',(-16.79681670589,-38.05,36.2));
#6772 = SURFACE_CURVE('',#6773,(#6777,#6784),.PCURVE_S1.);
#6773 = LINE('',#6774,#6775);
#6774 = CARTESIAN_POINT('',(-16.79681670589,-38.05,39.));
#6775 = VECTOR('',#6776,1.);
#6776 = DIRECTION('',(-2.465190328816E-32,-1.110223024625E-16,-1.));
#6777 = PCURVE('',#4315,#6778);
#6778 = DEFINITIONAL_REPRESENTATION('',(#6779),#6783);
#6779 = LINE('',#6780,#6781);
#6780 = CARTESIAN_POINT('',(0.,0.));
#6781 = VECTOR('',#6782,1.);
#6782 = DIRECTION('',(0.,-1.));
#6783 = ( GEOMETRIC_REPRESENTATION_CONTEXT(2) 
PARAMETRIC_REPRESENTATION_CONTEXT() REPRESENTATION_CONTEXT('2D SPACE',''
  ) );
#6784 = PCURVE('',#4453,#6785);
#6785 = DEFINITIONAL_REPRESENTATION('',(#6786),#6790);
#6786 = LINE('',#6787,#6788);
#6787 = CARTESIAN_POINT('',(3.406366588219,0.));
#6788 = VECTOR('',#6789,1.);
#6789 = DIRECTION('',(0.,-1.));
#6790 = ( GEOMETRIC_REPRESENTATION_CONTEXT(2) 
PARAMETRIC_REPRESENTATION_CONTEXT() REPRESENTATION_CONTEXT('2D SPACE',''
  ) );
#6791 = ORIENTED_EDGE('',*,*,#6792,.T.);
#6792 = EDGE_CURVE('',#6770,#6793,#6795,.T.);
#6793 = VERTEX_POINT('',#6794);
#6794 = CARTESIAN_POINT('',(-15.09363341178,-41.,36.2));
#6795 = SURFACE_CURVE('',#6796,(#6800,#6807),.PCURVE_S1.);
#6796 = LINE('',#6797,#6798);
#6797 = CARTESIAN_POINT('',(-16.79681670589,-38.05,36.2));
#6798 = VECTOR('',#6799,1.);
#6799 = DIRECTION('',(0.5,-0.866025403784,9.614813431918E-17));
#6800 = PCURVE('',#4315,#6801);
#6801 = DEFINITIONAL_REPRESENTATION('',(#6802),#6806);
#6802 = LINE('',#6803,#6804);
#6803 = CARTESIAN_POINT('',(0.,-2.8));
#6804 = VECTOR('',#6805,1.);
#6805 = DIRECTION('',(1.,0.));
#6806 = ( GEOMETRIC_REPRESENTATION_CONTEXT(2) 
PARAMETRIC_REPRESENTATION_CONTEXT() REPRESENTATION_CONTEXT('2D SPACE',''
  ) );
#6807 = PCURVE('',#6668,#6808);
#6808 = DEFINITIONAL_REPRESENTATION('',(#6809),#6813);
#6809 = LINE('',#6810,#6811);
#6810 = CARTESIAN_POINT('',(-2.95,-1.703183294109));
#6811 = VECTOR('',#6812,1.);
#6812 = DIRECTION('',(0.866025403784,-0.5));
#6813 = ( GEOMETRIC_REPRESENTATION_CONTEXT(2) 
PARAMETRIC_REPRESENTATION_CONTEXT() REPRESENTATION_CONTEXT('2D SPACE',''
  ) );
#6814 = ORIENTED_EDGE('',*,*,#6815,.F.);
#6815 = EDGE_CURVE('',#4300,#6793,#6816,.T.);
#6816 = SURFACE_CURVE('',#6817,(#6821,#6828),.PCURVE_S1.);
#6817 = LINE('',#6818,#6819);
#6818 = CARTESIAN_POINT('',(-15.09363341178,-41.,39.));
#6819 = VECTOR('',#6820,1.);
#6820 = DIRECTION('',(-2.465190328816E-32,-1.110223024625E-16,-1.));
#6821 = PCURVE('',#4315,#6822);
#6822 = DEFINITIONAL_REPRESENTATION('',(#6823),#6827);
#6823 = LINE('',#6824,#6825);
#6824 = CARTESIAN_POINT('',(3.406366588219,0.));
#6825 = VECTOR('',#6826,1.);
#6826 = DIRECTION('',(0.,-1.));
#6827 = ( GEOMETRIC_REPRESENTATION_CONTEXT(2) 
PARAMETRIC_REPRESENTATION_CONTEXT() REPRESENTATION_CONTEXT('2D SPACE',''
  ) );
#6828 = PCURVE('',#4343,#6829);
#6829 = DEFINITIONAL_REPRESENTATION('',(#6830),#6834);
#6830 = LINE('',#6831,#6832);
#6831 = CARTESIAN_POINT('',(0.,0.));
#6832 = VECTOR('',#6833,1.);
#6833 = DIRECTION('',(0.,-1.));
#6834 = ( GEOMETRIC_REPRESENTATION_CONTEXT(2) 
PARAMETRIC_REPRESENTATION_CONTEXT() REPRESENTATION_CONTEXT('2D SPACE',''
  ) );
#6835 = ORIENTED_EDGE('',*,*,#4297,.F.);
#6836 = ADVANCED_FACE('',(#6837),#4453,.T.);
#6837 = FACE_BOUND('',#6838,.T.);
#6838 = EDGE_LOOP('',(#6839,#6862,#6883,#6884));
#6839 = ORIENTED_EDGE('',*,*,#6840,.T.);
#6840 = EDGE_CURVE('',#4412,#6841,#6843,.T.);
#6841 = VERTEX_POINT('',#6842);
#6842 = CARTESIAN_POINT('',(-20.2031832941,-38.05,36.2));
#6843 = SURFACE_CURVE('',#6844,(#6848,#6855),.PCURVE_S1.);
#6844 = LINE('',#6845,#6846);
#6845 = CARTESIAN_POINT('',(-20.2031832941,-38.05,39.));
#6846 = VECTOR('',#6847,1.);
#6847 = DIRECTION('',(-2.465190328816E-32,-1.110223024625E-16,-1.));
#6848 = PCURVE('',#4453,#6849);
#6849 = DEFINITIONAL_REPRESENTATION('',(#6850),#6854);
#6850 = LINE('',#6851,#6852);
#6851 = CARTESIAN_POINT('',(0.,0.));
#6852 = VECTOR('',#6853,1.);
#6853 = DIRECTION('',(0.,-1.));
#6854 = ( GEOMETRIC_REPRESENTATION_CONTEXT(2) 
PARAMETRIC_REPRESENTATION_CONTEXT() REPRESENTATION_CONTEXT('2D SPACE',''
  ) );
#6855 = PCURVE('',#4427,#6856);
#6856 = DEFINITIONAL_REPRESENTATION('',(#6857),#6861);
#6857 = LINE('',#6858,#6859);
#6858 = CARTESIAN_POINT('',(3.406366588219,0.));
#6859 = VECTOR('',#6860,1.);
#6860 = DIRECTION('',(0.,-1.));
#6861 = ( GEOMETRIC_REPRESENTATION_CONTEXT(2) 
PARAMETRIC_REPRESENTATION_CONTEXT() REPRESENTATION_CONTEXT('2D SPACE',''
  ) );
#6862 = ORIENTED_EDGE('',*,*,#6863,.T.);
#6863 = EDGE_CURVE('',#6841,#6770,#6864,.T.);
#6864 = SURFACE_CURVE('',#6865,(#6869,#6876),.PCURVE_S1.);
#6865 = LINE('',#6866,#6867);
#6866 = CARTESIAN_POINT('',(-20.2031832941,-38.05,36.2));
#6867 = VECTOR('',#6868,1.);
#6868 = DIRECTION('',(1.,-9.167425330581E-17,-1.447401660961E-32));
#6869 = PCURVE('',#4453,#6870);
#6870 = DEFINITIONAL_REPRESENTATION('',(#6871),#6875);
#6871 = LINE('',#6872,#6873);
#6872 = CARTESIAN_POINT('',(0.,-2.8));
#6873 = VECTOR('',#6874,1.);
#6874 = DIRECTION('',(1.,0.));
#6875 = ( GEOMETRIC_REPRESENTATION_CONTEXT(2) 
PARAMETRIC_REPRESENTATION_CONTEXT() REPRESENTATION_CONTEXT('2D SPACE',''
  ) );
#6876 = PCURVE('',#6668,#6877);
#6877 = DEFINITIONAL_REPRESENTATION('',(#6878),#6882);
#6878 = LINE('',#6879,#6880);
#6879 = CARTESIAN_POINT('',(-2.95,1.703183294109));
#6880 = VECTOR('',#6881,1.);
#6881 = DIRECTION('',(-1.303703516192E-16,-1.));
#6882 = ( GEOMETRIC_REPRESENTATION_CONTEXT(2) 
PARAMETRIC_REPRESENTATION_CONTEXT() REPRESENTATION_CONTEXT('2D SPACE',''
  ) );
#6883 = ORIENTED_EDGE('',*,*,#6769,.F.);
#6884 = ORIENTED_EDGE('',*,*,#4439,.F.);
#6885 = ADVANCED_FACE('',(#6886),#4343,.T.);
#6886 = FACE_BOUND('',#6887,.T.);
#6887 = EDGE_LOOP('',(#6888,#6889,#6912,#6933));
#6888 = ORIENTED_EDGE('',*,*,#6815,.T.);
#6889 = ORIENTED_EDGE('',*,*,#6890,.T.);
#6890 = EDGE_CURVE('',#6793,#6891,#6893,.T.);
#6891 = VERTEX_POINT('',#6892);
#6892 = CARTESIAN_POINT('',(-16.79681670589,-43.95,36.2));
#6893 = SURFACE_CURVE('',#6894,(#6898,#6905),.PCURVE_S1.);
#6894 = LINE('',#6895,#6896);
#6895 = CARTESIAN_POINT('',(-15.09363341178,-41.,36.2));
#6896 = VECTOR('',#6897,1.);
#6897 = DIRECTION('',(-0.5,-0.866025403784,9.614813431918E-17));
#6898 = PCURVE('',#4343,#6899);
#6899 = DEFINITIONAL_REPRESENTATION('',(#6900),#6904);
#6900 = LINE('',#6901,#6902);
#6901 = CARTESIAN_POINT('',(0.,-2.8));
#6902 = VECTOR('',#6903,1.);
#6903 = DIRECTION('',(1.,0.));
#6904 = ( GEOMETRIC_REPRESENTATION_CONTEXT(2) 
PARAMETRIC_REPRESENTATION_CONTEXT() REPRESENTATION_CONTEXT('2D SPACE',''
  ) );
#6905 = PCURVE('',#6668,#6906);
#6906 = DEFINITIONAL_REPRESENTATION('',(#6907),#6911);
#6907 = LINE('',#6908,#6909);
#6908 = CARTESIAN_POINT('',(1.631663023441E-16,-3.406366588219));
#6909 = VECTOR('',#6910,1.);
#6910 = DIRECTION('',(0.866025403784,0.5));
#6911 = ( GEOMETRIC_REPRESENTATION_CONTEXT(2) 
PARAMETRIC_REPRESENTATION_CONTEXT() REPRESENTATION_CONTEXT('2D SPACE',''
  ) );
#6912 = ORIENTED_EDGE('',*,*,#6913,.F.);
#6913 = EDGE_CURVE('',#4328,#6891,#6914,.T.);
#6914 = SURFACE_CURVE('',#6915,(#6919,#6926),.PCURVE_S1.);
#6915 = LINE('',#6916,#6917);
#6916 = CARTESIAN_POINT('',(-16.79681670589,-43.95,39.));
#6917 = VECTOR('',#6918,1.);
#6918 = DIRECTION('',(-2.465190328816E-32,-1.110223024625E-16,-1.));
#6919 = PCURVE('',#4343,#6920);
#6920 = DEFINITIONAL_REPRESENTATION('',(#6921),#6925);
#6921 = LINE('',#6922,#6923);
#6922 = CARTESIAN_POINT('',(3.406366588219,0.));
#6923 = VECTOR('',#6924,1.);
#6924 = DIRECTION('',(0.,-1.));
#6925 = ( GEOMETRIC_REPRESENTATION_CONTEXT(2) 
PARAMETRIC_REPRESENTATION_CONTEXT() REPRESENTATION_CONTEXT('2D SPACE',''
  ) );
#6926 = PCURVE('',#4371,#6927);
#6927 = DEFINITIONAL_REPRESENTATION('',(#6928),#6932);
#6928 = LINE('',#6929,#6930);
#6929 = CARTESIAN_POINT('',(0.,0.));
#6930 = VECTOR('',#6931,1.);
#6931 = DIRECTION('',(0.,-1.));
#6932 = ( GEOMETRIC_REPRESENTATION_CONTEXT(2) 
PARAMETRIC_REPRESENTATION_CONTEXT() REPRESENTATION_CONTEXT('2D SPACE',''
  ) );
#6933 = ORIENTED_EDGE('',*,*,#4327,.F.);
#6934 = ADVANCED_FACE('',(#6935),#4427,.T.);
#6935 = FACE_BOUND('',#6936,.T.);
#6936 = EDGE_LOOP('',(#6937,#6960,#6981,#6982));
#6937 = ORIENTED_EDGE('',*,*,#6938,.T.);
#6938 = EDGE_CURVE('',#4384,#6939,#6941,.T.);
#6939 = VERTEX_POINT('',#6940);
#6940 = CARTESIAN_POINT('',(-21.90636658821,-41.,36.2));
#6941 = SURFACE_CURVE('',#6942,(#6946,#6953),.PCURVE_S1.);
#6942 = LINE('',#6943,#6944);
#6943 = CARTESIAN_POINT('',(-21.90636658821,-41.,39.));
#6944 = VECTOR('',#6945,1.);
#6945 = DIRECTION('',(-2.465190328816E-32,-1.110223024625E-16,-1.));
#6946 = PCURVE('',#4427,#6947);
#6947 = DEFINITIONAL_REPRESENTATION('',(#6948),#6952);
#6948 = LINE('',#6949,#6950);
#6949 = CARTESIAN_POINT('',(0.,0.));
#6950 = VECTOR('',#6951,1.);
#6951 = DIRECTION('',(0.,-1.));
#6952 = ( GEOMETRIC_REPRESENTATION_CONTEXT(2) 
PARAMETRIC_REPRESENTATION_CONTEXT() REPRESENTATION_CONTEXT('2D SPACE',''
  ) );
#6953 = PCURVE('',#4399,#6954);
#6954 = DEFINITIONAL_REPRESENTATION('',(#6955),#6959);
#6955 = LINE('',#6956,#6957);
#6956 = CARTESIAN_POINT('',(3.406366588219,0.));
#6957 = VECTOR('',#6958,1.);
#6958 = DIRECTION('',(0.,-1.));
#6959 = ( GEOMETRIC_REPRESENTATION_CONTEXT(2) 
PARAMETRIC_REPRESENTATION_CONTEXT() REPRESENTATION_CONTEXT('2D SPACE',''
  ) );
#6960 = ORIENTED_EDGE('',*,*,#6961,.T.);
#6961 = EDGE_CURVE('',#6939,#6841,#6962,.T.);
#6962 = SURFACE_CURVE('',#6963,(#6967,#6974),.PCURVE_S1.);
#6963 = LINE('',#6964,#6965);
#6964 = CARTESIAN_POINT('',(-21.90636658821,-41.,36.2));
#6965 = VECTOR('',#6966,1.);
#6966 = DIRECTION('',(0.5,0.866025403784,-9.614813431918E-17));
#6967 = PCURVE('',#4427,#6968);
#6968 = DEFINITIONAL_REPRESENTATION('',(#6969),#6973);
#6969 = LINE('',#6970,#6971);
#6970 = CARTESIAN_POINT('',(0.,-2.8));
#6971 = VECTOR('',#6972,1.);
#6972 = DIRECTION('',(1.,0.));
#6973 = ( GEOMETRIC_REPRESENTATION_CONTEXT(2) 
PARAMETRIC_REPRESENTATION_CONTEXT() REPRESENTATION_CONTEXT('2D SPACE',''
  ) );
#6974 = PCURVE('',#6668,#6975);
#6975 = DEFINITIONAL_REPRESENTATION('',(#6976),#6980);
#6976 = LINE('',#6977,#6978);
#6977 = CARTESIAN_POINT('',(5.803258962426E-16,3.406366588219));
#6978 = VECTOR('',#6979,1.);
#6979 = DIRECTION('',(-0.866025403784,-0.5));
#6980 = ( GEOMETRIC_REPRESENTATION_CONTEXT(2) 
PARAMETRIC_REPRESENTATION_CONTEXT() REPRESENTATION_CONTEXT('2D SPACE',''
  ) );
#6981 = ORIENTED_EDGE('',*,*,#6840,.F.);
#6982 = ORIENTED_EDGE('',*,*,#4411,.F.);
#6983 = ADVANCED_FACE('',(#6984),#4371,.T.);
#6984 = FACE_BOUND('',#6985,.T.);
#6985 = EDGE_LOOP('',(#6986,#6987,#7010,#7031));
#6986 = ORIENTED_EDGE('',*,*,#6913,.T.);
#6987 = ORIENTED_EDGE('',*,*,#6988,.T.);
#6988 = EDGE_CURVE('',#6891,#6989,#6991,.T.);
#6989 = VERTEX_POINT('',#6990);
#6990 = CARTESIAN_POINT('',(-20.2031832941,-43.95,36.2));
#6991 = SURFACE_CURVE('',#6992,(#6996,#7003),.PCURVE_S1.);
#6992 = LINE('',#6993,#6994);
#6993 = CARTESIAN_POINT('',(-16.79681670589,-43.95,36.2));
#6994 = VECTOR('',#6995,1.);
#6995 = DIRECTION('',(-1.,9.167425330581E-17,1.447401660961E-32));
#6996 = PCURVE('',#4371,#6997);
#6997 = DEFINITIONAL_REPRESENTATION('',(#6998),#7002);
#6998 = LINE('',#6999,#7000);
#6999 = CARTESIAN_POINT('',(0.,-2.8));
#7000 = VECTOR('',#7001,1.);
#7001 = DIRECTION('',(1.,0.));
#7002 = ( GEOMETRIC_REPRESENTATION_CONTEXT(2) 
PARAMETRIC_REPRESENTATION_CONTEXT() REPRESENTATION_CONTEXT('2D SPACE',''
  ) );
#7003 = PCURVE('',#6668,#7004);
#7004 = DEFINITIONAL_REPRESENTATION('',(#7005),#7009);
#7005 = LINE('',#7006,#7007);
#7006 = CARTESIAN_POINT('',(2.95,-1.703183294109));
#7007 = VECTOR('',#7008,1.);
#7008 = DIRECTION('',(1.303703516192E-16,1.));
#7009 = ( GEOMETRIC_REPRESENTATION_CONTEXT(2) 
PARAMETRIC_REPRESENTATION_CONTEXT() REPRESENTATION_CONTEXT('2D SPACE',''
  ) );
#7010 = ORIENTED_EDGE('',*,*,#7011,.F.);
#7011 = EDGE_CURVE('',#4356,#6989,#7012,.T.);
#7012 = SURFACE_CURVE('',#7013,(#7017,#7024),.PCURVE_S1.);
#7013 = LINE('',#7014,#7015);
#7014 = CARTESIAN_POINT('',(-20.2031832941,-43.95,39.));
#7015 = VECTOR('',#7016,1.);
#7016 = DIRECTION('',(-2.465190328816E-32,-1.110223024625E-16,-1.));
#7017 = PCURVE('',#4371,#7018);
#7018 = DEFINITIONAL_REPRESENTATION('',(#7019),#7023);
#7019 = LINE('',#7020,#7021);
#7020 = CARTESIAN_POINT('',(3.406366588219,0.));
#7021 = VECTOR('',#7022,1.);
#7022 = DIRECTION('',(0.,-1.));
#7023 = ( GEOMETRIC_REPRESENTATION_CONTEXT(2) 
PARAMETRIC_REPRESENTATION_CONTEXT() REPRESENTATION_CONTEXT('2D SPACE',''
  ) );
#7024 = PCURVE('',#4399,#7025);
#7025 = DEFINITIONAL_REPRESENTATION('',(#7026),#7030);
#7026 = LINE('',#7027,#7028);
#7027 = CARTESIAN_POINT('',(0.,0.));
#7028 = VECTOR('',#7029,1.);
#7029 = DIRECTION('',(0.,-1.));
#7030 = ( GEOMETRIC_REPRESENTATION_CONTEXT(2) 
PARAMETRIC_REPRESENTATION_CONTEXT() REPRESENTATION_CONTEXT('2D SPACE',''
  ) );
#7031 = ORIENTED_EDGE('',*,*,#4355,.F.);
#7032 = ADVANCED_FACE('',(#7033),#4399,.T.);
#7033 = FACE_BOUND('',#7034,.T.);
#7034 = EDGE_LOOP('',(#7035,#7036,#7057,#7058));
#7035 = ORIENTED_EDGE('',*,*,#7011,.T.);
#7036 = ORIENTED_EDGE('',*,*,#7037,.T.);
#7037 = EDGE_CURVE('',#6989,#6939,#7038,.T.);
#7038 = SURFACE_CURVE('',#7039,(#7043,#7050),.PCURVE_S1.);
#7039 = LINE('',#7040,#7041);
#7040 = CARTESIAN_POINT('',(-20.2031832941,-43.95,36.2));
#7041 = VECTOR('',#7042,1.);
#7042 = DIRECTION('',(-0.5,0.866025403784,-9.614813431918E-17));
#7043 = PCURVE('',#4399,#7044);
#7044 = DEFINITIONAL_REPRESENTATION('',(#7045),#7049);
#7045 = LINE('',#7046,#7047);
#7046 = CARTESIAN_POINT('',(0.,-2.8));
#7047 = VECTOR('',#7048,1.);
#7048 = DIRECTION('',(1.,0.));
#7049 = ( GEOMETRIC_REPRESENTATION_CONTEXT(2) 
PARAMETRIC_REPRESENTATION_CONTEXT() REPRESENTATION_CONTEXT('2D SPACE',''
  ) );
#7050 = PCURVE('',#6668,#7051);
#7051 = DEFINITIONAL_REPRESENTATION('',(#7052),#7056);
#7052 = LINE('',#7053,#7054);
#7053 = CARTESIAN_POINT('',(2.95,1.703183294109));
#7054 = VECTOR('',#7055,1.);
#7055 = DIRECTION('',(-0.866025403784,0.5));
#7056 = ( GEOMETRIC_REPRESENTATION_CONTEXT(2) 
PARAMETRIC_REPRESENTATION_CONTEXT() REPRESENTATION_CONTEXT('2D SPACE',''
  ) );
#7057 = ORIENTED_EDGE('',*,*,#6938,.F.);
#7058 = ORIENTED_EDGE('',*,*,#4383,.F.);
#7059 = ADVANCED_FACE('',(#7060),#4640,.T.);
#7060 = FACE_BOUND('',#7061,.T.);
#7061 = EDGE_LOOP('',(#7062,#7063,#7064,#7065));
#7062 = ORIENTED_EDGE('',*,*,#5022,.F.);
#7063 = ORIENTED_EDGE('',*,*,#5430,.T.);
#7064 = ORIENTED_EDGE('',*,*,#6486,.F.);
#7065 = ORIENTED_EDGE('',*,*,#4621,.T.);
#7066 = ADVANCED_FACE('',(#7067,#7070),#5097,.F.);
#7067 = FACE_BOUND('',#7068,.F.);
#7068 = EDGE_LOOP('',(#7069));
#7069 = ORIENTED_EDGE('',*,*,#5082,.T.);
#7070 = FACE_BOUND('',#7071,.F.);
#7071 = EDGE_LOOP('',(#7072));
#7072 = ORIENTED_EDGE('',*,*,#7073,.F.);
#7073 = EDGE_CURVE('',#7074,#7074,#7076,.T.);
#7074 = VERTEX_POINT('',#7075);
#7075 = CARTESIAN_POINT('',(22.5,-35.,43.6));
#7076 = SURFACE_CURVE('',#7077,(#7082,#7089),.PCURVE_S1.);
#7077 = CIRCLE('',#7078,1.1);
#7078 = AXIS2_PLACEMENT_3D('',#7079,#7080,#7081);
#7079 = CARTESIAN_POINT('',(22.5,-35.,42.5));
#7080 = DIRECTION('',(-2.22044604925E-16,-1.,0.));
#7081 = DIRECTION('',(0.,0.,1.));
#7082 = PCURVE('',#5097,#7083);
#7083 = DEFINITIONAL_REPRESENTATION('',(#7084),#7088);
#7084 = CIRCLE('',#7085,1.1);
#7085 = AXIS2_PLACEMENT_2D('',#7086,#7087);
#7086 = CARTESIAN_POINT('',(0.,0.));
#7087 = DIRECTION('',(1.,0.));
#7088 = ( GEOMETRIC_REPRESENTATION_CONTEXT(2) 
PARAMETRIC_REPRESENTATION_CONTEXT() REPRESENTATION_CONTEXT('2D SPACE',''
  ) );
#7089 = PCURVE('',#6026,#7090);
#7090 = DEFINITIONAL_REPRESENTATION('',(#7091),#7095);
#7091 = LINE('',#7092,#7093);
#7092 = CARTESIAN_POINT('',(0.,7.1));
#7093 = VECTOR('',#7094,1.);
#7094 = DIRECTION('',(1.,0.));
#7095 = ( GEOMETRIC_REPRESENTATION_CONTEXT(2) 
PARAMETRIC_REPRESENTATION_CONTEXT() REPRESENTATION_CONTEXT('2D SPACE',''
  ) );
#7096 = ADVANCED_FACE('',(#7097),#5568,.T.);
#7097 = FACE_BOUND('',#7098,.T.);
#7098 = EDGE_LOOP('',(#7099,#7100,#7101,#7102));
#7099 = ORIENTED_EDGE('',*,*,#5866,.F.);
#7100 = ORIENTED_EDGE('',*,*,#6508,.F.);
#7101 = ORIENTED_EDGE('',*,*,#5547,.T.);
#7102 = ORIENTED_EDGE('',*,*,#7103,.T.);
#7103 = EDGE_CURVE('',#5520,#5867,#7104,.T.);
#7104 = SURFACE_CURVE('',#7105,(#7109,#7116),.PCURVE_S1.);
#7105 = LINE('',#7106,#7107);
#7106 = CARTESIAN_POINT('',(27.5,-33.,42.5));
#7107 = VECTOR('',#7108,1.);
#7108 = DIRECTION('',(-2.22044604925E-16,-1.,0.));
#7109 = PCURVE('',#5568,#7110);
#7110 = DEFINITIONAL_REPRESENTATION('',(#7111),#7115);
#7111 = LINE('',#7112,#7113);
#7112 = CARTESIAN_POINT('',(4.712388980385,0.));
#7113 = VECTOR('',#7114,1.);
#7114 = DIRECTION('',(0.,1.));
#7115 = ( GEOMETRIC_REPRESENTATION_CONTEXT(2) 
PARAMETRIC_REPRESENTATION_CONTEXT() REPRESENTATION_CONTEXT('2D SPACE',''
  ) );
#7116 = PCURVE('',#5535,#7117);
#7117 = DEFINITIONAL_REPRESENTATION('',(#7118),#7122);
#7118 = LINE('',#7119,#7120);
#7119 = CARTESIAN_POINT('',(0.,0.));
#7120 = VECTOR('',#7121,1.);
#7121 = DIRECTION('',(0.,1.));
#7122 = ( GEOMETRIC_REPRESENTATION_CONTEXT(2) 
PARAMETRIC_REPRESENTATION_CONTEXT() REPRESENTATION_CONTEXT('2D SPACE',''
  ) );
#7123 = ADVANCED_FACE('',(#7124),#5535,.T.);
#7124 = FACE_BOUND('',#7125,.T.);
#7125 = EDGE_LOOP('',(#7126,#7127,#7128,#7149));
#7126 = ORIENTED_EDGE('',*,*,#7103,.F.);
#7127 = ORIENTED_EDGE('',*,*,#5519,.T.);
#7128 = ORIENTED_EDGE('',*,*,#7129,.T.);
#7129 = EDGE_CURVE('',#5487,#5891,#7130,.T.);
#7130 = SURFACE_CURVE('',#7131,(#7135,#7142),.PCURVE_S1.);
#7131 = LINE('',#7132,#7133);
#7132 = CARTESIAN_POINT('',(27.5,-33.,58.5));
#7133 = VECTOR('',#7134,1.);
#7134 = DIRECTION('',(-2.22044604925E-16,-1.,0.));
#7135 = PCURVE('',#5535,#7136);
#7136 = DEFINITIONAL_REPRESENTATION('',(#7137),#7141);
#7137 = LINE('',#7138,#7139);
#7138 = CARTESIAN_POINT('',(16.,0.));
#7139 = VECTOR('',#7140,1.);
#7140 = DIRECTION('',(0.,1.));
#7141 = ( GEOMETRIC_REPRESENTATION_CONTEXT(2) 
PARAMETRIC_REPRESENTATION_CONTEXT() REPRESENTATION_CONTEXT('2D SPACE',''
  ) );
#7142 = PCURVE('',#5507,#7143);
#7143 = DEFINITIONAL_REPRESENTATION('',(#7144),#7148);
#7144 = LINE('',#7145,#7146);
#7145 = CARTESIAN_POINT('',(4.712388980385,0.));
#7146 = VECTOR('',#7147,1.);
#7147 = DIRECTION('',(0.,1.));
#7148 = ( GEOMETRIC_REPRESENTATION_CONTEXT(2) 
PARAMETRIC_REPRESENTATION_CONTEXT() REPRESENTATION_CONTEXT('2D SPACE',''
  ) );
#7149 = ORIENTED_EDGE('',*,*,#5890,.F.);
#7150 = ADVANCED_FACE('',(#7151),#5507,.T.);
#7151 = FACE_BOUND('',#7152,.T.);
#7152 = EDGE_LOOP('',(#7153,#7154,#7155,#7156));
#7153 = ORIENTED_EDGE('',*,*,#5913,.F.);
#7154 = ORIENTED_EDGE('',*,*,#7129,.F.);
#7155 = ORIENTED_EDGE('',*,*,#5486,.T.);
#7156 = ORIENTED_EDGE('',*,*,#7157,.T.);
#7157 = EDGE_CURVE('',#5459,#5914,#7158,.T.);
#7158 = SURFACE_CURVE('',#7159,(#7163,#7169),.PCURVE_S1.);
#7159 = LINE('',#7160,#7161);
#7160 = CARTESIAN_POINT('',(22.5,-33.,63.5));
#7161 = VECTOR('',#7162,1.);
#7162 = DIRECTION('',(-2.22044604925E-16,-1.,0.));
#7163 = PCURVE('',#5507,#7164);
#7164 = DEFINITIONAL_REPRESENTATION('',(#7165),#7168);
#7165 = B_SPLINE_CURVE_WITH_KNOTS('',1,(#7166,#7167),.UNSPECIFIED.,.F.,
  .F.,(2,2),(0.,4.),.PIECEWISE_BEZIER_KNOTS.);
#7166 = CARTESIAN_POINT('',(6.28318530718,0.));
#7167 = CARTESIAN_POINT('',(6.28318530718,4.));
#7168 = ( GEOMETRIC_REPRESENTATION_CONTEXT(2) 
PARAMETRIC_REPRESENTATION_CONTEXT() REPRESENTATION_CONTEXT('2D SPACE',''
  ) );
#7169 = PCURVE('',#5474,#7170);
#7170 = DEFINITIONAL_REPRESENTATION('',(#7171),#7175);
#7171 = LINE('',#7172,#7173);
#7172 = CARTESIAN_POINT('',(0.,31.5));
#7173 = VECTOR('',#7174,1.);
#7174 = DIRECTION('',(1.,0.));
#7175 = ( GEOMETRIC_REPRESENTATION_CONTEXT(2) 
PARAMETRIC_REPRESENTATION_CONTEXT() REPRESENTATION_CONTEXT('2D SPACE',''
  ) );
#7176 = ADVANCED_FACE('',(#7177),#5474,.T.);
#7177 = FACE_BOUND('',#7178,.T.);
#7178 = EDGE_LOOP('',(#7179,#7180,#7181,#7182,#7183));
#7179 = ORIENTED_EDGE('',*,*,#6249,.F.);
#7180 = ORIENTED_EDGE('',*,*,#6166,.T.);
#7181 = ORIENTED_EDGE('',*,*,#5937,.T.);
#7182 = ORIENTED_EDGE('',*,*,#7157,.F.);
#7183 = ORIENTED_EDGE('',*,*,#5458,.F.);
#7184 = ADVANCED_FACE('',(#7185),#5622,.F.);
#7185 = FACE_BOUND('',#7186,.F.);
#7186 = EDGE_LOOP('',(#7187,#7210,#7237,#7238));
#7187 = ORIENTED_EDGE('',*,*,#7188,.T.);
#7188 = EDGE_CURVE('',#5602,#7189,#7191,.T.);
#7189 = VERTEX_POINT('',#7190);
#7190 = CARTESIAN_POINT('',(22.5,-35.,60.4));
#7191 = SEAM_CURVE('',#7192,(#7196,#7203),.PCURVE_S1.);
#7192 = LINE('',#7193,#7194);
#7193 = CARTESIAN_POINT('',(22.5,-27.9,60.4));
#7194 = VECTOR('',#7195,1.);
#7195 = DIRECTION('',(-2.22044604925E-16,-1.,0.));
#7196 = PCURVE('',#5622,#7197);
#7197 = DEFINITIONAL_REPRESENTATION('',(#7198),#7202);
#7198 = LINE('',#7199,#7200);
#7199 = CARTESIAN_POINT('',(6.28318530718,-0.));
#7200 = VECTOR('',#7201,1.);
#7201 = DIRECTION('',(0.,1.));
#7202 = ( GEOMETRIC_REPRESENTATION_CONTEXT(2) 
PARAMETRIC_REPRESENTATION_CONTEXT() REPRESENTATION_CONTEXT('2D SPACE',''
  ) );
#7203 = PCURVE('',#5622,#7204);
#7204 = DEFINITIONAL_REPRESENTATION('',(#7205),#7209);
#7205 = LINE('',#7206,#7207);
#7206 = CARTESIAN_POINT('',(0.,-0.));
#7207 = VECTOR('',#7208,1.);
#7208 = DIRECTION('',(0.,1.));
#7209 = ( GEOMETRIC_REPRESENTATION_CONTEXT(2) 
PARAMETRIC_REPRESENTATION_CONTEXT() REPRESENTATION_CONTEXT('2D SPACE',''
  ) );
#7210 = ORIENTED_EDGE('',*,*,#7211,.F.);
#7211 = EDGE_CURVE('',#7189,#7189,#7212,.T.);
#7212 = SURFACE_CURVE('',#7213,(#7218,#7225),.PCURVE_S1.);
#7213 = CIRCLE('',#7214,1.9);
#7214 = AXIS2_PLACEMENT_3D('',#7215,#7216,#7217);
#7215 = CARTESIAN_POINT('',(22.5,-35.,58.5));
#7216 = DIRECTION('',(-2.22044604925E-16,-1.,0.));
#7217 = DIRECTION('',(0.,0.,1.));
#7218 = PCURVE('',#5622,#7219);
#7219 = DEFINITIONAL_REPRESENTATION('',(#7220),#7224);
#7220 = LINE('',#7221,#7222);
#7221 = CARTESIAN_POINT('',(0.,7.1));
#7222 = VECTOR('',#7223,1.);
#7223 = DIRECTION('',(1.,0.));
#7224 = ( GEOMETRIC_REPRESENTATION_CONTEXT(2) 
PARAMETRIC_REPRESENTATION_CONTEXT() REPRESENTATION_CONTEXT('2D SPACE',''
  ) );
#7225 = PCURVE('',#7226,#7231);
#7226 = PLANE('',#7227);
#7227 = AXIS2_PLACEMENT_3D('',#7228,#7229,#7230);
#7228 = CARTESIAN_POINT('',(22.5,-35.,58.5));
#7229 = DIRECTION('',(-2.22044604925E-16,-1.,0.));
#7230 = DIRECTION('',(0.,0.,1.));
#7231 = DEFINITIONAL_REPRESENTATION('',(#7232),#7236);
#7232 = CIRCLE('',#7233,1.9);
#7233 = AXIS2_PLACEMENT_2D('',#7234,#7235);
#7234 = CARTESIAN_POINT('',(0.,0.));
#7235 = DIRECTION('',(1.,0.));
#7236 = ( GEOMETRIC_REPRESENTATION_CONTEXT(2) 
PARAMETRIC_REPRESENTATION_CONTEXT() REPRESENTATION_CONTEXT('2D SPACE',''
  ) );
#7237 = ORIENTED_EDGE('',*,*,#7188,.F.);
#7238 = ORIENTED_EDGE('',*,*,#5601,.T.);
#7239 = ADVANCED_FACE('',(#7240,#7243),#5703,.F.);
#7240 = FACE_BOUND('',#7241,.F.);
#7241 = EDGE_LOOP('',(#7242));
#7242 = ORIENTED_EDGE('',*,*,#5688,.T.);
#7243 = FACE_BOUND('',#7244,.F.);
#7244 = EDGE_LOOP('',(#7245,#7276,#7300,#7329,#7358));
#7245 = ORIENTED_EDGE('',*,*,#7246,.F.);
#7246 = EDGE_CURVE('',#7247,#7249,#7251,.T.);
#7247 = VERTEX_POINT('',#7248);
#7248 = CARTESIAN_POINT('',(-4.043810359733E-15,-32.,63.));
#7249 = VERTEX_POINT('',#7250);
#7250 = CARTESIAN_POINT('',(-7.638021055295,-32.,60.394980260661));
#7251 = SURFACE_CURVE('',#7252,(#7257,#7264),.PCURVE_S1.);
#7252 = CIRCLE('',#7253,12.5);
#7253 = AXIS2_PLACEMENT_3D('',#7254,#7255,#7256);
#7254 = CARTESIAN_POINT('',(-7.105427357601E-15,-32.,50.5));
#7255 = DIRECTION('',(-2.22044604925E-16,-1.,0.));
#7256 = DIRECTION('',(0.,0.,1.));
#7257 = PCURVE('',#5703,#7258);
#7258 = DEFINITIONAL_REPRESENTATION('',(#7259),#7263);
#7259 = CIRCLE('',#7260,12.5);
#7260 = AXIS2_PLACEMENT_2D('',#7261,#7262);
#7261 = CARTESIAN_POINT('',(0.,0.));
#7262 = DIRECTION('',(1.,0.));
#7263 = ( GEOMETRIC_REPRESENTATION_CONTEXT(2) 
PARAMETRIC_REPRESENTATION_CONTEXT() REPRESENTATION_CONTEXT('2D SPACE',''
  ) );
#7264 = PCURVE('',#7265,#7270);
#7265 = CYLINDRICAL_SURFACE('',#7266,12.5);
#7266 = AXIS2_PLACEMENT_3D('',#7267,#7268,#7269);
#7267 = CARTESIAN_POINT('',(-7.094325127355E-15,-31.95,50.5));
#7268 = DIRECTION('',(-2.22044604925E-16,-1.,0.));
#7269 = DIRECTION('',(0.,0.,1.));
#7270 = DEFINITIONAL_REPRESENTATION('',(#7271),#7275);
#7271 = LINE('',#7272,#7273);
#7272 = CARTESIAN_POINT('',(6.28318530718,5.E-02));
#7273 = VECTOR('',#7274,1.);
#7274 = DIRECTION('',(1.,0.));
#7275 = ( GEOMETRIC_REPRESENTATION_CONTEXT(2) 
PARAMETRIC_REPRESENTATION_CONTEXT() REPRESENTATION_CONTEXT('2D SPACE',''
  ) );
#7276 = ORIENTED_EDGE('',*,*,#7277,.F.);
#7277 = EDGE_CURVE('',#7278,#7247,#7280,.T.);
#7278 = VERTEX_POINT('',#7279);
#7279 = CARTESIAN_POINT('',(-7.638021055295,-32.,40.605019739339));
#7280 = SURFACE_CURVE('',#7281,(#7286,#7293),.PCURVE_S1.);
#7281 = CIRCLE('',#7282,12.5);
#7282 = AXIS2_PLACEMENT_3D('',#7283,#7284,#7285);
#7283 = CARTESIAN_POINT('',(-7.105427357601E-15,-32.,50.5));
#7284 = DIRECTION('',(-2.22044604925E-16,-1.,0.));
#7285 = DIRECTION('',(0.,0.,1.));
#7286 = PCURVE('',#5703,#7287);
#7287 = DEFINITIONAL_REPRESENTATION('',(#7288),#7292);
#7288 = CIRCLE('',#7289,12.5);
#7289 = AXIS2_PLACEMENT_2D('',#7290,#7291);
#7290 = CARTESIAN_POINT('',(0.,0.));
#7291 = DIRECTION('',(1.,0.));
#7292 = ( GEOMETRIC_REPRESENTATION_CONTEXT(2) 
PARAMETRIC_REPRESENTATION_CONTEXT() REPRESENTATION_CONTEXT('2D SPACE',''
  ) );
#7293 = PCURVE('',#7265,#7294);
#7294 = DEFINITIONAL_REPRESENTATION('',(#7295),#7299);
#7295 = LINE('',#7296,#7297);
#7296 = CARTESIAN_POINT('',(0.,5.E-02));
#7297 = VECTOR('',#7298,1.);
#7298 = DIRECTION('',(1.,0.));
#7299 = ( GEOMETRIC_REPRESENTATION_CONTEXT(2) 
PARAMETRIC_REPRESENTATION_CONTEXT() REPRESENTATION_CONTEXT('2D SPACE',''
  ) );
#7300 = ORIENTED_EDGE('',*,*,#7301,.F.);
#7301 = EDGE_CURVE('',#7302,#7278,#7304,.T.);
#7302 = VERTEX_POINT('',#7303);
#7303 = CARTESIAN_POINT('',(-9.382145264872,-32.,42.240136185817));
#7304 = SURFACE_CURVE('',#7305,(#7310,#7317),.PCURVE_S1.);
#7305 = CIRCLE('',#7306,1.9);
#7306 = AXIS2_PLACEMENT_3D('',#7307,#7308,#7309);
#7307 = CARTESIAN_POINT('',(-7.5,-32.,42.5));
#7308 = DIRECTION('',(-2.22044604925E-16,-1.,0.));
#7309 = DIRECTION('',(0.,0.,1.));
#7310 = PCURVE('',#5703,#7311);
#7311 = DEFINITIONAL_REPRESENTATION('',(#7312),#7316);
#7312 = CIRCLE('',#7313,1.9);
#7313 = AXIS2_PLACEMENT_2D('',#7314,#7315);
#7314 = CARTESIAN_POINT('',(-8.,7.5));
#7315 = DIRECTION('',(1.,0.));
#7316 = ( GEOMETRIC_REPRESENTATION_CONTEXT(2) 
PARAMETRIC_REPRESENTATION_CONTEXT() REPRESENTATION_CONTEXT('2D SPACE',''
  ) );
#7317 = PCURVE('',#7318,#7323);
#7318 = CYLINDRICAL_SURFACE('',#7319,1.9);
#7319 = AXIS2_PLACEMENT_3D('',#7320,#7321,#7322);
#7320 = CARTESIAN_POINT('',(-7.5,-27.9,42.5));
#7321 = DIRECTION('',(-2.22044604925E-16,-1.,0.));
#7322 = DIRECTION('',(0.,0.,1.));
#7323 = DEFINITIONAL_REPRESENTATION('',(#7324),#7328);
#7324 = LINE('',#7325,#7326);
#7325 = CARTESIAN_POINT('',(0.,4.1));
#7326 = VECTOR('',#7327,1.);
#7327 = DIRECTION('',(1.,0.));
#7328 = ( GEOMETRIC_REPRESENTATION_CONTEXT(2) 
PARAMETRIC_REPRESENTATION_CONTEXT() REPRESENTATION_CONTEXT('2D SPACE',''
  ) );
#7329 = ORIENTED_EDGE('',*,*,#7330,.F.);
#7330 = EDGE_CURVE('',#7331,#7302,#7333,.T.);
#7331 = VERTEX_POINT('',#7332);
#7332 = CARTESIAN_POINT('',(-9.382145264872,-32.,58.759863814183));
#7333 = SURFACE_CURVE('',#7334,(#7339,#7346),.PCURVE_S1.);
#7334 = CIRCLE('',#7335,12.5);
#7335 = AXIS2_PLACEMENT_3D('',#7336,#7337,#7338);
#7336 = CARTESIAN_POINT('',(-7.105427357601E-15,-32.,50.5));
#7337 = DIRECTION('',(-2.22044604925E-16,-1.,0.));
#7338 = DIRECTION('',(0.,0.,1.));
#7339 = PCURVE('',#5703,#7340);
#7340 = DEFINITIONAL_REPRESENTATION('',(#7341),#7345);
#7341 = CIRCLE('',#7342,12.5);
#7342 = AXIS2_PLACEMENT_2D('',#7343,#7344);
#7343 = CARTESIAN_POINT('',(0.,0.));
#7344 = DIRECTION('',(1.,0.));
#7345 = ( GEOMETRIC_REPRESENTATION_CONTEXT(2) 
PARAMETRIC_REPRESENTATION_CONTEXT() REPRESENTATION_CONTEXT('2D SPACE',''
  ) );
#7346 = PCURVE('',#7347,#7352);
#7347 = CYLINDRICAL_SURFACE('',#7348,12.5);
#7348 = AXIS2_PLACEMENT_3D('',#7349,#7350,#7351);
#7349 = CARTESIAN_POINT('',(-7.094325127355E-15,-31.95,50.5));
#7350 = DIRECTION('',(-2.22044604925E-16,-1.,0.));
#7351 = DIRECTION('',(0.,0.,1.));
#7352 = DEFINITIONAL_REPRESENTATION('',(#7353),#7357);
#7353 = LINE('',#7354,#7355);
#7354 = CARTESIAN_POINT('',(0.,5.E-02));
#7355 = VECTOR('',#7356,1.);
#7356 = DIRECTION('',(1.,0.));
#7357 = ( GEOMETRIC_REPRESENTATION_CONTEXT(2) 
PARAMETRIC_REPRESENTATION_CONTEXT() REPRESENTATION_CONTEXT('2D SPACE',''
  ) );
#7358 = ORIENTED_EDGE('',*,*,#7359,.F.);
#7359 = EDGE_CURVE('',#7249,#7331,#7360,.T.);
#7360 = SURFACE_CURVE('',#7361,(#7366,#7373),.PCURVE_S1.);
#7361 = CIRCLE('',#7362,1.9);
#7362 = AXIS2_PLACEMENT_3D('',#7363,#7364,#7365);
#7363 = CARTESIAN_POINT('',(-7.5,-32.,58.5));
#7364 = DIRECTION('',(-2.22044604925E-16,-1.,0.));
#7365 = DIRECTION('',(0.,0.,1.));
#7366 = PCURVE('',#5703,#7367);
#7367 = DEFINITIONAL_REPRESENTATION('',(#7368),#7372);
#7368 = CIRCLE('',#7369,1.9);
#7369 = AXIS2_PLACEMENT_2D('',#7370,#7371);
#7370 = CARTESIAN_POINT('',(8.,7.5));
#7371 = DIRECTION('',(1.,0.));
#7372 = ( GEOMETRIC_REPRESENTATION_CONTEXT(2) 
PARAMETRIC_REPRESENTATION_CONTEXT() REPRESENTATION_CONTEXT('2D SPACE',''
  ) );
#7373 = PCURVE('',#7374,#7379);
#7374 = CYLINDRICAL_SURFACE('',#7375,1.9);
#7375 = AXIS2_PLACEMENT_3D('',#7376,#7377,#7378);
#7376 = CARTESIAN_POINT('',(-7.5,-27.9,58.5));
#7377 = DIRECTION('',(-2.22044604925E-16,-1.,0.));
#7378 = DIRECTION('',(0.,0.,1.));
#7379 = DEFINITIONAL_REPRESENTATION('',(#7380),#7384);
#7380 = LINE('',#7381,#7382);
#7381 = CARTESIAN_POINT('',(0.,4.1));
#7382 = VECTOR('',#7383,1.);
#7383 = DIRECTION('',(1.,0.));
#7384 = ( GEOMETRIC_REPRESENTATION_CONTEXT(2) 
PARAMETRIC_REPRESENTATION_CONTEXT() REPRESENTATION_CONTEXT('2D SPACE',''
  ) );
#7385 = ADVANCED_FACE('',(#7386,#7394),#5833,.T.);
#7386 = FACE_BOUND('',#7387,.T.);
#7387 = EDGE_LOOP('',(#7388,#7389,#7390,#7391,#7392,#7393));
#7388 = ORIENTED_EDGE('',*,*,#5817,.T.);
#7389 = ORIENTED_EDGE('',*,*,#6388,.T.);
#7390 = ORIENTED_EDGE('',*,*,#6435,.T.);
#7391 = ORIENTED_EDGE('',*,*,#6599,.T.);
#7392 = ORIENTED_EDGE('',*,*,#6623,.T.);
#7393 = ORIENTED_EDGE('',*,*,#6528,.F.);
#7394 = FACE_BOUND('',#7395,.T.);
#7395 = EDGE_LOOP('',(#7396,#7426,#7454,#7482,#7510,#7538));
#7396 = ORIENTED_EDGE('',*,*,#7397,.T.);
#7397 = EDGE_CURVE('',#7398,#7400,#7402,.T.);
#7398 = VERTEX_POINT('',#7399);
#7399 = CARTESIAN_POINT('',(20.203183294109,-38.05,39.));
#7400 = VERTEX_POINT('',#7401);
#7401 = CARTESIAN_POINT('',(21.906366588219,-41.,39.));
#7402 = SURFACE_CURVE('',#7403,(#7407,#7414),.PCURVE_S1.);
#7403 = LINE('',#7404,#7405);
#7404 = CARTESIAN_POINT('',(20.203183294109,-38.05,39.));
#7405 = VECTOR('',#7406,1.);
#7406 = DIRECTION('',(0.5,-0.866025403784,9.614813431918E-17));
#7407 = PCURVE('',#5833,#7408);
#7408 = DEFINITIONAL_REPRESENTATION('',(#7409),#7413);
#7409 = LINE('',#7410,#7411);
#7410 = CARTESIAN_POINT('',(0.882948026039,20.203183294109));
#7411 = VECTOR('',#7412,1.);
#7412 = DIRECTION('',(0.866025403784,0.5));
#7413 = ( GEOMETRIC_REPRESENTATION_CONTEXT(2) 
PARAMETRIC_REPRESENTATION_CONTEXT() REPRESENTATION_CONTEXT('2D SPACE',''
  ) );
#7414 = PCURVE('',#7415,#7420);
#7415 = PLANE('',#7416);
#7416 = AXIS2_PLACEMENT_3D('',#7417,#7418,#7419);
#7417 = CARTESIAN_POINT('',(20.203183294109,-38.05,39.));
#7418 = DIRECTION('',(-0.866025403784,-0.5,5.551115123126E-17));
#7419 = DIRECTION('',(0.5,-0.866025403784,9.614813431918E-17));
#7420 = DEFINITIONAL_REPRESENTATION('',(#7421),#7425);
#7421 = LINE('',#7422,#7423);
#7422 = CARTESIAN_POINT('',(0.,0.));
#7423 = VECTOR('',#7424,1.);
#7424 = DIRECTION('',(1.,0.));
#7425 = ( GEOMETRIC_REPRESENTATION_CONTEXT(2) 
PARAMETRIC_REPRESENTATION_CONTEXT() REPRESENTATION_CONTEXT('2D SPACE',''
  ) );
#7426 = ORIENTED_EDGE('',*,*,#7427,.T.);
#7427 = EDGE_CURVE('',#7400,#7428,#7430,.T.);
#7428 = VERTEX_POINT('',#7429);
#7429 = CARTESIAN_POINT('',(20.203183294109,-43.95,39.));
#7430 = SURFACE_CURVE('',#7431,(#7435,#7442),.PCURVE_S1.);
#7431 = LINE('',#7432,#7433);
#7432 = CARTESIAN_POINT('',(21.906366588219,-41.,39.));
#7433 = VECTOR('',#7434,1.);
#7434 = DIRECTION('',(-0.5,-0.866025403784,9.614813431918E-17));
#7435 = PCURVE('',#5833,#7436);
#7436 = DEFINITIONAL_REPRESENTATION('',(#7437),#7441);
#7437 = LINE('',#7438,#7439);
#7438 = CARTESIAN_POINT('',(3.832948026039,21.906366588219));
#7439 = VECTOR('',#7440,1.);
#7440 = DIRECTION('',(0.866025403784,-0.5));
#7441 = ( GEOMETRIC_REPRESENTATION_CONTEXT(2) 
PARAMETRIC_REPRESENTATION_CONTEXT() REPRESENTATION_CONTEXT('2D SPACE',''
  ) );
#7442 = PCURVE('',#7443,#7448);
#7443 = PLANE('',#7444);
#7444 = AXIS2_PLACEMENT_3D('',#7445,#7446,#7447);
#7445 = CARTESIAN_POINT('',(21.906366588219,-41.,39.));
#7446 = DIRECTION('',(-0.866025403784,0.5,-5.551115123126E-17));
#7447 = DIRECTION('',(-0.5,-0.866025403784,9.614813431918E-17));
#7448 = DEFINITIONAL_REPRESENTATION('',(#7449),#7453);
#7449 = LINE('',#7450,#7451);
#7450 = CARTESIAN_POINT('',(0.,0.));
#7451 = VECTOR('',#7452,1.);
#7452 = DIRECTION('',(1.,0.));
#7453 = ( GEOMETRIC_REPRESENTATION_CONTEXT(2) 
PARAMETRIC_REPRESENTATION_CONTEXT() REPRESENTATION_CONTEXT('2D SPACE',''
  ) );
#7454 = ORIENTED_EDGE('',*,*,#7455,.T.);
#7455 = EDGE_CURVE('',#7428,#7456,#7458,.T.);
#7456 = VERTEX_POINT('',#7457);
#7457 = CARTESIAN_POINT('',(16.796816705891,-43.95,39.));
#7458 = SURFACE_CURVE('',#7459,(#7463,#7470),.PCURVE_S1.);
#7459 = LINE('',#7460,#7461);
#7460 = CARTESIAN_POINT('',(20.203183294109,-43.95,39.));
#7461 = VECTOR('',#7462,1.);
#7462 = DIRECTION('',(-1.,9.167425330581E-17,1.447401660961E-32));
#7463 = PCURVE('',#5833,#7464);
#7464 = DEFINITIONAL_REPRESENTATION('',(#7465),#7469);
#7465 = LINE('',#7466,#7467);
#7466 = CARTESIAN_POINT('',(6.782948026039,20.203183294109));
#7467 = VECTOR('',#7468,1.);
#7468 = DIRECTION('',(1.303703516192E-16,-1.));
#7469 = ( GEOMETRIC_REPRESENTATION_CONTEXT(2) 
PARAMETRIC_REPRESENTATION_CONTEXT() REPRESENTATION_CONTEXT('2D SPACE',''
  ) );
#7470 = PCURVE('',#7471,#7476);
#7471 = PLANE('',#7472);
#7472 = AXIS2_PLACEMENT_3D('',#7473,#7474,#7475);
#7473 = CARTESIAN_POINT('',(20.203183294109,-43.95,39.));
#7474 = DIRECTION('',(9.167425330581E-17,1.,-1.110223024625E-16));
#7475 = DIRECTION('',(-1.,9.167425330581E-17,1.447401660961E-32));
#7476 = DEFINITIONAL_REPRESENTATION('',(#7477),#7481);
#7477 = LINE('',#7478,#7479);
#7478 = CARTESIAN_POINT('',(0.,0.));
#7479 = VECTOR('',#7480,1.);
#7480 = DIRECTION('',(1.,0.));
#7481 = ( GEOMETRIC_REPRESENTATION_CONTEXT(2) 
PARAMETRIC_REPRESENTATION_CONTEXT() REPRESENTATION_CONTEXT('2D SPACE',''
  ) );
#7482 = ORIENTED_EDGE('',*,*,#7483,.T.);
#7483 = EDGE_CURVE('',#7456,#7484,#7486,.T.);
#7484 = VERTEX_POINT('',#7485);
#7485 = CARTESIAN_POINT('',(15.093633411781,-41.,39.));
#7486 = SURFACE_CURVE('',#7487,(#7491,#7498),.PCURVE_S1.);
#7487 = LINE('',#7488,#7489);
#7488 = CARTESIAN_POINT('',(16.796816705891,-43.95,39.));
#7489 = VECTOR('',#7490,1.);
#7490 = DIRECTION('',(-0.5,0.866025403784,-9.614813431918E-17));
#7491 = PCURVE('',#5833,#7492);
#7492 = DEFINITIONAL_REPRESENTATION('',(#7493),#7497);
#7493 = LINE('',#7494,#7495);
#7494 = CARTESIAN_POINT('',(6.782948026039,16.796816705891));
#7495 = VECTOR('',#7496,1.);
#7496 = DIRECTION('',(-0.866025403784,-0.5));
#7497 = ( GEOMETRIC_REPRESENTATION_CONTEXT(2) 
PARAMETRIC_REPRESENTATION_CONTEXT() REPRESENTATION_CONTEXT('2D SPACE',''
  ) );
#7498 = PCURVE('',#7499,#7504);
#7499 = PLANE('',#7500);
#7500 = AXIS2_PLACEMENT_3D('',#7501,#7502,#7503);
#7501 = CARTESIAN_POINT('',(16.796816705891,-43.95,39.));
#7502 = DIRECTION('',(0.866025403784,0.5,-5.551115123126E-17));
#7503 = DIRECTION('',(-0.5,0.866025403784,-9.614813431918E-17));
#7504 = DEFINITIONAL_REPRESENTATION('',(#7505),#7509);
#7505 = LINE('',#7506,#7507);
#7506 = CARTESIAN_POINT('',(0.,0.));
#7507 = VECTOR('',#7508,1.);
#7508 = DIRECTION('',(1.,0.));
#7509 = ( GEOMETRIC_REPRESENTATION_CONTEXT(2) 
PARAMETRIC_REPRESENTATION_CONTEXT() REPRESENTATION_CONTEXT('2D SPACE',''
  ) );
#7510 = ORIENTED_EDGE('',*,*,#7511,.T.);
#7511 = EDGE_CURVE('',#7484,#7512,#7514,.T.);
#7512 = VERTEX_POINT('',#7513);
#7513 = CARTESIAN_POINT('',(16.796816705891,-38.05,39.));
#7514 = SURFACE_CURVE('',#7515,(#7519,#7526),.PCURVE_S1.);
#7515 = LINE('',#7516,#7517);
#7516 = CARTESIAN_POINT('',(15.093633411781,-41.,39.));
#7517 = VECTOR('',#7518,1.);
#7518 = DIRECTION('',(0.5,0.866025403784,-9.614813431918E-17));
#7519 = PCURVE('',#5833,#7520);
#7520 = DEFINITIONAL_REPRESENTATION('',(#7521),#7525);
#7521 = LINE('',#7522,#7523);
#7522 = CARTESIAN_POINT('',(3.832948026039,15.093633411781));
#7523 = VECTOR('',#7524,1.);
#7524 = DIRECTION('',(-0.866025403784,0.5));
#7525 = ( GEOMETRIC_REPRESENTATION_CONTEXT(2) 
PARAMETRIC_REPRESENTATION_CONTEXT() REPRESENTATION_CONTEXT('2D SPACE',''
  ) );
#7526 = PCURVE('',#7527,#7532);
#7527 = PLANE('',#7528);
#7528 = AXIS2_PLACEMENT_3D('',#7529,#7530,#7531);
#7529 = CARTESIAN_POINT('',(15.093633411781,-41.,39.));
#7530 = DIRECTION('',(0.866025403784,-0.5,5.551115123126E-17));
#7531 = DIRECTION('',(0.5,0.866025403784,-9.614813431918E-17));
#7532 = DEFINITIONAL_REPRESENTATION('',(#7533),#7537);
#7533 = LINE('',#7534,#7535);
#7534 = CARTESIAN_POINT('',(0.,0.));
#7535 = VECTOR('',#7536,1.);
#7536 = DIRECTION('',(1.,0.));
#7537 = ( GEOMETRIC_REPRESENTATION_CONTEXT(2) 
PARAMETRIC_REPRESENTATION_CONTEXT() REPRESENTATION_CONTEXT('2D SPACE',''
  ) );
#7538 = ORIENTED_EDGE('',*,*,#7539,.T.);
#7539 = EDGE_CURVE('',#7512,#7398,#7540,.T.);
#7540 = SURFACE_CURVE('',#7541,(#7545,#7552),.PCURVE_S1.);
#7541 = LINE('',#7542,#7543);
#7542 = CARTESIAN_POINT('',(16.796816705891,-38.05,39.));
#7543 = VECTOR('',#7544,1.);
#7544 = DIRECTION('',(1.,-9.167425330581E-17,-1.447401660961E-32));
#7545 = PCURVE('',#5833,#7546);
#7546 = DEFINITIONAL_REPRESENTATION('',(#7547),#7551);
#7547 = LINE('',#7548,#7549);
#7548 = CARTESIAN_POINT('',(0.882948026039,16.796816705891));
#7549 = VECTOR('',#7550,1.);
#7550 = DIRECTION('',(-1.303703516192E-16,1.));
#7551 = ( GEOMETRIC_REPRESENTATION_CONTEXT(2) 
PARAMETRIC_REPRESENTATION_CONTEXT() REPRESENTATION_CONTEXT('2D SPACE',''
  ) );
#7552 = PCURVE('',#7553,#7558);
#7553 = PLANE('',#7554);
#7554 = AXIS2_PLACEMENT_3D('',#7555,#7556,#7557);
#7555 = CARTESIAN_POINT('',(16.796816705891,-38.05,39.));
#7556 = DIRECTION('',(-9.167425330581E-17,-1.,1.110223024625E-16));
#7557 = DIRECTION('',(1.,-9.167425330581E-17,-1.447401660961E-32));
#7558 = DEFINITIONAL_REPRESENTATION('',(#7559),#7563);
#7559 = LINE('',#7560,#7561);
#7560 = CARTESIAN_POINT('',(0.,0.));
#7561 = VECTOR('',#7562,1.);
#7562 = DIRECTION('',(1.,0.));
#7563 = ( GEOMETRIC_REPRESENTATION_CONTEXT(2) 
PARAMETRIC_REPRESENTATION_CONTEXT() REPRESENTATION_CONTEXT('2D SPACE',''
  ) );
#7564 = ADVANCED_FACE('',(#7565),#6026,.F.);
#7565 = FACE_BOUND('',#7566,.F.);
#7566 = EDGE_LOOP('',(#7567,#7588,#7589,#7590));
#7567 = ORIENTED_EDGE('',*,*,#7568,.T.);
#7568 = EDGE_CURVE('',#7074,#6010,#7569,.T.);
#7569 = SEAM_CURVE('',#7570,(#7574,#7581),.PCURVE_S1.);
#7570 = LINE('',#7571,#7572);
#7571 = CARTESIAN_POINT('',(22.5,-27.9,43.6));
#7572 = VECTOR('',#7573,1.);
#7573 = DIRECTION('',(-2.22044604925E-16,-1.,0.));
#7574 = PCURVE('',#6026,#7575);
#7575 = DEFINITIONAL_REPRESENTATION('',(#7576),#7580);
#7576 = LINE('',#7577,#7578);
#7577 = CARTESIAN_POINT('',(6.28318530718,-0.));
#7578 = VECTOR('',#7579,1.);
#7579 = DIRECTION('',(0.,1.));
#7580 = ( GEOMETRIC_REPRESENTATION_CONTEXT(2) 
PARAMETRIC_REPRESENTATION_CONTEXT() REPRESENTATION_CONTEXT('2D SPACE',''
  ) );
#7581 = PCURVE('',#6026,#7582);
#7582 = DEFINITIONAL_REPRESENTATION('',(#7583),#7587);
#7583 = LINE('',#7584,#7585);
#7584 = CARTESIAN_POINT('',(0.,-0.));
#7585 = VECTOR('',#7586,1.);
#7586 = DIRECTION('',(0.,1.));
#7587 = ( GEOMETRIC_REPRESENTATION_CONTEXT(2) 
PARAMETRIC_REPRESENTATION_CONTEXT() REPRESENTATION_CONTEXT('2D SPACE',''
  ) );
#7588 = ORIENTED_EDGE('',*,*,#6009,.F.);
#7589 = ORIENTED_EDGE('',*,*,#7568,.F.);
#7590 = ORIENTED_EDGE('',*,*,#7073,.T.);
#7591 = ADVANCED_FACE('',(#7592),#6057,.F.);
#7592 = FACE_BOUND('',#7593,.F.);
#7593 = EDGE_LOOP('',(#7594,#7617,#7618,#7619));
#7594 = ORIENTED_EDGE('',*,*,#7595,.T.);
#7595 = EDGE_CURVE('',#7596,#6041,#7598,.T.);
#7596 = VERTEX_POINT('',#7597);
#7597 = CARTESIAN_POINT('',(22.5,-35.,59.6));
#7598 = SEAM_CURVE('',#7599,(#7603,#7610),.PCURVE_S1.);
#7599 = LINE('',#7600,#7601);
#7600 = CARTESIAN_POINT('',(22.5,-27.9,59.6));
#7601 = VECTOR('',#7602,1.);
#7602 = DIRECTION('',(-2.22044604925E-16,-1.,0.));
#7603 = PCURVE('',#6057,#7604);
#7604 = DEFINITIONAL_REPRESENTATION('',(#7605),#7609);
#7605 = LINE('',#7606,#7607);
#7606 = CARTESIAN_POINT('',(6.28318530718,-0.));
#7607 = VECTOR('',#7608,1.);
#7608 = DIRECTION('',(0.,1.));
#7609 = ( GEOMETRIC_REPRESENTATION_CONTEXT(2) 
PARAMETRIC_REPRESENTATION_CONTEXT() REPRESENTATION_CONTEXT('2D SPACE',''
  ) );
#7610 = PCURVE('',#6057,#7611);
#7611 = DEFINITIONAL_REPRESENTATION('',(#7612),#7616);
#7612 = LINE('',#7613,#7614);
#7613 = CARTESIAN_POINT('',(0.,-0.));
#7614 = VECTOR('',#7615,1.);
#7615 = DIRECTION('',(0.,1.));
#7616 = ( GEOMETRIC_REPRESENTATION_CONTEXT(2) 
PARAMETRIC_REPRESENTATION_CONTEXT() REPRESENTATION_CONTEXT('2D SPACE',''
  ) );
#7617 = ORIENTED_EDGE('',*,*,#6040,.F.);
#7618 = ORIENTED_EDGE('',*,*,#7595,.F.);
#7619 = ORIENTED_EDGE('',*,*,#7620,.T.);
#7620 = EDGE_CURVE('',#7596,#7596,#7621,.T.);
#7621 = SURFACE_CURVE('',#7622,(#7627,#7634),.PCURVE_S1.);
#7622 = CIRCLE('',#7623,1.1);
#7623 = AXIS2_PLACEMENT_3D('',#7624,#7625,#7626);
#7624 = CARTESIAN_POINT('',(22.5,-35.,58.5));
#7625 = DIRECTION('',(-2.22044604925E-16,-1.,0.));
#7626 = DIRECTION('',(0.,0.,1.));
#7627 = PCURVE('',#6057,#7628);
#7628 = DEFINITIONAL_REPRESENTATION('',(#7629),#7633);
#7629 = LINE('',#7630,#7631);
#7630 = CARTESIAN_POINT('',(0.,7.1));
#7631 = VECTOR('',#7632,1.);
#7632 = DIRECTION('',(1.,0.));
#7633 = ( GEOMETRIC_REPRESENTATION_CONTEXT(2) 
PARAMETRIC_REPRESENTATION_CONTEXT() REPRESENTATION_CONTEXT('2D SPACE',''
  ) );
#7634 = PCURVE('',#7226,#7635);
#7635 = DEFINITIONAL_REPRESENTATION('',(#7636),#7640);
#7636 = CIRCLE('',#7637,1.1);
#7637 = AXIS2_PLACEMENT_2D('',#7638,#7639);
#7638 = CARTESIAN_POINT('',(0.,0.));
#7639 = DIRECTION('',(1.,0.));
#7640 = ( GEOMETRIC_REPRESENTATION_CONTEXT(2) 
PARAMETRIC_REPRESENTATION_CONTEXT() REPRESENTATION_CONTEXT('2D SPACE',''
  ) );
#7641 = ADVANCED_FACE('',(#7642),#6088,.F.);
#7642 = FACE_BOUND('',#7643,.F.);
#7643 = EDGE_LOOP('',(#7644,#7675,#7696,#7697,#7698,#7722,#7748,#7781,
    #7807,#7836,#7862,#7895));
#7644 = ORIENTED_EDGE('',*,*,#7645,.T.);
#7645 = EDGE_CURVE('',#7646,#7648,#7650,.T.);
#7646 = VERTEX_POINT('',#7647);
#7647 = CARTESIAN_POINT('',(-4.280281001752,-33.05,43.156350052866));
#7648 = VERTEX_POINT('',#7649);
#7649 = CARTESIAN_POINT('',(-5.256674634222E-15,-33.05,59.));
#7650 = SURFACE_CURVE('',#7651,(#7656,#7663),.PCURVE_S1.);
#7651 = CIRCLE('',#7652,8.5);
#7652 = AXIS2_PLACEMENT_3D('',#7653,#7654,#7655);
#7653 = CARTESIAN_POINT('',(-7.338574192772E-15,-33.05,50.5));
#7654 = DIRECTION('',(-2.22044604925E-16,-1.,0.));
#7655 = DIRECTION('',(0.,0.,1.));
#7656 = PCURVE('',#6088,#7657);
#7657 = DEFINITIONAL_REPRESENTATION('',(#7658),#7662);
#7658 = LINE('',#7659,#7660);
#7659 = CARTESIAN_POINT('',(0.,0.15));
#7660 = VECTOR('',#7661,1.);
#7661 = DIRECTION('',(1.,0.));
#7662 = ( GEOMETRIC_REPRESENTATION_CONTEXT(2) 
PARAMETRIC_REPRESENTATION_CONTEXT() REPRESENTATION_CONTEXT('2D SPACE',''
  ) );
#7663 = PCURVE('',#7664,#7669);
#7664 = PLANE('',#7665);
#7665 = AXIS2_PLACEMENT_3D('',#7666,#7667,#7668);
#7666 = CARTESIAN_POINT('',(-7.338574192772E-15,-33.05,50.5));
#7667 = DIRECTION('',(-2.22044604925E-16,-1.,0.));
#7668 = DIRECTION('',(0.,0.,1.));
#7669 = DEFINITIONAL_REPRESENTATION('',(#7670),#7674);
#7670 = CIRCLE('',#7671,8.5);
#7671 = AXIS2_PLACEMENT_2D('',#7672,#7673);
#7672 = CARTESIAN_POINT('',(0.,0.));
#7673 = DIRECTION('',(1.,0.));
#7674 = ( GEOMETRIC_REPRESENTATION_CONTEXT(2) 
PARAMETRIC_REPRESENTATION_CONTEXT() REPRESENTATION_CONTEXT('2D SPACE',''
  ) );
#7675 = ORIENTED_EDGE('',*,*,#7676,.T.);
#7676 = EDGE_CURVE('',#7648,#6072,#7677,.T.);
#7677 = SEAM_CURVE('',#7678,(#7682,#7689),.PCURVE_S1.);
#7678 = LINE('',#7679,#7680);
#7679 = CARTESIAN_POINT('',(-5.223367943483E-15,-32.9,59.));
#7680 = VECTOR('',#7681,1.);
#7681 = DIRECTION('',(-2.22044604925E-16,-1.,0.));
#7682 = PCURVE('',#6088,#7683);
#7683 = DEFINITIONAL_REPRESENTATION('',(#7684),#7688);
#7684 = LINE('',#7685,#7686);
#7685 = CARTESIAN_POINT('',(0.,-0.));
#7686 = VECTOR('',#7687,1.);
#7687 = DIRECTION('',(0.,1.));
#7688 = ( GEOMETRIC_REPRESENTATION_CONTEXT(2) 
PARAMETRIC_REPRESENTATION_CONTEXT() REPRESENTATION_CONTEXT('2D SPACE',''
  ) );
#7689 = PCURVE('',#6088,#7690);
#7690 = DEFINITIONAL_REPRESENTATION('',(#7691),#7695);
#7691 = LINE('',#7692,#7693);
#7692 = CARTESIAN_POINT('',(6.28318530718,-0.));
#7693 = VECTOR('',#7694,1.);
#7694 = DIRECTION('',(0.,1.));
#7695 = ( GEOMETRIC_REPRESENTATION_CONTEXT(2) 
PARAMETRIC_REPRESENTATION_CONTEXT() REPRESENTATION_CONTEXT('2D SPACE',''
  ) );
#7696 = ORIENTED_EDGE('',*,*,#6071,.F.);
#7697 = ORIENTED_EDGE('',*,*,#7676,.F.);
#7698 = ORIENTED_EDGE('',*,*,#7699,.T.);
#7699 = EDGE_CURVE('',#7648,#7700,#7702,.T.);
#7700 = VERTEX_POINT('',#7701);
#7701 = CARTESIAN_POINT('',(-4.280281001752,-33.05,57.843649947134));
#7702 = SURFACE_CURVE('',#7703,(#7708,#7715),.PCURVE_S1.);
#7703 = CIRCLE('',#7704,8.5);
#7704 = AXIS2_PLACEMENT_3D('',#7705,#7706,#7707);
#7705 = CARTESIAN_POINT('',(-7.338574192772E-15,-33.05,50.5));
#7706 = DIRECTION('',(-2.22044604925E-16,-1.,0.));
#7707 = DIRECTION('',(0.,0.,1.));
#7708 = PCURVE('',#6088,#7709);
#7709 = DEFINITIONAL_REPRESENTATION('',(#7710),#7714);
#7710 = LINE('',#7711,#7712);
#7711 = CARTESIAN_POINT('',(0.,0.15));
#7712 = VECTOR('',#7713,1.);
#7713 = DIRECTION('',(1.,0.));
#7714 = ( GEOMETRIC_REPRESENTATION_CONTEXT(2) 
PARAMETRIC_REPRESENTATION_CONTEXT() REPRESENTATION_CONTEXT('2D SPACE',''
  ) );
#7715 = PCURVE('',#7664,#7716);
#7716 = DEFINITIONAL_REPRESENTATION('',(#7717),#7721);
#7717 = CIRCLE('',#7718,8.5);
#7718 = AXIS2_PLACEMENT_2D('',#7719,#7720);
#7719 = CARTESIAN_POINT('',(0.,0.));
#7720 = DIRECTION('',(1.,0.));
#7721 = ( GEOMETRIC_REPRESENTATION_CONTEXT(2) 
PARAMETRIC_REPRESENTATION_CONTEXT() REPRESENTATION_CONTEXT('2D SPACE',''
  ) );
#7722 = ORIENTED_EDGE('',*,*,#7723,.T.);
#7723 = EDGE_CURVE('',#7700,#7724,#7726,.T.);
#7724 = VERTEX_POINT('',#7725);
#7725 = CARTESIAN_POINT('',(-4.280281001752,-35.,57.843649947134));
#7726 = SURFACE_CURVE('',#7727,(#7731,#7737),.PCURVE_S1.);
#7727 = LINE('',#7728,#7729);
#7728 = CARTESIAN_POINT('',(-4.280281001752,-32.9,57.843649947134));
#7729 = VECTOR('',#7730,1.);
#7730 = DIRECTION('',(-2.22044604925E-16,-1.,0.));
#7731 = PCURVE('',#6088,#7732);
#7732 = DEFINITIONAL_REPRESENTATION('',(#7733),#7736);
#7733 = B_SPLINE_CURVE_WITH_KNOTS('',1,(#7734,#7735),.UNSPECIFIED.,.F.,
  .F.,(2,2),(0.1499994,2.31),.PIECEWISE_BEZIER_KNOTS.);
#7734 = CARTESIAN_POINT('',(0.527717270687,0.1499994));
#7735 = CARTESIAN_POINT('',(0.527717270687,2.31));
#7736 = ( GEOMETRIC_REPRESENTATION_CONTEXT(2) 
PARAMETRIC_REPRESENTATION_CONTEXT() REPRESENTATION_CONTEXT('2D SPACE',''
  ) );
#7737 = PCURVE('',#7738,#7743);
#7738 = PLANE('',#7739);
#7739 = AXIS2_PLACEMENT_3D('',#7740,#7741,#7742);
#7740 = CARTESIAN_POINT('',(-6.113879312134,-32.9,59.799488144875));
#7741 = DIRECTION('',(0.72953720414,-1.619898002714E-16,0.683941128881)
  );
#7742 = DIRECTION('',(0.683941128881,-1.518654377544E-16,-0.72953720414)
  );
#7743 = DEFINITIONAL_REPRESENTATION('',(#7744),#7747);
#7744 = B_SPLINE_CURVE_WITH_KNOTS('',1,(#7745,#7746),.UNSPECIFIED.,.F.,
  .F.,(2,2),(0.1499994,2.31),.PIECEWISE_BEZIER_KNOTS.);
#7745 = CARTESIAN_POINT('',(2.680930028847,-0.1499994));
#7746 = CARTESIAN_POINT('',(2.680930028847,-2.31));
#7747 = ( GEOMETRIC_REPRESENTATION_CONTEXT(2) 
PARAMETRIC_REPRESENTATION_CONTEXT() REPRESENTATION_CONTEXT('2D SPACE',''
  ) );
#7748 = ORIENTED_EDGE('',*,*,#7749,.T.);
#7749 = EDGE_CURVE('',#7724,#7750,#7752,.T.);
#7750 = VERTEX_POINT('',#7751);
#7751 = CARTESIAN_POINT('',(-7.052522377484,-35.,55.244673657385));
#7752 = SURFACE_CURVE('',#7753,(#7758,#7765),.PCURVE_S1.);
#7753 = CIRCLE('',#7754,8.5);
#7754 = AXIS2_PLACEMENT_3D('',#7755,#7756,#7757);
#7755 = CARTESIAN_POINT('',(-7.771561172376E-15,-35.,50.5));
#7756 = DIRECTION('',(-2.22044604925E-16,-1.,0.));
#7757 = DIRECTION('',(0.,0.,1.));
#7758 = PCURVE('',#6088,#7759);
#7759 = DEFINITIONAL_REPRESENTATION('',(#7760),#7764);
#7760 = LINE('',#7761,#7762);
#7761 = CARTESIAN_POINT('',(0.,2.1));
#7762 = VECTOR('',#7763,1.);
#7763 = DIRECTION('',(1.,0.));
#7764 = ( GEOMETRIC_REPRESENTATION_CONTEXT(2) 
PARAMETRIC_REPRESENTATION_CONTEXT() REPRESENTATION_CONTEXT('2D SPACE',''
  ) );
#7765 = PCURVE('',#7766,#7771);
#7766 = PLANE('',#7767);
#7767 = AXIS2_PLACEMENT_3D('',#7768,#7769,#7770);
#7768 = CARTESIAN_POINT('',(-7.027807311202,-35.,58.012914186686));
#7769 = DIRECTION('',(9.598118253604E-16,1.,-7.784999590815E-16));
#7770 = DIRECTION('',(-1.728617158484E-31,-7.784999590815E-16,-1.));
#7771 = DEFINITIONAL_REPRESENTATION('',(#7772),#7780);
#7772 = ( BOUNDED_CURVE() B_SPLINE_CURVE(2,(#7773,#7774,#7775,#7776,
#7777,#7778,#7779),.UNSPECIFIED.,.T.,.F.) B_SPLINE_CURVE_WITH_KNOTS((1,2
    ,2,2,2,1),(-2.094395102393,0.,2.094395102393,4.188790204786,
6.28318530718,8.377580409573),.UNSPECIFIED.) CURVE() 
GEOMETRIC_REPRESENTATION_ITEM() RATIONAL_B_SPLINE_CURVE((1.,0.5,1.,0.5,
1.,0.5,1.)) REPRESENTATION_ITEM('') );
#7773 = CARTESIAN_POINT('',(-0.987085813314,-7.027807311202));
#7774 = CARTESIAN_POINT('',(-0.987085813314,7.694624553134));
#7775 = CARTESIAN_POINT('',(11.762914186686,0.333408620966));
#7776 = CARTESIAN_POINT('',(24.512914186686,-7.027807311202));
#7777 = CARTESIAN_POINT('',(11.762914186686,-14.38902324336));
#7778 = CARTESIAN_POINT('',(-0.987085813314,-21.75023917553));
#7779 = CARTESIAN_POINT('',(-0.987085813314,-7.027807311202));
#7780 = ( GEOMETRIC_REPRESENTATION_CONTEXT(2) 
PARAMETRIC_REPRESENTATION_CONTEXT() REPRESENTATION_CONTEXT('2D SPACE',''
  ) );
#7781 = ORIENTED_EDGE('',*,*,#7782,.F.);
#7782 = EDGE_CURVE('',#7783,#7750,#7785,.T.);
#7783 = VERTEX_POINT('',#7784);
#7784 = CARTESIAN_POINT('',(-7.052522377484,-33.05,55.244673657385));
#7785 = SURFACE_CURVE('',#7786,(#7790,#7796),.PCURVE_S1.);
#7786 = LINE('',#7787,#7788);
#7787 = CARTESIAN_POINT('',(-7.052522377484,-32.9,55.244673657385));
#7788 = VECTOR('',#7789,1.);
#7789 = DIRECTION('',(-2.22044604925E-16,-1.,0.));
#7790 = PCURVE('',#6088,#7791);
#7791 = DEFINITIONAL_REPRESENTATION('',(#7792),#7795);
#7792 = B_SPLINE_CURVE_WITH_KNOTS('',1,(#7793,#7794),.UNSPECIFIED.,.F.,
  .F.,(2,2),(0.1499994,2.31),.PIECEWISE_BEZIER_KNOTS.);
#7793 = CARTESIAN_POINT('',(0.978585291238,0.1499994));
#7794 = CARTESIAN_POINT('',(0.978585291238,2.31));
#7795 = ( GEOMETRIC_REPRESENTATION_CONTEXT(2) 
PARAMETRIC_REPRESENTATION_CONTEXT() REPRESENTATION_CONTEXT('2D SPACE',''
  ) );
#7796 = PCURVE('',#7797,#7802);
#7797 = PLANE('',#7798);
#7798 = AXIS2_PLACEMENT_3D('',#7799,#7800,#7801);
#7799 = CARTESIAN_POINT('',(-1.386120687866,-32.9,49.200511855125));
#7800 = DIRECTION('',(-0.72953720414,1.619898002714E-16,-0.683941128881)
  );
#7801 = DIRECTION('',(-0.683941128881,1.518654377544E-16,0.72953720414)
  );
#7802 = DEFINITIONAL_REPRESENTATION('',(#7803),#7806);
#7803 = B_SPLINE_CURVE_WITH_KNOTS('',1,(#7804,#7805),.UNSPECIFIED.,.F.,
  .F.,(2,2),(0.1499994,2.31),.PIECEWISE_BEZIER_KNOTS.);
#7804 = CARTESIAN_POINT('',(8.284926070883,-0.1499994));
#7805 = CARTESIAN_POINT('',(8.284926070883,-2.31));
#7806 = ( GEOMETRIC_REPRESENTATION_CONTEXT(2) 
PARAMETRIC_REPRESENTATION_CONTEXT() REPRESENTATION_CONTEXT('2D SPACE',''
  ) );
#7807 = ORIENTED_EDGE('',*,*,#7808,.T.);
#7808 = EDGE_CURVE('',#7783,#7809,#7811,.T.);
#7809 = VERTEX_POINT('',#7810);
#7810 = CARTESIAN_POINT('',(-7.052522377484,-33.05,45.755326342615));
#7811 = SURFACE_CURVE('',#7812,(#7817,#7824),.PCURVE_S1.);
#7812 = CIRCLE('',#7813,8.5);
#7813 = AXIS2_PLACEMENT_3D('',#7814,#7815,#7816);
#7814 = CARTESIAN_POINT('',(-7.338574192772E-15,-33.05,50.5));
#7815 = DIRECTION('',(-2.22044604925E-16,-1.,0.));
#7816 = DIRECTION('',(0.,0.,1.));
#7817 = PCURVE('',#6088,#7818);
#7818 = DEFINITIONAL_REPRESENTATION('',(#7819),#7823);
#7819 = LINE('',#7820,#7821);
#7820 = CARTESIAN_POINT('',(0.,0.15));
#7821 = VECTOR('',#7822,1.);
#7822 = DIRECTION('',(1.,0.));
#7823 = ( GEOMETRIC_REPRESENTATION_CONTEXT(2) 
PARAMETRIC_REPRESENTATION_CONTEXT() REPRESENTATION_CONTEXT('2D SPACE',''
  ) );
#7824 = PCURVE('',#7825,#7830);
#7825 = PLANE('',#7826);
#7826 = AXIS2_PLACEMENT_3D('',#7827,#7828,#7829);
#7827 = CARTESIAN_POINT('',(-7.338574192772E-15,-33.05,50.5));
#7828 = DIRECTION('',(-2.22044604925E-16,-1.,0.));
#7829 = DIRECTION('',(0.,0.,1.));
#7830 = DEFINITIONAL_REPRESENTATION('',(#7831),#7835);
#7831 = CIRCLE('',#7832,8.5);
#7832 = AXIS2_PLACEMENT_2D('',#7833,#7834);
#7833 = CARTESIAN_POINT('',(0.,0.));
#7834 = DIRECTION('',(1.,0.));
#7835 = ( GEOMETRIC_REPRESENTATION_CONTEXT(2) 
PARAMETRIC_REPRESENTATION_CONTEXT() REPRESENTATION_CONTEXT('2D SPACE',''
  ) );
#7836 = ORIENTED_EDGE('',*,*,#7837,.T.);
#7837 = EDGE_CURVE('',#7809,#7838,#7840,.T.);
#7838 = VERTEX_POINT('',#7839);
#7839 = CARTESIAN_POINT('',(-7.052522377484,-35.,45.755326342615));
#7840 = SURFACE_CURVE('',#7841,(#7845,#7851),.PCURVE_S1.);
#7841 = LINE('',#7842,#7843);
#7842 = CARTESIAN_POINT('',(-7.052522377484,-32.9,45.755326342615));
#7843 = VECTOR('',#7844,1.);
#7844 = DIRECTION('',(-2.22044604925E-16,-1.,0.));
#7845 = PCURVE('',#6088,#7846);
#7846 = DEFINITIONAL_REPRESENTATION('',(#7847),#7850);
#7847 = B_SPLINE_CURVE_WITH_KNOTS('',1,(#7848,#7849),.UNSPECIFIED.,.F.,
  .F.,(2,2),(0.1499994,2.31),.PIECEWISE_BEZIER_KNOTS.);
#7848 = CARTESIAN_POINT('',(2.163007362352,0.1499994));
#7849 = CARTESIAN_POINT('',(2.163007362352,2.31));
#7850 = ( GEOMETRIC_REPRESENTATION_CONTEXT(2) 
PARAMETRIC_REPRESENTATION_CONTEXT() REPRESENTATION_CONTEXT('2D SPACE',''
  ) );
#7851 = PCURVE('',#7852,#7857);
#7852 = PLANE('',#7853);
#7853 = AXIS2_PLACEMENT_3D('',#7854,#7855,#7856);
#7854 = CARTESIAN_POINT('',(-8.886120687866,-32.9,43.799488144875));
#7855 = DIRECTION('',(-0.72953720414,1.619898002714E-16,0.683941128881)
  );
#7856 = DIRECTION('',(0.683941128881,-1.518654377544E-16,0.72953720414)
  );
#7857 = DEFINITIONAL_REPRESENTATION('',(#7858),#7861);
#7858 = B_SPLINE_CURVE_WITH_KNOTS('',1,(#7859,#7860),.UNSPECIFIED.,.F.,
  .F.,(2,2),(0.1499994,2.31),.PIECEWISE_BEZIER_KNOTS.);
#7859 = CARTESIAN_POINT('',(2.680930028847,-0.1499994));
#7860 = CARTESIAN_POINT('',(2.680930028847,-2.31));
#7861 = ( GEOMETRIC_REPRESENTATION_CONTEXT(2) 
PARAMETRIC_REPRESENTATION_CONTEXT() REPRESENTATION_CONTEXT('2D SPACE',''
  ) );
#7862 = ORIENTED_EDGE('',*,*,#7863,.T.);
#7863 = EDGE_CURVE('',#7838,#7864,#7866,.T.);
#7864 = VERTEX_POINT('',#7865);
#7865 = CARTESIAN_POINT('',(-4.280281001752,-35.,43.156350052866));
#7866 = SURFACE_CURVE('',#7867,(#7872,#7879),.PCURVE_S1.);
#7867 = CIRCLE('',#7868,8.5);
#7868 = AXIS2_PLACEMENT_3D('',#7869,#7870,#7871);
#7869 = CARTESIAN_POINT('',(-7.771561172376E-15,-35.,50.5));
#7870 = DIRECTION('',(-2.22044604925E-16,-1.,0.));
#7871 = DIRECTION('',(0.,0.,1.));
#7872 = PCURVE('',#6088,#7873);
#7873 = DEFINITIONAL_REPRESENTATION('',(#7874),#7878);
#7874 = LINE('',#7875,#7876);
#7875 = CARTESIAN_POINT('',(0.,2.1));
#7876 = VECTOR('',#7877,1.);
#7877 = DIRECTION('',(1.,0.));
#7878 = ( GEOMETRIC_REPRESENTATION_CONTEXT(2) 
PARAMETRIC_REPRESENTATION_CONTEXT() REPRESENTATION_CONTEXT('2D SPACE',''
  ) );
#7879 = PCURVE('',#7880,#7885);
#7880 = PLANE('',#7881);
#7881 = AXIS2_PLACEMENT_3D('',#7882,#7883,#7884);
#7882 = CARTESIAN_POINT('',(-7.008005781035,-35.,43.024793833563));
#7883 = DIRECTION('',(2.22044604925E-16,1.,-0.));
#7884 = DIRECTION('',(0.,-0.,-1.));
#7885 = DEFINITIONAL_REPRESENTATION('',(#7886),#7894);
#7886 = ( BOUNDED_CURVE() B_SPLINE_CURVE(2,(#7887,#7888,#7889,#7890,
#7891,#7892,#7893),.UNSPECIFIED.,.T.,.F.) B_SPLINE_CURVE_WITH_KNOTS((1,2
    ,2,2,2,1),(-2.094395102393,0.,2.094395102393,4.188790204786,
6.28318530718,8.377580409573),.UNSPECIFIED.) CURVE() 
GEOMETRIC_REPRESENTATION_ITEM() RATIONAL_B_SPLINE_CURVE((1.,0.5,1.,0.5,
1.,0.5,1.)) REPRESENTATION_ITEM('') );
#7887 = CARTESIAN_POINT('',(-15.97520616643,-7.008005781035));
#7888 = CARTESIAN_POINT('',(-15.97520616643,7.7144260833));
#7889 = CARTESIAN_POINT('',(-3.225206166437,0.353210151133));
#7890 = CARTESIAN_POINT('',(9.524793833563,-7.008005781035));
#7891 = CARTESIAN_POINT('',(-3.225206166437,-14.3692217132));
#7892 = CARTESIAN_POINT('',(-15.97520616643,-21.73043764537));
#7893 = CARTESIAN_POINT('',(-15.97520616643,-7.008005781035));
#7894 = ( GEOMETRIC_REPRESENTATION_CONTEXT(2) 
PARAMETRIC_REPRESENTATION_CONTEXT() REPRESENTATION_CONTEXT('2D SPACE',''
  ) );
#7895 = ORIENTED_EDGE('',*,*,#7896,.F.);
#7896 = EDGE_CURVE('',#7646,#7864,#7897,.T.);
#7897 = SURFACE_CURVE('',#7898,(#7902,#7908),.PCURVE_S1.);
#7898 = LINE('',#7899,#7900);
#7899 = CARTESIAN_POINT('',(-4.280281001752,-32.9,43.156350052866));
#7900 = VECTOR('',#7901,1.);
#7901 = DIRECTION('',(-2.22044604925E-16,-1.,0.));
#7902 = PCURVE('',#6088,#7903);
#7903 = DEFINITIONAL_REPRESENTATION('',(#7904),#7907);
#7904 = B_SPLINE_CURVE_WITH_KNOTS('',1,(#7905,#7906),.UNSPECIFIED.,.F.,
  .F.,(2,2),(0.1499994,2.31),.PIECEWISE_BEZIER_KNOTS.);
#7905 = CARTESIAN_POINT('',(2.613875382903,0.1499994));
#7906 = CARTESIAN_POINT('',(2.613875382903,2.31));
#7907 = ( GEOMETRIC_REPRESENTATION_CONTEXT(2) 
PARAMETRIC_REPRESENTATION_CONTEXT() REPRESENTATION_CONTEXT('2D SPACE',''
  ) );
#7908 = PCURVE('',#7909,#7914);
#7909 = PLANE('',#7910);
#7910 = AXIS2_PLACEMENT_3D('',#7911,#7912,#7913);
#7911 = CARTESIAN_POINT('',(1.386120687866,-32.9,49.200511855125));
#7912 = DIRECTION('',(0.72953720414,-1.619898002714E-16,-0.683941128881)
  );
#7913 = DIRECTION('',(-0.683941128881,1.518654377544E-16,-0.72953720414)
  );
#7914 = DEFINITIONAL_REPRESENTATION('',(#7915),#7918);
#7915 = B_SPLINE_CURVE_WITH_KNOTS('',1,(#7916,#7917),.UNSPECIFIED.,.F.,
  .F.,(2,2),(0.1499994,2.31),.PIECEWISE_BEZIER_KNOTS.);
#7916 = CARTESIAN_POINT('',(8.284926070883,-0.1499994));
#7917 = CARTESIAN_POINT('',(8.284926070883,-2.31));
#7918 = ( GEOMETRIC_REPRESENTATION_CONTEXT(2) 
PARAMETRIC_REPRESENTATION_CONTEXT() REPRESENTATION_CONTEXT('2D SPACE',''
  ) );
#7919 = ADVANCED_FACE('',(#7920),#6119,.F.);
#7920 = FACE_BOUND('',#7921,.F.);
#7921 = EDGE_LOOP('',(#7922,#7952,#7973,#7974,#7975,#8003));
#7922 = ORIENTED_EDGE('',*,*,#7923,.T.);
#7923 = EDGE_CURVE('',#7924,#7926,#7928,.T.);
#7924 = VERTEX_POINT('',#7925);
#7925 = CARTESIAN_POINT('',(-6.697509075446,-35.,41.747664758231));
#7926 = VERTEX_POINT('',#7927);
#7927 = CARTESIAN_POINT('',(-7.5,-35.,43.6));
#7928 = SURFACE_CURVE('',#7929,(#7934,#7941),.PCURVE_S1.);
#7929 = CIRCLE('',#7930,1.1);
#7930 = AXIS2_PLACEMENT_3D('',#7931,#7932,#7933);
#7931 = CARTESIAN_POINT('',(-7.5,-35.,42.5));
#7932 = DIRECTION('',(-2.22044604925E-16,-1.,0.));
#7933 = DIRECTION('',(0.,0.,1.));
#7934 = PCURVE('',#6119,#7935);
#7935 = DEFINITIONAL_REPRESENTATION('',(#7936),#7940);
#7936 = LINE('',#7937,#7938);
#7937 = CARTESIAN_POINT('',(0.,7.1));
#7938 = VECTOR('',#7939,1.);
#7939 = DIRECTION('',(1.,0.));
#7940 = ( GEOMETRIC_REPRESENTATION_CONTEXT(2) 
PARAMETRIC_REPRESENTATION_CONTEXT() REPRESENTATION_CONTEXT('2D SPACE',''
  ) );
#7941 = PCURVE('',#7880,#7942);
#7942 = DEFINITIONAL_REPRESENTATION('',(#7943),#7951);
#7943 = ( BOUNDED_CURVE() B_SPLINE_CURVE(2,(#7944,#7945,#7946,#7947,
#7948,#7949,#7950),.UNSPECIFIED.,.T.,.F.) B_SPLINE_CURVE_WITH_KNOTS((1,2
    ,2,2,2,1),(-2.094395102393,0.,2.094395102393,4.188790204786,
6.28318530718,8.377580409573),.UNSPECIFIED.) CURVE() 
GEOMETRIC_REPRESENTATION_ITEM() RATIONAL_B_SPLINE_CURVE((1.,0.5,1.,0.5,
1.,0.5,1.)) REPRESENTATION_ITEM('') );
#7944 = CARTESIAN_POINT('',(-0.575206166437,0.491994218965));
#7945 = CARTESIAN_POINT('',(-0.575206166437,2.397250107291));
#7946 = CARTESIAN_POINT('',(1.074793833563,1.444622163128));
#7947 = CARTESIAN_POINT('',(2.724793833563,0.491994218965));
#7948 = CARTESIAN_POINT('',(1.074793833563,-0.460633725198));
#7949 = CARTESIAN_POINT('',(-0.575206166437,-1.413261669361));
#7950 = CARTESIAN_POINT('',(-0.575206166437,0.491994218965));
#7951 = ( GEOMETRIC_REPRESENTATION_CONTEXT(2) 
PARAMETRIC_REPRESENTATION_CONTEXT() REPRESENTATION_CONTEXT('2D SPACE',''
  ) );
#7952 = ORIENTED_EDGE('',*,*,#7953,.T.);
#7953 = EDGE_CURVE('',#7926,#6103,#7954,.T.);
#7954 = SEAM_CURVE('',#7955,(#7959,#7966),.PCURVE_S1.);
#7955 = LINE('',#7956,#7957);
#7956 = CARTESIAN_POINT('',(-7.5,-27.9,43.6));
#7957 = VECTOR('',#7958,1.);
#7958 = DIRECTION('',(-2.22044604925E-16,-1.,0.));
#7959 = PCURVE('',#6119,#7960);
#7960 = DEFINITIONAL_REPRESENTATION('',(#7961),#7965);
#7961 = LINE('',#7962,#7963);
#7962 = CARTESIAN_POINT('',(0.,-0.));
#7963 = VECTOR('',#7964,1.);
#7964 = DIRECTION('',(0.,1.));
#7965 = ( GEOMETRIC_REPRESENTATION_CONTEXT(2) 
PARAMETRIC_REPRESENTATION_CONTEXT() REPRESENTATION_CONTEXT('2D SPACE',''
  ) );
#7966 = PCURVE('',#6119,#7967);
#7967 = DEFINITIONAL_REPRESENTATION('',(#7968),#7972);
#7968 = LINE('',#7969,#7970);
#7969 = CARTESIAN_POINT('',(6.28318530718,-0.));
#7970 = VECTOR('',#7971,1.);
#7971 = DIRECTION('',(0.,1.));
#7972 = ( GEOMETRIC_REPRESENTATION_CONTEXT(2) 
PARAMETRIC_REPRESENTATION_CONTEXT() REPRESENTATION_CONTEXT('2D SPACE',''
  ) );
#7973 = ORIENTED_EDGE('',*,*,#6102,.F.);
#7974 = ORIENTED_EDGE('',*,*,#7953,.F.);
#7975 = ORIENTED_EDGE('',*,*,#7976,.T.);
#7976 = EDGE_CURVE('',#7926,#7977,#7979,.T.);
#7977 = VERTEX_POINT('',#7978);
#7978 = CARTESIAN_POINT('',(-8.302490924554,-35.,43.252335241769));
#7979 = SURFACE_CURVE('',#7980,(#7985,#7992),.PCURVE_S1.);
#7980 = CIRCLE('',#7981,1.1);
#7981 = AXIS2_PLACEMENT_3D('',#7982,#7983,#7984);
#7982 = CARTESIAN_POINT('',(-7.5,-35.,42.5));
#7983 = DIRECTION('',(-2.22044604925E-16,-1.,0.));
#7984 = DIRECTION('',(0.,0.,1.));
#7985 = PCURVE('',#6119,#7986);
#7986 = DEFINITIONAL_REPRESENTATION('',(#7987),#7991);
#7987 = LINE('',#7988,#7989);
#7988 = CARTESIAN_POINT('',(0.,7.1));
#7989 = VECTOR('',#7990,1.);
#7990 = DIRECTION('',(1.,0.));
#7991 = ( GEOMETRIC_REPRESENTATION_CONTEXT(2) 
PARAMETRIC_REPRESENTATION_CONTEXT() REPRESENTATION_CONTEXT('2D SPACE',''
  ) );
#7992 = PCURVE('',#7880,#7993);
#7993 = DEFINITIONAL_REPRESENTATION('',(#7994),#8002);
#7994 = ( BOUNDED_CURVE() B_SPLINE_CURVE(2,(#7995,#7996,#7997,#7998,
#7999,#8000,#8001),.UNSPECIFIED.,.T.,.F.) B_SPLINE_CURVE_WITH_KNOTS((1,2
    ,2,2,2,1),(-2.094395102393,0.,2.094395102393,4.188790204786,
6.28318530718,8.377580409573),.UNSPECIFIED.) CURVE() 
GEOMETRIC_REPRESENTATION_ITEM() RATIONAL_B_SPLINE_CURVE((1.,0.5,1.,0.5,
1.,0.5,1.)) REPRESENTATION_ITEM('') );
#7995 = CARTESIAN_POINT('',(-0.575206166437,0.491994218965));
#7996 = CARTESIAN_POINT('',(-0.575206166437,2.397250107291));
#7997 = CARTESIAN_POINT('',(1.074793833563,1.444622163128));
#7998 = CARTESIAN_POINT('',(2.724793833563,0.491994218965));
#7999 = CARTESIAN_POINT('',(1.074793833563,-0.460633725198));
#8000 = CARTESIAN_POINT('',(-0.575206166437,-1.413261669361));
#8001 = CARTESIAN_POINT('',(-0.575206166437,0.491994218965));
#8002 = ( GEOMETRIC_REPRESENTATION_CONTEXT(2) 
PARAMETRIC_REPRESENTATION_CONTEXT() REPRESENTATION_CONTEXT('2D SPACE',''
  ) );
#8003 = ORIENTED_EDGE('',*,*,#8004,.T.);
#8004 = EDGE_CURVE('',#7977,#7924,#8005,.T.);
#8005 = SURFACE_CURVE('',#8006,(#8011,#8018),.PCURVE_S1.);
#8006 = CIRCLE('',#8007,1.1);
#8007 = AXIS2_PLACEMENT_3D('',#8008,#8009,#8010);
#8008 = CARTESIAN_POINT('',(-7.5,-35.,42.5));
#8009 = DIRECTION('',(-2.22044604925E-16,-1.,0.));
#8010 = DIRECTION('',(0.,0.,1.));
#8011 = PCURVE('',#6119,#8012);
#8012 = DEFINITIONAL_REPRESENTATION('',(#8013),#8017);
#8013 = LINE('',#8014,#8015);
#8014 = CARTESIAN_POINT('',(0.,7.1));
#8015 = VECTOR('',#8016,1.);
#8016 = DIRECTION('',(1.,0.));
#8017 = ( GEOMETRIC_REPRESENTATION_CONTEXT(2) 
PARAMETRIC_REPRESENTATION_CONTEXT() REPRESENTATION_CONTEXT('2D SPACE',''
  ) );
#8018 = PCURVE('',#7880,#8019);
#8019 = DEFINITIONAL_REPRESENTATION('',(#8020),#8028);
#8020 = ( BOUNDED_CURVE() B_SPLINE_CURVE(2,(#8021,#8022,#8023,#8024,
#8025,#8026,#8027),.UNSPECIFIED.,.T.,.F.) B_SPLINE_CURVE_WITH_KNOTS((1,2
    ,2,2,2,1),(-2.094395102393,0.,2.094395102393,4.188790204786,
6.28318530718,8.377580409573),.UNSPECIFIED.) CURVE() 
GEOMETRIC_REPRESENTATION_ITEM() RATIONAL_B_SPLINE_CURVE((1.,0.5,1.,0.5,
1.,0.5,1.)) REPRESENTATION_ITEM('') );
#8021 = CARTESIAN_POINT('',(-0.575206166437,0.491994218965));
#8022 = CARTESIAN_POINT('',(-0.575206166437,2.397250107291));
#8023 = CARTESIAN_POINT('',(1.074793833563,1.444622163128));
#8024 = CARTESIAN_POINT('',(2.724793833563,0.491994218965));
#8025 = CARTESIAN_POINT('',(1.074793833563,-0.460633725198));
#8026 = CARTESIAN_POINT('',(-0.575206166437,-1.413261669361));
#8027 = CARTESIAN_POINT('',(-0.575206166437,0.491994218965));
#8028 = ( GEOMETRIC_REPRESENTATION_CONTEXT(2) 
PARAMETRIC_REPRESENTATION_CONTEXT() REPRESENTATION_CONTEXT('2D SPACE',''
  ) );
#8029 = ADVANCED_FACE('',(#8030),#6150,.F.);
#8030 = FACE_BOUND('',#8031,.F.);
#8031 = EDGE_LOOP('',(#8032,#8062,#8083,#8084,#8085,#8113));
#8032 = ORIENTED_EDGE('',*,*,#8033,.T.);
#8033 = EDGE_CURVE('',#8034,#8036,#8038,.T.);
#8034 = VERTEX_POINT('',#8035);
#8035 = CARTESIAN_POINT('',(-6.697509075446,-35.,59.252335241769));
#8036 = VERTEX_POINT('',#8037);
#8037 = CARTESIAN_POINT('',(-7.5,-35.,59.6));
#8038 = SURFACE_CURVE('',#8039,(#8044,#8051),.PCURVE_S1.);
#8039 = CIRCLE('',#8040,1.1);
#8040 = AXIS2_PLACEMENT_3D('',#8041,#8042,#8043);
#8041 = CARTESIAN_POINT('',(-7.5,-35.,58.5));
#8042 = DIRECTION('',(-2.22044604925E-16,-1.,0.));
#8043 = DIRECTION('',(0.,0.,1.));
#8044 = PCURVE('',#6150,#8045);
#8045 = DEFINITIONAL_REPRESENTATION('',(#8046),#8050);
#8046 = LINE('',#8047,#8048);
#8047 = CARTESIAN_POINT('',(0.,7.1));
#8048 = VECTOR('',#8049,1.);
#8049 = DIRECTION('',(1.,0.));
#8050 = ( GEOMETRIC_REPRESENTATION_CONTEXT(2) 
PARAMETRIC_REPRESENTATION_CONTEXT() REPRESENTATION_CONTEXT('2D SPACE',''
  ) );
#8051 = PCURVE('',#7766,#8052);
#8052 = DEFINITIONAL_REPRESENTATION('',(#8053),#8061);
#8053 = ( BOUNDED_CURVE() B_SPLINE_CURVE(2,(#8054,#8055,#8056,#8057,
#8058,#8059,#8060),.UNSPECIFIED.,.T.,.F.) B_SPLINE_CURVE_WITH_KNOTS((1,2
    ,2,2,2,1),(-2.094395102393,0.,2.094395102393,4.188790204786,
6.28318530718,8.377580409573),.UNSPECIFIED.) CURVE() 
GEOMETRIC_REPRESENTATION_ITEM() RATIONAL_B_SPLINE_CURVE((1.,0.5,1.,0.5,
1.,0.5,1.)) REPRESENTATION_ITEM('') );
#8054 = CARTESIAN_POINT('',(-1.587085813314,0.472192688798));
#8055 = CARTESIAN_POINT('',(-1.587085813314,2.377448577124));
#8056 = CARTESIAN_POINT('',(6.291418668594E-02,1.424820632961));
#8057 = CARTESIAN_POINT('',(1.712914186686,0.472192688798));
#8058 = CARTESIAN_POINT('',(6.291418668594E-02,-0.480435255365));
#8059 = CARTESIAN_POINT('',(-1.587085813314,-1.433063199527));
#8060 = CARTESIAN_POINT('',(-1.587085813314,0.472192688798));
#8061 = ( GEOMETRIC_REPRESENTATION_CONTEXT(2) 
PARAMETRIC_REPRESENTATION_CONTEXT() REPRESENTATION_CONTEXT('2D SPACE',''
  ) );
#8062 = ORIENTED_EDGE('',*,*,#8063,.T.);
#8063 = EDGE_CURVE('',#8036,#6134,#8064,.T.);
#8064 = SEAM_CURVE('',#8065,(#8069,#8076),.PCURVE_S1.);
#8065 = LINE('',#8066,#8067);
#8066 = CARTESIAN_POINT('',(-7.5,-27.9,59.6));
#8067 = VECTOR('',#8068,1.);
#8068 = DIRECTION('',(-2.22044604925E-16,-1.,0.));
#8069 = PCURVE('',#6150,#8070);
#8070 = DEFINITIONAL_REPRESENTATION('',(#8071),#8075);
#8071 = LINE('',#8072,#8073);
#8072 = CARTESIAN_POINT('',(0.,-0.));
#8073 = VECTOR('',#8074,1.);
#8074 = DIRECTION('',(0.,1.));
#8075 = ( GEOMETRIC_REPRESENTATION_CONTEXT(2) 
PARAMETRIC_REPRESENTATION_CONTEXT() REPRESENTATION_CONTEXT('2D SPACE',''
  ) );
#8076 = PCURVE('',#6150,#8077);
#8077 = DEFINITIONAL_REPRESENTATION('',(#8078),#8082);
#8078 = LINE('',#8079,#8080);
#8079 = CARTESIAN_POINT('',(6.28318530718,-0.));
#8080 = VECTOR('',#8081,1.);
#8081 = DIRECTION('',(0.,1.));
#8082 = ( GEOMETRIC_REPRESENTATION_CONTEXT(2) 
PARAMETRIC_REPRESENTATION_CONTEXT() REPRESENTATION_CONTEXT('2D SPACE',''
  ) );
#8083 = ORIENTED_EDGE('',*,*,#6133,.F.);
#8084 = ORIENTED_EDGE('',*,*,#8063,.F.);
#8085 = ORIENTED_EDGE('',*,*,#8086,.T.);
#8086 = EDGE_CURVE('',#8036,#8087,#8089,.T.);
#8087 = VERTEX_POINT('',#8088);
#8088 = CARTESIAN_POINT('',(-8.302490924554,-35.,57.747664758231));
#8089 = SURFACE_CURVE('',#8090,(#8095,#8102),.PCURVE_S1.);
#8090 = CIRCLE('',#8091,1.1);
#8091 = AXIS2_PLACEMENT_3D('',#8092,#8093,#8094);
#8092 = CARTESIAN_POINT('',(-7.5,-35.,58.5));
#8093 = DIRECTION('',(-2.22044604925E-16,-1.,0.));
#8094 = DIRECTION('',(0.,0.,1.));
#8095 = PCURVE('',#6150,#8096);
#8096 = DEFINITIONAL_REPRESENTATION('',(#8097),#8101);
#8097 = LINE('',#8098,#8099);
#8098 = CARTESIAN_POINT('',(0.,7.1));
#8099 = VECTOR('',#8100,1.);
#8100 = DIRECTION('',(1.,0.));
#8101 = ( GEOMETRIC_REPRESENTATION_CONTEXT(2) 
PARAMETRIC_REPRESENTATION_CONTEXT() REPRESENTATION_CONTEXT('2D SPACE',''
  ) );
#8102 = PCURVE('',#7766,#8103);
#8103 = DEFINITIONAL_REPRESENTATION('',(#8104),#8112);
#8104 = ( BOUNDED_CURVE() B_SPLINE_CURVE(2,(#8105,#8106,#8107,#8108,
#8109,#8110,#8111),.UNSPECIFIED.,.T.,.F.) B_SPLINE_CURVE_WITH_KNOTS((1,2
    ,2,2,2,1),(-2.094395102393,0.,2.094395102393,4.188790204786,
6.28318530718,8.377580409573),.UNSPECIFIED.) CURVE() 
GEOMETRIC_REPRESENTATION_ITEM() RATIONAL_B_SPLINE_CURVE((1.,0.5,1.,0.5,
1.,0.5,1.)) REPRESENTATION_ITEM('') );
#8105 = CARTESIAN_POINT('',(-1.587085813314,0.472192688798));
#8106 = CARTESIAN_POINT('',(-1.587085813314,2.377448577124));
#8107 = CARTESIAN_POINT('',(6.291418668594E-02,1.424820632961));
#8108 = CARTESIAN_POINT('',(1.712914186686,0.472192688798));
#8109 = CARTESIAN_POINT('',(6.291418668594E-02,-0.480435255365));
#8110 = CARTESIAN_POINT('',(-1.587085813314,-1.433063199527));
#8111 = CARTESIAN_POINT('',(-1.587085813314,0.472192688798));
#8112 = ( GEOMETRIC_REPRESENTATION_CONTEXT(2) 
PARAMETRIC_REPRESENTATION_CONTEXT() REPRESENTATION_CONTEXT('2D SPACE',''
  ) );
#8113 = ORIENTED_EDGE('',*,*,#8114,.T.);
#8114 = EDGE_CURVE('',#8087,#8034,#8115,.T.);
#8115 = SURFACE_CURVE('',#8116,(#8121,#8128),.PCURVE_S1.);
#8116 = CIRCLE('',#8117,1.1);
#8117 = AXIS2_PLACEMENT_3D('',#8118,#8119,#8120);
#8118 = CARTESIAN_POINT('',(-7.5,-35.,58.5));
#8119 = DIRECTION('',(-2.22044604925E-16,-1.,0.));
#8120 = DIRECTION('',(0.,0.,1.));
#8121 = PCURVE('',#6150,#8122);
#8122 = DEFINITIONAL_REPRESENTATION('',(#8123),#8127);
#8123 = LINE('',#8124,#8125);
#8124 = CARTESIAN_POINT('',(0.,7.1));
#8125 = VECTOR('',#8126,1.);
#8126 = DIRECTION('',(1.,0.));
#8127 = ( GEOMETRIC_REPRESENTATION_CONTEXT(2) 
PARAMETRIC_REPRESENTATION_CONTEXT() REPRESENTATION_CONTEXT('2D SPACE',''
  ) );
#8128 = PCURVE('',#7766,#8129);
#8129 = DEFINITIONAL_REPRESENTATION('',(#8130),#8138);
#8130 = ( BOUNDED_CURVE() B_SPLINE_CURVE(2,(#8131,#8132,#8133,#8134,
#8135,#8136,#8137),.UNSPECIFIED.,.T.,.F.) B_SPLINE_CURVE_WITH_KNOTS((1,2
    ,2,2,2,1),(-2.094395102393,0.,2.094395102393,4.188790204786,
6.28318530718,8.377580409573),.UNSPECIFIED.) CURVE() 
GEOMETRIC_REPRESENTATION_ITEM() RATIONAL_B_SPLINE_CURVE((1.,0.5,1.,0.5,
1.,0.5,1.)) REPRESENTATION_ITEM('') );
#8131 = CARTESIAN_POINT('',(-1.587085813314,0.472192688798));
#8132 = CARTESIAN_POINT('',(-1.587085813314,2.377448577124));
#8133 = CARTESIAN_POINT('',(6.291418668594E-02,1.424820632961));
#8134 = CARTESIAN_POINT('',(1.712914186686,0.472192688798));
#8135 = CARTESIAN_POINT('',(6.291418668594E-02,-0.480435255365));
#8136 = CARTESIAN_POINT('',(-1.587085813314,-1.433063199527));
#8137 = CARTESIAN_POINT('',(-1.587085813314,0.472192688798));
#8138 = ( GEOMETRIC_REPRESENTATION_CONTEXT(2) 
PARAMETRIC_REPRESENTATION_CONTEXT() REPRESENTATION_CONTEXT('2D SPACE',''
  ) );
#8139 = ADVANCED_FACE('',(#8140,#8148),#6668,.F.);
#8140 = FACE_BOUND('',#8141,.F.);
#8141 = EDGE_LOOP('',(#8142,#8143,#8144,#8145,#8146,#8147));
#8142 = ORIENTED_EDGE('',*,*,#6890,.T.);
#8143 = ORIENTED_EDGE('',*,*,#6988,.T.);
#8144 = ORIENTED_EDGE('',*,*,#7037,.T.);
#8145 = ORIENTED_EDGE('',*,*,#6961,.T.);
#8146 = ORIENTED_EDGE('',*,*,#6863,.T.);
#8147 = ORIENTED_EDGE('',*,*,#6792,.T.);
#8148 = FACE_BOUND('',#8149,.F.);
#8149 = EDGE_LOOP('',(#8150));
#8150 = ORIENTED_EDGE('',*,*,#6651,.T.);
#8151 = ADVANCED_FACE('',(#8152,#8292),#6727,.F.);
#8152 = FACE_BOUND('',#8153,.F.);
#8153 = EDGE_LOOP('',(#8154,#8179,#8202,#8225,#8248,#8271));
#8154 = ORIENTED_EDGE('',*,*,#8155,.T.);
#8155 = EDGE_CURVE('',#8156,#8158,#8160,.T.);
#8156 = VERTEX_POINT('',#8157);
#8157 = CARTESIAN_POINT('',(21.906366588219,-41.,36.2));
#8158 = VERTEX_POINT('',#8159);
#8159 = CARTESIAN_POINT('',(20.203183294109,-43.95,36.2));
#8160 = SURFACE_CURVE('',#8161,(#8165,#8172),.PCURVE_S1.);
#8161 = LINE('',#8162,#8163);
#8162 = CARTESIAN_POINT('',(21.906366588219,-41.,36.2));
#8163 = VECTOR('',#8164,1.);
#8164 = DIRECTION('',(-0.5,-0.866025403784,9.614813431918E-17));
#8165 = PCURVE('',#6727,#8166);
#8166 = DEFINITIONAL_REPRESENTATION('',(#8167),#8171);
#8167 = LINE('',#8168,#8169);
#8168 = CARTESIAN_POINT('',(1.631663023441E-16,-3.406366588219));
#8169 = VECTOR('',#8170,1.);
#8170 = DIRECTION('',(0.866025403784,0.5));
#8171 = ( GEOMETRIC_REPRESENTATION_CONTEXT(2) 
PARAMETRIC_REPRESENTATION_CONTEXT() REPRESENTATION_CONTEXT('2D SPACE',''
  ) );
#8172 = PCURVE('',#7443,#8173);
#8173 = DEFINITIONAL_REPRESENTATION('',(#8174),#8178);
#8174 = LINE('',#8175,#8176);
#8175 = CARTESIAN_POINT('',(0.,-2.8));
#8176 = VECTOR('',#8177,1.);
#8177 = DIRECTION('',(1.,0.));
#8178 = ( GEOMETRIC_REPRESENTATION_CONTEXT(2) 
PARAMETRIC_REPRESENTATION_CONTEXT() REPRESENTATION_CONTEXT('2D SPACE',''
  ) );
#8179 = ORIENTED_EDGE('',*,*,#8180,.T.);
#8180 = EDGE_CURVE('',#8158,#8181,#8183,.T.);
#8181 = VERTEX_POINT('',#8182);
#8182 = CARTESIAN_POINT('',(16.796816705891,-43.95,36.2));
#8183 = SURFACE_CURVE('',#8184,(#8188,#8195),.PCURVE_S1.);
#8184 = LINE('',#8185,#8186);
#8185 = CARTESIAN_POINT('',(20.203183294109,-43.95,36.2));
#8186 = VECTOR('',#8187,1.);
#8187 = DIRECTION('',(-1.,9.167425330581E-17,1.447401660961E-32));
#8188 = PCURVE('',#6727,#8189);
#8189 = DEFINITIONAL_REPRESENTATION('',(#8190),#8194);
#8190 = LINE('',#8191,#8192);
#8191 = CARTESIAN_POINT('',(2.95,-1.703183294109));
#8192 = VECTOR('',#8193,1.);
#8193 = DIRECTION('',(1.303703516192E-16,1.));
#8194 = ( GEOMETRIC_REPRESENTATION_CONTEXT(2) 
PARAMETRIC_REPRESENTATION_CONTEXT() REPRESENTATION_CONTEXT('2D SPACE',''
  ) );
#8195 = PCURVE('',#7471,#8196);
#8196 = DEFINITIONAL_REPRESENTATION('',(#8197),#8201);
#8197 = LINE('',#8198,#8199);
#8198 = CARTESIAN_POINT('',(0.,-2.8));
#8199 = VECTOR('',#8200,1.);
#8200 = DIRECTION('',(1.,0.));
#8201 = ( GEOMETRIC_REPRESENTATION_CONTEXT(2) 
PARAMETRIC_REPRESENTATION_CONTEXT() REPRESENTATION_CONTEXT('2D SPACE',''
  ) );
#8202 = ORIENTED_EDGE('',*,*,#8203,.T.);
#8203 = EDGE_CURVE('',#8181,#8204,#8206,.T.);
#8204 = VERTEX_POINT('',#8205);
#8205 = CARTESIAN_POINT('',(15.093633411781,-41.,36.2));
#8206 = SURFACE_CURVE('',#8207,(#8211,#8218),.PCURVE_S1.);
#8207 = LINE('',#8208,#8209);
#8208 = CARTESIAN_POINT('',(16.796816705891,-43.95,36.2));
#8209 = VECTOR('',#8210,1.);
#8210 = DIRECTION('',(-0.5,0.866025403784,-9.614813431918E-17));
#8211 = PCURVE('',#6727,#8212);
#8212 = DEFINITIONAL_REPRESENTATION('',(#8213),#8217);
#8213 = LINE('',#8214,#8215);
#8214 = CARTESIAN_POINT('',(2.95,1.703183294109));
#8215 = VECTOR('',#8216,1.);
#8216 = DIRECTION('',(-0.866025403784,0.5));
#8217 = ( GEOMETRIC_REPRESENTATION_CONTEXT(2) 
PARAMETRIC_REPRESENTATION_CONTEXT() REPRESENTATION_CONTEXT('2D SPACE',''
  ) );
#8218 = PCURVE('',#7499,#8219);
#8219 = DEFINITIONAL_REPRESENTATION('',(#8220),#8224);
#8220 = LINE('',#8221,#8222);
#8221 = CARTESIAN_POINT('',(0.,-2.8));
#8222 = VECTOR('',#8223,1.);
#8223 = DIRECTION('',(1.,0.));
#8224 = ( GEOMETRIC_REPRESENTATION_CONTEXT(2) 
PARAMETRIC_REPRESENTATION_CONTEXT() REPRESENTATION_CONTEXT('2D SPACE',''
  ) );
#8225 = ORIENTED_EDGE('',*,*,#8226,.T.);
#8226 = EDGE_CURVE('',#8204,#8227,#8229,.T.);
#8227 = VERTEX_POINT('',#8228);
#8228 = CARTESIAN_POINT('',(16.796816705891,-38.05,36.2));
#8229 = SURFACE_CURVE('',#8230,(#8234,#8241),.PCURVE_S1.);
#8230 = LINE('',#8231,#8232);
#8231 = CARTESIAN_POINT('',(15.093633411781,-41.,36.2));
#8232 = VECTOR('',#8233,1.);
#8233 = DIRECTION('',(0.5,0.866025403784,-9.614813431918E-17));
#8234 = PCURVE('',#6727,#8235);
#8235 = DEFINITIONAL_REPRESENTATION('',(#8236),#8240);
#8236 = LINE('',#8237,#8238);
#8237 = CARTESIAN_POINT('',(5.803258962426E-16,3.406366588219));
#8238 = VECTOR('',#8239,1.);
#8239 = DIRECTION('',(-0.866025403784,-0.5));
#8240 = ( GEOMETRIC_REPRESENTATION_CONTEXT(2) 
PARAMETRIC_REPRESENTATION_CONTEXT() REPRESENTATION_CONTEXT('2D SPACE',''
  ) );
#8241 = PCURVE('',#7527,#8242);
#8242 = DEFINITIONAL_REPRESENTATION('',(#8243),#8247);
#8243 = LINE('',#8244,#8245);
#8244 = CARTESIAN_POINT('',(0.,-2.8));
#8245 = VECTOR('',#8246,1.);
#8246 = DIRECTION('',(1.,0.));
#8247 = ( GEOMETRIC_REPRESENTATION_CONTEXT(2) 
PARAMETRIC_REPRESENTATION_CONTEXT() REPRESENTATION_CONTEXT('2D SPACE',''
  ) );
#8248 = ORIENTED_EDGE('',*,*,#8249,.T.);
#8249 = EDGE_CURVE('',#8227,#8250,#8252,.T.);
#8250 = VERTEX_POINT('',#8251);
#8251 = CARTESIAN_POINT('',(20.203183294109,-38.05,36.2));
#8252 = SURFACE_CURVE('',#8253,(#8257,#8264),.PCURVE_S1.);
#8253 = LINE('',#8254,#8255);
#8254 = CARTESIAN_POINT('',(16.796816705891,-38.05,36.2));
#8255 = VECTOR('',#8256,1.);
#8256 = DIRECTION('',(1.,-9.167425330581E-17,-1.447401660961E-32));
#8257 = PCURVE('',#6727,#8258);
#8258 = DEFINITIONAL_REPRESENTATION('',(#8259),#8263);
#8259 = LINE('',#8260,#8261);
#8260 = CARTESIAN_POINT('',(-2.95,1.703183294109));
#8261 = VECTOR('',#8262,1.);
#8262 = DIRECTION('',(-1.303703516192E-16,-1.));
#8263 = ( GEOMETRIC_REPRESENTATION_CONTEXT(2) 
PARAMETRIC_REPRESENTATION_CONTEXT() REPRESENTATION_CONTEXT('2D SPACE',''
  ) );
#8264 = PCURVE('',#7553,#8265);
#8265 = DEFINITIONAL_REPRESENTATION('',(#8266),#8270);
#8266 = LINE('',#8267,#8268);
#8267 = CARTESIAN_POINT('',(0.,-2.8));
#8268 = VECTOR('',#8269,1.);
#8269 = DIRECTION('',(1.,0.));
#8270 = ( GEOMETRIC_REPRESENTATION_CONTEXT(2) 
PARAMETRIC_REPRESENTATION_CONTEXT() REPRESENTATION_CONTEXT('2D SPACE',''
  ) );
#8271 = ORIENTED_EDGE('',*,*,#8272,.T.);
#8272 = EDGE_CURVE('',#8250,#8156,#8273,.T.);
#8273 = SURFACE_CURVE('',#8274,(#8278,#8285),.PCURVE_S1.);
#8274 = LINE('',#8275,#8276);
#8275 = CARTESIAN_POINT('',(20.203183294109,-38.05,36.2));
#8276 = VECTOR('',#8277,1.);
#8277 = DIRECTION('',(0.5,-0.866025403784,9.614813431918E-17));
#8278 = PCURVE('',#6727,#8279);
#8279 = DEFINITIONAL_REPRESENTATION('',(#8280),#8284);
#8280 = LINE('',#8281,#8282);
#8281 = CARTESIAN_POINT('',(-2.95,-1.703183294109));
#8282 = VECTOR('',#8283,1.);
#8283 = DIRECTION('',(0.866025403784,-0.5));
#8284 = ( GEOMETRIC_REPRESENTATION_CONTEXT(2) 
PARAMETRIC_REPRESENTATION_CONTEXT() REPRESENTATION_CONTEXT('2D SPACE',''
  ) );
#8285 = PCURVE('',#7415,#8286);
#8286 = DEFINITIONAL_REPRESENTATION('',(#8287),#8291);
#8287 = LINE('',#8288,#8289);
#8288 = CARTESIAN_POINT('',(0.,-2.8));
#8289 = VECTOR('',#8290,1.);
#8290 = DIRECTION('',(1.,0.));
#8291 = ( GEOMETRIC_REPRESENTATION_CONTEXT(2) 
PARAMETRIC_REPRESENTATION_CONTEXT() REPRESENTATION_CONTEXT('2D SPACE',''
  ) );
#8292 = FACE_BOUND('',#8293,.F.);
#8293 = EDGE_LOOP('',(#8294));
#8294 = ORIENTED_EDGE('',*,*,#6710,.T.);
#8295 = ADVANCED_FACE('',(#8296,#8299),#7226,.F.);
#8296 = FACE_BOUND('',#8297,.F.);
#8297 = EDGE_LOOP('',(#8298));
#8298 = ORIENTED_EDGE('',*,*,#7211,.T.);
#8299 = FACE_BOUND('',#8300,.F.);
#8300 = EDGE_LOOP('',(#8301));
#8301 = ORIENTED_EDGE('',*,*,#7620,.F.);
#8302 = ADVANCED_FACE('',(#8303),#7347,.F.);
#8303 = FACE_BOUND('',#8304,.F.);
#8304 = EDGE_LOOP('',(#8305,#8326,#8327,#8348));
#8305 = ORIENTED_EDGE('',*,*,#8306,.F.);
#8306 = EDGE_CURVE('',#7331,#8307,#8309,.T.);
#8307 = VERTEX_POINT('',#8308);
#8308 = CARTESIAN_POINT('',(-9.382145264872,-33.05,58.759863814183));
#8309 = SURFACE_CURVE('',#8310,(#8314,#8320),.PCURVE_S1.);
#8310 = LINE('',#8311,#8312);
#8311 = CARTESIAN_POINT('',(-9.382145264872,-31.95,58.759863814183));
#8312 = VECTOR('',#8313,1.);
#8313 = DIRECTION('',(-2.22044604925E-16,-1.,0.));
#8314 = PCURVE('',#7347,#8315);
#8315 = DEFINITIONAL_REPRESENTATION('',(#8316),#8319);
#8316 = B_SPLINE_CURVE_WITH_KNOTS('',1,(#8317,#8318),.UNSPECIFIED.,.F.,
  .F.,(2,2),(4.99994E-02,1.1000006),.PIECEWISE_BEZIER_KNOTS.);
#8317 = CARTESIAN_POINT('',(0.848926712941,4.99994E-02));
#8318 = CARTESIAN_POINT('',(0.848926712941,1.1000006));
#8319 = ( GEOMETRIC_REPRESENTATION_CONTEXT(2) 
PARAMETRIC_REPRESENTATION_CONTEXT() REPRESENTATION_CONTEXT('2D SPACE',''
  ) );
#8320 = PCURVE('',#7374,#8321);
#8321 = DEFINITIONAL_REPRESENTATION('',(#8322),#8325);
#8322 = B_SPLINE_CURVE_WITH_KNOTS('',1,(#8323,#8324),.UNSPECIFIED.,.F.,
  .F.,(2,2),(4.99994E-02,1.1000006),.PIECEWISE_BEZIER_KNOTS.);
#8323 = CARTESIAN_POINT('',(1.433595860363,4.0999994));
#8324 = CARTESIAN_POINT('',(1.433595860363,5.1500006));
#8325 = ( GEOMETRIC_REPRESENTATION_CONTEXT(2) 
PARAMETRIC_REPRESENTATION_CONTEXT() REPRESENTATION_CONTEXT('2D SPACE',''
  ) );
#8326 = ORIENTED_EDGE('',*,*,#7330,.T.);
#8327 = ORIENTED_EDGE('',*,*,#8328,.T.);
#8328 = EDGE_CURVE('',#7302,#8329,#8331,.T.);
#8329 = VERTEX_POINT('',#8330);
#8330 = CARTESIAN_POINT('',(-9.382145264872,-33.05,42.240136185817));
#8331 = SURFACE_CURVE('',#8332,(#8336,#8342),.PCURVE_S1.);
#8332 = LINE('',#8333,#8334);
#8333 = CARTESIAN_POINT('',(-9.382145264872,-31.95,42.240136185817));
#8334 = VECTOR('',#8335,1.);
#8335 = DIRECTION('',(-2.22044604925E-16,-1.,0.));
#8336 = PCURVE('',#7347,#8337);
#8337 = DEFINITIONAL_REPRESENTATION('',(#8338),#8341);
#8338 = B_SPLINE_CURVE_WITH_KNOTS('',1,(#8339,#8340),.UNSPECIFIED.,.F.,
  .F.,(2,2),(4.99994E-02,1.1000006),.PIECEWISE_BEZIER_KNOTS.);
#8339 = CARTESIAN_POINT('',(2.292665940649,4.99994E-02));
#8340 = CARTESIAN_POINT('',(2.292665940649,1.1000006));
#8341 = ( GEOMETRIC_REPRESENTATION_CONTEXT(2) 
PARAMETRIC_REPRESENTATION_CONTEXT() REPRESENTATION_CONTEXT('2D SPACE',''
  ) );
#8342 = PCURVE('',#7318,#8343);
#8343 = DEFINITIONAL_REPRESENTATION('',(#8344),#8347);
#8344 = B_SPLINE_CURVE_WITH_KNOTS('',1,(#8345,#8346),.UNSPECIFIED.,.F.,
  .F.,(2,2),(4.99994E-02,1.1000006),.PIECEWISE_BEZIER_KNOTS.);
#8345 = CARTESIAN_POINT('',(1.707996793226,4.0999994));
#8346 = CARTESIAN_POINT('',(1.707996793226,5.1500006));
#8347 = ( GEOMETRIC_REPRESENTATION_CONTEXT(2) 
PARAMETRIC_REPRESENTATION_CONTEXT() REPRESENTATION_CONTEXT('2D SPACE',''
  ) );
#8348 = ORIENTED_EDGE('',*,*,#8349,.F.);
#8349 = EDGE_CURVE('',#8307,#8329,#8350,.T.);
#8350 = SURFACE_CURVE('',#8351,(#8356,#8363),.PCURVE_S1.);
#8351 = CIRCLE('',#8352,12.5);
#8352 = AXIS2_PLACEMENT_3D('',#8353,#8354,#8355);
#8353 = CARTESIAN_POINT('',(-7.338574192772E-15,-33.05,50.5));
#8354 = DIRECTION('',(-2.22044604925E-16,-1.,0.));
#8355 = DIRECTION('',(0.,0.,1.));
#8356 = PCURVE('',#7347,#8357);
#8357 = DEFINITIONAL_REPRESENTATION('',(#8358),#8362);
#8358 = LINE('',#8359,#8360);
#8359 = CARTESIAN_POINT('',(0.,1.1));
#8360 = VECTOR('',#8361,1.);
#8361 = DIRECTION('',(1.,0.));
#8362 = ( GEOMETRIC_REPRESENTATION_CONTEXT(2) 
PARAMETRIC_REPRESENTATION_CONTEXT() REPRESENTATION_CONTEXT('2D SPACE',''
  ) );
#8363 = PCURVE('',#7825,#8364);
#8364 = DEFINITIONAL_REPRESENTATION('',(#8365),#8369);
#8365 = CIRCLE('',#8366,12.5);
#8366 = AXIS2_PLACEMENT_2D('',#8367,#8368);
#8367 = CARTESIAN_POINT('',(0.,0.));
#8368 = DIRECTION('',(1.,0.));
#8369 = ( GEOMETRIC_REPRESENTATION_CONTEXT(2) 
PARAMETRIC_REPRESENTATION_CONTEXT() REPRESENTATION_CONTEXT('2D SPACE',''
  ) );
#8370 = ADVANCED_FACE('',(#8371),#7318,.F.);
#8371 = FACE_BOUND('',#8372,.F.);
#8372 = EDGE_LOOP('',(#8373,#8399,#8422,#8450,#8473,#8495,#8496,#8497));
#8373 = ORIENTED_EDGE('',*,*,#8374,.T.);
#8374 = EDGE_CURVE('',#8375,#8377,#8379,.T.);
#8375 = VERTEX_POINT('',#8376);
#8376 = CARTESIAN_POINT('',(-7.638021055295,-33.05,40.605019739339));
#8377 = VERTEX_POINT('',#8378);
#8378 = CARTESIAN_POINT('',(-6.113879312134,-33.05,41.200511855125));
#8379 = SURFACE_CURVE('',#8380,(#8385,#8392),.PCURVE_S1.);
#8380 = CIRCLE('',#8381,1.9);
#8381 = AXIS2_PLACEMENT_3D('',#8382,#8383,#8384);
#8382 = CARTESIAN_POINT('',(-7.5,-33.05,42.5));
#8383 = DIRECTION('',(-2.22044604925E-16,-1.,0.));
#8384 = DIRECTION('',(0.,0.,1.));
#8385 = PCURVE('',#7318,#8386);
#8386 = DEFINITIONAL_REPRESENTATION('',(#8387),#8391);
#8387 = LINE('',#8388,#8389);
#8388 = CARTESIAN_POINT('',(0.,5.15));
#8389 = VECTOR('',#8390,1.);
#8390 = DIRECTION('',(1.,0.));
#8391 = ( GEOMETRIC_REPRESENTATION_CONTEXT(2) 
PARAMETRIC_REPRESENTATION_CONTEXT() REPRESENTATION_CONTEXT('2D SPACE',''
  ) );
#8392 = PCURVE('',#7664,#8393);
#8393 = DEFINITIONAL_REPRESENTATION('',(#8394),#8398);
#8394 = CIRCLE('',#8395,1.9);
#8395 = AXIS2_PLACEMENT_2D('',#8396,#8397);
#8396 = CARTESIAN_POINT('',(-8.,7.5));
#8397 = DIRECTION('',(1.,0.));
#8398 = ( GEOMETRIC_REPRESENTATION_CONTEXT(2) 
PARAMETRIC_REPRESENTATION_CONTEXT() REPRESENTATION_CONTEXT('2D SPACE',''
  ) );
#8399 = ORIENTED_EDGE('',*,*,#8400,.T.);
#8400 = EDGE_CURVE('',#8377,#8401,#8403,.T.);
#8401 = VERTEX_POINT('',#8402);
#8402 = CARTESIAN_POINT('',(-6.113879312134,-35.,41.200511855125));
#8403 = SURFACE_CURVE('',#8404,(#8408,#8415),.PCURVE_S1.);
#8404 = LINE('',#8405,#8406);
#8405 = CARTESIAN_POINT('',(-6.113879312134,-32.9,41.200511855125));
#8406 = VECTOR('',#8407,1.);
#8407 = DIRECTION('',(-2.22044604925E-16,-1.,0.));
#8408 = PCURVE('',#7318,#8409);
#8409 = DEFINITIONAL_REPRESENTATION('',(#8410),#8414);
#8410 = LINE('',#8411,#8412);
#8411 = CARTESIAN_POINT('',(3.959237699422,5.));
#8412 = VECTOR('',#8413,1.);
#8413 = DIRECTION('',(0.,1.));
#8414 = ( GEOMETRIC_REPRESENTATION_CONTEXT(2) 
PARAMETRIC_REPRESENTATION_CONTEXT() REPRESENTATION_CONTEXT('2D SPACE',''
  ) );
#8415 = PCURVE('',#7909,#8416);
#8416 = DEFINITIONAL_REPRESENTATION('',(#8417),#8421);
#8417 = LINE('',#8418,#8419);
#8418 = CARTESIAN_POINT('',(10.965856099731,0.));
#8419 = VECTOR('',#8420,1.);
#8420 = DIRECTION('',(0.,-1.));
#8421 = ( GEOMETRIC_REPRESENTATION_CONTEXT(2) 
PARAMETRIC_REPRESENTATION_CONTEXT() REPRESENTATION_CONTEXT('2D SPACE',''
  ) );
#8422 = ORIENTED_EDGE('',*,*,#8423,.F.);
#8423 = EDGE_CURVE('',#8424,#8401,#8426,.T.);
#8424 = VERTEX_POINT('',#8425);
#8425 = CARTESIAN_POINT('',(-8.886120687866,-35.,43.799488144875));
#8426 = SURFACE_CURVE('',#8427,(#8432,#8439),.PCURVE_S1.);
#8427 = CIRCLE('',#8428,1.9);
#8428 = AXIS2_PLACEMENT_3D('',#8429,#8430,#8431);
#8429 = CARTESIAN_POINT('',(-7.5,-35.,42.5));
#8430 = DIRECTION('',(-2.22044604925E-16,-1.,0.));
#8431 = DIRECTION('',(0.,0.,1.));
#8432 = PCURVE('',#7318,#8433);
#8433 = DEFINITIONAL_REPRESENTATION('',(#8434),#8438);
#8434 = LINE('',#8435,#8436);
#8435 = CARTESIAN_POINT('',(0.,7.1));
#8436 = VECTOR('',#8437,1.);
#8437 = DIRECTION('',(1.,0.));
#8438 = ( GEOMETRIC_REPRESENTATION_CONTEXT(2) 
PARAMETRIC_REPRESENTATION_CONTEXT() REPRESENTATION_CONTEXT('2D SPACE',''
  ) );
#8439 = PCURVE('',#7880,#8440);
#8440 = DEFINITIONAL_REPRESENTATION('',(#8441),#8449);
#8441 = ( BOUNDED_CURVE() B_SPLINE_CURVE(2,(#8442,#8443,#8444,#8445,
#8446,#8447,#8448),.UNSPECIFIED.,.T.,.F.) B_SPLINE_CURVE_WITH_KNOTS((1,2
    ,2,2,2,1),(-2.094395102393,0.,2.094395102393,4.188790204786,
6.28318530718,8.377580409573),.UNSPECIFIED.) CURVE() 
GEOMETRIC_REPRESENTATION_ITEM() RATIONAL_B_SPLINE_CURVE((1.,0.5,1.,0.5,
1.,0.5,1.)) REPRESENTATION_ITEM('') );
#8442 = CARTESIAN_POINT('',(-1.375206166437,0.491994218965));
#8443 = CARTESIAN_POINT('',(-1.375206166437,3.782890753346));
#8444 = CARTESIAN_POINT('',(1.474793833563,2.137442486155));
#8445 = CARTESIAN_POINT('',(4.324793833563,0.491994218965));
#8446 = CARTESIAN_POINT('',(1.474793833563,-1.153454048225));
#8447 = CARTESIAN_POINT('',(-1.375206166437,-2.798902315416));
#8448 = CARTESIAN_POINT('',(-1.375206166437,0.491994218965));
#8449 = ( GEOMETRIC_REPRESENTATION_CONTEXT(2) 
PARAMETRIC_REPRESENTATION_CONTEXT() REPRESENTATION_CONTEXT('2D SPACE',''
  ) );
#8450 = ORIENTED_EDGE('',*,*,#8451,.F.);
#8451 = EDGE_CURVE('',#8452,#8424,#8454,.T.);
#8452 = VERTEX_POINT('',#8453);
#8453 = CARTESIAN_POINT('',(-8.886120687866,-33.05,43.799488144875));
#8454 = SURFACE_CURVE('',#8455,(#8459,#8466),.PCURVE_S1.);
#8455 = LINE('',#8456,#8457);
#8456 = CARTESIAN_POINT('',(-8.886120687866,-32.9,43.799488144875));
#8457 = VECTOR('',#8458,1.);
#8458 = DIRECTION('',(-2.22044604925E-16,-1.,0.));
#8459 = PCURVE('',#7318,#8460);
#8460 = DEFINITIONAL_REPRESENTATION('',(#8461),#8465);
#8461 = LINE('',#8462,#8463);
#8462 = CARTESIAN_POINT('',(0.817645045833,5.));
#8463 = VECTOR('',#8464,1.);
#8464 = DIRECTION('',(0.,1.));
#8465 = ( GEOMETRIC_REPRESENTATION_CONTEXT(2) 
PARAMETRIC_REPRESENTATION_CONTEXT() REPRESENTATION_CONTEXT('2D SPACE',''
  ) );
#8466 = PCURVE('',#7852,#8467);
#8467 = DEFINITIONAL_REPRESENTATION('',(#8468),#8472);
#8468 = LINE('',#8469,#8470);
#8469 = CARTESIAN_POINT('',(0.,0.));
#8470 = VECTOR('',#8471,1.);
#8471 = DIRECTION('',(0.,-1.));
#8472 = ( GEOMETRIC_REPRESENTATION_CONTEXT(2) 
PARAMETRIC_REPRESENTATION_CONTEXT() REPRESENTATION_CONTEXT('2D SPACE',''
  ) );
#8473 = ORIENTED_EDGE('',*,*,#8474,.T.);
#8474 = EDGE_CURVE('',#8452,#8329,#8475,.T.);
#8475 = SURFACE_CURVE('',#8476,(#8481,#8488),.PCURVE_S1.);
#8476 = CIRCLE('',#8477,1.9);
#8477 = AXIS2_PLACEMENT_3D('',#8478,#8479,#8480);
#8478 = CARTESIAN_POINT('',(-7.5,-33.05,42.5));
#8479 = DIRECTION('',(-2.22044604925E-16,-1.,0.));
#8480 = DIRECTION('',(0.,0.,1.));
#8481 = PCURVE('',#7318,#8482);
#8482 = DEFINITIONAL_REPRESENTATION('',(#8483),#8487);
#8483 = LINE('',#8484,#8485);
#8484 = CARTESIAN_POINT('',(0.,5.15));
#8485 = VECTOR('',#8486,1.);
#8486 = DIRECTION('',(1.,0.));
#8487 = ( GEOMETRIC_REPRESENTATION_CONTEXT(2) 
PARAMETRIC_REPRESENTATION_CONTEXT() REPRESENTATION_CONTEXT('2D SPACE',''
  ) );
#8488 = PCURVE('',#7825,#8489);
#8489 = DEFINITIONAL_REPRESENTATION('',(#8490),#8494);
#8490 = CIRCLE('',#8491,1.9);
#8491 = AXIS2_PLACEMENT_2D('',#8492,#8493);
#8492 = CARTESIAN_POINT('',(-8.,7.5));
#8493 = DIRECTION('',(1.,0.));
#8494 = ( GEOMETRIC_REPRESENTATION_CONTEXT(2) 
PARAMETRIC_REPRESENTATION_CONTEXT() REPRESENTATION_CONTEXT('2D SPACE',''
  ) );
#8495 = ORIENTED_EDGE('',*,*,#8328,.F.);
#8496 = ORIENTED_EDGE('',*,*,#7301,.T.);
#8497 = ORIENTED_EDGE('',*,*,#8498,.T.);
#8498 = EDGE_CURVE('',#7278,#8375,#8499,.T.);
#8499 = SURFACE_CURVE('',#8500,(#8504,#8510),.PCURVE_S1.);
#8500 = LINE('',#8501,#8502);
#8501 = CARTESIAN_POINT('',(-7.638021055295,-31.95,40.605019739339));
#8502 = VECTOR('',#8503,1.);
#8503 = DIRECTION('',(-2.22044604925E-16,-1.,0.));
#8504 = PCURVE('',#7318,#8505);
#8505 = DEFINITIONAL_REPRESENTATION('',(#8506),#8509);
#8506 = B_SPLINE_CURVE_WITH_KNOTS('',1,(#8507,#8508),.UNSPECIFIED.,.F.,
  .F.,(2,2),(4.99994E-02,1.1000006),.PIECEWISE_BEZIER_KNOTS.);
#8507 = CARTESIAN_POINT('',(3.068885952029,4.0999994));
#8508 = CARTESIAN_POINT('',(3.068885952029,5.1500006));
#8509 = ( GEOMETRIC_REPRESENTATION_CONTEXT(2) 
PARAMETRIC_REPRESENTATION_CONTEXT() REPRESENTATION_CONTEXT('2D SPACE',''
  ) );
#8510 = PCURVE('',#7265,#8511);
#8511 = DEFINITIONAL_REPRESENTATION('',(#8512),#8515);
#8512 = B_SPLINE_CURVE_WITH_KNOTS('',1,(#8513,#8514),.UNSPECIFIED.,.F.,
  .F.,(2,2),(4.99994E-02,1.1000006),.PIECEWISE_BEZIER_KNOTS.);
#8513 = CARTESIAN_POINT('',(2.484216804606,4.99994E-02));
#8514 = CARTESIAN_POINT('',(2.484216804606,1.1000006));
#8515 = ( GEOMETRIC_REPRESENTATION_CONTEXT(2) 
PARAMETRIC_REPRESENTATION_CONTEXT() REPRESENTATION_CONTEXT('2D SPACE',''
  ) );
#8516 = ADVANCED_FACE('',(#8517),#7415,.T.);
#8517 = FACE_BOUND('',#8518,.T.);
#8518 = EDGE_LOOP('',(#8519,#8540,#8541,#8562));
#8519 = ORIENTED_EDGE('',*,*,#8520,.T.);
#8520 = EDGE_CURVE('',#7398,#8250,#8521,.T.);
#8521 = SURFACE_CURVE('',#8522,(#8526,#8533),.PCURVE_S1.);
#8522 = LINE('',#8523,#8524);
#8523 = CARTESIAN_POINT('',(20.203183294109,-38.05,39.));
#8524 = VECTOR('',#8525,1.);
#8525 = DIRECTION('',(-2.465190328816E-32,-1.110223024625E-16,-1.));
#8526 = PCURVE('',#7415,#8527);
#8527 = DEFINITIONAL_REPRESENTATION('',(#8528),#8532);
#8528 = LINE('',#8529,#8530);
#8529 = CARTESIAN_POINT('',(0.,0.));
#8530 = VECTOR('',#8531,1.);
#8531 = DIRECTION('',(0.,-1.));
#8532 = ( GEOMETRIC_REPRESENTATION_CONTEXT(2) 
PARAMETRIC_REPRESENTATION_CONTEXT() REPRESENTATION_CONTEXT('2D SPACE',''
  ) );
#8533 = PCURVE('',#7553,#8534);
#8534 = DEFINITIONAL_REPRESENTATION('',(#8535),#8539);
#8535 = LINE('',#8536,#8537);
#8536 = CARTESIAN_POINT('',(3.406366588219,0.));
#8537 = VECTOR('',#8538,1.);
#8538 = DIRECTION('',(0.,-1.));
#8539 = ( GEOMETRIC_REPRESENTATION_CONTEXT(2) 
PARAMETRIC_REPRESENTATION_CONTEXT() REPRESENTATION_CONTEXT('2D SPACE',''
  ) );
#8540 = ORIENTED_EDGE('',*,*,#8272,.T.);
#8541 = ORIENTED_EDGE('',*,*,#8542,.F.);
#8542 = EDGE_CURVE('',#7400,#8156,#8543,.T.);
#8543 = SURFACE_CURVE('',#8544,(#8548,#8555),.PCURVE_S1.);
#8544 = LINE('',#8545,#8546);
#8545 = CARTESIAN_POINT('',(21.906366588219,-41.,39.));
#8546 = VECTOR('',#8547,1.);
#8547 = DIRECTION('',(-2.465190328816E-32,-1.110223024625E-16,-1.));
#8548 = PCURVE('',#7415,#8549);
#8549 = DEFINITIONAL_REPRESENTATION('',(#8550),#8554);
#8550 = LINE('',#8551,#8552);
#8551 = CARTESIAN_POINT('',(3.406366588219,0.));
#8552 = VECTOR('',#8553,1.);
#8553 = DIRECTION('',(0.,-1.));
#8554 = ( GEOMETRIC_REPRESENTATION_CONTEXT(2) 
PARAMETRIC_REPRESENTATION_CONTEXT() REPRESENTATION_CONTEXT('2D SPACE',''
  ) );
#8555 = PCURVE('',#7443,#8556);
#8556 = DEFINITIONAL_REPRESENTATION('',(#8557),#8561);
#8557 = LINE('',#8558,#8559);
#8558 = CARTESIAN_POINT('',(0.,0.));
#8559 = VECTOR('',#8560,1.);
#8560 = DIRECTION('',(0.,-1.));
#8561 = ( GEOMETRIC_REPRESENTATION_CONTEXT(2) 
PARAMETRIC_REPRESENTATION_CONTEXT() REPRESENTATION_CONTEXT('2D SPACE',''
  ) );
#8562 = ORIENTED_EDGE('',*,*,#7397,.F.);
#8563 = ADVANCED_FACE('',(#8564),#7553,.T.);
#8564 = FACE_BOUND('',#8565,.T.);
#8565 = EDGE_LOOP('',(#8566,#8587,#8588,#8589));
#8566 = ORIENTED_EDGE('',*,*,#8567,.T.);
#8567 = EDGE_CURVE('',#7512,#8227,#8568,.T.);
#8568 = SURFACE_CURVE('',#8569,(#8573,#8580),.PCURVE_S1.);
#8569 = LINE('',#8570,#8571);
#8570 = CARTESIAN_POINT('',(16.796816705891,-38.05,39.));
#8571 = VECTOR('',#8572,1.);
#8572 = DIRECTION('',(-2.465190328816E-32,-1.110223024625E-16,-1.));
#8573 = PCURVE('',#7553,#8574);
#8574 = DEFINITIONAL_REPRESENTATION('',(#8575),#8579);
#8575 = LINE('',#8576,#8577);
#8576 = CARTESIAN_POINT('',(0.,0.));
#8577 = VECTOR('',#8578,1.);
#8578 = DIRECTION('',(0.,-1.));
#8579 = ( GEOMETRIC_REPRESENTATION_CONTEXT(2) 
PARAMETRIC_REPRESENTATION_CONTEXT() REPRESENTATION_CONTEXT('2D SPACE',''
  ) );
#8580 = PCURVE('',#7527,#8581);
#8581 = DEFINITIONAL_REPRESENTATION('',(#8582),#8586);
#8582 = LINE('',#8583,#8584);
#8583 = CARTESIAN_POINT('',(3.406366588219,0.));
#8584 = VECTOR('',#8585,1.);
#8585 = DIRECTION('',(0.,-1.));
#8586 = ( GEOMETRIC_REPRESENTATION_CONTEXT(2) 
PARAMETRIC_REPRESENTATION_CONTEXT() REPRESENTATION_CONTEXT('2D SPACE',''
  ) );
#8587 = ORIENTED_EDGE('',*,*,#8249,.T.);
#8588 = ORIENTED_EDGE('',*,*,#8520,.F.);
#8589 = ORIENTED_EDGE('',*,*,#7539,.F.);
#8590 = ADVANCED_FACE('',(#8591),#7443,.T.);
#8591 = FACE_BOUND('',#8592,.T.);
#8592 = EDGE_LOOP('',(#8593,#8594,#8595,#8616));
#8593 = ORIENTED_EDGE('',*,*,#8542,.T.);
#8594 = ORIENTED_EDGE('',*,*,#8155,.T.);
#8595 = ORIENTED_EDGE('',*,*,#8596,.F.);
#8596 = EDGE_CURVE('',#7428,#8158,#8597,.T.);
#8597 = SURFACE_CURVE('',#8598,(#8602,#8609),.PCURVE_S1.);
#8598 = LINE('',#8599,#8600);
#8599 = CARTESIAN_POINT('',(20.203183294109,-43.95,39.));
#8600 = VECTOR('',#8601,1.);
#8601 = DIRECTION('',(-2.465190328816E-32,-1.110223024625E-16,-1.));
#8602 = PCURVE('',#7443,#8603);
#8603 = DEFINITIONAL_REPRESENTATION('',(#8604),#8608);
#8604 = LINE('',#8605,#8606);
#8605 = CARTESIAN_POINT('',(3.406366588219,0.));
#8606 = VECTOR('',#8607,1.);
#8607 = DIRECTION('',(0.,-1.));
#8608 = ( GEOMETRIC_REPRESENTATION_CONTEXT(2) 
PARAMETRIC_REPRESENTATION_CONTEXT() REPRESENTATION_CONTEXT('2D SPACE',''
  ) );
#8609 = PCURVE('',#7471,#8610);
#8610 = DEFINITIONAL_REPRESENTATION('',(#8611),#8615);
#8611 = LINE('',#8612,#8613);
#8612 = CARTESIAN_POINT('',(0.,0.));
#8613 = VECTOR('',#8614,1.);
#8614 = DIRECTION('',(0.,-1.));
#8615 = ( GEOMETRIC_REPRESENTATION_CONTEXT(2) 
PARAMETRIC_REPRESENTATION_CONTEXT() REPRESENTATION_CONTEXT('2D SPACE',''
  ) );
#8616 = ORIENTED_EDGE('',*,*,#7427,.F.);
#8617 = ADVANCED_FACE('',(#8618),#7527,.T.);
#8618 = FACE_BOUND('',#8619,.T.);
#8619 = EDGE_LOOP('',(#8620,#8641,#8642,#8643));
#8620 = ORIENTED_EDGE('',*,*,#8621,.T.);
#8621 = EDGE_CURVE('',#7484,#8204,#8622,.T.);
#8622 = SURFACE_CURVE('',#8623,(#8627,#8634),.PCURVE_S1.);
#8623 = LINE('',#8624,#8625);
#8624 = CARTESIAN_POINT('',(15.093633411781,-41.,39.));
#8625 = VECTOR('',#8626,1.);
#8626 = DIRECTION('',(-2.465190328816E-32,-1.110223024625E-16,-1.));
#8627 = PCURVE('',#7527,#8628);
#8628 = DEFINITIONAL_REPRESENTATION('',(#8629),#8633);
#8629 = LINE('',#8630,#8631);
#8630 = CARTESIAN_POINT('',(0.,0.));
#8631 = VECTOR('',#8632,1.);
#8632 = DIRECTION('',(0.,-1.));
#8633 = ( GEOMETRIC_REPRESENTATION_CONTEXT(2) 
PARAMETRIC_REPRESENTATION_CONTEXT() REPRESENTATION_CONTEXT('2D SPACE',''
  ) );
#8634 = PCURVE('',#7499,#8635);
#8635 = DEFINITIONAL_REPRESENTATION('',(#8636),#8640);
#8636 = LINE('',#8637,#8638);
#8637 = CARTESIAN_POINT('',(3.406366588219,0.));
#8638 = VECTOR('',#8639,1.);
#8639 = DIRECTION('',(0.,-1.));
#8640 = ( GEOMETRIC_REPRESENTATION_CONTEXT(2) 
PARAMETRIC_REPRESENTATION_CONTEXT() REPRESENTATION_CONTEXT('2D SPACE',''
  ) );
#8641 = ORIENTED_EDGE('',*,*,#8226,.T.);
#8642 = ORIENTED_EDGE('',*,*,#8567,.F.);
#8643 = ORIENTED_EDGE('',*,*,#7511,.F.);
#8644 = ADVANCED_FACE('',(#8645),#7471,.T.);
#8645 = FACE_BOUND('',#8646,.T.);
#8646 = EDGE_LOOP('',(#8647,#8648,#8649,#8670));
#8647 = ORIENTED_EDGE('',*,*,#8596,.T.);
#8648 = ORIENTED_EDGE('',*,*,#8180,.T.);
#8649 = ORIENTED_EDGE('',*,*,#8650,.F.);
#8650 = EDGE_CURVE('',#7456,#8181,#8651,.T.);
#8651 = SURFACE_CURVE('',#8652,(#8656,#8663),.PCURVE_S1.);
#8652 = LINE('',#8653,#8654);
#8653 = CARTESIAN_POINT('',(16.796816705891,-43.95,39.));
#8654 = VECTOR('',#8655,1.);
#8655 = DIRECTION('',(-2.465190328816E-32,-1.110223024625E-16,-1.));
#8656 = PCURVE('',#7471,#8657);
#8657 = DEFINITIONAL_REPRESENTATION('',(#8658),#8662);
#8658 = LINE('',#8659,#8660);
#8659 = CARTESIAN_POINT('',(3.406366588219,0.));
#8660 = VECTOR('',#8661,1.);
#8661 = DIRECTION('',(0.,-1.));
#8662 = ( GEOMETRIC_REPRESENTATION_CONTEXT(2) 
PARAMETRIC_REPRESENTATION_CONTEXT() REPRESENTATION_CONTEXT('2D SPACE',''
  ) );
#8663 = PCURVE('',#7499,#8664);
#8664 = DEFINITIONAL_REPRESENTATION('',(#8665),#8669);
#8665 = LINE('',#8666,#8667);
#8666 = CARTESIAN_POINT('',(0.,0.));
#8667 = VECTOR('',#8668,1.);
#8668 = DIRECTION('',(0.,-1.));
#8669 = ( GEOMETRIC_REPRESENTATION_CONTEXT(2) 
PARAMETRIC_REPRESENTATION_CONTEXT() REPRESENTATION_CONTEXT('2D SPACE',''
  ) );
#8670 = ORIENTED_EDGE('',*,*,#7455,.F.);
#8671 = ADVANCED_FACE('',(#8672),#7499,.T.);
#8672 = FACE_BOUND('',#8673,.T.);
#8673 = EDGE_LOOP('',(#8674,#8675,#8676,#8677));
#8674 = ORIENTED_EDGE('',*,*,#8650,.T.);
#8675 = ORIENTED_EDGE('',*,*,#8203,.T.);
#8676 = ORIENTED_EDGE('',*,*,#8621,.F.);
#8677 = ORIENTED_EDGE('',*,*,#7483,.F.);
#8678 = ADVANCED_FACE('',(#8679),#7664,.F.);
#8679 = FACE_BOUND('',#8680,.F.);
#8680 = EDGE_LOOP('',(#8681,#8682,#8706,#8730,#8754,#8778,#8797,#8798,
    #8799));
#8681 = ORIENTED_EDGE('',*,*,#8374,.F.);
#8682 = ORIENTED_EDGE('',*,*,#8683,.T.);
#8683 = EDGE_CURVE('',#8375,#8684,#8686,.T.);
#8684 = VERTEX_POINT('',#8685);
#8685 = CARTESIAN_POINT('',(-4.276957194904E-15,-33.05,63.));
#8686 = SURFACE_CURVE('',#8687,(#8692,#8699),.PCURVE_S1.);
#8687 = CIRCLE('',#8688,12.5);
#8688 = AXIS2_PLACEMENT_3D('',#8689,#8690,#8691);
#8689 = CARTESIAN_POINT('',(-7.338574192772E-15,-33.05,50.5));
#8690 = DIRECTION('',(-2.22044604925E-16,-1.,0.));
#8691 = DIRECTION('',(0.,0.,1.));
#8692 = PCURVE('',#7664,#8693);
#8693 = DEFINITIONAL_REPRESENTATION('',(#8694),#8698);
#8694 = CIRCLE('',#8695,12.5);
#8695 = AXIS2_PLACEMENT_2D('',#8696,#8697);
#8696 = CARTESIAN_POINT('',(0.,0.));
#8697 = DIRECTION('',(1.,0.));
#8698 = ( GEOMETRIC_REPRESENTATION_CONTEXT(2) 
PARAMETRIC_REPRESENTATION_CONTEXT() REPRESENTATION_CONTEXT('2D SPACE',''
  ) );
#8699 = PCURVE('',#7265,#8700);
#8700 = DEFINITIONAL_REPRESENTATION('',(#8701),#8705);
#8701 = LINE('',#8702,#8703);
#8702 = CARTESIAN_POINT('',(0.,1.1));
#8703 = VECTOR('',#8704,1.);
#8704 = DIRECTION('',(1.,0.));
#8705 = ( GEOMETRIC_REPRESENTATION_CONTEXT(2) 
PARAMETRIC_REPRESENTATION_CONTEXT() REPRESENTATION_CONTEXT('2D SPACE',''
  ) );
#8706 = ORIENTED_EDGE('',*,*,#8707,.T.);
#8707 = EDGE_CURVE('',#8684,#8708,#8710,.T.);
#8708 = VERTEX_POINT('',#8709);
#8709 = CARTESIAN_POINT('',(-7.638021055295,-33.05,60.394980260661));
#8710 = SURFACE_CURVE('',#8711,(#8716,#8723),.PCURVE_S1.);
#8711 = CIRCLE('',#8712,12.5);
#8712 = AXIS2_PLACEMENT_3D('',#8713,#8714,#8715);
#8713 = CARTESIAN_POINT('',(-7.338574192772E-15,-33.05,50.5));
#8714 = DIRECTION('',(-2.22044604925E-16,-1.,0.));
#8715 = DIRECTION('',(0.,0.,1.));
#8716 = PCURVE('',#7664,#8717);
#8717 = DEFINITIONAL_REPRESENTATION('',(#8718),#8722);
#8718 = CIRCLE('',#8719,12.5);
#8719 = AXIS2_PLACEMENT_2D('',#8720,#8721);
#8720 = CARTESIAN_POINT('',(0.,0.));
#8721 = DIRECTION('',(1.,0.));
#8722 = ( GEOMETRIC_REPRESENTATION_CONTEXT(2) 
PARAMETRIC_REPRESENTATION_CONTEXT() REPRESENTATION_CONTEXT('2D SPACE',''
  ) );
#8723 = PCURVE('',#7265,#8724);
#8724 = DEFINITIONAL_REPRESENTATION('',(#8725),#8729);
#8725 = LINE('',#8726,#8727);
#8726 = CARTESIAN_POINT('',(6.28318530718,1.1));
#8727 = VECTOR('',#8728,1.);
#8728 = DIRECTION('',(1.,0.));
#8729 = ( GEOMETRIC_REPRESENTATION_CONTEXT(2) 
PARAMETRIC_REPRESENTATION_CONTEXT() REPRESENTATION_CONTEXT('2D SPACE',''
  ) );
#8730 = ORIENTED_EDGE('',*,*,#8731,.F.);
#8731 = EDGE_CURVE('',#8732,#8708,#8734,.T.);
#8732 = VERTEX_POINT('',#8733);
#8733 = CARTESIAN_POINT('',(-7.5,-33.05,60.4));
#8734 = SURFACE_CURVE('',#8735,(#8740,#8747),.PCURVE_S1.);
#8735 = CIRCLE('',#8736,1.9);
#8736 = AXIS2_PLACEMENT_3D('',#8737,#8738,#8739);
#8737 = CARTESIAN_POINT('',(-7.5,-33.05,58.5));
#8738 = DIRECTION('',(-2.22044604925E-16,-1.,0.));
#8739 = DIRECTION('',(0.,0.,1.));
#8740 = PCURVE('',#7664,#8741);
#8741 = DEFINITIONAL_REPRESENTATION('',(#8742),#8746);
#8742 = CIRCLE('',#8743,1.9);
#8743 = AXIS2_PLACEMENT_2D('',#8744,#8745);
#8744 = CARTESIAN_POINT('',(8.,7.5));
#8745 = DIRECTION('',(1.,0.));
#8746 = ( GEOMETRIC_REPRESENTATION_CONTEXT(2) 
PARAMETRIC_REPRESENTATION_CONTEXT() REPRESENTATION_CONTEXT('2D SPACE',''
  ) );
#8747 = PCURVE('',#7374,#8748);
#8748 = DEFINITIONAL_REPRESENTATION('',(#8749),#8753);
#8749 = LINE('',#8750,#8751);
#8750 = CARTESIAN_POINT('',(0.,5.15));
#8751 = VECTOR('',#8752,1.);
#8752 = DIRECTION('',(1.,0.));
#8753 = ( GEOMETRIC_REPRESENTATION_CONTEXT(2) 
PARAMETRIC_REPRESENTATION_CONTEXT() REPRESENTATION_CONTEXT('2D SPACE',''
  ) );
#8754 = ORIENTED_EDGE('',*,*,#8755,.F.);
#8755 = EDGE_CURVE('',#8756,#8732,#8758,.T.);
#8756 = VERTEX_POINT('',#8757);
#8757 = CARTESIAN_POINT('',(-6.113879312134,-33.05,59.799488144875));
#8758 = SURFACE_CURVE('',#8759,(#8764,#8771),.PCURVE_S1.);
#8759 = CIRCLE('',#8760,1.9);
#8760 = AXIS2_PLACEMENT_3D('',#8761,#8762,#8763);
#8761 = CARTESIAN_POINT('',(-7.5,-33.05,58.5));
#8762 = DIRECTION('',(-2.22044604925E-16,-1.,0.));
#8763 = DIRECTION('',(0.,0.,1.));
#8764 = PCURVE('',#7664,#8765);
#8765 = DEFINITIONAL_REPRESENTATION('',(#8766),#8770);
#8766 = CIRCLE('',#8767,1.9);
#8767 = AXIS2_PLACEMENT_2D('',#8768,#8769);
#8768 = CARTESIAN_POINT('',(8.,7.5));
#8769 = DIRECTION('',(1.,0.));
#8770 = ( GEOMETRIC_REPRESENTATION_CONTEXT(2) 
PARAMETRIC_REPRESENTATION_CONTEXT() REPRESENTATION_CONTEXT('2D SPACE',''
  ) );
#8771 = PCURVE('',#7374,#8772);
#8772 = DEFINITIONAL_REPRESENTATION('',(#8773),#8777);
#8773 = LINE('',#8774,#8775);
#8774 = CARTESIAN_POINT('',(-6.28318530718,5.15));
#8775 = VECTOR('',#8776,1.);
#8776 = DIRECTION('',(1.,0.));
#8777 = ( GEOMETRIC_REPRESENTATION_CONTEXT(2) 
PARAMETRIC_REPRESENTATION_CONTEXT() REPRESENTATION_CONTEXT('2D SPACE',''
  ) );
#8778 = ORIENTED_EDGE('',*,*,#8779,.F.);
#8779 = EDGE_CURVE('',#7700,#8756,#8780,.T.);
#8780 = SURFACE_CURVE('',#8781,(#8785,#8791),.PCURVE_S1.);
#8781 = LINE('',#8782,#8783);
#8782 = CARTESIAN_POINT('',(-2.363879312134,-33.05,55.799488144875));
#8783 = VECTOR('',#8784,1.);
#8784 = DIRECTION('',(-0.683941128881,1.518654377544E-16,0.72953720414)
  );
#8785 = PCURVE('',#7664,#8786);
#8786 = DEFINITIONAL_REPRESENTATION('',(#8787),#8790);
#8787 = B_SPLINE_CURVE_WITH_KNOTS('',1,(#8788,#8789),.UNSPECIFIED.,.F.,
  .F.,(2,2),(-5.482928049865,5.482928049865),.PIECEWISE_BEZIER_KNOTS.);
#8788 = CARTESIAN_POINT('',(1.299488144875,-1.386120687866));
#8789 = CARTESIAN_POINT('',(9.299488144875,6.113879312134));
#8790 = ( GEOMETRIC_REPRESENTATION_CONTEXT(2) 
PARAMETRIC_REPRESENTATION_CONTEXT() REPRESENTATION_CONTEXT('2D SPACE',''
  ) );
#8791 = PCURVE('',#7738,#8792);
#8792 = DEFINITIONAL_REPRESENTATION('',(#8793),#8796);
#8793 = B_SPLINE_CURVE_WITH_KNOTS('',1,(#8794,#8795),.UNSPECIFIED.,.F.,
  .F.,(2,2),(-5.482928049865,5.482928049865),.PIECEWISE_BEZIER_KNOTS.);
#8794 = CARTESIAN_POINT('',(10.965856099731,-0.15));
#8795 = CARTESIAN_POINT('',(0.,-0.15));
#8796 = ( GEOMETRIC_REPRESENTATION_CONTEXT(2) 
PARAMETRIC_REPRESENTATION_CONTEXT() REPRESENTATION_CONTEXT('2D SPACE',''
  ) );
#8797 = ORIENTED_EDGE('',*,*,#7699,.F.);
#8798 = ORIENTED_EDGE('',*,*,#7645,.F.);
#8799 = ORIENTED_EDGE('',*,*,#8800,.F.);
#8800 = EDGE_CURVE('',#8377,#7646,#8801,.T.);
#8801 = SURFACE_CURVE('',#8802,(#8806,#8812),.PCURVE_S1.);
#8802 = LINE('',#8803,#8804);
#8803 = CARTESIAN_POINT('',(1.386120687866,-33.05,49.200511855125));
#8804 = VECTOR('',#8805,1.);
#8805 = DIRECTION('',(0.683941128881,-1.518654377544E-16,0.72953720414)
  );
#8806 = PCURVE('',#7664,#8807);
#8807 = DEFINITIONAL_REPRESENTATION('',(#8808),#8811);
#8808 = B_SPLINE_CURVE_WITH_KNOTS('',1,(#8809,#8810),.UNSPECIFIED.,.F.,
  .F.,(2,2),(-10.96585609973,0.),.PIECEWISE_BEZIER_KNOTS.);
#8809 = CARTESIAN_POINT('',(-9.299488144875,6.113879312134));
#8810 = CARTESIAN_POINT('',(-1.299488144875,-1.386120687866));
#8811 = ( GEOMETRIC_REPRESENTATION_CONTEXT(2) 
PARAMETRIC_REPRESENTATION_CONTEXT() REPRESENTATION_CONTEXT('2D SPACE',''
  ) );
#8812 = PCURVE('',#7909,#8813);
#8813 = DEFINITIONAL_REPRESENTATION('',(#8814),#8817);
#8814 = B_SPLINE_CURVE_WITH_KNOTS('',1,(#8815,#8816),.UNSPECIFIED.,.F.,
  .F.,(2,2),(-10.96585609973,0.),.PIECEWISE_BEZIER_KNOTS.);
#8815 = CARTESIAN_POINT('',(10.965856099731,-0.15));
#8816 = CARTESIAN_POINT('',(0.,-0.15));
#8817 = ( GEOMETRIC_REPRESENTATION_CONTEXT(2) 
PARAMETRIC_REPRESENTATION_CONTEXT() REPRESENTATION_CONTEXT('2D SPACE',''
  ) );
#8818 = ADVANCED_FACE('',(#8819),#7909,.F.);
#8819 = FACE_BOUND('',#8820,.F.);
#8820 = EDGE_LOOP('',(#8821,#8822,#8843,#8844));
#8821 = ORIENTED_EDGE('',*,*,#7896,.T.);
#8822 = ORIENTED_EDGE('',*,*,#8823,.T.);
#8823 = EDGE_CURVE('',#7864,#8401,#8824,.T.);
#8824 = SURFACE_CURVE('',#8825,(#8829,#8836),.PCURVE_S1.);
#8825 = LINE('',#8826,#8827);
#8826 = CARTESIAN_POINT('',(1.386120687866,-35.,49.200511855125));
#8827 = VECTOR('',#8828,1.);
#8828 = DIRECTION('',(-0.683941128881,1.518654377544E-16,-0.72953720414)
  );
#8829 = PCURVE('',#7909,#8830);
#8830 = DEFINITIONAL_REPRESENTATION('',(#8831),#8835);
#8831 = LINE('',#8832,#8833);
#8832 = CARTESIAN_POINT('',(0.,-2.1));
#8833 = VECTOR('',#8834,1.);
#8834 = DIRECTION('',(1.,0.));
#8835 = ( GEOMETRIC_REPRESENTATION_CONTEXT(2) 
PARAMETRIC_REPRESENTATION_CONTEXT() REPRESENTATION_CONTEXT('2D SPACE',''
  ) );
#8836 = PCURVE('',#7880,#8837);
#8837 = DEFINITIONAL_REPRESENTATION('',(#8838),#8842);
#8838 = LINE('',#8839,#8840);
#8839 = CARTESIAN_POINT('',(-6.175718021563,-8.394126468901));
#8840 = VECTOR('',#8841,1.);
#8841 = DIRECTION('',(0.72953720414,0.683941128881));
#8842 = ( GEOMETRIC_REPRESENTATION_CONTEXT(2) 
PARAMETRIC_REPRESENTATION_CONTEXT() REPRESENTATION_CONTEXT('2D SPACE',''
  ) );
#8843 = ORIENTED_EDGE('',*,*,#8400,.F.);
#8844 = ORIENTED_EDGE('',*,*,#8800,.T.);
#8845 = ADVANCED_FACE('',(#8846),#7852,.F.);
#8846 = FACE_BOUND('',#8847,.F.);
#8847 = EDGE_LOOP('',(#8848,#8867,#8868,#8889));
#8848 = ORIENTED_EDGE('',*,*,#8849,.T.);
#8849 = EDGE_CURVE('',#7809,#8452,#8850,.T.);
#8850 = SURFACE_CURVE('',#8851,(#8855,#8861),.PCURVE_S1.);
#8851 = LINE('',#8852,#8853);
#8852 = CARTESIAN_POINT('',(-5.136120687866,-33.05,47.799488144875));
#8853 = VECTOR('',#8854,1.);
#8854 = DIRECTION('',(-0.683941128881,1.518654377544E-16,-0.72953720414)
  );
#8855 = PCURVE('',#7852,#8856);
#8856 = DEFINITIONAL_REPRESENTATION('',(#8857),#8860);
#8857 = B_SPLINE_CURVE_WITH_KNOTS('',1,(#8858,#8859),.UNSPECIFIED.,.F.,
  .F.,(2,2),(-5.482928049865,5.482928049865),.PIECEWISE_BEZIER_KNOTS.);
#8858 = CARTESIAN_POINT('',(10.965856099731,-0.15));
#8859 = CARTESIAN_POINT('',(0.,-0.15));
#8860 = ( GEOMETRIC_REPRESENTATION_CONTEXT(2) 
PARAMETRIC_REPRESENTATION_CONTEXT() REPRESENTATION_CONTEXT('2D SPACE',''
  ) );
#8861 = PCURVE('',#7825,#8862);
#8862 = DEFINITIONAL_REPRESENTATION('',(#8863),#8866);
#8863 = B_SPLINE_CURVE_WITH_KNOTS('',1,(#8864,#8865),.UNSPECIFIED.,.F.,
  .F.,(2,2),(-5.482928049865,5.482928049865),.PIECEWISE_BEZIER_KNOTS.);
#8864 = CARTESIAN_POINT('',(1.299488144875,1.386120687866));
#8865 = CARTESIAN_POINT('',(-6.700511855125,8.886120687866));
#8866 = ( GEOMETRIC_REPRESENTATION_CONTEXT(2) 
PARAMETRIC_REPRESENTATION_CONTEXT() REPRESENTATION_CONTEXT('2D SPACE',''
  ) );
#8867 = ORIENTED_EDGE('',*,*,#8451,.T.);
#8868 = ORIENTED_EDGE('',*,*,#8869,.T.);
#8869 = EDGE_CURVE('',#8424,#7838,#8870,.T.);
#8870 = SURFACE_CURVE('',#8871,(#8875,#8882),.PCURVE_S1.);
#8871 = LINE('',#8872,#8873);
#8872 = CARTESIAN_POINT('',(-8.886120687866,-35.,43.799488144875));
#8873 = VECTOR('',#8874,1.);
#8874 = DIRECTION('',(0.683941128881,-1.518654377544E-16,0.72953720414)
  );
#8875 = PCURVE('',#7852,#8876);
#8876 = DEFINITIONAL_REPRESENTATION('',(#8877),#8881);
#8877 = LINE('',#8878,#8879);
#8878 = CARTESIAN_POINT('',(0.,-2.1));
#8879 = VECTOR('',#8880,1.);
#8880 = DIRECTION('',(1.,0.));
#8881 = ( GEOMETRIC_REPRESENTATION_CONTEXT(2) 
PARAMETRIC_REPRESENTATION_CONTEXT() REPRESENTATION_CONTEXT('2D SPACE',''
  ) );
#8882 = PCURVE('',#7880,#8883);
#8883 = DEFINITIONAL_REPRESENTATION('',(#8884),#8888);
#8884 = LINE('',#8885,#8886);
#8885 = CARTESIAN_POINT('',(-0.774694311312,1.878114906831));
#8886 = VECTOR('',#8887,1.);
#8887 = DIRECTION('',(-0.72953720414,-0.683941128881));
#8888 = ( GEOMETRIC_REPRESENTATION_CONTEXT(2) 
PARAMETRIC_REPRESENTATION_CONTEXT() REPRESENTATION_CONTEXT('2D SPACE',''
  ) );
#8889 = ORIENTED_EDGE('',*,*,#7837,.F.);
#8890 = ADVANCED_FACE('',(#8891),#7825,.F.);
#8891 = FACE_BOUND('',#8892,.F.);
#8892 = EDGE_LOOP('',(#8893,#8894,#8915,#8937,#8938,#8939));
#8893 = ORIENTED_EDGE('',*,*,#7808,.F.);
#8894 = ORIENTED_EDGE('',*,*,#8895,.F.);
#8895 = EDGE_CURVE('',#8896,#7783,#8898,.T.);
#8896 = VERTEX_POINT('',#8897);
#8897 = CARTESIAN_POINT('',(-8.886120687866,-33.05,57.200511855126));
#8898 = SURFACE_CURVE('',#8899,(#8903,#8909),.PCURVE_S1.);
#8899 = LINE('',#8900,#8901);
#8900 = CARTESIAN_POINT('',(-1.386120687866,-33.05,49.200511855125));
#8901 = VECTOR('',#8902,1.);
#8902 = DIRECTION('',(0.683941128881,-1.518654377544E-16,-0.72953720414)
  );
#8903 = PCURVE('',#7825,#8904);
#8904 = DEFINITIONAL_REPRESENTATION('',(#8905),#8908);
#8905 = B_SPLINE_CURVE_WITH_KNOTS('',1,(#8906,#8907),.UNSPECIFIED.,.F.,
  .F.,(2,2),(-10.96585609973,-0.),.PIECEWISE_BEZIER_KNOTS.);
#8906 = CARTESIAN_POINT('',(6.700511855125,8.886120687866));
#8907 = CARTESIAN_POINT('',(-1.299488144875,1.386120687866));
#8908 = ( GEOMETRIC_REPRESENTATION_CONTEXT(2) 
PARAMETRIC_REPRESENTATION_CONTEXT() REPRESENTATION_CONTEXT('2D SPACE',''
  ) );
#8909 = PCURVE('',#7797,#8910);
#8910 = DEFINITIONAL_REPRESENTATION('',(#8911),#8914);
#8911 = B_SPLINE_CURVE_WITH_KNOTS('',1,(#8912,#8913),.UNSPECIFIED.,.F.,
  .F.,(2,2),(-10.96585609973,-0.),.PIECEWISE_BEZIER_KNOTS.);
#8912 = CARTESIAN_POINT('',(10.965856099731,-0.15));
#8913 = CARTESIAN_POINT('',(0.,-0.15));
#8914 = ( GEOMETRIC_REPRESENTATION_CONTEXT(2) 
PARAMETRIC_REPRESENTATION_CONTEXT() REPRESENTATION_CONTEXT('2D SPACE',''
  ) );
#8915 = ORIENTED_EDGE('',*,*,#8916,.F.);
#8916 = EDGE_CURVE('',#8307,#8896,#8917,.T.);
#8917 = SURFACE_CURVE('',#8918,(#8923,#8930),.PCURVE_S1.);
#8918 = CIRCLE('',#8919,1.9);
#8919 = AXIS2_PLACEMENT_3D('',#8920,#8921,#8922);
#8920 = CARTESIAN_POINT('',(-7.5,-33.05,58.5));
#8921 = DIRECTION('',(-2.22044604925E-16,-1.,0.));
#8922 = DIRECTION('',(0.,0.,1.));
#8923 = PCURVE('',#7825,#8924);
#8924 = DEFINITIONAL_REPRESENTATION('',(#8925),#8929);
#8925 = CIRCLE('',#8926,1.9);
#8926 = AXIS2_PLACEMENT_2D('',#8927,#8928);
#8927 = CARTESIAN_POINT('',(8.,7.5));
#8928 = DIRECTION('',(1.,0.));
#8929 = ( GEOMETRIC_REPRESENTATION_CONTEXT(2) 
PARAMETRIC_REPRESENTATION_CONTEXT() REPRESENTATION_CONTEXT('2D SPACE',''
  ) );
#8930 = PCURVE('',#7374,#8931);
#8931 = DEFINITIONAL_REPRESENTATION('',(#8932),#8936);
#8932 = LINE('',#8933,#8934);
#8933 = CARTESIAN_POINT('',(0.,5.15));
#8934 = VECTOR('',#8935,1.);
#8935 = DIRECTION('',(1.,0.));
#8936 = ( GEOMETRIC_REPRESENTATION_CONTEXT(2) 
PARAMETRIC_REPRESENTATION_CONTEXT() REPRESENTATION_CONTEXT('2D SPACE',''
  ) );
#8937 = ORIENTED_EDGE('',*,*,#8349,.T.);
#8938 = ORIENTED_EDGE('',*,*,#8474,.F.);
#8939 = ORIENTED_EDGE('',*,*,#8849,.F.);
#8940 = ADVANCED_FACE('',(#8941),#7797,.F.);
#8941 = FACE_BOUND('',#8942,.F.);
#8942 = EDGE_LOOP('',(#8943,#8944,#8967,#8988));
#8943 = ORIENTED_EDGE('',*,*,#7782,.T.);
#8944 = ORIENTED_EDGE('',*,*,#8945,.T.);
#8945 = EDGE_CURVE('',#7750,#8946,#8948,.T.);
#8946 = VERTEX_POINT('',#8947);
#8947 = CARTESIAN_POINT('',(-8.886120687866,-35.,57.200511855125));
#8948 = SURFACE_CURVE('',#8949,(#8953,#8960),.PCURVE_S1.);
#8949 = LINE('',#8950,#8951);
#8950 = CARTESIAN_POINT('',(-1.386120687866,-35.,49.200511855125));
#8951 = VECTOR('',#8952,1.);
#8952 = DIRECTION('',(-0.683941128881,1.518654377544E-16,0.72953720414)
  );
#8953 = PCURVE('',#7797,#8954);
#8954 = DEFINITIONAL_REPRESENTATION('',(#8955),#8959);
#8955 = LINE('',#8956,#8957);
#8956 = CARTESIAN_POINT('',(0.,-2.1));
#8957 = VECTOR('',#8958,1.);
#8958 = DIRECTION('',(1.,0.));
#8959 = ( GEOMETRIC_REPRESENTATION_CONTEXT(2) 
PARAMETRIC_REPRESENTATION_CONTEXT() REPRESENTATION_CONTEXT('2D SPACE',''
  ) );
#8960 = PCURVE('',#7766,#8961);
#8961 = DEFINITIONAL_REPRESENTATION('',(#8962),#8966);
#8962 = LINE('',#8963,#8964);
#8963 = CARTESIAN_POINT('',(8.81240233156,-5.641686623335));
#8964 = VECTOR('',#8965,1.);
#8965 = DIRECTION('',(-0.72953720414,0.683941128881));
#8966 = ( GEOMETRIC_REPRESENTATION_CONTEXT(2) 
PARAMETRIC_REPRESENTATION_CONTEXT() REPRESENTATION_CONTEXT('2D SPACE',''
  ) );
#8967 = ORIENTED_EDGE('',*,*,#8968,.F.);
#8968 = EDGE_CURVE('',#8896,#8946,#8969,.T.);
#8969 = SURFACE_CURVE('',#8970,(#8974,#8981),.PCURVE_S1.);
#8970 = LINE('',#8971,#8972);
#8971 = CARTESIAN_POINT('',(-8.886120687866,-32.9,57.200511855125));
#8972 = VECTOR('',#8973,1.);
#8973 = DIRECTION('',(-2.22044604925E-16,-1.,0.));
#8974 = PCURVE('',#7797,#8975);
#8975 = DEFINITIONAL_REPRESENTATION('',(#8976),#8980);
#8976 = LINE('',#8977,#8978);
#8977 = CARTESIAN_POINT('',(10.965856099731,0.));
#8978 = VECTOR('',#8979,1.);
#8979 = DIRECTION('',(0.,-1.));
#8980 = ( GEOMETRIC_REPRESENTATION_CONTEXT(2) 
PARAMETRIC_REPRESENTATION_CONTEXT() REPRESENTATION_CONTEXT('2D SPACE',''
  ) );
#8981 = PCURVE('',#7374,#8982);
#8982 = DEFINITIONAL_REPRESENTATION('',(#8983),#8987);
#8983 = LINE('',#8984,#8985);
#8984 = CARTESIAN_POINT('',(2.323947607757,5.));
#8985 = VECTOR('',#8986,1.);
#8986 = DIRECTION('',(0.,1.));
#8987 = ( GEOMETRIC_REPRESENTATION_CONTEXT(2) 
PARAMETRIC_REPRESENTATION_CONTEXT() REPRESENTATION_CONTEXT('2D SPACE',''
  ) );
#8988 = ORIENTED_EDGE('',*,*,#8895,.T.);
#8989 = ADVANCED_FACE('',(#8990),#7738,.F.);
#8990 = FACE_BOUND('',#8991,.F.);
#8991 = EDGE_LOOP('',(#8992,#8993,#9016,#9037));
#8992 = ORIENTED_EDGE('',*,*,#8779,.T.);
#8993 = ORIENTED_EDGE('',*,*,#8994,.T.);
#8994 = EDGE_CURVE('',#8756,#8995,#8997,.T.);
#8995 = VERTEX_POINT('',#8996);
#8996 = CARTESIAN_POINT('',(-6.113879312134,-35.,59.799488144875));
#8997 = SURFACE_CURVE('',#8998,(#9002,#9009),.PCURVE_S1.);
#8998 = LINE('',#8999,#9000);
#8999 = CARTESIAN_POINT('',(-6.113879312134,-32.9,59.799488144875));
#9000 = VECTOR('',#9001,1.);
#9001 = DIRECTION('',(-2.22044604925E-16,-1.,0.));
#9002 = PCURVE('',#7738,#9003);
#9003 = DEFINITIONAL_REPRESENTATION('',(#9004),#9008);
#9004 = LINE('',#9005,#9006);
#9005 = CARTESIAN_POINT('',(0.,0.));
#9006 = VECTOR('',#9007,1.);
#9007 = DIRECTION('',(0.,-1.));
#9008 = ( GEOMETRIC_REPRESENTATION_CONTEXT(2) 
PARAMETRIC_REPRESENTATION_CONTEXT() REPRESENTATION_CONTEXT('2D SPACE',''
  ) );
#9009 = PCURVE('',#7374,#9010);
#9010 = DEFINITIONAL_REPRESENTATION('',(#9011),#9015);
#9011 = LINE('',#9012,#9013);
#9012 = CARTESIAN_POINT('',(-0.817645045833,5.));
#9013 = VECTOR('',#9014,1.);
#9014 = DIRECTION('',(0.,1.));
#9015 = ( GEOMETRIC_REPRESENTATION_CONTEXT(2) 
PARAMETRIC_REPRESENTATION_CONTEXT() REPRESENTATION_CONTEXT('2D SPACE',''
  ) );
#9016 = ORIENTED_EDGE('',*,*,#9017,.T.);
#9017 = EDGE_CURVE('',#8995,#7724,#9018,.T.);
#9018 = SURFACE_CURVE('',#9019,(#9023,#9030),.PCURVE_S1.);
#9019 = LINE('',#9020,#9021);
#9020 = CARTESIAN_POINT('',(-6.113879312134,-35.,59.799488144875));
#9021 = VECTOR('',#9022,1.);
#9022 = DIRECTION('',(0.683941128881,-1.518654377544E-16,-0.72953720414)
  );
#9023 = PCURVE('',#7738,#9024);
#9024 = DEFINITIONAL_REPRESENTATION('',(#9025),#9029);
#9025 = LINE('',#9026,#9027);
#9026 = CARTESIAN_POINT('',(0.,-2.1));
#9027 = VECTOR('',#9028,1.);
#9028 = DIRECTION('',(1.,0.));
#9029 = ( GEOMETRIC_REPRESENTATION_CONTEXT(2) 
PARAMETRIC_REPRESENTATION_CONTEXT() REPRESENTATION_CONTEXT('2D SPACE',''
  ) );
#9030 = PCURVE('',#7766,#9031);
#9031 = DEFINITIONAL_REPRESENTATION('',(#9032),#9036);
#9032 = LINE('',#9033,#9034);
#9033 = CARTESIAN_POINT('',(-1.786573958189,-0.913927999068));
#9034 = VECTOR('',#9035,1.);
#9035 = DIRECTION('',(0.72953720414,-0.683941128881));
#9036 = ( GEOMETRIC_REPRESENTATION_CONTEXT(2) 
PARAMETRIC_REPRESENTATION_CONTEXT() REPRESENTATION_CONTEXT('2D SPACE',''
  ) );
#9037 = ORIENTED_EDGE('',*,*,#7723,.F.);
#9038 = ADVANCED_FACE('',(#9039,#9045),#7880,.T.);
#9039 = FACE_BOUND('',#9040,.T.);
#9040 = EDGE_LOOP('',(#9041,#9042,#9043,#9044));
#9041 = ORIENTED_EDGE('',*,*,#7863,.T.);
#9042 = ORIENTED_EDGE('',*,*,#8823,.T.);
#9043 = ORIENTED_EDGE('',*,*,#8423,.F.);
#9044 = ORIENTED_EDGE('',*,*,#8869,.T.);
#9045 = FACE_BOUND('',#9046,.T.);
#9046 = EDGE_LOOP('',(#9047,#9048,#9049));
#9047 = ORIENTED_EDGE('',*,*,#7923,.T.);
#9048 = ORIENTED_EDGE('',*,*,#7976,.T.);
#9049 = ORIENTED_EDGE('',*,*,#8004,.T.);
#9050 = ADVANCED_FACE('',(#9051,#9110),#7766,.T.);
#9051 = FACE_BOUND('',#9052,.T.);
#9052 = EDGE_LOOP('',(#9053,#9054,#9055,#9083,#9109));
#9053 = ORIENTED_EDGE('',*,*,#7749,.T.);
#9054 = ORIENTED_EDGE('',*,*,#8945,.T.);
#9055 = ORIENTED_EDGE('',*,*,#9056,.F.);
#9056 = EDGE_CURVE('',#9057,#8946,#9059,.T.);
#9057 = VERTEX_POINT('',#9058);
#9058 = CARTESIAN_POINT('',(-7.5,-35.,60.4));
#9059 = SURFACE_CURVE('',#9060,(#9065,#9076),.PCURVE_S1.);
#9060 = CIRCLE('',#9061,1.9);
#9061 = AXIS2_PLACEMENT_3D('',#9062,#9063,#9064);
#9062 = CARTESIAN_POINT('',(-7.5,-35.,58.5));
#9063 = DIRECTION('',(-2.22044604925E-16,-1.,0.));
#9064 = DIRECTION('',(0.,0.,1.));
#9065 = PCURVE('',#7766,#9066);
#9066 = DEFINITIONAL_REPRESENTATION('',(#9067),#9075);
#9067 = ( BOUNDED_CURVE() B_SPLINE_CURVE(2,(#9068,#9069,#9070,#9071,
#9072,#9073,#9074),.UNSPECIFIED.,.T.,.F.) B_SPLINE_CURVE_WITH_KNOTS((1,2
    ,2,2,2,1),(-2.094395102393,0.,2.094395102393,4.188790204786,
6.28318530718,8.377580409573),.UNSPECIFIED.) CURVE() 
GEOMETRIC_REPRESENTATION_ITEM() RATIONAL_B_SPLINE_CURVE((1.,0.5,1.,0.5,
1.,0.5,1.)) REPRESENTATION_ITEM('') );
#9068 = CARTESIAN_POINT('',(-2.387085813314,0.472192688798));
#9069 = CARTESIAN_POINT('',(-2.387085813314,3.763089223179));
#9070 = CARTESIAN_POINT('',(0.462914186686,2.117640955989));
#9071 = CARTESIAN_POINT('',(3.312914186686,0.472192688798));
#9072 = CARTESIAN_POINT('',(0.462914186686,-1.173255578392));
#9073 = CARTESIAN_POINT('',(-2.387085813314,-2.818703845582));
#9074 = CARTESIAN_POINT('',(-2.387085813314,0.472192688798));
#9075 = ( GEOMETRIC_REPRESENTATION_CONTEXT(2) 
PARAMETRIC_REPRESENTATION_CONTEXT() REPRESENTATION_CONTEXT('2D SPACE',''
  ) );
#9076 = PCURVE('',#7374,#9077);
#9077 = DEFINITIONAL_REPRESENTATION('',(#9078),#9082);
#9078 = LINE('',#9079,#9080);
#9079 = CARTESIAN_POINT('',(0.,7.1));
#9080 = VECTOR('',#9081,1.);
#9081 = DIRECTION('',(1.,0.));
#9082 = ( GEOMETRIC_REPRESENTATION_CONTEXT(2) 
PARAMETRIC_REPRESENTATION_CONTEXT() REPRESENTATION_CONTEXT('2D SPACE',''
  ) );
#9083 = ORIENTED_EDGE('',*,*,#9084,.F.);
#9084 = EDGE_CURVE('',#8995,#9057,#9085,.T.);
#9085 = SURFACE_CURVE('',#9086,(#9091,#9102),.PCURVE_S1.);
#9086 = CIRCLE('',#9087,1.9);
#9087 = AXIS2_PLACEMENT_3D('',#9088,#9089,#9090);
#9088 = CARTESIAN_POINT('',(-7.5,-35.,58.5));
#9089 = DIRECTION('',(-2.22044604925E-16,-1.,0.));
#9090 = DIRECTION('',(0.,0.,1.));
#9091 = PCURVE('',#7766,#9092);
#9092 = DEFINITIONAL_REPRESENTATION('',(#9093),#9101);
#9093 = ( BOUNDED_CURVE() B_SPLINE_CURVE(2,(#9094,#9095,#9096,#9097,
#9098,#9099,#9100),.UNSPECIFIED.,.T.,.F.) B_SPLINE_CURVE_WITH_KNOTS((1,2
    ,2,2,2,1),(-2.094395102393,0.,2.094395102393,4.188790204786,
6.28318530718,8.377580409573),.UNSPECIFIED.) CURVE() 
GEOMETRIC_REPRESENTATION_ITEM() RATIONAL_B_SPLINE_CURVE((1.,0.5,1.,0.5,
1.,0.5,1.)) REPRESENTATION_ITEM('') );
#9094 = CARTESIAN_POINT('',(-2.387085813314,0.472192688798));
#9095 = CARTESIAN_POINT('',(-2.387085813314,3.763089223179));
#9096 = CARTESIAN_POINT('',(0.462914186686,2.117640955989));
#9097 = CARTESIAN_POINT('',(3.312914186686,0.472192688798));
#9098 = CARTESIAN_POINT('',(0.462914186686,-1.173255578392));
#9099 = CARTESIAN_POINT('',(-2.387085813314,-2.818703845582));
#9100 = CARTESIAN_POINT('',(-2.387085813314,0.472192688798));
#9101 = ( GEOMETRIC_REPRESENTATION_CONTEXT(2) 
PARAMETRIC_REPRESENTATION_CONTEXT() REPRESENTATION_CONTEXT('2D SPACE',''
  ) );
#9102 = PCURVE('',#7374,#9103);
#9103 = DEFINITIONAL_REPRESENTATION('',(#9104),#9108);
#9104 = LINE('',#9105,#9106);
#9105 = CARTESIAN_POINT('',(-6.28318530718,7.1));
#9106 = VECTOR('',#9107,1.);
#9107 = DIRECTION('',(1.,0.));
#9108 = ( GEOMETRIC_REPRESENTATION_CONTEXT(2) 
PARAMETRIC_REPRESENTATION_CONTEXT() REPRESENTATION_CONTEXT('2D SPACE',''
  ) );
#9109 = ORIENTED_EDGE('',*,*,#9017,.T.);
#9110 = FACE_BOUND('',#9111,.T.);
#9111 = EDGE_LOOP('',(#9112,#9113,#9114));
#9112 = ORIENTED_EDGE('',*,*,#8114,.T.);
#9113 = ORIENTED_EDGE('',*,*,#8033,.T.);
#9114 = ORIENTED_EDGE('',*,*,#8086,.T.);
#9115 = ADVANCED_FACE('',(#9116,#9219),#1139,.T.);
#9116 = FACE_BOUND('',#9117,.T.);
#9117 = EDGE_LOOP('',(#9118,#9119,#9142,#9170,#9198));
#9118 = ORIENTED_EDGE('',*,*,#1120,.T.);
#9119 = ORIENTED_EDGE('',*,*,#9120,.T.);
#9120 = EDGE_CURVE('',#1123,#9121,#9123,.T.);
#9121 = VERTEX_POINT('',#9122);
#9122 = CARTESIAN_POINT('',(-16.79681670589,-29.3,47.55));
#9123 = SURFACE_CURVE('',#9124,(#9128,#9135),.PCURVE_S1.);
#9124 = LINE('',#9125,#9126);
#9125 = CARTESIAN_POINT('',(-26.5,-29.3,47.55));
#9126 = VECTOR('',#9127,1.);
#9127 = DIRECTION('',(1.,-2.22044604925E-16,0.));
#9128 = PCURVE('',#1139,#9129);
#9129 = DEFINITIONAL_REPRESENTATION('',(#9130),#9134);
#9130 = LINE('',#9131,#9132);
#9131 = CARTESIAN_POINT('',(-2.95,6.711124901778));
#9132 = VECTOR('',#9133,1.);
#9133 = DIRECTION('',(0.,-1.));
#9134 = ( GEOMETRIC_REPRESENTATION_CONTEXT(2) 
PARAMETRIC_REPRESENTATION_CONTEXT() REPRESENTATION_CONTEXT('2D SPACE',''
  ) );
#9135 = PCURVE('',#1224,#9136);
#9136 = DEFINITIONAL_REPRESENTATION('',(#9137),#9141);
#9137 = LINE('',#9138,#9139);
#9138 = CARTESIAN_POINT('',(-1.4,-6.530627407778));
#9139 = VECTOR('',#9140,1.);
#9140 = DIRECTION('',(0.,1.));
#9141 = ( GEOMETRIC_REPRESENTATION_CONTEXT(2) 
PARAMETRIC_REPRESENTATION_CONTEXT() REPRESENTATION_CONTEXT('2D SPACE',''
  ) );
#9142 = ORIENTED_EDGE('',*,*,#9143,.T.);
#9143 = EDGE_CURVE('',#9121,#9144,#9146,.T.);
#9144 = VERTEX_POINT('',#9145);
#9145 = CARTESIAN_POINT('',(-15.09363341178,-29.3,50.5));
#9146 = SURFACE_CURVE('',#9147,(#9151,#9158),.PCURVE_S1.);
#9147 = LINE('',#9148,#9149);
#9148 = CARTESIAN_POINT('',(-16.79681670589,-29.3,47.55));
#9149 = VECTOR('',#9150,1.);
#9150 = DIRECTION('',(0.5,-1.110223024625E-16,0.866025403784));
#9151 = PCURVE('',#1139,#9152);
#9152 = DEFINITIONAL_REPRESENTATION('',(#9153),#9157);
#9153 = LINE('',#9154,#9155);
#9154 = CARTESIAN_POINT('',(-2.95,-2.992058392331));
#9155 = VECTOR('',#9156,1.);
#9156 = DIRECTION('',(0.866025403784,-0.5));
#9157 = ( GEOMETRIC_REPRESENTATION_CONTEXT(2) 
PARAMETRIC_REPRESENTATION_CONTEXT() REPRESENTATION_CONTEXT('2D SPACE',''
  ) );
#9158 = PCURVE('',#9159,#9164);
#9159 = PLANE('',#9160);
#9160 = AXIS2_PLACEMENT_3D('',#9161,#9162,#9163);
#9161 = CARTESIAN_POINT('',(-16.79681670589,-29.3,47.55));
#9162 = DIRECTION('',(-0.866025403784,1.922962686384E-16,0.5));
#9163 = DIRECTION('',(0.5,-1.110223024625E-16,0.866025403784));
#9164 = DEFINITIONAL_REPRESENTATION('',(#9165),#9169);
#9165 = LINE('',#9166,#9167);
#9166 = CARTESIAN_POINT('',(0.,0.));
#9167 = VECTOR('',#9168,1.);
#9168 = DIRECTION('',(1.,0.));
#9169 = ( GEOMETRIC_REPRESENTATION_CONTEXT(2) 
PARAMETRIC_REPRESENTATION_CONTEXT() REPRESENTATION_CONTEXT('2D SPACE',''
  ) );
#9170 = ORIENTED_EDGE('',*,*,#9171,.T.);
#9171 = EDGE_CURVE('',#9144,#9172,#9174,.T.);
#9172 = VERTEX_POINT('',#9173);
#9173 = CARTESIAN_POINT('',(-16.79681670589,-29.3,53.45));
#9174 = SURFACE_CURVE('',#9175,(#9179,#9186),.PCURVE_S1.);
#9175 = LINE('',#9176,#9177);
#9176 = CARTESIAN_POINT('',(-15.09363341178,-29.3,50.5));
#9177 = VECTOR('',#9178,1.);
#9178 = DIRECTION('',(-0.5,1.110223024625E-16,0.866025403784));
#9179 = PCURVE('',#1139,#9180);
#9180 = DEFINITIONAL_REPRESENTATION('',(#9181),#9185);
#9181 = LINE('',#9182,#9183);
#9182 = CARTESIAN_POINT('',(3.456833358872E-17,-4.695241686441));
#9183 = VECTOR('',#9184,1.);
#9184 = DIRECTION('',(0.866025403784,0.5));
#9185 = ( GEOMETRIC_REPRESENTATION_CONTEXT(2) 
PARAMETRIC_REPRESENTATION_CONTEXT() REPRESENTATION_CONTEXT('2D SPACE',''
  ) );
#9186 = PCURVE('',#9187,#9192);
#9187 = PLANE('',#9188);
#9188 = AXIS2_PLACEMENT_3D('',#9189,#9190,#9191);
#9189 = CARTESIAN_POINT('',(-15.09363341178,-29.3,50.5));
#9190 = DIRECTION('',(-0.866025403784,1.922962686384E-16,-0.5));
#9191 = DIRECTION('',(-0.5,1.110223024625E-16,0.866025403784));
#9192 = DEFINITIONAL_REPRESENTATION('',(#9193),#9197);
#9193 = LINE('',#9194,#9195);
#9194 = CARTESIAN_POINT('',(0.,0.));
#9195 = VECTOR('',#9196,1.);
#9196 = DIRECTION('',(1.,0.));
#9197 = ( GEOMETRIC_REPRESENTATION_CONTEXT(2) 
PARAMETRIC_REPRESENTATION_CONTEXT() REPRESENTATION_CONTEXT('2D SPACE',''
  ) );
#9198 = ORIENTED_EDGE('',*,*,#9199,.T.);
#9199 = EDGE_CURVE('',#9172,#1121,#9200,.T.);
#9200 = SURFACE_CURVE('',#9201,(#9205,#9212),.PCURVE_S1.);
#9201 = LINE('',#9202,#9203);
#9202 = CARTESIAN_POINT('',(-16.79681670589,-29.3,53.45));
#9203 = VECTOR('',#9204,1.);
#9204 = DIRECTION('',(-1.,2.22044604925E-16,1.303703516192E-16));
#9205 = PCURVE('',#1139,#9206);
#9206 = DEFINITIONAL_REPRESENTATION('',(#9207),#9211);
#9207 = LINE('',#9208,#9209);
#9208 = CARTESIAN_POINT('',(2.95,-2.992058392331));
#9209 = VECTOR('',#9210,1.);
#9210 = DIRECTION('',(1.303703516192E-16,1.));
#9211 = ( GEOMETRIC_REPRESENTATION_CONTEXT(2) 
PARAMETRIC_REPRESENTATION_CONTEXT() REPRESENTATION_CONTEXT('2D SPACE',''
  ) );
#9212 = PCURVE('',#1166,#9213);
#9213 = DEFINITIONAL_REPRESENTATION('',(#9214),#9218);
#9214 = LINE('',#9215,#9216);
#9215 = CARTESIAN_POINT('',(1.4,3.172555886331));
#9216 = VECTOR('',#9217,1.);
#9217 = DIRECTION('',(0.,-1.));
#9218 = ( GEOMETRIC_REPRESENTATION_CONTEXT(2) 
PARAMETRIC_REPRESENTATION_CONTEXT() REPRESENTATION_CONTEXT('2D SPACE',''
  ) );
#9219 = FACE_BOUND('',#9220,.T.);
#9220 = EDGE_LOOP('',(#9221,#9222));
#9221 = ORIENTED_EDGE('',*,*,#5769,.F.);
#9222 = ORIENTED_EDGE('',*,*,#5745,.F.);
#9223 = ADVANCED_FACE('',(#9224),#9159,.T.);
#9224 = FACE_BOUND('',#9225,.T.);
#9225 = EDGE_LOOP('',(#9226,#9249,#9272,#9293));
#9226 = ORIENTED_EDGE('',*,*,#9227,.T.);
#9227 = EDGE_CURVE('',#9121,#9228,#9230,.T.);
#9228 = VERTEX_POINT('',#9229);
#9229 = CARTESIAN_POINT('',(-16.79681670589,-32.1,47.55));
#9230 = SURFACE_CURVE('',#9231,(#9235,#9242),.PCURVE_S1.);
#9231 = LINE('',#9232,#9233);
#9232 = CARTESIAN_POINT('',(-16.79681670589,-29.3,47.55));
#9233 = VECTOR('',#9234,1.);
#9234 = DIRECTION('',(-2.22044604925E-16,-1.,0.));
#9235 = PCURVE('',#9159,#9236);
#9236 = DEFINITIONAL_REPRESENTATION('',(#9237),#9241);
#9237 = LINE('',#9238,#9239);
#9238 = CARTESIAN_POINT('',(0.,0.));
#9239 = VECTOR('',#9240,1.);
#9240 = DIRECTION('',(0.,-1.));
#9241 = ( GEOMETRIC_REPRESENTATION_CONTEXT(2) 
PARAMETRIC_REPRESENTATION_CONTEXT() REPRESENTATION_CONTEXT('2D SPACE',''
  ) );
#9242 = PCURVE('',#1224,#9243);
#9243 = DEFINITIONAL_REPRESENTATION('',(#9244),#9248);
#9244 = LINE('',#9245,#9246);
#9245 = CARTESIAN_POINT('',(-1.4,3.172555886331));
#9246 = VECTOR('',#9247,1.);
#9247 = DIRECTION('',(1.,0.));
#9248 = ( GEOMETRIC_REPRESENTATION_CONTEXT(2) 
PARAMETRIC_REPRESENTATION_CONTEXT() REPRESENTATION_CONTEXT('2D SPACE',''
  ) );
#9249 = ORIENTED_EDGE('',*,*,#9250,.T.);
#9250 = EDGE_CURVE('',#9228,#9251,#9253,.T.);
#9251 = VERTEX_POINT('',#9252);
#9252 = CARTESIAN_POINT('',(-15.09363341178,-32.1,50.5));
#9253 = SURFACE_CURVE('',#9254,(#9258,#9265),.PCURVE_S1.);
#9254 = LINE('',#9255,#9256);
#9255 = CARTESIAN_POINT('',(-16.79681670589,-32.1,47.55));
#9256 = VECTOR('',#9257,1.);
#9257 = DIRECTION('',(0.5,-1.110223024625E-16,0.866025403784));
#9258 = PCURVE('',#9159,#9259);
#9259 = DEFINITIONAL_REPRESENTATION('',(#9260),#9264);
#9260 = LINE('',#9261,#9262);
#9261 = CARTESIAN_POINT('',(0.,-2.8));
#9262 = VECTOR('',#9263,1.);
#9263 = DIRECTION('',(1.,0.));
#9264 = ( GEOMETRIC_REPRESENTATION_CONTEXT(2) 
PARAMETRIC_REPRESENTATION_CONTEXT() REPRESENTATION_CONTEXT('2D SPACE',''
  ) );
#9265 = PCURVE('',#1195,#9266);
#9266 = DEFINITIONAL_REPRESENTATION('',(#9267),#9271);
#9267 = LINE('',#9268,#9269);
#9268 = CARTESIAN_POINT('',(2.95,-2.992058392331));
#9269 = VECTOR('',#9270,1.);
#9270 = DIRECTION('',(-0.866025403784,-0.5));
#9271 = ( GEOMETRIC_REPRESENTATION_CONTEXT(2) 
PARAMETRIC_REPRESENTATION_CONTEXT() REPRESENTATION_CONTEXT('2D SPACE',''
  ) );
#9272 = ORIENTED_EDGE('',*,*,#9273,.F.);
#9273 = EDGE_CURVE('',#9144,#9251,#9274,.T.);
#9274 = SURFACE_CURVE('',#9275,(#9279,#9286),.PCURVE_S1.);
#9275 = LINE('',#9276,#9277);
#9276 = CARTESIAN_POINT('',(-15.09363341178,-29.3,50.5));
#9277 = VECTOR('',#9278,1.);
#9278 = DIRECTION('',(-2.22044604925E-16,-1.,0.));
#9279 = PCURVE('',#9159,#9280);
#9280 = DEFINITIONAL_REPRESENTATION('',(#9281),#9285);
#9281 = LINE('',#9282,#9283);
#9282 = CARTESIAN_POINT('',(3.406366588219,0.));
#9283 = VECTOR('',#9284,1.);
#9284 = DIRECTION('',(0.,-1.));
#9285 = ( GEOMETRIC_REPRESENTATION_CONTEXT(2) 
PARAMETRIC_REPRESENTATION_CONTEXT() REPRESENTATION_CONTEXT('2D SPACE',''
  ) );
#9286 = PCURVE('',#9187,#9287);
#9287 = DEFINITIONAL_REPRESENTATION('',(#9288),#9292);
#9288 = LINE('',#9289,#9290);
#9289 = CARTESIAN_POINT('',(0.,0.));
#9290 = VECTOR('',#9291,1.);
#9291 = DIRECTION('',(0.,-1.));
#9292 = ( GEOMETRIC_REPRESENTATION_CONTEXT(2) 
PARAMETRIC_REPRESENTATION_CONTEXT() REPRESENTATION_CONTEXT('2D SPACE',''
  ) );
#9293 = ORIENTED_EDGE('',*,*,#9143,.F.);
#9294 = ADVANCED_FACE('',(#9295),#9187,.T.);
#9295 = FACE_BOUND('',#9296,.T.);
#9296 = EDGE_LOOP('',(#9297,#9298,#9321,#9342));
#9297 = ORIENTED_EDGE('',*,*,#9273,.T.);
#9298 = ORIENTED_EDGE('',*,*,#9299,.T.);
#9299 = EDGE_CURVE('',#9251,#9300,#9302,.T.);
#9300 = VERTEX_POINT('',#9301);
#9301 = CARTESIAN_POINT('',(-16.79681670589,-32.1,53.45));
#9302 = SURFACE_CURVE('',#9303,(#9307,#9314),.PCURVE_S1.);
#9303 = LINE('',#9304,#9305);
#9304 = CARTESIAN_POINT('',(-15.09363341178,-32.1,50.5));
#9305 = VECTOR('',#9306,1.);
#9306 = DIRECTION('',(-0.5,1.110223024625E-16,0.866025403784));
#9307 = PCURVE('',#9187,#9308);
#9308 = DEFINITIONAL_REPRESENTATION('',(#9309),#9313);
#9309 = LINE('',#9310,#9311);
#9310 = CARTESIAN_POINT('',(0.,-2.8));
#9311 = VECTOR('',#9312,1.);
#9312 = DIRECTION('',(1.,0.));
#9313 = ( GEOMETRIC_REPRESENTATION_CONTEXT(2) 
PARAMETRIC_REPRESENTATION_CONTEXT() REPRESENTATION_CONTEXT('2D SPACE',''
  ) );
#9314 = PCURVE('',#1195,#9315);
#9315 = DEFINITIONAL_REPRESENTATION('',(#9316),#9320);
#9316 = LINE('',#9317,#9318);
#9317 = CARTESIAN_POINT('',(-1.555575011492E-16,-4.695241686441));
#9318 = VECTOR('',#9319,1.);
#9319 = DIRECTION('',(-0.866025403784,0.5));
#9320 = ( GEOMETRIC_REPRESENTATION_CONTEXT(2) 
PARAMETRIC_REPRESENTATION_CONTEXT() REPRESENTATION_CONTEXT('2D SPACE',''
  ) );
#9321 = ORIENTED_EDGE('',*,*,#9322,.F.);
#9322 = EDGE_CURVE('',#9172,#9300,#9323,.T.);
#9323 = SURFACE_CURVE('',#9324,(#9328,#9335),.PCURVE_S1.);
#9324 = LINE('',#9325,#9326);
#9325 = CARTESIAN_POINT('',(-16.79681670589,-29.3,53.45));
#9326 = VECTOR('',#9327,1.);
#9327 = DIRECTION('',(-2.22044604925E-16,-1.,0.));
#9328 = PCURVE('',#9187,#9329);
#9329 = DEFINITIONAL_REPRESENTATION('',(#9330),#9334);
#9330 = LINE('',#9331,#9332);
#9331 = CARTESIAN_POINT('',(3.406366588219,0.));
#9332 = VECTOR('',#9333,1.);
#9333 = DIRECTION('',(0.,-1.));
#9334 = ( GEOMETRIC_REPRESENTATION_CONTEXT(2) 
PARAMETRIC_REPRESENTATION_CONTEXT() REPRESENTATION_CONTEXT('2D SPACE',''
  ) );
#9335 = PCURVE('',#1166,#9336);
#9336 = DEFINITIONAL_REPRESENTATION('',(#9337),#9341);
#9337 = LINE('',#9338,#9339);
#9338 = CARTESIAN_POINT('',(1.4,3.172555886331));
#9339 = VECTOR('',#9340,1.);
#9340 = DIRECTION('',(-1.,0.));
#9341 = ( GEOMETRIC_REPRESENTATION_CONTEXT(2) 
PARAMETRIC_REPRESENTATION_CONTEXT() REPRESENTATION_CONTEXT('2D SPACE',''
  ) );
#9342 = ORIENTED_EDGE('',*,*,#9171,.F.);
#9343 = ADVANCED_FACE('',(#9344),#1224,.T.);
#9344 = FACE_BOUND('',#9345,.T.);
#9345 = EDGE_LOOP('',(#9346,#9367,#9368,#9369));
#9346 = ORIENTED_EDGE('',*,*,#9347,.T.);
#9347 = EDGE_CURVE('',#1179,#9228,#9348,.T.);
#9348 = SURFACE_CURVE('',#9349,(#9353,#9360),.PCURVE_S1.);
#9349 = LINE('',#9350,#9351);
#9350 = CARTESIAN_POINT('',(-26.5,-32.1,47.55));
#9351 = VECTOR('',#9352,1.);
#9352 = DIRECTION('',(1.,-2.22044604925E-16,0.));
#9353 = PCURVE('',#1224,#9354);
#9354 = DEFINITIONAL_REPRESENTATION('',(#9355),#9359);
#9355 = LINE('',#9356,#9357);
#9356 = CARTESIAN_POINT('',(1.4,-6.530627407778));
#9357 = VECTOR('',#9358,1.);
#9358 = DIRECTION('',(0.,1.));
#9359 = ( GEOMETRIC_REPRESENTATION_CONTEXT(2) 
PARAMETRIC_REPRESENTATION_CONTEXT() REPRESENTATION_CONTEXT('2D SPACE',''
  ) );
#9360 = PCURVE('',#1195,#9361);
#9361 = DEFINITIONAL_REPRESENTATION('',(#9362),#9366);
#9362 = LINE('',#9363,#9364);
#9363 = CARTESIAN_POINT('',(2.95,6.711124901778));
#9364 = VECTOR('',#9365,1.);
#9365 = DIRECTION('',(0.,-1.));
#9366 = ( GEOMETRIC_REPRESENTATION_CONTEXT(2) 
PARAMETRIC_REPRESENTATION_CONTEXT() REPRESENTATION_CONTEXT('2D SPACE',''
  ) );
#9367 = ORIENTED_EDGE('',*,*,#9227,.F.);
#9368 = ORIENTED_EDGE('',*,*,#9120,.F.);
#9369 = ORIENTED_EDGE('',*,*,#1211,.T.);
#9370 = ADVANCED_FACE('',(#9371),#100,.T.);
#9371 = FACE_BOUND('',#9372,.T.);
#9372 = EDGE_LOOP('',(#9373,#9374,#9375,#9396));
#9373 = ORIENTED_EDGE('',*,*,#242,.F.);
#9374 = ORIENTED_EDGE('',*,*,#84,.T.);
#9375 = ORIENTED_EDGE('',*,*,#9376,.T.);
#9376 = EDGE_CURVE('',#57,#2699,#9377,.T.);
#9377 = SURFACE_CURVE('',#9378,(#9382,#9389),.PCURVE_S1.);
#9378 = LINE('',#9379,#9380);
#9379 = CARTESIAN_POINT('',(16.796816705891,-32.1,47.55));
#9380 = VECTOR('',#9381,1.);
#9381 = DIRECTION('',(1.,-2.22044604925E-16,-1.303703516192E-16));
#9382 = PCURVE('',#100,#9383);
#9383 = DEFINITIONAL_REPRESENTATION('',(#9384),#9388);
#9384 = LINE('',#9385,#9386);
#9385 = CARTESIAN_POINT('',(1.4,-3.172555886331));
#9386 = VECTOR('',#9387,1.);
#9387 = DIRECTION('',(0.,1.));
#9388 = ( GEOMETRIC_REPRESENTATION_CONTEXT(2) 
PARAMETRIC_REPRESENTATION_CONTEXT() REPRESENTATION_CONTEXT('2D SPACE',''
  ) );
#9389 = PCURVE('',#72,#9390);
#9390 = DEFINITIONAL_REPRESENTATION('',(#9391),#9395);
#9391 = LINE('',#9392,#9393);
#9392 = CARTESIAN_POINT('',(2.95,2.992058392331));
#9393 = VECTOR('',#9394,1.);
#9394 = DIRECTION('',(1.303703516192E-16,-1.));
#9395 = ( GEOMETRIC_REPRESENTATION_CONTEXT(2) 
PARAMETRIC_REPRESENTATION_CONTEXT() REPRESENTATION_CONTEXT('2D SPACE',''
  ) );
#9396 = ORIENTED_EDGE('',*,*,#2698,.F.);
#9397 = ADVANCED_FACE('',(#9398,#9425),#1195,.T.);
#9398 = FACE_BOUND('',#9399,.T.);
#9399 = EDGE_LOOP('',(#9400,#9421,#9422,#9423,#9424));
#9400 = ORIENTED_EDGE('',*,*,#9401,.T.);
#9401 = EDGE_CURVE('',#1152,#9300,#9402,.T.);
#9402 = SURFACE_CURVE('',#9403,(#9407,#9414),.PCURVE_S1.);
#9403 = LINE('',#9404,#9405);
#9404 = CARTESIAN_POINT('',(-26.5,-32.1,53.45));
#9405 = VECTOR('',#9406,1.);
#9406 = DIRECTION('',(1.,-2.22044604925E-16,0.));
#9407 = PCURVE('',#1195,#9408);
#9408 = DEFINITIONAL_REPRESENTATION('',(#9409),#9413);
#9409 = LINE('',#9410,#9411);
#9410 = CARTESIAN_POINT('',(-2.95,6.711124901778));
#9411 = VECTOR('',#9412,1.);
#9412 = DIRECTION('',(0.,-1.));
#9413 = ( GEOMETRIC_REPRESENTATION_CONTEXT(2) 
PARAMETRIC_REPRESENTATION_CONTEXT() REPRESENTATION_CONTEXT('2D SPACE',''
  ) );
#9414 = PCURVE('',#1166,#9415);
#9415 = DEFINITIONAL_REPRESENTATION('',(#9416),#9420);
#9416 = LINE('',#9417,#9418);
#9417 = CARTESIAN_POINT('',(-1.4,-6.530627407778));
#9418 = VECTOR('',#9419,1.);
#9419 = DIRECTION('',(0.,1.));
#9420 = ( GEOMETRIC_REPRESENTATION_CONTEXT(2) 
PARAMETRIC_REPRESENTATION_CONTEXT() REPRESENTATION_CONTEXT('2D SPACE',''
  ) );
#9421 = ORIENTED_EDGE('',*,*,#9299,.F.);
#9422 = ORIENTED_EDGE('',*,*,#9250,.F.);
#9423 = ORIENTED_EDGE('',*,*,#9347,.F.);
#9424 = ORIENTED_EDGE('',*,*,#1178,.F.);
#9425 = FACE_BOUND('',#9426,.T.);
#9426 = EDGE_LOOP('',(#9427,#9462));
#9427 = ORIENTED_EDGE('',*,*,#9428,.T.);
#9428 = EDGE_CURVE('',#9429,#9431,#9433,.T.);
#9429 = VERTEX_POINT('',#9430);
#9430 = CARTESIAN_POINT('',(-18.5,-32.1,52.2));
#9431 = VERTEX_POINT('',#9432);
#9432 = CARTESIAN_POINT('',(-18.5,-32.1,48.8));
#9433 = SURFACE_CURVE('',#9434,(#9439,#9450),.PCURVE_S1.);
#9434 = CIRCLE('',#9435,1.7);
#9435 = AXIS2_PLACEMENT_3D('',#9436,#9437,#9438);
#9436 = CARTESIAN_POINT('',(-18.5,-32.1,50.5));
#9437 = DIRECTION('',(-2.22044604925E-16,-1.,0.));
#9438 = DIRECTION('',(0.,0.,1.));
#9439 = PCURVE('',#1195,#9440);
#9440 = DEFINITIONAL_REPRESENTATION('',(#9441),#9449);
#9441 = ( BOUNDED_CURVE() B_SPLINE_CURVE(2,(#9442,#9443,#9444,#9445,
#9446,#9447,#9448),.UNSPECIFIED.,.T.,.F.) B_SPLINE_CURVE_WITH_KNOTS((1,2
    ,2,2,2,1),(-2.094395102393,0.,2.094395102393,4.188790204786,
6.28318530718,8.377580409573),.UNSPECIFIED.) CURVE() 
GEOMETRIC_REPRESENTATION_ITEM() RATIONAL_B_SPLINE_CURVE((1.,0.5,1.,0.5,
1.,0.5,1.)) REPRESENTATION_ITEM('') );
#9442 = CARTESIAN_POINT('',(-1.7,-1.288875098222));
#9443 = CARTESIAN_POINT('',(-1.7,1.655611274645));
#9444 = CARTESIAN_POINT('',(0.85,0.183368088212));
#9445 = CARTESIAN_POINT('',(3.4,-1.288875098222));
#9446 = CARTESIAN_POINT('',(0.85,-2.761118284656));
#9447 = CARTESIAN_POINT('',(-1.7,-4.233361471089));
#9448 = CARTESIAN_POINT('',(-1.7,-1.288875098222));
#9449 = ( GEOMETRIC_REPRESENTATION_CONTEXT(2) 
PARAMETRIC_REPRESENTATION_CONTEXT() REPRESENTATION_CONTEXT('2D SPACE',''
  ) );
#9450 = PCURVE('',#9451,#9456);
#9451 = CYLINDRICAL_SURFACE('',#9452,1.7);
#9452 = AXIS2_PLACEMENT_3D('',#9453,#9454,#9455);
#9453 = CARTESIAN_POINT('',(-18.5,-27.,50.5));
#9454 = DIRECTION('',(-2.22044604925E-16,-1.,0.));
#9455 = DIRECTION('',(0.,0.,1.));
#9456 = DEFINITIONAL_REPRESENTATION('',(#9457),#9461);
#9457 = LINE('',#9458,#9459);
#9458 = CARTESIAN_POINT('',(0.,5.1));
#9459 = VECTOR('',#9460,1.);
#9460 = DIRECTION('',(1.,0.));
#9461 = ( GEOMETRIC_REPRESENTATION_CONTEXT(2) 
PARAMETRIC_REPRESENTATION_CONTEXT() REPRESENTATION_CONTEXT('2D SPACE',''
  ) );
#9462 = ORIENTED_EDGE('',*,*,#9463,.T.);
#9463 = EDGE_CURVE('',#9431,#9429,#9464,.T.);
#9464 = SURFACE_CURVE('',#9465,(#9470,#9481),.PCURVE_S1.);
#9465 = CIRCLE('',#9466,1.7);
#9466 = AXIS2_PLACEMENT_3D('',#9467,#9468,#9469);
#9467 = CARTESIAN_POINT('',(-18.5,-32.1,50.5));
#9468 = DIRECTION('',(-2.22044604925E-16,-1.,0.));
#9469 = DIRECTION('',(0.,0.,1.));
#9470 = PCURVE('',#1195,#9471);
#9471 = DEFINITIONAL_REPRESENTATION('',(#9472),#9480);
#9472 = ( BOUNDED_CURVE() B_SPLINE_CURVE(2,(#9473,#9474,#9475,#9476,
#9477,#9478,#9479),.UNSPECIFIED.,.T.,.F.) B_SPLINE_CURVE_WITH_KNOTS((1,2
    ,2,2,2,1),(-2.094395102393,0.,2.094395102393,4.188790204786,
6.28318530718,8.377580409573),.UNSPECIFIED.) CURVE() 
GEOMETRIC_REPRESENTATION_ITEM() RATIONAL_B_SPLINE_CURVE((1.,0.5,1.,0.5,
1.,0.5,1.)) REPRESENTATION_ITEM('') );
#9473 = CARTESIAN_POINT('',(-1.7,-1.288875098222));
#9474 = CARTESIAN_POINT('',(-1.7,1.655611274645));
#9475 = CARTESIAN_POINT('',(0.85,0.183368088212));
#9476 = CARTESIAN_POINT('',(3.4,-1.288875098222));
#9477 = CARTESIAN_POINT('',(0.85,-2.761118284656));
#9478 = CARTESIAN_POINT('',(-1.7,-4.233361471089));
#9479 = CARTESIAN_POINT('',(-1.7,-1.288875098222));
#9480 = ( GEOMETRIC_REPRESENTATION_CONTEXT(2) 
PARAMETRIC_REPRESENTATION_CONTEXT() REPRESENTATION_CONTEXT('2D SPACE',''
  ) );
#9481 = PCURVE('',#9451,#9482);
#9482 = DEFINITIONAL_REPRESENTATION('',(#9483),#9487);
#9483 = LINE('',#9484,#9485);
#9484 = CARTESIAN_POINT('',(0.,5.1));
#9485 = VECTOR('',#9486,1.);
#9486 = DIRECTION('',(1.,0.));
#9487 = ( GEOMETRIC_REPRESENTATION_CONTEXT(2) 
PARAMETRIC_REPRESENTATION_CONTEXT() REPRESENTATION_CONTEXT('2D SPACE',''
  ) );
#9488 = ADVANCED_FACE('',(#9489),#9451,.F.);
#9489 = FACE_BOUND('',#9490,.F.);
#9490 = EDGE_LOOP('',(#9491,#9514,#9515,#9516,#9517));
#9491 = ORIENTED_EDGE('',*,*,#9492,.F.);
#9492 = EDGE_CURVE('',#9429,#9493,#9495,.T.);
#9493 = VERTEX_POINT('',#9494);
#9494 = CARTESIAN_POINT('',(-18.5,-35.,52.2));
#9495 = SEAM_CURVE('',#9496,(#9500,#9507),.PCURVE_S1.);
#9496 = LINE('',#9497,#9498);
#9497 = CARTESIAN_POINT('',(-18.5,-27.,52.2));
#9498 = VECTOR('',#9499,1.);
#9499 = DIRECTION('',(-2.22044604925E-16,-1.,0.));
#9500 = PCURVE('',#9451,#9501);
#9501 = DEFINITIONAL_REPRESENTATION('',(#9502),#9506);
#9502 = LINE('',#9503,#9504);
#9503 = CARTESIAN_POINT('',(0.,-0.));
#9504 = VECTOR('',#9505,1.);
#9505 = DIRECTION('',(0.,1.));
#9506 = ( GEOMETRIC_REPRESENTATION_CONTEXT(2) 
PARAMETRIC_REPRESENTATION_CONTEXT() REPRESENTATION_CONTEXT('2D SPACE',''
  ) );
#9507 = PCURVE('',#9451,#9508);
#9508 = DEFINITIONAL_REPRESENTATION('',(#9509),#9513);
#9509 = LINE('',#9510,#9511);
#9510 = CARTESIAN_POINT('',(6.28318530718,-0.));
#9511 = VECTOR('',#9512,1.);
#9512 = DIRECTION('',(0.,1.));
#9513 = ( GEOMETRIC_REPRESENTATION_CONTEXT(2) 
PARAMETRIC_REPRESENTATION_CONTEXT() REPRESENTATION_CONTEXT('2D SPACE',''
  ) );
#9514 = ORIENTED_EDGE('',*,*,#9428,.T.);
#9515 = ORIENTED_EDGE('',*,*,#9463,.T.);
#9516 = ORIENTED_EDGE('',*,*,#9492,.T.);
#9517 = ORIENTED_EDGE('',*,*,#9518,.F.);
#9518 = EDGE_CURVE('',#9493,#9493,#9519,.T.);
#9519 = SURFACE_CURVE('',#9520,(#9525,#9532),.PCURVE_S1.);
#9520 = CIRCLE('',#9521,1.7);
#9521 = AXIS2_PLACEMENT_3D('',#9522,#9523,#9524);
#9522 = CARTESIAN_POINT('',(-18.5,-35.,50.5));
#9523 = DIRECTION('',(-2.22044604925E-16,-1.,0.));
#9524 = DIRECTION('',(0.,0.,1.));
#9525 = PCURVE('',#9451,#9526);
#9526 = DEFINITIONAL_REPRESENTATION('',(#9527),#9531);
#9527 = LINE('',#9528,#9529);
#9528 = CARTESIAN_POINT('',(0.,8.));
#9529 = VECTOR('',#9530,1.);
#9530 = DIRECTION('',(1.,0.));
#9531 = ( GEOMETRIC_REPRESENTATION_CONTEXT(2) 
PARAMETRIC_REPRESENTATION_CONTEXT() REPRESENTATION_CONTEXT('2D SPACE',''
  ) );
#9532 = PCURVE('',#9533,#9538);
#9533 = PLANE('',#9534);
#9534 = AXIS2_PLACEMENT_3D('',#9535,#9536,#9537);
#9535 = CARTESIAN_POINT('',(-18.5,-35.,50.5));
#9536 = DIRECTION('',(-2.22044604925E-16,-1.,0.));
#9537 = DIRECTION('',(0.,0.,1.));
#9538 = DEFINITIONAL_REPRESENTATION('',(#9539),#9543);
#9539 = CIRCLE('',#9540,1.7);
#9540 = AXIS2_PLACEMENT_2D('',#9541,#9542);
#9541 = CARTESIAN_POINT('',(0.,0.));
#9542 = DIRECTION('',(1.,0.));
#9543 = ( GEOMETRIC_REPRESENTATION_CONTEXT(2) 
PARAMETRIC_REPRESENTATION_CONTEXT() REPRESENTATION_CONTEXT('2D SPACE',''
  ) );
#9544 = ADVANCED_FACE('',(#9545),#9533,.F.);
#9545 = FACE_BOUND('',#9546,.F.);
#9546 = EDGE_LOOP('',(#9547));
#9547 = ORIENTED_EDGE('',*,*,#9518,.T.);
#9548 = ADVANCED_FACE('',(#9549,#9576),#72,.T.);
#9549 = FACE_BOUND('',#9550,.T.);
#9550 = EDGE_LOOP('',(#9551,#9552,#9553,#9554,#9555));
#9551 = ORIENTED_EDGE('',*,*,#2720,.F.);
#9552 = ORIENTED_EDGE('',*,*,#9376,.F.);
#9553 = ORIENTED_EDGE('',*,*,#56,.F.);
#9554 = ORIENTED_EDGE('',*,*,#171,.F.);
#9555 = ORIENTED_EDGE('',*,*,#9556,.F.);
#9556 = EDGE_CURVE('',#2721,#144,#9557,.T.);
#9557 = SURFACE_CURVE('',#9558,(#9562,#9569),.PCURVE_S1.);
#9558 = LINE('',#9559,#9560);
#9559 = CARTESIAN_POINT('',(20.203183294109,-32.1,53.45));
#9560 = VECTOR('',#9561,1.);
#9561 = DIRECTION('',(-1.,2.22044604925E-16,1.303703516192E-16));
#9562 = PCURVE('',#72,#9563);
#9563 = DEFINITIONAL_REPRESENTATION('',(#9564),#9568);
#9564 = LINE('',#9565,#9566);
#9565 = CARTESIAN_POINT('',(-2.95,-0.414308195887));
#9566 = VECTOR('',#9567,1.);
#9567 = DIRECTION('',(-1.303703516192E-16,1.));
#9568 = ( GEOMETRIC_REPRESENTATION_CONTEXT(2) 
PARAMETRIC_REPRESENTATION_CONTEXT() REPRESENTATION_CONTEXT('2D SPACE',''
  ) );
#9569 = PCURVE('',#159,#9570);
#9570 = DEFINITIONAL_REPRESENTATION('',(#9571),#9575);
#9571 = LINE('',#9572,#9573);
#9572 = CARTESIAN_POINT('',(-1.4,0.233810701888));
#9573 = VECTOR('',#9574,1.);
#9574 = DIRECTION('',(0.,-1.));
#9575 = ( GEOMETRIC_REPRESENTATION_CONTEXT(2) 
PARAMETRIC_REPRESENTATION_CONTEXT() REPRESENTATION_CONTEXT('2D SPACE',''
  ) );
#9576 = FACE_BOUND('',#9577,.T.);
#9577 = EDGE_LOOP('',(#9578,#9613));
#9578 = ORIENTED_EDGE('',*,*,#9579,.T.);
#9579 = EDGE_CURVE('',#9580,#9582,#9584,.T.);
#9580 = VERTEX_POINT('',#9581);
#9581 = CARTESIAN_POINT('',(18.5,-32.1,48.8));
#9582 = VERTEX_POINT('',#9583);
#9583 = CARTESIAN_POINT('',(18.5,-32.1,52.2));
#9584 = SURFACE_CURVE('',#9585,(#9590,#9601),.PCURVE_S1.);
#9585 = CIRCLE('',#9586,1.7);
#9586 = AXIS2_PLACEMENT_3D('',#9587,#9588,#9589);
#9587 = CARTESIAN_POINT('',(18.5,-32.1,50.5));
#9588 = DIRECTION('',(-2.22044604925E-16,-1.,0.));
#9589 = DIRECTION('',(0.,0.,1.));
#9590 = PCURVE('',#72,#9591);
#9591 = DEFINITIONAL_REPRESENTATION('',(#9592),#9600);
#9592 = ( BOUNDED_CURVE() B_SPLINE_CURVE(2,(#9593,#9594,#9595,#9596,
#9597,#9598,#9599),.UNSPECIFIED.,.T.,.F.) B_SPLINE_CURVE_WITH_KNOTS((1,2
    ,2,2,2,1),(-2.094395102393,0.,2.094395102393,4.188790204786,
6.28318530718,8.377580409573),.UNSPECIFIED.) CURVE() 
GEOMETRIC_REPRESENTATION_ITEM() RATIONAL_B_SPLINE_CURVE((1.,0.5,1.,0.5,
1.,0.5,1.)) REPRESENTATION_ITEM('') );
#9593 = CARTESIAN_POINT('',(-1.7,1.288875098222));
#9594 = CARTESIAN_POINT('',(-1.7,4.233361471089));
#9595 = CARTESIAN_POINT('',(0.85,2.761118284656));
#9596 = CARTESIAN_POINT('',(3.4,1.288875098222));
#9597 = CARTESIAN_POINT('',(0.85,-0.183368088212));
#9598 = CARTESIAN_POINT('',(-1.7,-1.655611274645));
#9599 = CARTESIAN_POINT('',(-1.7,1.288875098222));
#9600 = ( GEOMETRIC_REPRESENTATION_CONTEXT(2) 
PARAMETRIC_REPRESENTATION_CONTEXT() REPRESENTATION_CONTEXT('2D SPACE',''
  ) );
#9601 = PCURVE('',#9602,#9607);
#9602 = CYLINDRICAL_SURFACE('',#9603,1.7);
#9603 = AXIS2_PLACEMENT_3D('',#9604,#9605,#9606);
#9604 = CARTESIAN_POINT('',(18.5,-27.,50.5));
#9605 = DIRECTION('',(-2.22044604925E-16,-1.,0.));
#9606 = DIRECTION('',(0.,0.,1.));
#9607 = DEFINITIONAL_REPRESENTATION('',(#9608),#9612);
#9608 = LINE('',#9609,#9610);
#9609 = CARTESIAN_POINT('',(0.,5.1));
#9610 = VECTOR('',#9611,1.);
#9611 = DIRECTION('',(1.,0.));
#9612 = ( GEOMETRIC_REPRESENTATION_CONTEXT(2) 
PARAMETRIC_REPRESENTATION_CONTEXT() REPRESENTATION_CONTEXT('2D SPACE',''
  ) );
#9613 = ORIENTED_EDGE('',*,*,#9614,.T.);
#9614 = EDGE_CURVE('',#9582,#9580,#9615,.T.);
#9615 = SURFACE_CURVE('',#9616,(#9621,#9632),.PCURVE_S1.);
#9616 = CIRCLE('',#9617,1.7);
#9617 = AXIS2_PLACEMENT_3D('',#9618,#9619,#9620);
#9618 = CARTESIAN_POINT('',(18.5,-32.1,50.5));
#9619 = DIRECTION('',(-2.22044604925E-16,-1.,0.));
#9620 = DIRECTION('',(0.,0.,1.));
#9621 = PCURVE('',#72,#9622);
#9622 = DEFINITIONAL_REPRESENTATION('',(#9623),#9631);
#9623 = ( BOUNDED_CURVE() B_SPLINE_CURVE(2,(#9624,#9625,#9626,#9627,
#9628,#9629,#9630),.UNSPECIFIED.,.T.,.F.) B_SPLINE_CURVE_WITH_KNOTS((1,2
    ,2,2,2,1),(-2.094395102393,0.,2.094395102393,4.188790204786,
6.28318530718,8.377580409573),.UNSPECIFIED.) CURVE() 
GEOMETRIC_REPRESENTATION_ITEM() RATIONAL_B_SPLINE_CURVE((1.,0.5,1.,0.5,
1.,0.5,1.)) REPRESENTATION_ITEM('') );
#9624 = CARTESIAN_POINT('',(-1.7,1.288875098222));
#9625 = CARTESIAN_POINT('',(-1.7,4.233361471089));
#9626 = CARTESIAN_POINT('',(0.85,2.761118284656));
#9627 = CARTESIAN_POINT('',(3.4,1.288875098222));
#9628 = CARTESIAN_POINT('',(0.85,-0.183368088212));
#9629 = CARTESIAN_POINT('',(-1.7,-1.655611274645));
#9630 = CARTESIAN_POINT('',(-1.7,1.288875098222));
#9631 = ( GEOMETRIC_REPRESENTATION_CONTEXT(2) 
PARAMETRIC_REPRESENTATION_CONTEXT() REPRESENTATION_CONTEXT('2D SPACE',''
  ) );
#9632 = PCURVE('',#9602,#9633);
#9633 = DEFINITIONAL_REPRESENTATION('',(#9634),#9638);
#9634 = LINE('',#9635,#9636);
#9635 = CARTESIAN_POINT('',(0.,5.1));
#9636 = VECTOR('',#9637,1.);
#9637 = DIRECTION('',(1.,0.));
#9638 = ( GEOMETRIC_REPRESENTATION_CONTEXT(2) 
PARAMETRIC_REPRESENTATION_CONTEXT() REPRESENTATION_CONTEXT('2D SPACE',''
  ) );
#9639 = ADVANCED_FACE('',(#9640),#9602,.F.);
#9640 = FACE_BOUND('',#9641,.F.);
#9641 = EDGE_LOOP('',(#9642,#9665,#9666,#9667,#9668));
#9642 = ORIENTED_EDGE('',*,*,#9643,.F.);
#9643 = EDGE_CURVE('',#9582,#9644,#9646,.T.);
#9644 = VERTEX_POINT('',#9645);
#9645 = CARTESIAN_POINT('',(18.5,-35.,52.2));
#9646 = SEAM_CURVE('',#9647,(#9651,#9658),.PCURVE_S1.);
#9647 = LINE('',#9648,#9649);
#9648 = CARTESIAN_POINT('',(18.5,-27.,52.2));
#9649 = VECTOR('',#9650,1.);
#9650 = DIRECTION('',(-2.22044604925E-16,-1.,0.));
#9651 = PCURVE('',#9602,#9652);
#9652 = DEFINITIONAL_REPRESENTATION('',(#9653),#9657);
#9653 = LINE('',#9654,#9655);
#9654 = CARTESIAN_POINT('',(0.,-0.));
#9655 = VECTOR('',#9656,1.);
#9656 = DIRECTION('',(0.,1.));
#9657 = ( GEOMETRIC_REPRESENTATION_CONTEXT(2) 
PARAMETRIC_REPRESENTATION_CONTEXT() REPRESENTATION_CONTEXT('2D SPACE',''
  ) );
#9658 = PCURVE('',#9602,#9659);
#9659 = DEFINITIONAL_REPRESENTATION('',(#9660),#9664);
#9660 = LINE('',#9661,#9662);
#9661 = CARTESIAN_POINT('',(6.28318530718,-0.));
#9662 = VECTOR('',#9663,1.);
#9663 = DIRECTION('',(0.,1.));
#9664 = ( GEOMETRIC_REPRESENTATION_CONTEXT(2) 
PARAMETRIC_REPRESENTATION_CONTEXT() REPRESENTATION_CONTEXT('2D SPACE',''
  ) );
#9665 = ORIENTED_EDGE('',*,*,#9614,.T.);
#9666 = ORIENTED_EDGE('',*,*,#9579,.T.);
#9667 = ORIENTED_EDGE('',*,*,#9643,.T.);
#9668 = ORIENTED_EDGE('',*,*,#9669,.F.);
#9669 = EDGE_CURVE('',#9644,#9644,#9670,.T.);
#9670 = SURFACE_CURVE('',#9671,(#9676,#9683),.PCURVE_S1.);
#9671 = CIRCLE('',#9672,1.7);
#9672 = AXIS2_PLACEMENT_3D('',#9673,#9674,#9675);
#9673 = CARTESIAN_POINT('',(18.5,-35.,50.5));
#9674 = DIRECTION('',(-2.22044604925E-16,-1.,0.));
#9675 = DIRECTION('',(0.,0.,1.));
#9676 = PCURVE('',#9602,#9677);
#9677 = DEFINITIONAL_REPRESENTATION('',(#9678),#9682);
#9678 = LINE('',#9679,#9680);
#9679 = CARTESIAN_POINT('',(0.,8.));
#9680 = VECTOR('',#9681,1.);
#9681 = DIRECTION('',(1.,0.));
#9682 = ( GEOMETRIC_REPRESENTATION_CONTEXT(2) 
PARAMETRIC_REPRESENTATION_CONTEXT() REPRESENTATION_CONTEXT('2D SPACE',''
  ) );
#9683 = PCURVE('',#9684,#9689);
#9684 = PLANE('',#9685);
#9685 = AXIS2_PLACEMENT_3D('',#9686,#9687,#9688);
#9686 = CARTESIAN_POINT('',(18.5,-35.,50.5));
#9687 = DIRECTION('',(-2.22044604925E-16,-1.,0.));
#9688 = DIRECTION('',(0.,0.,1.));
#9689 = DEFINITIONAL_REPRESENTATION('',(#9690),#9694);
#9690 = CIRCLE('',#9691,1.7);
#9691 = AXIS2_PLACEMENT_2D('',#9692,#9693);
#9692 = CARTESIAN_POINT('',(0.,0.));
#9693 = DIRECTION('',(1.,0.));
#9694 = ( GEOMETRIC_REPRESENTATION_CONTEXT(2) 
PARAMETRIC_REPRESENTATION_CONTEXT() REPRESENTATION_CONTEXT('2D SPACE',''
  ) );
#9695 = ADVANCED_FACE('',(#9696),#9684,.F.);
#9696 = FACE_BOUND('',#9697,.F.);
#9697 = EDGE_LOOP('',(#9698));
#9698 = ORIENTED_EDGE('',*,*,#9669,.T.);
#9699 = ADVANCED_FACE('',(#9700),#1166,.T.);
#9700 = FACE_BOUND('',#9701,.T.);
#9701 = EDGE_LOOP('',(#9702,#9703,#9704,#9705));
#9702 = ORIENTED_EDGE('',*,*,#9401,.F.);
#9703 = ORIENTED_EDGE('',*,*,#1151,.F.);
#9704 = ORIENTED_EDGE('',*,*,#9199,.F.);
#9705 = ORIENTED_EDGE('',*,*,#9322,.T.);
#9706 = ADVANCED_FACE('',(#9707),#159,.T.);
#9707 = FACE_BOUND('',#9708,.T.);
#9708 = EDGE_LOOP('',(#9709,#9710,#9711,#9712));
#9709 = ORIENTED_EDGE('',*,*,#217,.T.);
#9710 = ORIENTED_EDGE('',*,*,#2748,.T.);
#9711 = ORIENTED_EDGE('',*,*,#9556,.T.);
#9712 = ORIENTED_EDGE('',*,*,#141,.F.);
#9713 = ADVANCED_FACE('',(#9714),#7265,.F.);
#9714 = FACE_BOUND('',#9715,.F.);
#9715 = EDGE_LOOP('',(#9716,#9717,#9718,#9719,#9738,#9739));
#9716 = ORIENTED_EDGE('',*,*,#8498,.F.);
#9717 = ORIENTED_EDGE('',*,*,#7277,.T.);
#9718 = ORIENTED_EDGE('',*,*,#7246,.T.);
#9719 = ORIENTED_EDGE('',*,*,#9720,.T.);
#9720 = EDGE_CURVE('',#7249,#8708,#9721,.T.);
#9721 = SURFACE_CURVE('',#9722,(#9726,#9732),.PCURVE_S1.);
#9722 = LINE('',#9723,#9724);
#9723 = CARTESIAN_POINT('',(-7.638021055295,-31.95,60.394980260661));
#9724 = VECTOR('',#9725,1.);
#9725 = DIRECTION('',(-2.22044604925E-16,-1.,0.));
#9726 = PCURVE('',#7265,#9727);
#9727 = DEFINITIONAL_REPRESENTATION('',(#9728),#9731);
#9728 = B_SPLINE_CURVE_WITH_KNOTS('',1,(#9729,#9730),.UNSPECIFIED.,.F.,
  .F.,(2,2),(4.99994E-02,1.1000006),.PIECEWISE_BEZIER_KNOTS.);
#9729 = CARTESIAN_POINT('',(6.940561156163,4.99994E-02));
#9730 = CARTESIAN_POINT('',(6.940561156163,1.1000006));
#9731 = ( GEOMETRIC_REPRESENTATION_CONTEXT(2) 
PARAMETRIC_REPRESENTATION_CONTEXT() REPRESENTATION_CONTEXT('2D SPACE',''
  ) );
#9732 = PCURVE('',#7374,#9733);
#9733 = DEFINITIONAL_REPRESENTATION('',(#9734),#9737);
#9734 = B_SPLINE_CURVE_WITH_KNOTS('',1,(#9735,#9736),.UNSPECIFIED.,.F.,
  .F.,(2,2),(4.99994E-02,1.1000006),.PIECEWISE_BEZIER_KNOTS.);
#9735 = CARTESIAN_POINT('',(7.270670156092E-02,4.0999994));
#9736 = CARTESIAN_POINT('',(7.270670156092E-02,5.1500006));
#9737 = ( GEOMETRIC_REPRESENTATION_CONTEXT(2) 
PARAMETRIC_REPRESENTATION_CONTEXT() REPRESENTATION_CONTEXT('2D SPACE',''
  ) );
#9738 = ORIENTED_EDGE('',*,*,#8707,.F.);
#9739 = ORIENTED_EDGE('',*,*,#8683,.F.);
#9740 = ADVANCED_FACE('',(#9741),#7374,.F.);
#9741 = FACE_BOUND('',#9742,.F.);
#9742 = EDGE_LOOP('',(#9743,#9744,#9745,#9746,#9747,#9748,#9749,#9750,
    #9751,#9752));
#9743 = ORIENTED_EDGE('',*,*,#8994,.F.);
#9744 = ORIENTED_EDGE('',*,*,#8755,.T.);
#9745 = ORIENTED_EDGE('',*,*,#8731,.T.);
#9746 = ORIENTED_EDGE('',*,*,#9720,.F.);
#9747 = ORIENTED_EDGE('',*,*,#7359,.T.);
#9748 = ORIENTED_EDGE('',*,*,#8306,.T.);
#9749 = ORIENTED_EDGE('',*,*,#8916,.T.);
#9750 = ORIENTED_EDGE('',*,*,#8968,.T.);
#9751 = ORIENTED_EDGE('',*,*,#9056,.F.);
#9752 = ORIENTED_EDGE('',*,*,#9084,.F.);
#9753 = ( GEOMETRIC_REPRESENTATION_CONTEXT(3) 
GLOBAL_UNCERTAINTY_ASSIGNED_CONTEXT((#9757)) 
GLOBAL_UNIT_ASSIGNED_CONTEXT((#9754,#9755,#9756)) REPRESENTATION_CONTEXT
('Context #1','3D Context with UNIT and UNCERTAINTY') );
#9754 = ( LENGTH_UNIT() NAMED_UNIT(*) SI_UNIT(.MILLI.,.METRE.) );
#9755 = ( NAMED_UNIT(*) PLANE_ANGLE_UNIT() SI_UNIT($,.RADIAN.) );
#9756 = ( NAMED_UNIT(*) SI_UNIT($,.STERADIAN.) SOLID_ANGLE_UNIT() );
#9757 = UNCERTAINTY_MEASURE_WITH_UNIT(LENGTH_MEASURE(1.E-06),#9754,
  'distance_accuracy_value','confusion accuracy');
#9758 = PRODUCT_RELATED_PRODUCT_CATEGORY('part',$,(#7));
ENDSEC;
END-ISO-10303-21;
